"id","xi","Tei","n.rec","start","stop","status"
1,1,17.75,1,0,0.0718302796621356,1
1,1,17.75,1,0.0718302796621356,17.75,0
2,1,11.75,15,0,1.64548930240673,1
2,1,11.75,15,1.64548930240673,4.74645354136831,1
2,1,11.75,15,4.74645354136831,4.99628836377745,1
2,1,11.75,15,4.99628836377745,6.0248704147886,1
2,1,11.75,15,6.0248704147886,6.60053801017329,1
2,1,11.75,15,6.60053801017329,7.1358970630152,1
2,1,11.75,15,7.1358970630152,7.8130534945813,1
2,1,11.75,15,7.8130534945813,8.45652171494323,1
2,1,11.75,15,8.45652171494323,9.59302266219695,1
2,1,11.75,15,9.59302266219695,10.0945942935025,1
2,1,11.75,15,10.0945942935025,10.1770750281771,1
2,1,11.75,15,10.1770750281771,10.5186848427951,1
2,1,11.75,15,10.5186848427951,11.1627660704943,1
2,1,11.75,15,11.1627660704943,11.2318011558555,1
2,1,11.75,15,11.2318011558555,11.5835340317225,1
2,1,11.75,15,11.5835340317225,11.75,0
3,1,11.75,4,0,0.0177804225070684,1
3,1,11.75,4,0.0177804225070684,3.0156899246878,1
3,1,11.75,4,3.0156899246878,4.38602796862727,1
3,1,11.75,4,4.38602796862727,7.57182338758943,1
3,1,11.75,4,7.57182338758943,11.75,0
4,1,17.75,81,0,1.79453513896867,1
4,1,17.75,81,1.79453513896867,5.08318095859014,1
4,1,17.75,81,5.08318095859014,6.37439859097782,1
4,1,17.75,81,6.37439859097782,7.04322553942458,1
4,1,17.75,81,7.04322553942458,7.08141646839458,1
4,1,17.75,81,7.08141646839458,7.30401137558769,1
4,1,17.75,81,7.30401137558769,7.81899980128191,1
4,1,17.75,81,7.81899980128191,8.18388746781829,1
4,1,17.75,81,8.18388746781829,8.36030536960059,1
4,1,17.75,81,8.36030536960059,8.66722183671229,1
4,1,17.75,81,8.66722183671229,9.00892849743118,1
4,1,17.75,81,9.00892849743118,9.36196439386301,1
4,1,17.75,81,9.36196439386301,9.55703640909331,1
4,1,17.75,81,9.55703640909331,9.73769517191994,1
4,1,17.75,81,9.73769517191994,9.78106592936661,1
4,1,17.75,81,9.78106592936661,10.4285743538046,1
4,1,17.75,81,10.4285743538046,10.5109355817403,1
4,1,17.75,81,10.5109355817403,10.7653590980321,1
4,1,17.75,81,10.7653590980321,10.9263428099671,1
4,1,17.75,81,10.9263428099671,10.9322025110902,1
4,1,17.75,81,10.9322025110902,11.3909415242379,1
4,1,17.75,81,11.3909415242379,11.5018676978565,1
4,1,17.75,81,11.5018676978565,11.5251162076289,1
4,1,17.75,81,11.5251162076289,11.6655791442402,1
4,1,17.75,81,11.6655791442402,11.7435279485266,1
4,1,17.75,81,11.7435279485266,12.1492242785993,1
4,1,17.75,81,12.1492242785993,12.2182473051572,1
4,1,17.75,81,12.2182473051572,12.264321416671,1
4,1,17.75,81,12.264321416671,12.3914416881843,1
4,1,17.75,81,12.3914416881843,12.6100171020288,1
4,1,17.75,81,12.6100171020288,12.8610782313861,1
4,1,17.75,81,12.8610782313861,12.9515283623355,1
4,1,17.75,81,12.9515283623355,12.9714942977868,1
4,1,17.75,81,12.9714942977868,13.0368523807309,1
4,1,17.75,81,13.0368523807309,13.0847654934909,1
4,1,17.75,81,13.0847654934909,13.1142707392094,1
4,1,17.75,81,13.1142707392094,13.1391152845293,1
4,1,17.75,81,13.1391152845293,13.1883485353166,1
4,1,17.75,81,13.1883485353166,13.502133996956,1
4,1,17.75,81,13.502133996956,13.5737656064323,1
4,1,17.75,81,13.5737656064323,13.6188389474791,1
4,1,17.75,81,13.6188389474791,13.6310922579032,1
4,1,17.75,81,13.6310922579032,13.6531571569934,1
4,1,17.75,81,13.6531571569934,13.7237040359677,1
4,1,17.75,81,13.7237040359677,13.8382816056909,1
4,1,17.75,81,13.8382816056909,13.9089642634537,1
4,1,17.75,81,13.9089642634537,13.9489051959515,1
4,1,17.75,81,13.9489051959515,14.0590265172406,1
4,1,17.75,81,14.0590265172406,14.279915321175,1
4,1,17.75,81,14.279915321175,14.5776637201703,1
4,1,17.75,81,14.5776637201703,14.747178316438,1
4,1,17.75,81,14.747178316438,14.763205652145,1
4,1,17.75,81,14.763205652145,14.9027467104622,1
4,1,17.75,81,14.9027467104622,14.9389407016539,1
4,1,17.75,81,14.9389407016539,15.0407848871492,1
4,1,17.75,81,15.0407848871492,15.0747052204417,1
4,1,17.75,81,15.0747052204417,15.1450656886158,1
4,1,17.75,81,15.1450656886158,15.2722118773121,1
4,1,17.75,81,15.2722118773121,15.4256597463021,1
4,1,17.75,81,15.4256597463021,15.4476795200303,1
4,1,17.75,81,15.4476795200303,15.5610130046534,1
4,1,17.75,81,15.5610130046534,15.5869149091065,1
4,1,17.75,81,15.5869149091065,15.7699202716089,1
4,1,17.75,81,15.7699202716089,15.776753779484,1
4,1,17.75,81,15.776753779484,15.9329165997568,1
4,1,17.75,81,15.9329165997568,15.9877929890714,1
4,1,17.75,81,15.9877929890714,16.337532765855,1
4,1,17.75,81,16.337532765855,16.4563093956466,1
4,1,17.75,81,16.4563093956466,16.5393594024125,1
4,1,17.75,81,16.5393594024125,16.7717430485034,1
4,1,17.75,81,16.7717430485034,16.8706674089204,1
4,1,17.75,81,16.8706674089204,16.8730244297358,1
4,1,17.75,81,16.8730244297358,16.9292936006652,1
4,1,17.75,81,16.9292936006652,16.9606032994552,1
4,1,17.75,81,16.9606032994552,17.0313926986619,1
4,1,17.75,81,17.0313926986619,17.17349807152,1
4,1,17.75,81,17.17349807152,17.1885663269819,1
4,1,17.75,81,17.1885663269819,17.4497893258218,1
4,1,17.75,81,17.4497893258218,17.4673594544709,1
4,1,17.75,81,17.4673594544709,17.6008022300401,1
4,1,17.75,81,17.6008022300401,17.621502214245,1
4,1,17.75,81,17.621502214245,17.75,0
5,1,9.75,3,0,0.00375666001577294,1
5,1,9.75,3,0.00375666001577294,5.74972126689287,1
5,1,9.75,3,5.74972126689287,9.63770478328263,1
5,1,9.75,3,9.63770478328263,9.75,0
6,1,17.75,0,0,17.75,0
7,1,17.75,4,0,0.0063025724945849,1
7,1,17.75,4,0.0063025724945849,8.41129158871902,1
7,1,17.75,4,8.41129158871902,9.44357212892313,1
7,1,17.75,4,9.44357212892313,15.9205449477563,1
7,1,17.75,4,15.9205449477563,17.75,0
8,1,18.75,0,0,18.75,0
9,1,15.75,2,0,12.4662502177731,1
9,1,15.75,2,12.4662502177731,14.5188530513594,1
9,1,15.75,2,14.5188530513594,15.75,0
10,1,13.75,1,0,9.54606495925396,1
10,1,13.75,1,9.54606495925396,13.75,0
11,1,12.75,1,0,0.101704154227726,1
11,1,12.75,1,0.101704154227726,12.75,0
12,1,20.75,106,0,2.02446093095771,1
12,1,20.75,106,2.02446093095771,3.66452814797385,1
12,1,20.75,106,3.66452814797385,5.5741868007685,1
12,1,20.75,106,5.5741868007685,7.28549647201073,1
12,1,20.75,106,7.28549647201073,8.11000661931283,1
12,1,20.75,106,8.11000661931283,8.83074111250951,1
12,1,20.75,106,8.83074111250951,8.95323733639153,1
12,1,20.75,106,8.95323733639153,9.40443597444072,1
12,1,20.75,106,9.40443597444072,9.71560416025897,1
12,1,20.75,106,9.71560416025897,9.80406870236334,1
12,1,20.75,106,9.80406870236334,9.95884420462699,1
12,1,20.75,106,9.95884420462699,10.0241490939869,1
12,1,20.75,106,10.0241490939869,10.5215976624224,1
12,1,20.75,106,10.5215976624224,10.6449355602563,1
12,1,20.75,106,10.6449355602563,10.7630737252876,1
12,1,20.75,106,10.7630737252876,10.8562405450751,1
12,1,20.75,106,10.8562405450751,10.9697859391501,1
12,1,20.75,106,10.9697859391501,11.4326417755803,1
12,1,20.75,106,11.4326417755803,11.5470717680068,1
12,1,20.75,106,11.5470717680068,11.6153548684427,1
12,1,20.75,106,11.6153548684427,11.692072338359,1
12,1,20.75,106,11.692072338359,11.9100901739259,1
12,1,20.75,106,11.9100901739259,11.9266171744788,1
12,1,20.75,106,11.9266171744788,11.9912539340936,1
12,1,20.75,106,11.9912539340936,12.0052546104724,1
12,1,20.75,106,12.0052546104724,12.4202582258705,1
12,1,20.75,106,12.4202582258705,12.6203455644996,1
12,1,20.75,106,12.6203455644996,12.8767901561728,1
12,1,20.75,106,12.8767901561728,12.8782996278275,1
12,1,20.75,106,12.8782996278275,12.9352094587103,1
12,1,20.75,106,12.9352094587103,12.9442295768652,1
12,1,20.75,106,12.9442295768652,13.0971964074141,1
12,1,20.75,106,13.0971964074141,13.1905351778026,1
12,1,20.75,106,13.1905351778026,13.3195665619651,1
12,1,20.75,106,13.3195665619651,13.3262739776322,1
12,1,20.75,106,13.3262739776322,13.3573513594482,1
12,1,20.75,106,13.3573513594482,13.8047786720479,1
12,1,20.75,106,13.8047786720479,13.8052456811778,1
12,1,20.75,106,13.8052456811778,13.898652395229,1
12,1,20.75,106,13.898652395229,14.0612567158688,1
12,1,20.75,106,14.0612567158688,14.1014636761686,1
12,1,20.75,106,14.1014636761686,14.1548130361982,1
12,1,20.75,106,14.1548130361982,14.474344020215,1
12,1,20.75,106,14.474344020215,14.5324419216849,1
12,1,20.75,106,14.5324419216849,14.6086042248753,1
12,1,20.75,106,14.6086042248753,14.701356420519,1
12,1,20.75,106,14.701356420519,14.8131967401729,1
12,1,20.75,106,14.8131967401729,14.8697866750515,1
12,1,20.75,106,14.8697866750515,14.9652085227131,1
12,1,20.75,106,14.9652085227131,15.0946050736345,1
12,1,20.75,106,15.0946050736345,15.166461344924,1
12,1,20.75,106,15.166461344924,15.1884637221689,1
12,1,20.75,106,15.1884637221689,15.2121070848965,1
12,1,20.75,106,15.2121070848965,15.3553840779713,1
12,1,20.75,106,15.3553840779713,15.4642304779085,1
12,1,20.75,106,15.4642304779085,15.4961773562042,1
12,1,20.75,106,15.4961773562042,15.8588459761961,1
12,1,20.75,106,15.8588459761961,15.9072581845347,1
12,1,20.75,106,15.9072581845347,15.9198051032844,1
12,1,20.75,106,15.9198051032844,15.9481204217062,1
12,1,20.75,106,15.9481204217062,16.0814536948002,1
12,1,20.75,106,16.0814536948002,16.5836887173669,1
12,1,20.75,106,16.5836887173669,16.7896618604967,1
12,1,20.75,106,16.7896618604967,16.8584211976148,1
12,1,20.75,106,16.8584211976148,16.9076996604967,1
12,1,20.75,106,16.9076996604967,17.0576434800103,1
12,1,20.75,106,17.0576434800103,17.0685302395464,1
12,1,20.75,106,17.0685302395464,17.1320752934777,1
12,1,20.75,106,17.1320752934777,17.172978845091,1
12,1,20.75,106,17.172978845091,17.2635420626159,1
12,1,20.75,106,17.2635420626159,17.5093241222331,1
12,1,20.75,106,17.5093241222331,17.6475582065725,1
12,1,20.75,106,17.6475582065725,17.7079028728353,1
12,1,20.75,106,17.7079028728353,17.7110686839727,1
12,1,20.75,106,17.7110686839727,17.7415360145463,1
12,1,20.75,106,17.7415360145463,17.8735876219796,1
12,1,20.75,106,17.8735876219796,17.9792912578693,1
12,1,20.75,106,17.9792912578693,18.0159549956919,1
12,1,20.75,106,18.0159549956919,18.0495621919628,1
12,1,20.75,106,18.0495621919628,18.3489435162927,1
12,1,20.75,106,18.3489435162927,18.8539123935256,1
12,1,20.75,106,18.8539123935256,19.1240329511123,1
12,1,20.75,106,19.1240329511123,19.2578145732552,1
12,1,20.75,106,19.2578145732552,19.2769168332564,1
12,1,20.75,106,19.2769168332564,19.2927551445974,1
12,1,20.75,106,19.2927551445974,19.3877721862434,1
12,1,20.75,106,19.3877721862434,19.4010145719104,1
12,1,20.75,106,19.4010145719104,19.4673070044268,1
12,1,20.75,106,19.4673070044268,19.6704493279305,1
12,1,20.75,106,19.6704493279305,19.7421857411009,1
12,1,20.75,106,19.7421857411009,19.7786144803534,1
12,1,20.75,106,19.7786144803534,19.9452905937085,1
12,1,20.75,106,19.9452905937085,19.9918630268876,1
12,1,20.75,106,19.9918630268876,20.0453717348812,1
12,1,20.75,106,20.0453717348812,20.1725197354968,1
12,1,20.75,106,20.1725197354968,20.2049515399928,1
12,1,20.75,106,20.2049515399928,20.2621395405044,1
12,1,20.75,106,20.2621395405044,20.3148813501939,1
12,1,20.75,106,20.3148813501939,20.3285169884997,1
12,1,20.75,106,20.3285169884997,20.4334328720141,1
12,1,20.75,106,20.4334328720141,20.4649531557463,1
12,1,20.75,106,20.4649531557463,20.4704828453204,1
12,1,20.75,106,20.4704828453204,20.5535687400323,1
12,1,20.75,106,20.5535687400323,20.5837890461841,1
12,1,20.75,106,20.5837890461841,20.6485918595224,1
12,1,20.75,106,20.6485918595224,20.7100057492573,1
12,1,20.75,106,20.7100057492573,20.75,0
13,1,10.75,10,0,2.11172227778301,1
13,1,10.75,10,2.11172227778301,4.71131567900543,1
13,1,10.75,10,4.71131567900543,6.87992825032078,1
13,1,10.75,10,6.87992825032078,7.76335071088223,1
13,1,10.75,10,7.76335071088223,9.21681029648422,1
13,1,10.75,10,9.21681029648422,9.25086286555196,1
13,1,10.75,10,9.25086286555196,9.28528342251998,1
13,1,10.75,10,9.28528342251998,9.3314244205828,1
13,1,10.75,10,9.3314244205828,10.2168793711846,1
13,1,10.75,10,10.2168793711846,10.4682638233356,1
13,1,10.75,10,10.4682638233356,10.75,0
14,1,18.75,4,0,0.429978593560669,1
14,1,18.75,4,0.429978593560669,1.11464044049716,1
14,1,18.75,4,1.11464044049716,2.09369999769461,1
14,1,18.75,4,2.09369999769461,11.1233146160816,1
14,1,18.75,4,11.1233146160816,18.75,0
15,1,15.75,4,0,0.784318317166842,1
15,1,15.75,4,0.784318317166842,1.2542469806091,1
15,1,15.75,4,1.2542469806091,1.99835976789945,1
15,1,15.75,4,1.99835976789945,13.5950957829207,1
15,1,15.75,4,13.5950957829207,15.75,0
16,1,10.75,1,0,9.30577088637397,1
16,1,10.75,1,9.30577088637397,10.75,0
17,1,20.75,1,0,1.99811814759855,1
17,1,20.75,1,1.99811814759855,20.75,0
18,1,15.75,54,0,3.46190903842065,1
18,1,15.75,54,3.46190903842065,4.13174115331374,1
18,1,15.75,54,4.13174115331374,4.37098716772654,1
18,1,15.75,54,4.37098716772654,4.53040927633764,1
18,1,15.75,54,4.53040927633764,4.58738172512427,1
18,1,15.75,54,4.58738172512427,5.52030379611648,1
18,1,15.75,54,5.52030379611648,5.61039050125721,1
18,1,15.75,54,5.61039050125721,6.97936431346415,1
18,1,15.75,54,6.97936431346415,7.27353733629891,1
18,1,15.75,54,7.27353733629891,7.68923560426719,1
18,1,15.75,54,7.68923560426719,7.96909629932392,1
18,1,15.75,54,7.96909629932392,8.18718225969228,1
18,1,15.75,54,8.18718225969228,8.48554098227942,1
18,1,15.75,54,8.48554098227942,8.49543682806432,1
18,1,15.75,54,8.49543682806432,8.49943400021463,1
18,1,15.75,54,8.49943400021463,8.62935234736534,1
18,1,15.75,54,8.62935234736534,8.76141948438673,1
18,1,15.75,54,8.76141948438673,8.77651510565954,1
18,1,15.75,54,8.77651510565954,8.97746381910542,1
18,1,15.75,54,8.97746381910542,9.55125443382304,1
18,1,15.75,54,9.55125443382304,9.59018295240068,1
18,1,15.75,54,9.59018295240068,10.1741758344058,1
18,1,15.75,54,10.1741758344058,10.2404939363102,1
18,1,15.75,54,10.2404939363102,10.7012642344554,1
18,1,15.75,54,10.7012642344554,11.0699901535138,1
18,1,15.75,54,11.0699901535138,11.4438626284603,1
18,1,15.75,54,11.4438626284603,11.5718273096114,1
18,1,15.75,54,11.5718273096114,12.0442003251998,1
18,1,15.75,54,12.0442003251998,12.308810471671,1
18,1,15.75,54,12.308810471671,12.3437566709248,1
18,1,15.75,54,12.3437566709248,12.3681114182515,1
18,1,15.75,54,12.3681114182515,12.7488621050982,1
18,1,15.75,54,12.7488621050982,12.8223231306011,1
18,1,15.75,54,12.8223231306011,13.0602643539366,1
18,1,15.75,54,13.0602643539366,13.166352192579,1
18,1,15.75,54,13.166352192579,13.1842377794373,1
18,1,15.75,54,13.1842377794373,13.2195211293232,1
18,1,15.75,54,13.2195211293232,13.2843695701111,1
18,1,15.75,54,13.2843695701111,13.5674776342969,1
18,1,15.75,54,13.5674776342969,13.7116566631292,1
18,1,15.75,54,13.7116566631292,13.8540264507336,1
18,1,15.75,54,13.8540264507336,14.0905574760626,1
18,1,15.75,54,14.0905574760626,14.1991912890673,1
18,1,15.75,54,14.1991912890673,14.3819548708536,1
18,1,15.75,54,14.3819548708536,14.6345529430716,1
18,1,15.75,54,14.6345529430716,14.7286621072146,1
18,1,15.75,54,14.7286621072146,14.8282641886869,1
18,1,15.75,54,14.8282641886869,14.9141930851169,1
18,1,15.75,54,14.9141930851169,15.1396546726556,1
18,1,15.75,54,15.1396546726556,15.1404242383379,1
18,1,15.75,54,15.1404242383379,15.2918578447077,1
18,1,15.75,54,15.2918578447077,15.3114055092081,1
18,1,15.75,54,15.3114055092081,15.3858362753702,1
18,1,15.75,54,15.3858362753702,15.480067699051,1
18,1,15.75,54,15.480067699051,15.75,0
19,1,11.75,21,0,1.94373996221085,1
19,1,11.75,21,1.94373996221085,4.47992594479645,1
19,1,11.75,21,4.47992594479645,4.48887789153865,1
19,1,11.75,21,4.48887789153865,4.50898678321813,1
19,1,11.75,21,4.50898678321813,4.89080450261083,1
19,1,11.75,21,4.89080450261083,4.98464017249068,1
19,1,11.75,21,4.98464017249068,5.59704125495015,1
19,1,11.75,21,5.59704125495015,6.33430780198723,1
19,1,11.75,21,6.33430780198723,6.7330405295058,1
19,1,11.75,21,6.7330405295058,7.4323758142765,1
19,1,11.75,21,7.4323758142765,7.92040025430641,1
19,1,11.75,21,7.92040025430641,7.94824050176001,1
19,1,11.75,21,7.94824050176001,9.53039102851382,1
19,1,11.75,21,9.53039102851382,9.61560348170428,1
19,1,11.75,21,9.61560348170428,9.72858466194942,1
19,1,11.75,21,9.72858466194942,10.0206542235261,1
19,1,11.75,21,10.0206542235261,10.354147640459,1
19,1,11.75,21,10.354147640459,10.6184240495372,1
19,1,11.75,21,10.6184240495372,10.6713069720477,1
19,1,11.75,21,10.6713069720477,10.9074365016697,1
19,1,11.75,21,10.9074365016697,11.7093335485469,1
19,1,11.75,21,11.7093335485469,11.75,0
20,1,13.75,31,0,1.25579815975499,1
20,1,13.75,31,1.25579815975499,4.3536846033454,1
20,1,13.75,31,4.3536846033454,6.20278601572421,1
20,1,13.75,31,6.20278601572421,8.07208749031668,1
20,1,13.75,31,8.07208749031668,8.14356670992495,1
20,1,13.75,31,8.14356670992495,8.35113731246275,1
20,1,13.75,31,8.35113731246275,8.36663121756588,1
20,1,13.75,31,8.36663121756588,8.56042455393039,1
20,1,13.75,31,8.56042455393039,8.77185093058094,1
20,1,13.75,31,8.77185093058094,8.77769744870362,1
20,1,13.75,31,8.77769744870362,9.01667034442788,1
20,1,13.75,31,9.01667034442788,9.29169880781472,1
20,1,13.75,31,9.29169880781472,9.38602007873572,1
20,1,13.75,31,9.38602007873572,9.44821503322502,1
20,1,13.75,31,9.44821503322502,10.2832953786972,1
20,1,13.75,31,10.2832953786972,10.91410892888,1
20,1,13.75,31,10.91410892888,11.0597537124202,1
20,1,13.75,31,11.0597537124202,11.0610575338336,1
20,1,13.75,31,11.0610575338336,11.2217682997819,1
20,1,13.75,31,11.2217682997819,11.2283475657132,1
20,1,13.75,31,11.2283475657132,11.4018913892342,1
20,1,13.75,31,11.4018913892342,11.8414576819508,1
20,1,13.75,31,11.8414576819508,11.9785866327513,1
20,1,13.75,31,11.9785866327513,12.039893811201,1
20,1,13.75,31,12.039893811201,12.6166616730966,1
20,1,13.75,31,12.6166616730966,12.7279496307905,1
20,1,13.75,31,12.7279496307905,12.7964520488368,1
20,1,13.75,31,12.7964520488368,12.9230106707428,1
20,1,13.75,31,12.9230106707428,13.1436902364613,1
20,1,13.75,31,13.1436902364613,13.2278185250643,1
20,1,13.75,31,13.2278185250643,13.4935595960008,1
20,1,13.75,31,13.4935595960008,13.75,0
21,1,14.75,1,0,0.971903883447833,1
21,1,14.75,1,0.971903883447833,14.75,0
22,1,14.75,3,0,1.14974895152411,1
22,1,14.75,3,1.14974895152411,4.14485979584136,1
22,1,14.75,3,4.14485979584136,4.98585173040755,1
22,1,14.75,3,4.98585173040755,14.75,0
23,1,14.75,16,0,7.36812343175751,1
23,1,14.75,16,7.36812343175751,8.11549940777632,1
23,1,14.75,16,8.11549940777632,8.41595901674835,1
23,1,14.75,16,8.41595901674835,9.00326008085008,1
23,1,14.75,16,9.00326008085008,9.51805162789782,1
23,1,14.75,16,9.51805162789782,10.0294978691604,1
23,1,14.75,16,10.0294978691604,10.576076093201,1
23,1,14.75,16,10.576076093201,10.813754523382,1
23,1,14.75,16,10.813754523382,10.8452486733038,1
23,1,14.75,16,10.8452486733038,11.9760547316026,1
23,1,14.75,16,11.9760547316026,12.5715057490345,1
23,1,14.75,16,12.5715057490345,13.2357952274733,1
23,1,14.75,16,13.2357952274733,13.7866638520786,1
23,1,14.75,16,13.7866638520786,14.1315904440111,1
23,1,14.75,16,14.1315904440111,14.2208027047307,1
23,1,14.75,16,14.2208027047307,14.5957069285754,1
23,1,14.75,16,14.5957069285754,14.75,0
24,1,15.75,2,0,2.76814925717931,1
24,1,15.75,2,2.76814925717931,12.1031112591939,1
24,1,15.75,2,12.1031112591939,15.75,0
25,1,9.75,1,0,2.02871994145557,1
25,1,9.75,1,2.02871994145557,9.75,0
26,1,15.75,45,0,2.60287693159797,1
26,1,15.75,45,2.60287693159797,3.00351700674048,1
26,1,15.75,45,3.00351700674048,5.09254335490173,1
26,1,15.75,45,5.09254335490173,6.4664108843398,1
26,1,15.75,45,6.4664108843398,6.61826720522118,1
26,1,15.75,45,6.61826720522118,7.16866849353734,1
26,1,15.75,45,7.16866849353734,7.47919828656557,1
26,1,15.75,45,7.47919828656557,7.79680001026214,1
26,1,15.75,45,7.79680001026214,8.23634582160157,1
26,1,15.75,45,8.23634582160157,8.86409344034808,1
26,1,15.75,45,8.86409344034808,8.92671193133605,1
26,1,15.75,45,8.92671193133605,8.97627334610508,1
26,1,15.75,45,8.97627334610508,9.29816507755314,1
26,1,15.75,45,9.29816507755314,9.70476643246566,1
26,1,15.75,45,9.70476643246566,9.7831349405527,1
26,1,15.75,45,9.7831349405527,9.79055580207529,1
26,1,15.75,45,9.79055580207529,9.98076166182082,1
26,1,15.75,45,9.98076166182082,10.3596235920902,1
26,1,15.75,45,10.3596235920902,10.9885479944902,1
26,1,15.75,45,10.9885479944902,10.9887515551975,1
26,1,15.75,45,10.9887515551975,11.0603571953772,1
26,1,15.75,45,11.0603571953772,11.0854246769827,1
26,1,15.75,45,11.0854246769827,11.2354644260129,1
26,1,15.75,45,11.2354644260129,11.2894879834174,1
26,1,15.75,45,11.2894879834174,11.4787389814824,1
26,1,15.75,45,11.4787389814824,11.5632668829475,1
26,1,15.75,45,11.5632668829475,11.5778556448232,1
26,1,15.75,45,11.5778556448232,11.9957193944074,1
26,1,15.75,45,11.9957193944074,12.0580092743141,1
26,1,15.75,45,12.0580092743141,12.2845530831166,1
26,1,15.75,45,12.2845530831166,12.9353802051182,1
26,1,15.75,45,12.9353802051182,13.5932173886096,1
26,1,15.75,45,13.5932173886096,13.6139744241796,1
26,1,15.75,45,13.6139744241796,13.909154595347,1
26,1,15.75,45,13.909154595347,14.076950442789,1
26,1,15.75,45,14.076950442789,14.2509973940362,1
26,1,15.75,45,14.2509973940362,14.5748949382093,1
26,1,15.75,45,14.5748949382093,14.9676748026797,1
26,1,15.75,45,14.9676748026797,14.9812231705783,1
26,1,15.75,45,14.9812231705783,15.0546140054224,1
26,1,15.75,45,15.0546140054224,15.0710138390212,1
26,1,15.75,45,15.0710138390212,15.3195162827365,1
26,1,15.75,45,15.3195162827365,15.5541096634026,1
26,1,15.75,45,15.5541096634026,15.58939983247,1
26,1,15.75,45,15.58939983247,15.6740506543753,1
26,1,15.75,45,15.6740506543753,15.75,0
27,1,13.75,1,0,6.94498731776444,1
27,1,13.75,1,6.94498731776444,13.75,0
28,1,19.75,53,0,4.00671809045087,1
28,1,19.75,53,4.00671809045087,4.1056509927315,1
28,1,19.75,53,4.1056509927315,4.17503105540137,1
28,1,19.75,53,4.17503105540137,4.52112281969276,1
28,1,19.75,53,4.52112281969276,5.76968576064777,1
28,1,19.75,53,5.76968576064777,7.69753217095969,1
28,1,19.75,53,7.69753217095969,8.86773413652399,1
28,1,19.75,53,8.86773413652399,9.45401625606132,1
28,1,19.75,53,9.45401625606132,10.2785287697115,1
28,1,19.75,53,10.2785287697115,10.5333438627028,1
28,1,19.75,53,10.5333438627028,11.2029382262014,1
28,1,19.75,53,11.2029382262014,11.4515650424074,1
28,1,19.75,53,11.4515650424074,11.6281044408132,1
28,1,19.75,53,11.6281044408132,11.8625583390573,1
28,1,19.75,53,11.8625583390573,12.3164873690521,1
28,1,19.75,53,12.3164873690521,12.5579952245571,1
28,1,19.75,53,12.5579952245571,12.7145388345484,1
28,1,19.75,53,12.7145388345484,12.8465300622409,1
28,1,19.75,53,12.8465300622409,12.8673452847636,1
28,1,19.75,53,12.8673452847636,13.7986331491954,1
28,1,19.75,53,13.7986331491954,13.8689757484146,1
28,1,19.75,53,13.8689757484146,13.9663221577821,1
28,1,19.75,53,13.9663221577821,14.0284673153972,1
28,1,19.75,53,14.0284673153972,14.125002712156,1
28,1,19.75,53,14.125002712156,14.3362205289,1
28,1,19.75,53,14.3362205289,14.4395003813401,1
28,1,19.75,53,14.4395003813401,14.4612963109079,1
28,1,19.75,53,14.4612963109079,14.741844719872,1
28,1,19.75,53,14.741844719872,14.7576211907232,1
28,1,19.75,53,14.7576211907232,15.0517159924635,1
28,1,19.75,53,15.0517159924635,15.41839204277,1
28,1,19.75,53,15.41839204277,15.5229338455105,1
28,1,19.75,53,15.5229338455105,16.0172127398463,1
28,1,19.75,53,16.0172127398463,16.5527255555237,1
28,1,19.75,53,16.5527255555237,16.6171981953176,1
28,1,19.75,53,16.6171981953176,16.6375820107676,1
28,1,19.75,53,16.6375820107676,16.9895954158398,1
28,1,19.75,53,16.9895954158398,17.5775821974521,1
28,1,19.75,53,17.5775821974521,17.606334047687,1
28,1,19.75,53,17.606334047687,18.1670292583816,1
28,1,19.75,53,18.1670292583816,18.319065148731,1
28,1,19.75,53,18.319065148731,18.336531738991,1
28,1,19.75,53,18.336531738991,18.3638263564805,1
28,1,19.75,53,18.3638263564805,18.4062612411939,1
28,1,19.75,53,18.4062612411939,18.5714369784462,1
28,1,19.75,53,18.5714369784462,18.594336605271,1
28,1,19.75,53,18.594336605271,18.6635955119289,1
28,1,19.75,53,18.6635955119289,18.7781211851213,1
28,1,19.75,53,18.7781211851213,18.9951563550698,1
28,1,19.75,53,18.9951563550698,19.0453975351916,1
28,1,19.75,53,19.0453975351916,19.0906527297511,1
28,1,19.75,53,19.0906527297511,19.5753591194203,1
28,1,19.75,53,19.5753591194203,19.6427698214874,1
28,1,19.75,53,19.6427698214874,19.75,0
29,1,13.75,20,0,1.13821236082948,1
29,1,13.75,20,1.13821236082948,5.44693004347212,1
29,1,13.75,20,5.44693004347212,6.2786581618824,1
29,1,13.75,20,6.2786581618824,6.67396998838536,1
29,1,13.75,20,6.67396998838536,7.08259318814576,1
29,1,13.75,20,7.08259318814576,7.08650927315255,1
29,1,13.75,20,7.08650927315255,7.11356842088686,1
29,1,13.75,20,7.11356842088686,7.88556135254086,1
29,1,13.75,20,7.88556135254086,8.58732778130673,1
29,1,13.75,20,8.58732778130673,10.3620992447105,1
29,1,13.75,20,10.3620992447105,11.1084936352371,1
29,1,13.75,20,11.1084936352371,11.254054447059,1
29,1,13.75,20,11.254054447059,11.3932972094167,1
29,1,13.75,20,11.3932972094167,11.6064070236411,1
29,1,13.75,20,11.6064070236411,11.8296326112938,1
29,1,13.75,20,11.8296326112938,12.0037134556574,1
29,1,13.75,20,12.0037134556574,12.0080502122936,1
29,1,13.75,20,12.0080502122936,12.333252537209,1
29,1,13.75,20,12.333252537209,12.5524630918679,1
29,1,13.75,20,12.5524630918679,13.6634845453346,1
29,1,13.75,20,13.6634845453346,13.75,0
30,1,8.75,1,0,5.87597425488122e-06,1
30,1,8.75,1,5.87597425488122e-06,8.75,0
31,1,20.75,70,0,3.80945319009773,1
31,1,20.75,70,3.80945319009773,4.13635953813332,1
31,1,20.75,70,4.13635953813332,4.40400439672089,1
31,1,20.75,70,4.40400439672089,5.03041437148569,1
31,1,20.75,70,5.03041437148569,5.66676298034319,1
31,1,20.75,70,5.66676298034319,5.93187979219649,1
31,1,20.75,70,5.93187979219649,6.58495370700571,1
31,1,20.75,70,6.58495370700571,7.31050492495967,1
31,1,20.75,70,7.31050492495967,8.61123454722232,1
31,1,20.75,70,8.61123454722232,8.61873137998495,1
31,1,20.75,70,8.61873137998495,9.57781572876751,1
31,1,20.75,70,9.57781572876751,9.62702138076568,1
31,1,20.75,70,9.62702138076568,9.87349100465626,1
31,1,20.75,70,9.87349100465626,10.0848392697136,1
31,1,20.75,70,10.0848392697136,10.8265659538155,1
31,1,20.75,70,10.8265659538155,11.0941577895301,1
31,1,20.75,70,11.0941577895301,11.2229934972441,1
31,1,20.75,70,11.2229934972441,11.2506819823568,1
31,1,20.75,70,11.2506819823568,11.2654106788925,1
31,1,20.75,70,11.2654106788925,11.6036269477589,1
31,1,20.75,70,11.6036269477589,11.7082547512263,1
31,1,20.75,70,11.7082547512263,11.7175137563353,1
31,1,20.75,70,11.7175137563353,11.7357528737653,1
31,1,20.75,70,11.7357528737653,12.4492475750619,1
31,1,20.75,70,12.4492475750619,12.6789005291252,1
31,1,20.75,70,12.6789005291252,12.8012294571165,1
31,1,20.75,70,12.8012294571165,13.1202024240285,1
31,1,20.75,70,13.1202024240285,13.2204901661904,1
31,1,20.75,70,13.2204901661904,13.338878792888,1
31,1,20.75,70,13.338878792888,13.4300601081301,1
31,1,20.75,70,13.4300601081301,13.8625968722458,1
31,1,20.75,70,13.8625968722458,14.0834005777904,1
31,1,20.75,70,14.0834005777904,14.1156790062547,1
31,1,20.75,70,14.1156790062547,14.8814613500052,1
31,1,20.75,70,14.8814613500052,15.3418539998974,1
31,1,20.75,70,15.3418539998974,15.5036241839262,1
31,1,20.75,70,15.5036241839262,15.5793951640971,1
31,1,20.75,70,15.5793951640971,15.9446170168556,1
31,1,20.75,70,15.9446170168556,15.9691410501819,1
31,1,20.75,70,15.9691410501819,16.5906560770086,1
31,1,20.75,70,16.5906560770086,17.1127230199197,1
31,1,20.75,70,17.1127230199197,17.3780963102683,1
31,1,20.75,70,17.3780963102683,17.3866390690408,1
31,1,20.75,70,17.3866390690408,17.394272544458,1
31,1,20.75,70,17.394272544458,17.3963969970296,1
31,1,20.75,70,17.3963969970296,17.5358264654006,1
31,1,20.75,70,17.5358264654006,17.7978699484396,1
31,1,20.75,70,17.7978699484396,17.8254135542379,1
31,1,20.75,70,17.8254135542379,17.9101361145619,1
31,1,20.75,70,17.9101361145619,18.0200560456539,1
31,1,20.75,70,18.0200560456539,18.0621613133518,1
31,1,20.75,70,18.0621613133518,18.0725402313385,1
31,1,20.75,70,18.0725402313385,18.0860883578447,1
31,1,20.75,70,18.0860883578447,18.5997641925877,1
31,1,20.75,70,18.5997641925877,18.7094571202743,1
31,1,20.75,70,18.7094571202743,18.8041737620549,1
31,1,20.75,70,18.8041737620549,18.8241581418626,1
31,1,20.75,70,18.8241581418626,19.1546081842692,1
31,1,20.75,70,19.1546081842692,19.1929802443597,1
31,1,20.75,70,19.1929802443597,19.3386366873612,1
31,1,20.75,70,19.3386366873612,19.4032520891957,1
31,1,20.75,70,19.4032520891957,19.437023740898,1
31,1,20.75,70,19.437023740898,19.448077712151,1
31,1,20.75,70,19.448077712151,20.0650842569926,1
31,1,20.75,70,20.0650842569926,20.1012967202654,1
31,1,20.75,70,20.1012967202654,20.131957781371,1
31,1,20.75,70,20.131957781371,20.3978655192495,1
31,1,20.75,70,20.3978655192495,20.4035347768479,1
31,1,20.75,70,20.4035347768479,20.4815342406978,1
31,1,20.75,70,20.4815342406978,20.5666914087663,1
31,1,20.75,70,20.5666914087663,20.75,0
32,1,15.75,63,0,2.42123320408336,1
32,1,15.75,63,2.42123320408336,3.11164988130509,1
32,1,15.75,63,3.11164988130509,3.53783314716273,1
32,1,15.75,63,3.53783314716273,3.62733791189741,1
32,1,15.75,63,3.62733791189741,5.08681859121111,1
32,1,15.75,63,5.08681859121111,5.37208040858095,1
32,1,15.75,63,5.37208040858095,5.59637485879551,1
32,1,15.75,63,5.59637485879551,7.03612027298409,1
32,1,15.75,63,7.03612027298409,7.10873927251394,1
32,1,15.75,63,7.10873927251394,7.33645566790167,1
32,1,15.75,63,7.33645566790167,7.57023795997932,1
32,1,15.75,63,7.57023795997932,7.69531520040949,1
32,1,15.75,63,7.69531520040949,7.75394031031834,1
32,1,15.75,63,7.75394031031834,8.301620136007,1
32,1,15.75,63,8.301620136007,8.45636746962053,1
32,1,15.75,63,8.45636746962053,8.50934749187754,1
32,1,15.75,63,8.50934749187754,8.79797278574973,1
32,1,15.75,63,8.79797278574973,8.8200956716087,1
32,1,15.75,63,8.8200956716087,9.07162685780448,1
32,1,15.75,63,9.07162685780448,9.26626922161394,1
32,1,15.75,63,9.26626922161394,9.45231304667821,1
32,1,15.75,63,9.45231304667821,9.79912779621126,1
32,1,15.75,63,9.79912779621126,9.86848248016563,1
32,1,15.75,63,9.86848248016563,10.0095161978381,1
32,1,15.75,63,10.0095161978381,10.0876070632008,1
32,1,15.75,63,10.0876070632008,10.1147686334363,1
32,1,15.75,63,10.1147686334363,10.1352361215469,1
32,1,15.75,63,10.1352361215469,10.2460657726701,1
32,1,15.75,63,10.2460657726701,10.404282145333,1
32,1,15.75,63,10.404282145333,10.6742304512521,1
32,1,15.75,63,10.6742304512521,10.7545079621596,1
32,1,15.75,63,10.7545079621596,10.8177513627238,1
32,1,15.75,63,10.8177513627238,10.8804536328642,1
32,1,15.75,63,10.8804536328642,11.1644571493856,1
32,1,15.75,63,11.1644571493856,11.3936635860696,1
32,1,15.75,63,11.3936635860696,11.4561996708093,1
32,1,15.75,63,11.4561996708093,11.4759019594834,1
32,1,15.75,63,11.4759019594834,11.4998136267929,1
32,1,15.75,63,11.4998136267929,11.6656321396927,1
32,1,15.75,63,11.6656321396927,12.0235322077287,1
32,1,15.75,63,12.0235322077287,12.2347963091005,1
32,1,15.75,63,12.2347963091005,12.3292987244234,1
32,1,15.75,63,12.3292987244234,12.3360410039561,1
32,1,15.75,63,12.3360410039561,12.3866510296439,1
32,1,15.75,63,12.3866510296439,12.5284048994764,1
32,1,15.75,63,12.5284048994764,12.5864143349926,1
32,1,15.75,63,12.5864143349926,12.6048473347651,1
32,1,15.75,63,12.6048473347651,12.8092214864666,1
32,1,15.75,63,12.8092214864666,12.9622912804799,1
32,1,15.75,63,12.9622912804799,13.5292827444248,1
32,1,15.75,63,13.5292827444248,14.2870925168226,1
32,1,15.75,63,14.2870925168226,14.3743602099506,1
32,1,15.75,63,14.3743602099506,14.4811106504102,1
32,1,15.75,63,14.4811106504102,14.5026670493795,1
32,1,15.75,63,14.5026670493795,14.5111968101316,1
32,1,15.75,63,14.5111968101316,14.6071180592414,1
32,1,15.75,63,14.6071180592414,14.8409755932224,1
32,1,15.75,63,14.8409755932224,14.8566534828932,1
32,1,15.75,63,14.8566534828932,14.9445582062251,1
32,1,15.75,63,14.9445582062251,15.0568521963008,1
32,1,15.75,63,15.0568521963008,15.3942688623177,1
32,1,15.75,63,15.3942688623177,15.4018237048521,1
32,1,15.75,63,15.4018237048521,15.7479726586045,1
32,1,15.75,63,15.7479726586045,15.75,0
33,1,10.75,1,0,2.01207022047843,1
33,1,10.75,1,2.01207022047843,10.75,0
34,1,14.75,2,0,0.0181443413128611,1
34,1,14.75,2,0.0181443413128611,3.59666081127232,1
34,1,14.75,2,3.59666081127232,14.75,0
35,1,12.75,4,0,0.604540498458806,1
35,1,12.75,4,0.604540498458806,1.61376458397338,1
35,1,12.75,4,1.61376458397338,9.09123232349501,1
35,1,12.75,4,9.09123232349501,10.0643591272424,1
35,1,12.75,4,10.0643591272424,12.75,0
36,1,11.75,4,0,0.0112393287004905,1
36,1,11.75,4,0.0112393287004905,1.55351951418178,1
36,1,11.75,4,1.55351951418178,6.21177068313954,1
36,1,11.75,4,6.21177068313954,9.35167138439195,1
36,1,11.75,4,9.35167138439195,11.75,0
37,1,8.75,0,0,8.75,0
38,1,10.75,10,0,3.10130971580282,1
38,1,10.75,10,3.10130971580282,5.54075320413746,1
38,1,10.75,10,5.54075320413746,6.07554821240628,1
38,1,10.75,10,6.07554821240628,6.90805821379417,1
38,1,10.75,10,6.90805821379417,7.82080119053525,1
38,1,10.75,10,7.82080119053525,8.05472563749385,1
38,1,10.75,10,8.05472563749385,8.28431200293463,1
38,1,10.75,10,8.28431200293463,8.74302096846683,1
38,1,10.75,10,8.74302096846683,9.93908538194444,1
38,1,10.75,10,9.93908538194444,10.0780710994522,1
38,1,10.75,10,10.0780710994522,10.75,0
39,1,10.75,2,0,0.0224816388072114,1
39,1,10.75,2,0.0224816388072114,1.66080933815082,1
39,1,10.75,2,1.66080933815082,10.75,0
40,1,15.75,3,0,1.59776502556486,1
40,1,15.75,3,1.59776502556486,11.4364742879549,1
40,1,15.75,3,11.4364742879549,15.085686370858,1
40,1,15.75,3,15.085686370858,15.75,0
41,1,12.75,0,0,12.75,0
42,1,19.75,4,0,0.744657969901718,1
42,1,19.75,4,0.744657969901718,11.2453649663449,1
42,1,19.75,4,11.2453649663449,12.1032542459746,1
42,1,19.75,4,12.1032542459746,15.2020602912616,1
42,1,19.75,4,15.2020602912616,19.75,0
43,1,17.75,3,0,0.559531238071899,1
43,1,17.75,3,0.559531238071899,6.78065546707138,1
43,1,17.75,3,6.78065546707138,14.8485246208743,1
43,1,17.75,3,14.8485246208743,17.75,0
44,1,14.75,4,0,0.617846689102197,1
44,1,14.75,4,0.617846689102197,1.33030389292257,1
44,1,14.75,4,1.33030389292257,2.4633236541364,1
44,1,14.75,4,2.4633236541364,13.7986372832713,1
44,1,14.75,4,13.7986372832713,14.75,0
45,1,19.75,3,0,0.40300302710975,1
45,1,19.75,3,0.40300302710975,1.46689940207679,1
45,1,19.75,3,1.46689940207679,7.67856202051864,1
45,1,19.75,3,7.67856202051864,19.75,0
46,1,16.75,41,0,2.4386071291649,1
46,1,16.75,41,2.4386071291649,4.03384056201599,1
46,1,16.75,41,4.03384056201599,5.5459795171352,1
46,1,16.75,41,5.5459795171352,7.01582697357091,1
46,1,16.75,41,7.01582697357091,7.16646867949333,1
46,1,16.75,41,7.16646867949333,7.52666158569647,1
46,1,16.75,41,7.52666158569647,8.33075645119563,1
46,1,16.75,41,8.33075645119563,8.3597230786432,1
46,1,16.75,41,8.3597230786432,8.43114260159359,1
46,1,16.75,41,8.43114260159359,8.48283557455261,1
46,1,16.75,41,8.48283557455261,8.74476019351805,1
46,1,16.75,41,8.74476019351805,9.09476909966752,1
46,1,16.75,41,9.09476909966752,9.2241280078734,1
46,1,16.75,41,9.2241280078734,9.4451030628086,1
46,1,16.75,41,9.4451030628086,9.48984452644953,1
46,1,16.75,41,9.48984452644953,10.5480573559782,1
46,1,16.75,41,10.5480573559782,11.2330006864332,1
46,1,16.75,41,11.2330006864332,11.5238932356738,1
46,1,16.75,41,11.5238932356738,11.6093738501072,1
46,1,16.75,41,11.6093738501072,12.366188275376,1
46,1,16.75,41,12.366188275376,12.8366939821304,1
46,1,16.75,41,12.8366939821304,12.9015645430946,1
46,1,16.75,41,12.9015645430946,13.3711304063038,1
46,1,16.75,41,13.3711304063038,13.5987640149931,1
46,1,16.75,41,13.5987640149931,13.6140276509914,1
46,1,16.75,41,13.6140276509914,13.6969276262336,1
46,1,16.75,41,13.6969276262336,13.7742741849694,1
46,1,16.75,41,13.7742741849694,13.9223252333274,1
46,1,16.75,41,13.9223252333274,14.4611410781302,1
46,1,16.75,41,14.4611410781302,14.4882618046286,1
46,1,16.75,41,14.4882618046286,14.5546570051341,1
46,1,16.75,41,14.5546570051341,14.6391272744339,1
46,1,16.75,41,14.6391272744339,14.861897495726,1
46,1,16.75,41,14.861897495726,15.3035213188727,1
46,1,16.75,41,15.3035213188727,15.3418208563772,1
46,1,16.75,41,15.3418208563772,15.4550049477337,1
46,1,16.75,41,15.4550049477337,16.1577987248797,1
46,1,16.75,41,16.1577987248797,16.3382232044456,1
46,1,16.75,41,16.3382232044456,16.4271583853263,1
46,1,16.75,41,16.4271583853263,16.5711559325943,1
46,1,16.75,41,16.5711559325943,16.722081815845,1
46,1,16.75,41,16.722081815845,16.75,0
47,1,10.75,27,0,0.749007775674834,1
47,1,10.75,27,0.749007775674834,2.90053161402135,1
47,1,10.75,27,2.90053161402135,4.35891513249725,1
47,1,10.75,27,4.35891513249725,4.77593553186632,1
47,1,10.75,27,4.77593553186632,4.8579921310265,1
47,1,10.75,27,4.8579921310265,6.90184244932329,1
47,1,10.75,27,6.90184244932329,7.04068149782301,1
47,1,10.75,27,7.04068149782301,7.04132397524565,1
47,1,10.75,27,7.04132397524565,7.59058906735117,1
47,1,10.75,27,7.59058906735117,8.16363127553414,1
47,1,10.75,27,8.16363127553414,8.52116649791326,1
47,1,10.75,27,8.52116649791326,8.7470831524282,1
47,1,10.75,27,8.7470831524282,8.78684803986496,1
47,1,10.75,27,8.78684803986496,8.85218469542167,1
47,1,10.75,27,8.85218469542167,9.02859155961526,1
47,1,10.75,27,9.02859155961526,9.18159327345353,1
47,1,10.75,27,9.18159327345353,9.28235157116263,1
47,1,10.75,27,9.28235157116263,9.42975687106597,1
47,1,10.75,27,9.42975687106597,9.56001819123708,1
47,1,10.75,27,9.56001819123708,10.1009677535095,1
47,1,10.75,27,10.1009677535095,10.1513393755414,1
47,1,10.75,27,10.1513393755414,10.1689104094142,1
47,1,10.75,27,10.1689104094142,10.1810195572386,1
47,1,10.75,27,10.1810195572386,10.288577527813,1
47,1,10.75,27,10.288577527813,10.3030304145004,1
47,1,10.75,27,10.3030304145004,10.3691833041613,1
47,1,10.75,27,10.3691833041613,10.6503754879036,1
47,1,10.75,27,10.6503754879036,10.75,0
48,1,20.75,57,0,5.15030459005773,1
48,1,20.75,57,5.15030459005773,5.22557800668524,1
48,1,20.75,57,5.22557800668524,6.20488680375902,1
48,1,20.75,57,6.20488680375902,6.92292320315659,1
48,1,20.75,57,6.92292320315659,7.11610226310483,1
48,1,20.75,57,7.11610226310483,8.39422616598937,1
48,1,20.75,57,8.39422616598937,8.81316000470318,1
48,1,20.75,57,8.81316000470318,9.18239860668159,1
48,1,20.75,57,9.18239860668159,9.35800874301805,1
48,1,20.75,57,9.35800874301805,9.40496844387874,1
48,1,20.75,57,9.40496844387874,9.98855803711674,1
48,1,20.75,57,9.98855803711674,10.0060653347933,1
48,1,20.75,57,10.0060653347933,10.0863127117195,1
48,1,20.75,57,10.0863127117195,10.1457328707368,1
48,1,20.75,57,10.1457328707368,10.8585518629204,1
48,1,20.75,57,10.8585518629204,10.874084974323,1
48,1,20.75,57,10.874084974323,11.6273334249247,1
48,1,20.75,57,11.6273334249247,12.0299788475696,1
48,1,20.75,57,12.0299788475696,12.3280110730519,1
48,1,20.75,57,12.3280110730519,13.1402259817927,1
48,1,20.75,57,13.1402259817927,13.3139867082475,1
48,1,20.75,57,13.3139867082475,13.6110306636766,1
48,1,20.75,57,13.6110306636766,13.6644918992464,1
48,1,20.75,57,13.6644918992464,13.825779569789,1
48,1,20.75,57,13.825779569789,13.9640866430036,1
48,1,20.75,57,13.9640866430036,14.3249671455381,1
48,1,20.75,57,14.3249671455381,14.6645231029631,1
48,1,20.75,57,14.6645231029631,14.9204768974137,1
48,1,20.75,57,14.9204768974137,14.9427019422248,1
48,1,20.75,57,14.9427019422248,15.3549134292366,1
48,1,20.75,57,15.3549134292366,15.3823034950263,1
48,1,20.75,57,15.3823034950263,15.5554878340103,1
48,1,20.75,57,15.5554878340103,15.8153205949501,1
48,1,20.75,57,15.8153205949501,15.9161541798846,1
48,1,20.75,57,15.9161541798846,16.1458865110927,1
48,1,20.75,57,16.1458865110927,16.4887668439381,1
48,1,20.75,57,16.4887668439381,16.6063383253383,1
48,1,20.75,57,16.6063383253383,16.6564221580449,1
48,1,20.75,57,16.6564221580449,17.0052908859425,1
48,1,20.75,57,17.0052908859425,17.5493177966795,1
48,1,20.75,57,17.5493177966795,17.9884530108337,1
48,1,20.75,57,17.9884530108337,18.1562341582079,1
48,1,20.75,57,18.1562341582079,18.161287550749,1
48,1,20.75,57,18.161287550749,18.4877527170373,1
48,1,20.75,57,18.4877527170373,19.1307211074185,1
48,1,20.75,57,19.1307211074185,19.1715961142015,1
48,1,20.75,57,19.1715961142015,19.3245869717479,1
48,1,20.75,57,19.3245869717479,19.441584177571,1
48,1,20.75,57,19.441584177571,19.6493184706409,1
48,1,20.75,57,19.6493184706409,19.6826676897721,1
48,1,20.75,57,19.6826676897721,19.7595746999536,1
48,1,20.75,57,19.7595746999536,20.0761522636195,1
48,1,20.75,57,20.0761522636195,20.2273489832396,1
48,1,20.75,57,20.2273489832396,20.2609820323715,1
48,1,20.75,57,20.2609820323715,20.3070522020657,1
48,1,20.75,57,20.3070522020657,20.4915479287276,1
48,1,20.75,57,20.4915479287276,20.7156648713488,1
48,1,20.75,57,20.7156648713488,20.75,0
49,1,11.75,4,0,0.0905088405351933,1
49,1,11.75,4,0.0905088405351933,0.208410955997837,1
49,1,11.75,4,0.208410955997837,0.255967316606329,1
49,1,11.75,4,0.255967316606329,4.7605413302781,1
49,1,11.75,4,4.7605413302781,11.75,0
50,1,19.75,1,0,1.16878736453235,1
50,1,19.75,1,1.16878736453235,19.75,0
51,1,8.75,2,0,0.0168650363156284,1
51,1,8.75,2,0.0168650363156284,1.75641423229407,1
51,1,8.75,2,1.75641423229407,8.75,0
52,1,13.75,18,0,2.28236375959807,1
52,1,13.75,18,2.28236375959807,3.00920116429885,1
52,1,13.75,18,3.00920116429885,3.84218978938509,1
52,1,13.75,18,3.84218978938509,5.34098545319117,1
52,1,13.75,18,5.34098545319117,7.73031797136928,1
52,1,13.75,18,7.73031797136928,8.14916155838678,1
52,1,13.75,18,8.14916155838678,8.8921821171056,1
52,1,13.75,18,8.8921821171056,9.78106415987167,1
52,1,13.75,18,9.78106415987167,10.1232479612287,1
52,1,13.75,18,10.1232479612287,10.418744743143,1
52,1,13.75,18,10.418744743143,10.4298280464486,1
52,1,13.75,18,10.4298280464486,10.6407370407281,1
52,1,13.75,18,10.6407370407281,11.4985308580875,1
52,1,13.75,18,11.4985308580875,11.9884332578534,1
52,1,13.75,18,11.9884332578534,12.0575482282958,1
52,1,13.75,18,12.0575482282958,12.957276162129,1
52,1,13.75,18,12.957276162129,13.3752217429173,1
52,1,13.75,18,13.3752217429173,13.6883962525597,1
52,1,13.75,18,13.6883962525597,13.75,0
53,1,15.75,23,0,2.91691705696226,1
53,1,15.75,23,2.91691705696226,3.24736636128191,1
53,1,15.75,23,3.24736636128191,4.91066565914602,1
53,1,15.75,23,4.91066565914602,5.32320462451395,1
53,1,15.75,23,5.32320462451395,6.3402571503448,1
53,1,15.75,23,6.3402571503448,7.01224521270864,1
53,1,15.75,23,7.01224521270864,7.79987052674723,1
53,1,15.75,23,7.79987052674723,7.87303374173881,1
53,1,15.75,23,7.87303374173881,8.82196875879098,1
53,1,15.75,23,8.82196875879098,12.1118735611277,1
53,1,15.75,23,12.1118735611277,12.3771167016271,1
53,1,15.75,23,12.3771167016271,12.6134936305487,1
53,1,15.75,23,12.6134936305487,13.5582960173463,1
53,1,15.75,23,13.5582960173463,13.6220802824128,1
53,1,15.75,23,13.6220802824128,14.1385994188203,1
53,1,15.75,23,14.1385994188203,14.1745726063394,1
53,1,15.75,23,14.1745726063394,14.2624203004709,1
53,1,15.75,23,14.2624203004709,14.3139372416571,1
53,1,15.75,23,14.3139372416571,14.7346060512668,1
53,1,15.75,23,14.7346060512668,15.2372226332162,1
53,1,15.75,23,15.2372226332162,15.3236538281973,1
53,1,15.75,23,15.3236538281973,15.5521809565457,1
53,1,15.75,23,15.5521809565457,15.7306908186968,1
53,1,15.75,23,15.7306908186968,15.75,0
54,1,12.75,19,0,3.22662609849399,1
54,1,12.75,19,3.22662609849399,3.25661538424046,1
54,1,12.75,19,3.25661538424046,5.25616922172306,1
54,1,12.75,19,5.25616922172306,5.26339546515653,1
54,1,12.75,19,5.26339546515653,5.60734155516801,1
54,1,12.75,19,5.60734155516801,7.04025992581366,1
54,1,12.75,19,7.04025992581366,7.87800503446143,1
54,1,12.75,19,7.87800503446143,8.56258451294581,1
54,1,12.75,19,8.56258451294581,9.0787659831208,1
54,1,12.75,19,9.0787659831208,9.22366635402501,1
54,1,12.75,19,9.22366635402501,10.184051377751,1
54,1,12.75,19,10.184051377751,10.4306072632651,1
54,1,12.75,19,10.4306072632651,10.7739619272182,1
54,1,12.75,19,10.7739619272182,11.1377156285102,1
54,1,12.75,19,11.1377156285102,11.9381183234623,1
54,1,12.75,19,11.9381183234623,12.0247077473802,1
54,1,12.75,19,12.0247077473802,12.0941984800827,1
54,1,12.75,19,12.0941984800827,12.6437603208982,1
54,1,12.75,19,12.6437603208982,12.7259585229165,1
54,1,12.75,19,12.7259585229165,12.75,0
55,1,14.75,0,0,14.75,0
56,1,15.75,45,0,2.3505378565069,1
56,1,15.75,45,2.3505378565069,2.58691050650454,1
56,1,15.75,45,2.58691050650454,2.76643982697493,1
56,1,15.75,45,2.76643982697493,3.42983359653432,1
56,1,15.75,45,3.42983359653432,6.86382378635698,1
56,1,15.75,45,6.86382378635698,7.56683830274048,1
56,1,15.75,45,7.56683830274048,8.34754688935499,1
56,1,15.75,45,8.34754688935499,8.38802347261617,1
56,1,15.75,45,8.38802347261617,8.72656993158444,1
56,1,15.75,45,8.72656993158444,9.01512283189437,1
56,1,15.75,45,9.01512283189437,9.01748872904347,1
56,1,15.75,45,9.01748872904347,9.31602486876202,1
56,1,15.75,45,9.31602486876202,9.37952819731318,1
56,1,15.75,45,9.37952819731318,9.46718495650764,1
56,1,15.75,45,9.46718495650764,9.65574536891533,1
56,1,15.75,45,9.65574536891533,10.036113411043,1
56,1,15.75,45,10.036113411043,10.4600391638118,1
56,1,15.75,45,10.4600391638118,10.5185423813045,1
56,1,15.75,45,10.5185423813045,11.1365953110653,1
56,1,15.75,45,11.1365953110653,11.1867909276531,1
56,1,15.75,45,11.1867909276531,11.1892653563472,1
56,1,15.75,45,11.1892653563472,11.5330447320406,1
56,1,15.75,45,11.5330447320406,11.5741440994445,1
56,1,15.75,45,11.5741440994445,11.6249986274539,1
56,1,15.75,45,11.6249986274539,11.6381679724702,1
56,1,15.75,45,11.6381679724702,11.8874413617484,1
56,1,15.75,45,11.8874413617484,12.1749976186087,1
56,1,15.75,45,12.1749976186087,12.3912167725547,1
56,1,15.75,45,12.3912167725547,12.4661695048966,1
56,1,15.75,45,12.4661695048966,12.6680396874907,1
56,1,15.75,45,12.6680396874907,12.8754561288842,1
56,1,15.75,45,12.8754561288842,13.0193123088706,1
56,1,15.75,45,13.0193123088706,13.1458475226562,1
56,1,15.75,45,13.1458475226562,13.2020356757942,1
56,1,15.75,45,13.2020356757942,13.4115587261399,1
56,1,15.75,45,13.4115587261399,13.4892285033949,1
56,1,15.75,45,13.4892285033949,13.4985169046806,1
56,1,15.75,45,13.4985169046806,13.5042352664025,1
56,1,15.75,45,13.5042352664025,13.6138097096274,1
56,1,15.75,45,13.6138097096274,13.872764388749,1
56,1,15.75,45,13.872764388749,13.926349435549,1
56,1,15.75,45,13.926349435549,14.2788788830911,1
56,1,15.75,45,14.2788788830911,14.6800458370865,1
56,1,15.75,45,14.6800458370865,15.060991931554,1
56,1,15.75,45,15.060991931554,15.232415606339,1
56,1,15.75,45,15.232415606339,15.75,0
57,1,14.75,32,0,2.12403533296059,1
57,1,14.75,32,2.12403533296059,4.31700779085885,1
57,1,14.75,32,4.31700779085885,4.70584729441255,1
57,1,14.75,32,4.70584729441255,5.99097691558976,1
57,1,14.75,32,5.99097691558976,6.11387366852244,1
57,1,14.75,32,6.11387366852244,6.25105438071955,1
57,1,14.75,32,6.25105438071955,6.85105904525565,1
57,1,14.75,32,6.85105904525565,7.61933458123284,1
57,1,14.75,32,7.61933458123284,8.25829554877578,1
57,1,14.75,32,8.25829554877578,9.08570736992218,1
57,1,14.75,32,9.08570736992218,9.21337276089118,1
57,1,14.75,32,9.21337276089118,9.71118426038635,1
57,1,14.75,32,9.71118426038635,9.82226452226168,1
57,1,14.75,32,9.82226452226168,10.3293814305213,1
57,1,14.75,32,10.3293814305213,10.4323014203297,1
57,1,14.75,32,10.4323014203297,10.5304155869698,1
57,1,14.75,32,10.5304155869698,10.747353332253,1
57,1,14.75,32,10.747353332253,10.8428852502206,1
57,1,14.75,32,10.8428852502206,11.1409781211373,1
57,1,14.75,32,11.1409781211373,11.9076971651421,1
57,1,14.75,32,11.9076971651421,12.1213000258136,1
57,1,14.75,32,12.1213000258136,12.3620571833604,1
57,1,14.75,32,12.3620571833604,12.5006561451847,1
57,1,14.75,32,12.5006561451847,12.6747166174189,1
57,1,14.75,32,12.6747166174189,12.8729994959204,1
57,1,14.75,32,12.8729994959204,12.9107861127576,1
57,1,14.75,32,12.9107861127576,13.2543886275089,1
57,1,14.75,32,13.2543886275089,13.5470415619611,1
57,1,14.75,32,13.5470415619611,13.9700931319633,1
57,1,14.75,32,13.9700931319633,13.9780219725999,1
57,1,14.75,32,13.9780219725999,14.2839813090944,1
57,1,14.75,32,14.2839813090944,14.5846504571855,1
57,1,14.75,32,14.5846504571855,14.75,0
58,1,18.75,95,0,2.34742929863663,1
58,1,18.75,95,2.34742929863663,3.19720467969795,1
58,1,18.75,95,3.19720467969795,3.85256331805052,1
58,1,18.75,95,3.85256331805052,4.34095237801861,1
58,1,18.75,95,4.34095237801861,4.98687426373274,1
58,1,18.75,95,4.98687426373274,5.13589173575721,1
58,1,18.75,95,5.13589173575721,5.19165352407427,1
58,1,18.75,95,5.19165352407427,5.45792931729748,1
58,1,18.75,95,5.45792931729748,5.4931200465902,1
58,1,18.75,95,5.4931200465902,6.10950090487144,1
58,1,18.75,95,6.10950090487144,6.54836664558873,1
58,1,18.75,95,6.54836664558873,6.66512842867609,1
58,1,18.75,95,6.66512842867609,7.21891722829006,1
58,1,18.75,95,7.21891722829006,7.66582072633712,1
58,1,18.75,95,7.66582072633712,7.84069947857897,1
58,1,18.75,95,7.84069947857897,8.64239213117139,1
58,1,18.75,95,8.64239213117139,8.8345616710407,1
58,1,18.75,95,8.8345616710407,8.97105365823669,1
58,1,18.75,95,8.97105365823669,9.00700578636563,1
58,1,18.75,95,9.00700578636563,9.40906679156878,1
58,1,18.75,95,9.40906679156878,9.4158388848717,1
58,1,18.75,95,9.4158388848717,9.57016429623319,1
58,1,18.75,95,9.57016429623319,9.57815424905565,1
58,1,18.75,95,9.57815424905565,9.74244572398887,1
58,1,18.75,95,9.74244572398887,9.77921172881981,1
58,1,18.75,95,9.77921172881981,10.4926559600732,1
58,1,18.75,95,10.4926559600732,10.5104644442055,1
58,1,18.75,95,10.5104644442055,10.9682849781857,1
58,1,18.75,95,10.9682849781857,11.2607634767305,1
58,1,18.75,95,11.2607634767305,11.3133398820279,1
58,1,18.75,95,11.3133398820279,11.6457239832062,1
58,1,18.75,95,11.6457239832062,11.8815044205688,1
58,1,18.75,95,11.8815044205688,11.9734365382249,1
58,1,18.75,95,11.9734365382249,12.0129446559066,1
58,1,18.75,95,12.0129446559066,12.1093358787362,1
58,1,18.75,95,12.1093358787362,12.2417700273691,1
58,1,18.75,95,12.2417700273691,12.4658381046637,1
58,1,18.75,95,12.4658381046637,12.5937238700117,1
58,1,18.75,95,12.5937238700117,12.9294916970726,1
58,1,18.75,95,12.9294916970726,13.0729790520391,1
58,1,18.75,95,13.0729790520391,13.1326159636648,1
58,1,18.75,95,13.1326159636648,13.3163290161454,1
58,1,18.75,95,13.3163290161454,13.3747708743571,1
58,1,18.75,95,13.3747708743571,13.380045508777,1
58,1,18.75,95,13.380045508777,13.9768257425849,1
58,1,18.75,95,13.9768257425849,14.0815310857568,1
58,1,18.75,95,14.0815310857568,14.1364252392704,1
58,1,18.75,95,14.1364252392704,14.164096471314,1
58,1,18.75,95,14.164096471314,14.2178630044906,1
58,1,18.75,95,14.2178630044906,14.3149689368354,1
58,1,18.75,95,14.3149689368354,14.5657664424404,1
58,1,18.75,95,14.5657664424404,14.8104572911516,1
58,1,18.75,95,14.8104572911516,14.8382956753041,1
58,1,18.75,95,14.8382956753041,14.9231151890892,1
58,1,18.75,95,14.9231151890892,14.95262596738,1
58,1,18.75,95,14.95262596738,15.0120518433141,1
58,1,18.75,95,15.0120518433141,15.0794262128621,1
58,1,18.75,95,15.0794262128621,15.0819074216332,1
58,1,18.75,95,15.0819074216332,15.1575170405519,1
58,1,18.75,95,15.1575170405519,15.2190087956975,1
58,1,18.75,95,15.2190087956975,15.348970145908,1
58,1,18.75,95,15.348970145908,15.4677838606135,1
58,1,18.75,95,15.4677838606135,15.5159722521855,1
58,1,18.75,95,15.5159722521855,15.787530090225,1
58,1,18.75,95,15.787530090225,15.905098778991,1
58,1,18.75,95,15.905098778991,15.9066511409422,1
58,1,18.75,95,15.9066511409422,15.9885219425127,1
58,1,18.75,95,15.9885219425127,16.1626273044137,1
58,1,18.75,95,16.1626273044137,16.3845354358128,1
58,1,18.75,95,16.3845354358128,16.3994399152707,1
58,1,18.75,95,16.3994399152707,16.5081747558357,1
58,1,18.75,95,16.5081747558357,16.5756084958082,1
58,1,18.75,95,16.5756084958082,17.0021037980899,1
58,1,18.75,95,17.0021037980899,17.0707489793487,1
58,1,18.75,95,17.0707489793487,17.4150919343587,1
58,1,18.75,95,17.4150919343587,17.7114640284407,1
58,1,18.75,95,17.7114640284407,17.7408233979246,1
58,1,18.75,95,17.7408233979246,17.8093633959457,1
58,1,18.75,95,17.8093633959457,17.9109830838223,1
58,1,18.75,95,17.9109830838223,17.9476300963756,1
58,1,18.75,95,17.9476300963756,17.958437519501,1
58,1,18.75,95,17.958437519501,17.9965028460768,1
58,1,18.75,95,17.9965028460768,18.0072555577107,1
58,1,18.75,95,18.0072555577107,18.0735092127032,1
58,1,18.75,95,18.0735092127032,18.1791302424538,1
58,1,18.75,95,18.1791302424538,18.2705361910869,1
58,1,18.75,95,18.2705361910869,18.3000701002397,1
58,1,18.75,95,18.3000701002397,18.3139367028879,1
58,1,18.75,95,18.3139367028879,18.3610192230248,1
58,1,18.75,95,18.3610192230248,18.4252774720333,1
58,1,18.75,95,18.4252774720333,18.5812554156276,1
58,1,18.75,95,18.5812554156276,18.6361657834038,1
58,1,18.75,95,18.6361657834038,18.6670877026717,1
58,1,18.75,95,18.6670877026717,18.6850045286443,1
58,1,18.75,95,18.6850045286443,18.6968540195908,1
58,1,18.75,95,18.6968540195908,18.75,0
59,1,19.75,4,0,1.09711905255474,1
59,1,19.75,4,1.09711905255474,1.36360921731626,1
59,1,19.75,4,1.36360921731626,2.52981652555643,1
59,1,19.75,4,2.52981652555643,11.3383830579629,1
59,1,19.75,4,11.3383830579629,19.75,0
60,1,16.75,35,0,4.86217074405088,1
60,1,16.75,35,4.86217074405088,6.21628139830137,1
60,1,16.75,35,6.21628139830137,6.63224957777754,1
60,1,16.75,35,6.63224957777754,6.75035215298597,1
60,1,16.75,35,6.75035215298597,7.37910670281102,1
60,1,16.75,35,7.37910670281102,7.6985716694821,1
60,1,16.75,35,7.6985716694821,8.03901665717297,1
60,1,16.75,35,8.03901665717297,8.60772736914223,1
60,1,16.75,35,8.60772736914223,9.47469435061282,1
60,1,16.75,35,9.47469435061282,10.0219521560983,1
60,1,16.75,35,10.0219521560983,10.4302282523277,1
60,1,16.75,35,10.4302282523277,10.6716484060698,1
60,1,16.75,35,10.6716484060698,10.9025561338421,1
60,1,16.75,35,10.9025561338421,10.9995455822012,1
60,1,16.75,35,10.9995455822012,11.5156883551023,1
60,1,16.75,35,11.5156883551023,11.6448286262946,1
60,1,16.75,35,11.6448286262946,11.8295349515552,1
60,1,16.75,35,11.8295349515552,12.1419212316557,1
60,1,16.75,35,12.1419212316557,12.3009413262091,1
60,1,16.75,35,12.3009413262091,12.5579338000992,1
60,1,16.75,35,12.5579338000992,12.6620267111114,1
60,1,16.75,35,12.6620267111114,12.7827514955806,1
60,1,16.75,35,12.7827514955806,12.8043311761073,1
60,1,16.75,35,12.8043311761073,12.8903573661987,1
60,1,16.75,35,12.8903573661987,13.4679813925672,1
60,1,16.75,35,13.4679813925672,13.5769703487404,1
60,1,16.75,35,13.5769703487404,13.7430050561107,1
60,1,16.75,35,13.7430050561107,13.7523970119074,1
60,1,16.75,35,13.7523970119074,14.2394609434952,1
60,1,16.75,35,14.2394609434952,14.4158841250617,1
60,1,16.75,35,14.4158841250617,14.6878988174045,1
60,1,16.75,35,14.6878988174045,15.3137827654575,1
60,1,16.75,35,15.3137827654575,15.6269431187195,1
60,1,16.75,35,15.6269431187195,16.4734294142529,1
60,1,16.75,35,16.4734294142529,16.5451733788066,1
60,1,16.75,35,16.5451733788066,16.75,0
61,1,20.75,3,0,11.5118098306658,1
61,1,20.75,3,11.5118098306658,12.6488021516123,1
61,1,20.75,3,12.6488021516123,18.5643237447553,1
61,1,20.75,3,18.5643237447553,20.75,0
62,1,9.75,4,0,1.45267890765094,1
62,1,9.75,4,1.45267890765094,3.63096061549331,1
62,1,9.75,4,3.63096061549331,6.64598859970992,1
62,1,9.75,4,6.64598859970992,8.72222458883102,1
62,1,9.75,4,8.72222458883102,9.75,0
63,1,8.75,8,0,3.54963634903026,1
63,1,8.75,8,3.54963634903026,4.26205390891365,1
63,1,8.75,8,4.26205390891365,5.34653596214482,1
63,1,8.75,8,5.34653596214482,5.69711671433712,1
63,1,8.75,8,5.69711671433712,5.88152450458495,1
63,1,8.75,8,5.88152450458495,6.54860116506603,1
63,1,8.75,8,6.54860116506603,6.92542528934051,1
63,1,8.75,8,6.92542528934051,7.10973821379972,1
63,1,8.75,8,7.10973821379972,8.75,0
64,1,10.75,23,0,1.82063914518063,1
64,1,10.75,23,1.82063914518063,3.65403592679581,1
64,1,10.75,23,3.65403592679581,3.71238377184522,1
64,1,10.75,23,3.71238377184522,4.07026285059441,1
64,1,10.75,23,4.07026285059441,5.62899482493749,1
64,1,10.75,23,5.62899482493749,6.16222210217586,1
64,1,10.75,23,6.16222210217586,6.17743470507477,1
64,1,10.75,23,6.17743470507477,6.98571933485611,1
64,1,10.75,23,6.98571933485611,8.08031190112544,1
64,1,10.75,23,8.08031190112544,8.2174366750628,1
64,1,10.75,23,8.2174366750628,8.26076271837162,1
64,1,10.75,23,8.26076271837162,9.41198643467601,1
64,1,10.75,23,9.41198643467601,9.47817843297893,1
64,1,10.75,23,9.47817843297893,9.71112700238347,1
64,1,10.75,23,9.71112700238347,9.82339388048872,1
64,1,10.75,23,9.82339388048872,9.97433294192679,1
64,1,10.75,23,9.97433294192679,10.0353979705471,1
64,1,10.75,23,10.0353979705471,10.1018548123294,1
64,1,10.75,23,10.1018548123294,10.2237965808097,1
64,1,10.75,23,10.2237965808097,10.2287083494146,1
64,1,10.75,23,10.2287083494146,10.3680682127392,1
64,1,10.75,23,10.3680682127392,10.6943955119461,1
64,1,10.75,23,10.6943955119461,10.7418565793204,1
64,1,10.75,23,10.7418565793204,10.75,0
65,1,15.75,0,0,15.75,0
66,1,14.75,32,0,3.41595983513762,1
66,1,14.75,32,3.41595983513762,4.83485000680413,1
66,1,14.75,32,4.83485000680413,5.32622070138879,1
66,1,14.75,32,5.32622070138879,6.84663133310708,1
66,1,14.75,32,6.84663133310708,7.21992907297502,1
66,1,14.75,32,7.21992907297502,8.23049452188298,1
66,1,14.75,32,8.23049452188298,8.78656151525162,1
66,1,14.75,32,8.78656151525162,9.59714330013633,1
66,1,14.75,32,9.59714330013633,9.83350908731675,1
66,1,14.75,32,9.83350908731675,11.4061620013089,1
66,1,14.75,32,11.4061620013089,11.6558466672889,1
66,1,14.75,32,11.6558466672889,11.8590420826276,1
66,1,14.75,32,11.8590420826276,11.9284229869515,1
66,1,14.75,32,11.9284229869515,11.9544695925746,1
66,1,14.75,32,11.9544695925746,12.0382975250269,1
66,1,14.75,32,12.0382975250269,12.431651198424,1
66,1,14.75,32,12.431651198424,12.6801280612786,1
66,1,14.75,32,12.6801280612786,12.8336414107854,1
66,1,14.75,32,12.8336414107854,13.0711012077795,1
66,1,14.75,32,13.0711012077795,13.0835497536436,1
66,1,14.75,32,13.0835497536436,13.4120182064727,1
66,1,14.75,32,13.4120182064727,13.4142631804636,1
66,1,14.75,32,13.4142631804636,13.962696981086,1
66,1,14.75,32,13.962696981086,14.0141241785363,1
66,1,14.75,32,14.0141241785363,14.0288775339093,1
66,1,14.75,32,14.0288775339093,14.0851886229921,1
66,1,14.75,32,14.0851886229921,14.1501769947508,1
66,1,14.75,32,14.1501769947508,14.1545166140602,1
66,1,14.75,32,14.1545166140602,14.2393194067984,1
66,1,14.75,32,14.2393194067984,14.2462945675484,1
66,1,14.75,32,14.2462945675484,14.3913335567241,1
66,1,14.75,32,14.3913335567241,14.7273453723564,1
66,1,14.75,32,14.7273453723564,14.75,0
67,1,15.75,2,0,1.80781743854306,1
67,1,15.75,2,1.80781743854306,12.8416124941115,1
67,1,15.75,2,12.8416124941115,15.75,0
68,1,10.75,16,0,3.95312871543727,1
68,1,10.75,16,3.95312871543727,4.44528536224034,1
68,1,10.75,16,4.44528536224034,5.62742009529543,1
68,1,10.75,16,5.62742009529543,6.25753689011094,1
68,1,10.75,16,6.25753689011094,6.42629870714668,1
68,1,10.75,16,6.42629870714668,6.73684893080669,1
68,1,10.75,16,6.73684893080669,7.05066929542575,1
68,1,10.75,16,7.05066929542575,7.62887083631949,1
68,1,10.75,16,7.62887083631949,7.95435334184372,1
68,1,10.75,16,7.95435334184372,8.49122561017371,1
68,1,10.75,16,8.49122561017371,8.50289275683163,1
68,1,10.75,16,8.50289275683163,9.72026930109072,1
68,1,10.75,16,9.72026930109072,9.75709536591216,1
68,1,10.75,16,9.75709536591216,10.0430854855903,1
68,1,10.75,16,10.0430854855903,10.4565908899595,1
68,1,10.75,16,10.4565908899595,10.6037553645802,1
68,1,10.75,16,10.6037553645802,10.75,0
69,1,14.75,21,0,6.74901786219574,1
69,1,14.75,21,6.74901786219574,7.29273260259022,1
69,1,14.75,21,7.29273260259022,8.21243942939108,1
69,1,14.75,21,8.21243942939108,8.28057114903215,1
69,1,14.75,21,8.28057114903215,8.50428581179186,1
69,1,14.75,21,8.50428581179186,8.63539583646271,1
69,1,14.75,21,8.63539583646271,9.24207852831727,1
69,1,14.75,21,9.24207852831727,9.76171901245821,1
69,1,14.75,21,9.76171901245821,9.77566750658429,1
69,1,14.75,21,9.77566750658429,10.0130022534482,1
69,1,14.75,21,10.0130022534482,10.052836650282,1
69,1,14.75,21,10.052836650282,10.2524877410874,1
69,1,14.75,21,10.2524877410874,10.3836246535863,1
69,1,14.75,21,10.3836246535863,10.9934371945804,1
69,1,14.75,21,10.9934371945804,11.7714024921706,1
69,1,14.75,21,11.7714024921706,12.7190931254116,1
69,1,14.75,21,12.7190931254116,13.2459629152806,1
69,1,14.75,21,13.2459629152806,13.3107519112819,1
69,1,14.75,21,13.3107519112819,14.3242144847704,1
69,1,14.75,21,14.3242144847704,14.4615709852451,1
69,1,14.75,21,14.4615709852451,14.5965512889067,1
69,1,14.75,21,14.5965512889067,14.75,0
70,1,13.75,1,0,3.66571764960523,1
70,1,13.75,1,3.66571764960523,13.75,0
71,1,10.75,21,0,4.26921354843159,1
71,1,10.75,21,4.26921354843159,5.24003235461607,1
71,1,10.75,21,5.24003235461607,5.87588196911363,1
71,1,10.75,21,5.87588196911363,6.00098151781613,1
71,1,10.75,21,6.00098151781613,6.18092716212908,1
71,1,10.75,21,6.18092716212908,6.18583008118912,1
71,1,10.75,21,6.18583008118912,6.28146945666576,1
71,1,10.75,21,6.28146945666576,7.25628067707918,1
71,1,10.75,21,7.25628067707918,8.07078408292773,1
71,1,10.75,21,8.07078408292773,8.4030672357593,1
71,1,10.75,21,8.4030672357593,8.73947343302323,1
71,1,10.75,21,8.73947343302323,8.91118674489021,1
71,1,10.75,21,8.91118674489021,8.93494563275193,1
71,1,10.75,21,8.93494563275193,8.97476390536987,1
71,1,10.75,21,8.97476390536987,9.05033541744956,1
71,1,10.75,21,9.05033541744956,9.08027904128643,1
71,1,10.75,21,9.08027904128643,9.25195308566595,1
71,1,10.75,21,9.25195308566595,9.63566619970597,1
71,1,10.75,21,9.63566619970597,9.63804196476948,1
71,1,10.75,21,9.63804196476948,10.045611595669,1
71,1,10.75,21,10.045611595669,10.1017660509267,1
71,1,10.75,21,10.1017660509267,10.75,0
72,1,11.75,2,0,1.91133428287618,1
72,1,11.75,2,1.91133428287618,2.32709862041849,1
72,1,11.75,2,2.32709862041849,11.75,0
73,1,10.75,14,0,2.19297808510351,1
73,1,10.75,14,2.19297808510351,4.99896765744626,1
73,1,10.75,14,4.99896765744626,5.55390034872038,1
73,1,10.75,14,5.55390034872038,6.62633842380754,1
73,1,10.75,14,6.62633842380754,6.85421205178941,1
73,1,10.75,14,6.85421205178941,7.27645913639963,1
73,1,10.75,14,7.27645913639963,7.50920267611234,1
73,1,10.75,14,7.50920267611234,8.17238995871721,1
73,1,10.75,14,8.17238995871721,9.02155034751404,1
73,1,10.75,14,9.02155034751404,10.2066718831821,1
73,1,10.75,14,10.2066718831821,10.5421811793478,1
73,1,10.75,14,10.5421811793478,10.5910937832492,1
73,1,10.75,14,10.5910937832492,10.6976597306767,1
73,1,10.75,14,10.6976597306767,10.7376239365907,1
73,1,10.75,14,10.7376239365907,10.75,0
74,1,20.75,0,0,20.75,0
75,1,15.75,2,0,13.7660401970347,1
75,1,15.75,2,13.7660401970347,14.8456844911844,1
75,1,15.75,2,14.8456844911844,15.75,0
76,1,16.75,0,0,16.75,0
77,1,9.75,2,0,1.13421820748097,1
77,1,9.75,2,1.13421820748097,1.75478671172955,1
77,1,9.75,2,1.75478671172955,9.75,0
78,1,14.75,0,0,14.75,0
79,1,14.75,1,0,4.96633759202139,1
79,1,14.75,1,4.96633759202139,14.75,0
80,1,11.75,8,0,2.80801388954415,1
80,1,11.75,8,2.80801388954415,4.36688009482235,1
80,1,11.75,8,4.36688009482235,6.20201040732705,1
80,1,11.75,8,6.20201040732705,7.54094628402978,1
80,1,11.75,8,7.54094628402978,8.63521930299803,1
80,1,11.75,8,8.63521930299803,9.40985195364209,1
80,1,11.75,8,9.40985195364209,10.1701466871285,1
80,1,11.75,8,10.1701466871285,11.006826697965,1
80,1,11.75,8,11.006826697965,11.75,0
81,1,20.75,31,0,4.22731761084739,1
81,1,20.75,31,4.22731761084739,4.25293522388375,1
81,1,20.75,31,4.25293522388375,5.26504634057302,1
81,1,20.75,31,5.26504634057302,5.70764433863651,1
81,1,20.75,31,5.70764433863651,6.90560267210696,1
81,1,20.75,31,6.90560267210696,7.73528090544182,1
81,1,20.75,31,7.73528090544182,7.8999256517786,1
81,1,20.75,31,7.8999256517786,8.45824915330952,1
81,1,20.75,31,8.45824915330952,11.1337069959766,1
81,1,20.75,31,11.1337069959766,11.1875327223583,1
81,1,20.75,31,11.1875327223583,12.668318209473,1
81,1,20.75,31,12.668318209473,13.0872794422303,1
81,1,20.75,31,13.0872794422303,13.1452921710935,1
81,1,20.75,31,13.1452921710935,13.8805480654233,1
81,1,20.75,31,13.8805480654233,14.0721925289164,1
81,1,20.75,31,14.0721925289164,14.4550742094014,1
81,1,20.75,31,14.4550742094014,14.6331712785309,1
81,1,20.75,31,14.6331712785309,15.0853658739674,1
81,1,20.75,31,15.0853658739674,15.2037536679584,1
81,1,20.75,31,15.2037536679584,15.9494034245001,1
81,1,20.75,31,15.9494034245001,16.4802650876899,1
81,1,20.75,31,16.4802650876899,17.2355273902071,1
81,1,20.75,31,17.2355273902071,17.4589834068751,1
81,1,20.75,31,17.4589834068751,17.9681027041135,1
81,1,20.75,31,17.9681027041135,18.1210051880845,1
81,1,20.75,31,18.1210051880845,18.7249347729341,1
81,1,20.75,31,18.7249347729341,19.0072691663557,1
81,1,20.75,31,19.0072691663557,19.2829120861403,1
81,1,20.75,31,19.2829120861403,19.6222515702977,1
81,1,20.75,31,19.6222515702977,20.2343684000856,1
81,1,20.75,31,20.2343684000856,20.3439888351452,1
81,1,20.75,31,20.3439888351452,20.75,0
82,1,19.75,4,0,0.761810194568012,1
82,1,19.75,4,0.761810194568012,2.55889070392504,1
82,1,19.75,4,2.55889070392504,11.4724018138983,1
82,1,19.75,4,11.4724018138983,11.5337035525646,1
82,1,19.75,4,11.5337035525646,19.75,0
83,1,17.75,3,0,0.524378384488099,1
83,1,17.75,3,0.524378384488099,0.794971814368352,1
83,1,17.75,3,0.794971814368352,5.27094745533862,1
83,1,17.75,3,5.27094745533862,17.75,0
84,1,9.75,4,0,5.9079221827546,1
84,1,9.75,4,5.9079221827546,6.72919455116602,1
84,1,9.75,4,6.72919455116602,6.95548512827841,1
84,1,9.75,4,6.95548512827841,8.01635447202838,1
84,1,9.75,4,8.01635447202838,9.75,0
85,1,14.75,41,0,3.40605012735611,1
85,1,14.75,41,3.40605012735611,3.75194933519234,1
85,1,14.75,41,3.75194933519234,4.57751531443434,1
85,1,14.75,41,4.57751531443434,5.78293980411781,1
85,1,14.75,41,5.78293980411781,6.84578765121361,1
85,1,14.75,41,6.84578765121361,7.41876886396566,1
85,1,14.75,41,7.41876886396566,7.54832957760597,1
85,1,14.75,41,7.54832957760597,7.65830552656279,1
85,1,14.75,41,7.65830552656279,8.48009839961151,1
85,1,14.75,41,8.48009839961151,8.84678926097686,1
85,1,14.75,41,8.84678926097686,9.61253401151156,1
85,1,14.75,41,9.61253401151156,9.6165756947783,1
85,1,14.75,41,9.6165756947783,9.7192185847542,1
85,1,14.75,41,9.7192185847542,10.1939143759353,1
85,1,14.75,41,10.1939143759353,10.5833654464298,1
85,1,14.75,41,10.5833654464298,10.6915267157843,1
85,1,14.75,41,10.6915267157843,10.7088949295842,1
85,1,14.75,41,10.7088949295842,10.8680850367479,1
85,1,14.75,41,10.8680850367479,11.4781868053712,1
85,1,14.75,41,11.4781868053712,11.5918479366539,1
85,1,14.75,41,11.5918479366539,11.6917229169578,1
85,1,14.75,41,11.6917229169578,11.8511030186621,1
85,1,14.75,41,11.8511030186621,11.9874262812521,1
85,1,14.75,41,11.9874262812521,12.1382843096511,1
85,1,14.75,41,12.1382843096511,12.2990898319527,1
85,1,14.75,41,12.2990898319527,12.3706565647103,1
85,1,14.75,41,12.3706565647103,12.3762964045462,1
85,1,14.75,41,12.3762964045462,12.5622297374871,1
85,1,14.75,41,12.5622297374871,12.6885147091561,1
85,1,14.75,41,12.6885147091561,12.8114560068152,1
85,1,14.75,41,12.8114560068152,12.9362017292391,1
85,1,14.75,41,12.9362017292391,13.1440987678729,1
85,1,14.75,41,13.1440987678729,13.159106960367,1
85,1,14.75,41,13.159106960367,13.3212820358349,1
85,1,14.75,41,13.3212820358349,13.752981192116,1
85,1,14.75,41,13.752981192116,13.7660214222811,1
85,1,14.75,41,13.7660214222811,13.904694101562,1
85,1,14.75,41,13.904694101562,13.9736327566317,1
85,1,14.75,41,13.9736327566317,14.3066854741847,1
85,1,14.75,41,14.3066854741847,14.5066463826698,1
85,1,14.75,41,14.5066463826698,14.6871163138781,1
85,1,14.75,41,14.6871163138781,14.75,0
86,1,10.75,20,0,2.17651397066022,1
86,1,10.75,20,2.17651397066022,2.8637070107851,1
86,1,10.75,20,2.8637070107851,4.71512625602387,1
86,1,10.75,20,4.71512625602387,5.11320827109021,1
86,1,10.75,20,5.11320827109021,5.45934953876836,1
86,1,10.75,20,5.45934953876836,5.95753957948794,1
86,1,10.75,20,5.95753957948794,5.96714592173311,1
86,1,10.75,20,5.96714592173311,6.38355636474562,1
86,1,10.75,20,6.38355636474562,6.63532935599555,1
86,1,10.75,20,6.63532935599555,6.84676244577099,1
86,1,10.75,20,6.84676244577099,6.98109492926044,1
86,1,10.75,20,6.98109492926044,7.41444540315429,1
86,1,10.75,20,7.41444540315429,7.42511106115782,1
86,1,10.75,20,7.42511106115782,7.4462392095908,1
86,1,10.75,20,7.4462392095908,7.61472480347266,1
86,1,10.75,20,7.61472480347266,7.90715509867294,1
86,1,10.75,20,7.90715509867294,8.41715223735712,1
86,1,10.75,20,8.41715223735712,9.62809553136506,1
86,1,10.75,20,9.62809553136506,9.69956378299426,1
86,1,10.75,20,9.69956378299426,10.1394888045321,1
86,1,10.75,20,10.1394888045321,10.75,0
87,1,13.75,5,0,0.62497836591509,1
87,1,13.75,5,0.62497836591509,4.42871740538145,1
87,1,13.75,5,4.42871740538145,6.32567323757876,1
87,1,13.75,5,6.32567323757876,6.65114318910468,1
87,1,13.75,5,6.65114318910468,10.4695625851634,1
87,1,13.75,5,10.4695625851634,13.75,0
88,1,8.75,9,0,4.49947571561577,1
88,1,8.75,9,4.49947571561577,4.54616711178513,1
88,1,8.75,9,4.54616711178513,5.9457714202916,1
88,1,8.75,9,5.9457714202916,6.03060667962725,1
88,1,8.75,9,6.03060667962725,6.0979405929454,1
88,1,8.75,9,6.0979405929454,6.3181212503704,1
88,1,8.75,9,6.3181212503704,8.25908913573397,1
88,1,8.75,9,8.25908913573397,8.4929374360768,1
88,1,8.75,9,8.4929374360768,8.56637481977336,1
88,1,8.75,9,8.56637481977336,8.75,0
89,1,8.75,0,0,8.75,0
90,1,11.75,24,0,1.53363941859448,1
90,1,11.75,24,1.53363941859448,2.50243539970828,1
90,1,11.75,24,2.50243539970828,3.86955922317776,1
90,1,11.75,24,3.86955922317776,4.57518854202243,1
90,1,11.75,24,4.57518854202243,4.62708552909271,1
90,1,11.75,24,4.62708552909271,5.7544109455802,1
90,1,11.75,24,5.7544109455802,6.21496150952075,1
90,1,11.75,24,6.21496150952075,6.88069743033463,1
90,1,11.75,24,6.88069743033463,6.93720503460786,1
90,1,11.75,24,6.93720503460786,7.42347291645826,1
90,1,11.75,24,7.42347291645826,7.53634583964583,1
90,1,11.75,24,7.53634583964583,7.80084300243744,1
90,1,11.75,24,7.80084300243744,8.23897160459948,1
90,1,11.75,24,8.23897160459948,8.53626283003799,1
90,1,11.75,24,8.53626283003799,9.94181661360988,1
90,1,11.75,24,9.94181661360988,9.98992179376647,1
90,1,11.75,24,9.98992179376647,10.0548994347626,1
90,1,11.75,24,10.0548994347626,10.1792667124969,1
90,1,11.75,24,10.1792667124969,10.2329463246232,1
90,1,11.75,24,10.2329463246232,10.3374347807338,1
90,1,11.75,24,10.3374347807338,10.4476592415662,1
90,1,11.75,24,10.4476592415662,11.1718981049474,1
90,1,11.75,24,11.1718981049474,11.2185508703596,1
90,1,11.75,24,11.2185508703596,11.6103802447555,1
90,1,11.75,24,11.6103802447555,11.75,0
91,1,14.75,25,0,6.02213938562193,1
91,1,14.75,25,6.02213938562193,7.18430668809331,1
91,1,14.75,25,7.18430668809331,7.26373829577807,1
91,1,14.75,25,7.26373829577807,8.42598410667395,1
91,1,14.75,25,8.42598410667395,8.65422109816916,1
91,1,14.75,25,8.65422109816916,9.30136245708963,1
91,1,14.75,25,9.30136245708963,9.94680586950382,1
91,1,14.75,25,9.94680586950382,9.9625351460156,1
91,1,14.75,25,9.9625351460156,10.4787143505065,1
91,1,14.75,25,10.4787143505065,10.5315051399587,1
91,1,14.75,25,10.5315051399587,10.6543566649776,1
91,1,14.75,25,10.6543566649776,10.8160522851218,1
91,1,14.75,25,10.8160522851218,11.7903657640613,1
91,1,14.75,25,11.7903657640613,11.8272667811855,1
91,1,14.75,25,11.8272667811855,11.8390651164951,1
91,1,14.75,25,11.8390651164951,11.8701082268574,1
91,1,14.75,25,11.8701082268574,11.9506894722319,1
91,1,14.75,25,11.9506894722319,12.012132680839,1
91,1,14.75,25,12.012132680839,12.1710928048064,1
91,1,14.75,25,12.1710928048064,12.3877996342953,1
91,1,14.75,25,12.3877996342953,12.4121317022999,1
91,1,14.75,25,12.4121317022999,12.94783309671,1
91,1,14.75,25,12.94783309671,13.7238704519185,1
91,1,14.75,25,13.7238704519185,13.9105602845255,1
91,1,14.75,25,13.9105602845255,13.9414321078213,1
91,1,14.75,25,13.9414321078213,14.75,0
92,1,13.75,13,0,4.31226301524954,1
92,1,13.75,13,4.31226301524954,5.10654429977255,1
92,1,13.75,13,5.10654429977255,5.33177937475295,1
92,1,13.75,13,5.33177937475295,9.27655733248532,1
92,1,13.75,13,9.27655733248532,9.49336776058177,1
92,1,13.75,13,9.49336776058177,10.3962916288243,1
92,1,13.75,13,10.3962916288243,10.9987473772171,1
92,1,13.75,13,10.9987473772171,11.1285499114659,1
92,1,13.75,13,11.1285499114659,11.1420159022036,1
92,1,13.75,13,11.1420159022036,12.0317194267999,1
92,1,13.75,13,12.0317194267999,12.8383931851838,1
92,1,13.75,13,12.8383931851838,13.3095326453704,1
92,1,13.75,13,13.3095326453704,13.6359167024807,1
92,1,13.75,13,13.6359167024807,13.75,0
93,1,10.75,4,0,0.936088425120318,1
93,1,10.75,4,0.936088425120318,3.92804321762859,1
93,1,10.75,4,3.92804321762859,5.65214971532381,1
93,1,10.75,4,5.65214971532381,6.21119621233987,1
93,1,10.75,4,6.21119621233987,10.75,0
94,1,12.75,20,0,3.99837968363804,1
94,1,12.75,20,3.99837968363804,4.28831960349614,1
94,1,12.75,20,4.28831960349614,4.667380364415,1
94,1,12.75,20,4.667380364415,7.01044936961958,1
94,1,12.75,20,7.01044936961958,8.20969885496133,1
94,1,12.75,20,8.20969885496133,8.79003175190476,1
94,1,12.75,20,8.79003175190476,8.98642038582276,1
94,1,12.75,20,8.98642038582276,9.58482781723289,1
94,1,12.75,20,9.58482781723289,10.565891448489,1
94,1,12.75,20,10.565891448489,11.0408278143708,1
94,1,12.75,20,11.0408278143708,11.4275940722616,1
94,1,12.75,20,11.4275940722616,11.5838932920117,1
94,1,12.75,20,11.5838932920117,11.7418679554523,1
94,1,12.75,20,11.7418679554523,11.9367129845872,1
94,1,12.75,20,11.9367129845872,12.2700039347508,1
94,1,12.75,20,12.2700039347508,12.2924277108476,1
94,1,12.75,20,12.2924277108476,12.3172982210677,1
94,1,12.75,20,12.3172982210677,12.3784603253025,1
94,1,12.75,20,12.3784603253025,12.3865468414339,1
94,1,12.75,20,12.3865468414339,12.3885581698322,1
94,1,12.75,20,12.3885581698322,12.75,0
95,1,11.75,26,0,2.63415772942447,1
95,1,11.75,26,2.63415772942447,3.11739751935486,1
95,1,11.75,26,3.11739751935486,3.59187059069562,1
95,1,11.75,26,3.59187059069562,4.0297281316413,1
95,1,11.75,26,4.0297281316413,4.10133659499778,1
95,1,11.75,26,4.10133659499778,4.17451492035634,1
95,1,11.75,26,4.17451492035634,5.05726448929814,1
95,1,11.75,26,5.05726448929814,5.65650798593114,1
95,1,11.75,26,5.65650798593114,6.40493129439177,1
95,1,11.75,26,6.40493129439177,6.84831466700002,1
95,1,11.75,26,6.84831466700002,6.94865830358521,1
95,1,11.75,26,6.94865830358521,7.07152301587797,1
95,1,11.75,26,7.07152301587797,7.94437374655957,1
95,1,11.75,26,7.94437374655957,8.04913971586182,1
95,1,11.75,26,8.04913971586182,8.80135008137148,1
95,1,11.75,26,8.80135008137148,8.8481082999282,1
95,1,11.75,26,8.8481082999282,9.40299295849428,1
95,1,11.75,26,9.40299295849428,9.57119873763756,1
95,1,11.75,26,9.57119873763756,9.95218865640595,1
95,1,11.75,26,9.95218865640595,10.7569478847805,1
95,1,11.75,26,10.7569478847805,10.9289527949839,1
95,1,11.75,26,10.9289527949839,10.9710131060899,1
95,1,11.75,26,10.9710131060899,10.9723273813549,1
95,1,11.75,26,10.9723273813549,11.020706643444,1
95,1,11.75,26,11.020706643444,11.2134185977869,1
95,1,11.75,26,11.2134185977869,11.2955489521814,1
95,1,11.75,26,11.2955489521814,11.75,0
96,1,11.75,14,0,4.0997980837393,1
96,1,11.75,14,4.0997980837393,4.69746897148083,1
96,1,11.75,14,4.69746897148083,6.20197122409235,1
96,1,11.75,14,6.20197122409235,6.69200096231662,1
96,1,11.75,14,6.69200096231662,7.41579333623927,1
96,1,11.75,14,7.41579333623927,7.83495314412513,1
96,1,11.75,14,7.83495314412513,8.40169130621058,1
96,1,11.75,14,8.40169130621058,9.04158402467045,1
96,1,11.75,14,9.04158402467045,10.3452584483345,1
96,1,11.75,14,10.3452584483345,10.7537927772232,1
96,1,11.75,14,10.7537927772232,10.7612810390845,1
96,1,11.75,14,10.7612810390845,10.9489250357978,1
96,1,11.75,14,10.9489250357978,10.9946851535694,1
96,1,11.75,14,10.9946851535694,11.2883866646316,1
96,1,11.75,14,11.2883866646316,11.75,0
97,1,18.75,88,0,3.51994453708679,1
97,1,18.75,88,3.51994453708679,4.29392306313245,1
97,1,18.75,88,4.29392306313245,4.33439319572992,1
97,1,18.75,88,4.33439319572992,4.3941950938588,1
97,1,18.75,88,4.3941950938588,4.86942550572651,1
97,1,18.75,88,4.86942550572651,5.39139242646075,1
97,1,18.75,88,5.39139242646075,5.74308807580253,1
97,1,18.75,88,5.74308807580253,5.94478048983982,1
97,1,18.75,88,5.94478048983982,7.39472883019286,1
97,1,18.75,88,7.39472883019286,7.84878965802747,1
97,1,18.75,88,7.84878965802747,8.31493837537126,1
97,1,18.75,88,8.31493837537126,8.3744148026214,1
97,1,18.75,88,8.3744148026214,8.49783346916282,1
97,1,18.75,88,8.49783346916282,8.5415363444764,1
97,1,18.75,88,8.5415363444764,8.83673126202512,1
97,1,18.75,88,8.83673126202512,10.2824773289747,1
97,1,18.75,88,10.2824773289747,10.2899052482227,1
97,1,18.75,88,10.2899052482227,10.6446964883625,1
97,1,18.75,88,10.6446964883625,10.6717588959008,1
97,1,18.75,88,10.6717588959008,10.6892500957675,1
97,1,18.75,88,10.6892500957675,10.859621397084,1
97,1,18.75,88,10.859621397084,10.9146395926718,1
97,1,18.75,88,10.9146395926718,11.0290231697656,1
97,1,18.75,88,11.0290231697656,11.0456173533213,1
97,1,18.75,88,11.0456173533213,11.0946908221829,1
97,1,18.75,88,11.0946908221829,11.2030290654481,1
97,1,18.75,88,11.2030290654481,11.2278284568998,1
97,1,18.75,88,11.2278284568998,11.2493119025542,1
97,1,18.75,88,11.2493119025542,11.5081054745121,1
97,1,18.75,88,11.5081054745121,11.9533608346493,1
97,1,18.75,88,11.9533608346493,12.1634784445567,1
97,1,18.75,88,12.1634784445567,12.4677572629771,1
97,1,18.75,88,12.4677572629771,12.7185867011697,1
97,1,18.75,88,12.7185867011697,12.7643370808866,1
97,1,18.75,88,12.7643370808866,12.8349315500837,1
97,1,18.75,88,12.8349315500837,12.9665372350895,1
97,1,18.75,88,12.9665372350895,13.1155000761563,1
97,1,18.75,88,13.1155000761563,13.1212078594456,1
97,1,18.75,88,13.1212078594456,13.1671926401517,1
97,1,18.75,88,13.1671926401517,13.3074466766113,1
97,1,18.75,88,13.3074466766113,13.3481049139932,1
97,1,18.75,88,13.3481049139932,13.7040538568972,1
97,1,18.75,88,13.7040538568972,13.8782447006608,1
97,1,18.75,88,13.8782447006608,13.9569987984361,1
97,1,18.75,88,13.9569987984361,13.9598897143239,1
97,1,18.75,88,13.9598897143239,13.9644630053954,1
97,1,18.75,88,13.9644630053954,14.0652922102416,1
97,1,18.75,88,14.0652922102416,14.1578707162988,1
97,1,18.75,88,14.1578707162988,14.1953791150318,1
97,1,18.75,88,14.1953791150318,14.2693746226422,1
97,1,18.75,88,14.2693746226422,14.345978236701,1
97,1,18.75,88,14.345978236701,14.3897665971203,1
97,1,18.75,88,14.3897665971203,14.6840096064131,1
97,1,18.75,88,14.6840096064131,14.7799450252825,1
97,1,18.75,88,14.7799450252825,14.7833777308475,1
97,1,18.75,88,14.7833777308475,14.9564317789364,1
97,1,18.75,88,14.9564317789364,15.1790590043963,1
97,1,18.75,88,15.1790590043963,15.1962031057601,1
97,1,18.75,88,15.1962031057601,15.2118937373265,1
97,1,18.75,88,15.2118937373265,15.2326341418204,1
97,1,18.75,88,15.2326341418204,15.2904900843355,1
97,1,18.75,88,15.2904900843355,15.4652300611531,1
97,1,18.75,88,15.4652300611531,15.8179451707619,1
97,1,18.75,88,15.8179451707619,15.9269477124749,1
97,1,18.75,88,15.9269477124749,15.9437124545453,1
97,1,18.75,88,15.9437124545453,15.9976140984374,1
97,1,18.75,88,15.9976140984374,16.312384670356,1
97,1,18.75,88,16.312384670356,16.5734255166304,1
97,1,18.75,88,16.5734255166304,16.5899965148805,1
97,1,18.75,88,16.5899965148805,16.6666955531449,1
97,1,18.75,88,16.6666955531449,16.7387439257068,1
97,1,18.75,88,16.7387439257068,16.7547208260264,1
97,1,18.75,88,16.7547208260264,16.8690313016302,1
97,1,18.75,88,16.8690313016302,17.1870667129693,1
97,1,18.75,88,17.1870667129693,17.2943455078564,1
97,1,18.75,88,17.2943455078564,17.3594185408381,1
97,1,18.75,88,17.3594185408381,17.419001482622,1
97,1,18.75,88,17.419001482622,17.6471054388175,1
97,1,18.75,88,17.6471054388175,17.7648098024075,1
97,1,18.75,88,17.7648098024075,17.9068521659857,1
97,1,18.75,88,17.9068521659857,17.985378234491,1
97,1,18.75,88,17.985378234491,18.0152563541666,1
97,1,18.75,88,18.0152563541666,18.0390838107309,1
97,1,18.75,88,18.0390838107309,18.265958857513,1
97,1,18.75,88,18.265958857513,18.4524755284614,1
97,1,18.75,88,18.4524755284614,18.5678341570591,1
97,1,18.75,88,18.5678341570591,18.6757096701384,1
97,1,18.75,88,18.6757096701384,18.6806286402285,1
97,1,18.75,88,18.6806286402285,18.75,0
98,1,19.75,2,0,1.08841535233828,1
98,1,19.75,2,1.08841535233828,8.69537431392392,1
98,1,19.75,2,8.69537431392392,19.75,0
99,1,14.75,14,0,1.49041920230971,1
99,1,14.75,14,1.49041920230971,4.45904287360882,1
99,1,14.75,14,4.45904287360882,5.49638378061562,1
99,1,14.75,14,5.49638378061562,7.79154154109328,1
99,1,14.75,14,7.79154154109328,10.1662413181988,1
99,1,14.75,14,10.1662413181988,10.4275740053551,1
99,1,14.75,14,10.4275740053551,10.5206529131115,1
99,1,14.75,14,10.5206529131115,11.7211260827887,1
99,1,14.75,14,11.7211260827887,12.0046577330936,1
99,1,14.75,14,12.0046577330936,13.1822245644473,1
99,1,14.75,14,13.1822245644473,13.9591504832618,1
99,1,14.75,14,13.9591504832618,14.276741087872,1
99,1,14.75,14,14.276741087872,14.4395151072358,1
99,1,14.75,14,14.4395151072358,14.4681695105401,1
99,1,14.75,14,14.4681695105401,14.75,0
100,1,14.75,35,0,4.30319359932726,1
100,1,14.75,35,4.30319359932726,6.77725441602542,1
100,1,14.75,35,6.77725441602542,7.03090426361563,1
100,1,14.75,35,7.03090426361563,7.32551955703105,1
100,1,14.75,35,7.32551955703105,7.39556859606153,1
100,1,14.75,35,7.39556859606153,7.60454346135944,1
100,1,14.75,35,7.60454346135944,8.65115154067092,1
100,1,14.75,35,8.65115154067092,8.95941535913511,1
100,1,14.75,35,8.95941535913511,9.04360337200375,1
100,1,14.75,35,9.04360337200375,9.09292022131182,1
100,1,14.75,35,9.09292022131182,9.3528788980414,1
100,1,14.75,35,9.3528788980414,9.43452708364939,1
100,1,14.75,35,9.43452708364939,9.50261111946906,1
100,1,14.75,35,9.50261111946906,9.62249908614118,1
100,1,14.75,35,9.62249908614118,9.99556312898588,1
100,1,14.75,35,9.99556312898588,10.2317149955094,1
100,1,14.75,35,10.2317149955094,10.3782513943602,1
100,1,14.75,35,10.3782513943602,10.7109177406669,1
100,1,14.75,35,10.7109177406669,10.7285337110141,1
100,1,14.75,35,10.7285337110141,11.0913022226108,1
100,1,14.75,35,11.0913022226108,11.2967419523173,1
100,1,14.75,35,11.2967419523173,11.3562267315968,1
100,1,14.75,35,11.3562267315968,11.720759767945,1
100,1,14.75,35,11.720759767945,12.1452879461047,1
100,1,14.75,35,12.1452879461047,12.2981820799702,1
100,1,14.75,35,12.2981820799702,12.4119538039393,1
100,1,14.75,35,12.4119538039393,12.8389133307702,1
100,1,14.75,35,12.8389133307702,13.1647690613168,1
100,1,14.75,35,13.1647690613168,13.265635556836,1
100,1,14.75,35,13.265635556836,13.4845347065095,1
100,1,14.75,35,13.4845347065095,13.6774227142198,1
100,1,14.75,35,13.6774227142198,13.9293880237412,1
100,1,14.75,35,13.9293880237412,14.4781683691895,1
100,1,14.75,35,14.4781683691895,14.5920474651303,1
100,1,14.75,35,14.5920474651303,14.7271437783706,1
100,1,14.75,35,14.7271437783706,14.75,0
101,1,12.75,12,0,2.12033631942562,1
101,1,12.75,12,2.12033631942562,3.26018692736821,1
101,1,12.75,12,3.26018692736821,6.25035402588918,1
101,1,12.75,12,6.25035402588918,7.437528947986,1
101,1,12.75,12,7.437528947986,7.69689990324092,1
101,1,12.75,12,7.69689990324092,9.09443819806159,1
101,1,12.75,12,9.09443819806159,10.2768428274353,1
101,1,12.75,12,10.2768428274353,10.4391390959376,1
101,1,12.75,12,10.4391390959376,11.3554512315242,1
101,1,12.75,12,11.3554512315242,12.1381655767034,1
101,1,12.75,12,12.1381655767034,12.3846930116517,1
101,1,12.75,12,12.3846930116517,12.4447701432373,1
101,1,12.75,12,12.4447701432373,12.75,0
102,1,12.75,23,0,1.016122374691,1
102,1,12.75,23,1.016122374691,3.47766317301359,1
102,1,12.75,23,3.47766317301359,4.05538265904409,1
102,1,12.75,23,4.05538265904409,4.94747323418459,1
102,1,12.75,23,4.94747323418459,5.31956595619067,1
102,1,12.75,23,5.31956595619067,5.81545652536185,1
102,1,12.75,23,5.81545652536185,7.01454222161413,1
102,1,12.75,23,7.01454222161413,7.34351287557632,1
102,1,12.75,23,7.34351287557632,7.64962900097129,1
102,1,12.75,23,7.64962900097129,7.79370296684982,1
102,1,12.75,23,7.79370296684982,8.32239933021466,1
102,1,12.75,23,8.32239933021466,8.59745070724346,1
102,1,12.75,23,8.59745070724346,9.77775121893152,1
102,1,12.75,23,9.77775121893152,9.8805704205622,1
102,1,12.75,23,9.8805704205622,9.98136226159766,1
102,1,12.75,23,9.98136226159766,10.2130959088592,1
102,1,12.75,23,10.2130959088592,10.2965285081088,1
102,1,12.75,23,10.2965285081088,10.9181894686131,1
102,1,12.75,23,10.9181894686131,11.2178790589061,1
102,1,12.75,23,11.2178790589061,11.3460177906777,1
102,1,12.75,23,11.3460177906777,11.8791352927183,1
102,1,12.75,23,11.8791352927183,12.0647523322294,1
102,1,12.75,23,12.0647523322294,12.3677264604062,1
102,1,12.75,23,12.3677264604062,12.75,0
103,1,13.75,27,0,3.52850139606481,1
103,1,13.75,27,3.52850139606481,3.63658597816627,1
103,1,13.75,27,3.63658597816627,6.60849795180906,1
103,1,13.75,27,6.60849795180906,6.68557192851641,1
103,1,13.75,27,6.68557192851641,7.0561146195971,1
103,1,13.75,27,7.0561146195971,7.13645237938649,1
103,1,13.75,27,7.13645237938649,7.50496397992878,1
103,1,13.75,27,7.50496397992878,7.64652388112519,1
103,1,13.75,27,7.64652388112519,7.8050481610688,1
103,1,13.75,27,7.8050481610688,8.29117905292199,1
103,1,13.75,27,8.29117905292199,8.30560903686051,1
103,1,13.75,27,8.30560903686051,8.39828602625603,1
103,1,13.75,27,8.39828602625603,8.51320811477516,1
103,1,13.75,27,8.51320811477516,8.66417309790914,1
103,1,13.75,27,8.66417309790914,9.85032630133995,1
103,1,13.75,27,9.85032630133995,11.3277640953678,1
103,1,13.75,27,11.3277640953678,11.9314625901279,1
103,1,13.75,27,11.9314625901279,11.9367991375178,1
103,1,13.75,27,11.9367991375178,12.0746101206849,1
103,1,13.75,27,12.0746101206849,12.3030321010645,1
103,1,13.75,27,12.3030321010645,12.4274714880726,1
103,1,13.75,27,12.4274714880726,12.5818824750473,1
103,1,13.75,27,12.5818824750473,12.6343829372209,1
103,1,13.75,27,12.6343829372209,12.7769243457533,1
103,1,13.75,27,12.7769243457533,13.2281297619039,1
103,1,13.75,27,13.2281297619039,13.3634598127983,1
103,1,13.75,27,13.3634598127983,13.5788470477412,1
103,1,13.75,27,13.5788470477412,13.75,0
104,1,12.75,3,0,0.0714392265982037,1
104,1,12.75,3,0.0714392265982037,2.54744383004574,1
104,1,12.75,3,2.54744383004574,11.7519321040171,1
104,1,12.75,3,11.7519321040171,12.75,0
105,1,19.75,66,0,3.46435884423674,1
105,1,19.75,66,3.46435884423674,5.50684167260094,1
105,1,19.75,66,5.50684167260094,5.75000699174213,1
105,1,19.75,66,5.75000699174213,5.89471487350912,1
105,1,19.75,66,5.89471487350912,6.07513190457201,1
105,1,19.75,66,6.07513190457201,6.33988340607064,1
105,1,19.75,66,6.33988340607064,6.43187044293965,1
105,1,19.75,66,6.43187044293965,7.95181141258734,1
105,1,19.75,66,7.95181141258734,8.03237711636427,1
105,1,19.75,66,8.03237711636427,8.13570733954503,1
105,1,19.75,66,8.13570733954503,8.17223069837368,1
105,1,19.75,66,8.17223069837368,9.1850333095125,1
105,1,19.75,66,9.1850333095125,9.62088384405521,1
105,1,19.75,66,9.62088384405521,9.83549710014447,1
105,1,19.75,66,9.83549710014447,10.7250981316062,1
105,1,19.75,66,10.7250981316062,10.8192466956819,1
105,1,19.75,66,10.8192466956819,10.8813396252399,1
105,1,19.75,66,10.8813396252399,11.156838926178,1
105,1,19.75,66,11.156838926178,11.1867302517405,1
105,1,19.75,66,11.1867302517405,11.1914504400817,1
105,1,19.75,66,11.1914504400817,11.6853974382015,1
105,1,19.75,66,11.6853974382015,12.3485993295033,1
105,1,19.75,66,12.3485993295033,12.5935467501393,1
105,1,19.75,66,12.5935467501393,12.6267033298958,1
105,1,19.75,66,12.6267033298958,12.7077939170927,1
105,1,19.75,66,12.7077939170927,12.8570639597471,1
105,1,19.75,66,12.8570639597471,13.1234578252551,1
105,1,19.75,66,13.1234578252551,13.1525203188704,1
105,1,19.75,66,13.1525203188704,13.2642794940888,1
105,1,19.75,66,13.2642794940888,13.2802241600218,1
105,1,19.75,66,13.2802241600218,13.4067715319931,1
105,1,19.75,66,13.4067715319931,13.5156304812244,1
105,1,19.75,66,13.5156304812244,13.6355355402915,1
105,1,19.75,66,13.6355355402915,13.8266207229343,1
105,1,19.75,66,13.8266207229343,13.9925585276807,1
105,1,19.75,66,13.9925585276807,14.1974626371132,1
105,1,19.75,66,14.1974626371132,14.3281209588054,1
105,1,19.75,66,14.3281209588054,14.4455639456142,1
105,1,19.75,66,14.4455639456142,14.8582825789569,1
105,1,19.75,66,14.8582825789569,15.5760617580018,1
105,1,19.75,66,15.5760617580018,15.7824200748453,1
105,1,19.75,66,15.7824200748453,16.0786289843615,1
105,1,19.75,66,16.0786289843615,16.2646793597045,1
105,1,19.75,66,16.2646793597045,16.3943612409744,1
105,1,19.75,66,16.3943612409744,16.5613954079653,1
105,1,19.75,66,16.5613954079653,16.6401731200086,1
105,1,19.75,66,16.6401731200086,16.7380898756312,1
105,1,19.75,66,16.7380898756312,17.3049114658185,1
105,1,19.75,66,17.3049114658185,17.4599776923174,1
105,1,19.75,66,17.4599776923174,17.8001324878205,1
105,1,19.75,66,17.8001324878205,18.3872470487532,1
105,1,19.75,66,18.3872470487532,18.4390606304431,1
105,1,19.75,66,18.4390606304431,18.4543382788399,1
105,1,19.75,66,18.4543382788399,18.4679313299844,1
105,1,19.75,66,18.4679313299844,18.5630451035422,1
105,1,19.75,66,18.5630451035422,18.5657489727913,1
105,1,19.75,66,18.5657489727913,19.2134906298913,1
105,1,19.75,66,19.2134906298913,19.2602396761915,1
105,1,19.75,66,19.2602396761915,19.4800428919237,1
105,1,19.75,66,19.4800428919237,19.5095972325463,1
105,1,19.75,66,19.5095972325463,19.5338184683058,1
105,1,19.75,66,19.5338184683058,19.5368921315519,1
105,1,19.75,66,19.5368921315519,19.6128708272757,1
105,1,19.75,66,19.6128708272757,19.7004917881525,1
105,1,19.75,66,19.7004917881525,19.7382864374337,1
105,1,19.75,66,19.7382864374337,19.7419309353252,1
105,1,19.75,66,19.7419309353252,19.75,0
106,1,8.75,18,0,2.8744511531485,1
106,1,8.75,18,2.8744511531485,3.48952591579616,1
106,1,8.75,18,3.48952591579616,4.40008533994663,1
106,1,8.75,18,4.40008533994663,4.76295586434956,1
106,1,8.75,18,4.76295586434956,6.58538201937181,1
106,1,8.75,18,6.58538201937181,6.620781430368,1
106,1,8.75,18,6.620781430368,6.96084820807573,1
106,1,8.75,18,6.96084820807573,7.27720024515495,1
106,1,8.75,18,7.27720024515495,7.282599773425,1
106,1,8.75,18,7.282599773425,7.5217661628563,1
106,1,8.75,18,7.5217661628563,7.60549503788484,1
106,1,8.75,18,7.60549503788484,7.80130663623131,1
106,1,8.75,18,7.80130663623131,8.08019569947118,1
106,1,8.75,18,8.08019569947118,8.08139031255658,1
106,1,8.75,18,8.08139031255658,8.13530347783407,1
106,1,8.75,18,8.13530347783407,8.40674629722046,1
106,1,8.75,18,8.40674629722046,8.48679971265476,1
106,1,8.75,18,8.48679971265476,8.59500027401164,1
106,1,8.75,18,8.59500027401164,8.75,0
107,1,14.75,28,0,5.01320834406581,1
107,1,14.75,28,5.01320834406581,5.04226580044959,1
107,1,14.75,28,5.04226580044959,5.67158006980711,1
107,1,14.75,28,5.67158006980711,7.19827915982428,1
107,1,14.75,28,7.19827915982428,7.76312850274531,1
107,1,14.75,28,7.76312850274531,8.04587150439197,1
107,1,14.75,28,8.04587150439197,8.60465722276451,1
107,1,14.75,28,8.60465722276451,8.64168386143506,1
107,1,14.75,28,8.64168386143506,8.72314842160682,1
107,1,14.75,28,8.72314842160682,9.46386186871359,1
107,1,14.75,28,9.46386186871359,10.3740382221585,1
107,1,14.75,28,10.3740382221585,10.7471930748685,1
107,1,14.75,28,10.7471930748685,10.952338055255,1
107,1,14.75,28,10.952338055255,10.9533576560725,1
107,1,14.75,28,10.9533576560725,10.998400739885,1
107,1,14.75,28,10.998400739885,11.2535550388673,1
107,1,14.75,28,11.2535550388673,12.1353065693939,1
107,1,14.75,28,12.1353065693939,12.3377073136348,1
107,1,14.75,28,12.3377073136348,12.4738124418271,1
107,1,14.75,28,12.4738124418271,12.5903488729194,1
107,1,14.75,28,12.5903488729194,12.7746222798022,1
107,1,14.75,28,12.7746222798022,12.9465608430612,1
107,1,14.75,28,12.9465608430612,12.9968454996239,1
107,1,14.75,28,12.9968454996239,13.0251148043207,1
107,1,14.75,28,13.0251148043207,13.3989755346231,1
107,1,14.75,28,13.3989755346231,13.7529178165961,1
107,1,14.75,28,13.7529178165961,14.6000923226133,1
107,1,14.75,28,14.6000923226133,14.6959248601691,1
107,1,14.75,28,14.6959248601691,14.75,0
108,1,16.75,95,0,2.27859870140017,1
108,1,16.75,95,2.27859870140017,2.56851623705829,1
108,1,16.75,95,2.56851623705829,2.73519161583245,1
108,1,16.75,95,2.73519161583245,3.80109884440331,1
108,1,16.75,95,3.80109884440331,3.83448559271687,1
108,1,16.75,95,3.83448559271687,4.20332281106035,1
108,1,16.75,95,4.20332281106035,4.70147995389506,1
108,1,16.75,95,4.70147995389506,5.71021423571522,1
108,1,16.75,95,5.71021423571522,6.36507495522848,1
108,1,16.75,95,6.36507495522848,6.43365686548853,1
108,1,16.75,95,6.43365686548853,6.46267591490629,1
108,1,16.75,95,6.46267591490629,6.67706113833534,1
108,1,16.75,95,6.67706113833534,6.90061493448867,1
108,1,16.75,95,6.90061493448867,6.93050455257017,1
108,1,16.75,95,6.93050455257017,7.37803495723423,1
108,1,16.75,95,7.37803495723423,7.91025525711016,1
108,1,16.75,95,7.91025525711016,8.3725551277929,1
108,1,16.75,95,8.3725551277929,8.40914360392667,1
108,1,16.75,95,8.40914360392667,9.06998278418568,1
108,1,16.75,95,9.06998278418568,9.08602754790773,1
108,1,16.75,95,9.08602754790773,9.55904778773202,1
108,1,16.75,95,9.55904778773202,9.58223113674222,1
108,1,16.75,95,9.58223113674222,9.63353114979583,1
108,1,16.75,95,9.63353114979583,9.89482334698654,1
108,1,16.75,95,9.89482334698654,9.92503758577091,1
108,1,16.75,95,9.92503758577091,9.97134052517624,1
108,1,16.75,95,9.97134052517624,10.0348753837418,1
108,1,16.75,95,10.0348753837418,10.1016268485091,1
108,1,16.75,95,10.1016268485091,10.3772353887182,1
108,1,16.75,95,10.3772353887182,10.4820447350351,1
108,1,16.75,95,10.4820447350351,10.4933785676218,1
108,1,16.75,95,10.4933785676218,10.6152386742771,1
108,1,16.75,95,10.6152386742771,10.6270567794963,1
108,1,16.75,95,10.6270567794963,10.6862217283521,1
108,1,16.75,95,10.6862217283521,10.8473469210065,1
108,1,16.75,95,10.8473469210065,11.7023067843699,1
108,1,16.75,95,11.7023067843699,11.7473782904121,1
108,1,16.75,95,11.7473782904121,11.8962087845411,1
108,1,16.75,95,11.8962087845411,11.9139859782406,1
108,1,16.75,95,11.9139859782406,11.9680579528182,1
108,1,16.75,95,11.9680579528182,12.1742317124366,1
108,1,16.75,95,12.1742317124366,12.1979571130256,1
108,1,16.75,95,12.1979571130256,12.2629887630291,1
108,1,16.75,95,12.2629887630291,12.4867080764869,1
108,1,16.75,95,12.4867080764869,12.5789343186434,1
108,1,16.75,95,12.5789343186434,12.6021048239761,1
108,1,16.75,95,12.6021048239761,12.7370728747547,1
108,1,16.75,95,12.7370728747547,12.8351587880046,1
108,1,16.75,95,12.8351587880046,12.8688659645459,1
108,1,16.75,95,12.8688659645459,12.9024350534734,1
108,1,16.75,95,12.9024350534734,12.9133990109784,1
108,1,16.75,95,12.9133990109784,12.9708219319165,1
108,1,16.75,95,12.9708219319165,13.2245534581146,1
108,1,16.75,95,13.2245534581146,13.2310317759451,1
108,1,16.75,95,13.2310317759451,13.373523179671,1
108,1,16.75,95,13.373523179671,13.3978651637674,1
108,1,16.75,95,13.3978651637674,13.5091456937931,1
108,1,16.75,95,13.5091456937931,13.6121564786995,1
108,1,16.75,95,13.6121564786995,13.6130518234722,1
108,1,16.75,95,13.6130518234722,13.7239263934953,1
108,1,16.75,95,13.7239263934953,13.9501423628573,1
108,1,16.75,95,13.9501423628573,14.0250480629667,1
108,1,16.75,95,14.0250480629667,14.0462506796457,1
108,1,16.75,95,14.0462506796457,14.0629900291985,1
108,1,16.75,95,14.0629900291985,14.1164706190282,1
108,1,16.75,95,14.1164706190282,14.1418595966936,1
108,1,16.75,95,14.1418595966936,14.1866573744496,1
108,1,16.75,95,14.1866573744496,14.2503318666428,1
108,1,16.75,95,14.2503318666428,14.5286350111938,1
108,1,16.75,95,14.5286350111938,14.7059488954799,1
108,1,16.75,95,14.7059488954799,14.7376719084703,1
108,1,16.75,95,14.7376719084703,14.7480270987484,1
108,1,16.75,95,14.7480270987484,14.772717214676,1
108,1,16.75,95,14.772717214676,14.8456987456187,1
108,1,16.75,95,14.8456987456187,14.887490855403,1
108,1,16.75,95,14.887490855403,14.9649192156762,1
108,1,16.75,95,14.9649192156762,15.2053117066436,1
108,1,16.75,95,15.2053117066436,15.4356883080227,1
108,1,16.75,95,15.4356883080227,15.4502864457667,1
108,1,16.75,95,15.4502864457667,15.5223425257345,1
108,1,16.75,95,15.5223425257345,15.5913133301166,1
108,1,16.75,95,15.5913133301166,15.6274509741597,1
108,1,16.75,95,15.6274509741597,15.7549219753095,1
108,1,16.75,95,15.7549219753095,15.806704359007,1
108,1,16.75,95,15.806704359007,15.868502187908,1
108,1,16.75,95,15.868502187908,15.8702422466198,1
108,1,16.75,95,15.8702422466198,16.0552871673786,1
108,1,16.75,95,16.0552871673786,16.0727909868428,1
108,1,16.75,95,16.0727909868428,16.1665354194436,1
108,1,16.75,95,16.1665354194436,16.3217382843438,1
108,1,16.75,95,16.3217382843438,16.3703685756793,1
108,1,16.75,95,16.3703685756793,16.3943668486263,1
108,1,16.75,95,16.3943668486263,16.4190076549404,1
108,1,16.75,95,16.4190076549404,16.5824051999072,1
108,1,16.75,95,16.5824051999072,16.5945530492858,1
108,1,16.75,95,16.5945530492858,16.75,0
109,1,11.75,2,0,0.65661739265453,1
109,1,11.75,2,0.65661739265453,0.758326935129252,1
109,1,11.75,2,0.758326935129252,11.75,0
110,1,17.75,1,0,14.471029259243,1
110,1,17.75,1,14.471029259243,17.75,0
111,1,8.75,1,0,7.43734736213954,1
111,1,8.75,1,7.43734736213954,8.75,0
112,1,12.75,17,0,3.44937233573696,1
112,1,12.75,17,3.44937233573696,5.54685985080383,1
112,1,12.75,17,5.54685985080383,6.65002732934219,1
112,1,12.75,17,6.65002732934219,6.71750671447351,1
112,1,12.75,17,6.71750671447351,6.78278928089811,1
112,1,12.75,17,6.78278928089811,7.18556643131192,1
112,1,12.75,17,7.18556643131192,7.37891203487875,1
112,1,12.75,17,7.37891203487875,8.02142936300796,1
112,1,12.75,17,8.02142936300796,8.3695483730594,1
112,1,12.75,17,8.3695483730594,8.4294706204387,1
112,1,12.75,17,8.4294706204387,8.49642458461332,1
112,1,12.75,17,8.49642458461332,10.1187951831494,1
112,1,12.75,17,10.1187951831494,11.0579850214959,1
112,1,12.75,17,11.0579850214959,11.1864724489135,1
112,1,12.75,17,11.1864724489135,11.3886252816036,1
112,1,12.75,17,11.3886252816036,11.8218556235438,1
112,1,12.75,17,11.8218556235438,12.0223066784642,1
112,1,12.75,17,12.0223066784642,12.75,0
113,1,8.75,33,0,1.61083380416959,1
113,1,8.75,33,1.61083380416959,2.21274208680695,1
113,1,8.75,33,2.21274208680695,3.33654775009883,1
113,1,8.75,33,3.33654775009883,3.38581079598307,1
113,1,8.75,33,3.38581079598307,4.9863799454651,1
113,1,8.75,33,4.9863799454651,5.10503434052095,1
113,1,8.75,33,5.10503434052095,5.2798673210673,1
113,1,8.75,33,5.2798673210673,5.35917395903756,1
113,1,8.75,33,5.35917395903756,5.51850089343286,1
113,1,8.75,33,5.51850089343286,5.70968143523848,1
113,1,8.75,33,5.70968143523848,5.76656749938191,1
113,1,8.75,33,5.76656749938191,6.22777789230608,1
113,1,8.75,33,6.22777789230608,6.7651592340978,1
113,1,8.75,33,6.7651592340978,6.7840387173892,1
113,1,8.75,33,6.7840387173892,6.87600022291857,1
113,1,8.75,33,6.87600022291857,6.90593441413085,1
113,1,8.75,33,6.90593441413085,6.9440575051919,1
113,1,8.75,33,6.9440575051919,7.08212836304271,1
113,1,8.75,33,7.08212836304271,7.17501710456668,1
113,1,8.75,33,7.17501710456668,7.34959487769775,1
113,1,8.75,33,7.34959487769775,7.54633748804851,1
113,1,8.75,33,7.54633748804851,7.5850314007312,1
113,1,8.75,33,7.5850314007312,7.64853233765742,1
113,1,8.75,33,7.64853233765742,7.67083756714191,1
113,1,8.75,33,7.67083756714191,7.70572962544397,1
113,1,8.75,33,7.70572962544397,7.7728438451451,1
113,1,8.75,33,7.7728438451451,7.92708892996455,1
113,1,8.75,33,7.92708892996455,8.09123548683115,1
113,1,8.75,33,8.09123548683115,8.23336712849107,1
113,1,8.75,33,8.23336712849107,8.40602166420089,1
113,1,8.75,33,8.40602166420089,8.46275098794994,1
113,1,8.75,33,8.46275098794994,8.70071793465481,1
113,1,8.75,33,8.70071793465481,8.7225033346178,1
113,1,8.75,33,8.7225033346178,8.75,0
114,1,8.75,11,0,3.9793491843102,1
114,1,8.75,11,3.9793491843102,4.49283319544432,1
114,1,8.75,11,4.49283319544432,4.50691651266115,1
114,1,8.75,11,4.50691651266115,4.918858913962,1
114,1,8.75,11,4.918858913962,5.12811333822178,1
114,1,8.75,11,5.12811333822178,5.15559977270307,1
114,1,8.75,11,5.15559977270307,5.33737197213835,1
114,1,8.75,11,5.33737197213835,6.10581469265064,1
114,1,8.75,11,6.10581469265064,6.43424761112129,1
114,1,8.75,11,6.43424761112129,8.1557950855683,1
114,1,8.75,11,8.1557950855683,8.38972343780635,1
114,1,8.75,11,8.38972343780635,8.75,0
115,1,12.75,1,0,11.9603945587896,1
115,1,12.75,1,11.9603945587896,12.75,0
116,1,8.75,1,0,0.711885415375342,1
116,1,8.75,1,0.711885415375342,8.75,0
117,1,16.75,42,0,0.985528944642168,1
117,1,16.75,42,0.985528944642168,1.2195123757463,1
117,1,16.75,42,1.2195123757463,1.56183351651498,1
117,1,16.75,42,1.56183351651498,2.31350113219861,1
117,1,16.75,42,2.31350113219861,3.48593696115717,1
117,1,16.75,42,3.48593696115717,4.23258192120998,1
117,1,16.75,42,4.23258192120998,4.33101544271674,1
117,1,16.75,42,4.33101544271674,5.35193869455194,1
117,1,16.75,42,5.35193869455194,6.17508428337533,1
117,1,16.75,42,6.17508428337533,6.46833768423355,1
117,1,16.75,42,6.46833768423355,7.58220295425766,1
117,1,16.75,42,7.58220295425766,7.67814405794476,1
117,1,16.75,42,7.67814405794476,8.18682784891398,1
117,1,16.75,42,8.18682784891398,8.2109071293492,1
117,1,16.75,42,8.2109071293492,8.21910732390118,1
117,1,16.75,42,8.21910732390118,8.71815780332251,1
117,1,16.75,42,8.71815780332251,8.88416166250929,1
117,1,16.75,42,8.88416166250929,9.28847256628922,1
117,1,16.75,42,9.28847256628922,9.43010450191802,1
117,1,16.75,42,9.43010450191802,9.96289316078794,1
117,1,16.75,42,9.96289316078794,10.0158699006043,1
117,1,16.75,42,10.0158699006043,10.800364128751,1
117,1,16.75,42,10.800364128751,10.8342162026114,1
117,1,16.75,42,10.8342162026114,10.9537969292375,1
117,1,16.75,42,10.9537969292375,11.1659885114891,1
117,1,16.75,42,11.1659885114891,11.2279363350437,1
117,1,16.75,42,11.2279363350437,11.3034865911203,1
117,1,16.75,42,11.3034865911203,11.9657448302008,1
117,1,16.75,42,11.9657448302008,12.5030087369037,1
117,1,16.75,42,12.5030087369037,13.232050636703,1
117,1,16.75,42,13.232050636703,13.4976453962547,1
117,1,16.75,42,13.4976453962547,14.0305691291928,1
117,1,16.75,42,14.0305691291928,14.3073862361815,1
117,1,16.75,42,14.3073862361815,14.5861525852009,1
117,1,16.75,42,14.5861525852009,14.9374468391624,1
117,1,16.75,42,14.9374468391624,15.0896507577735,1
117,1,16.75,42,15.0896507577735,15.1113260077445,1
117,1,16.75,42,15.1113260077445,15.2761228341375,1
117,1,16.75,42,15.2761228341375,15.4745636165006,1
117,1,16.75,42,15.4745636165006,16.0118434081986,1
117,1,16.75,42,16.0118434081986,16.4163312823598,1
117,1,16.75,42,16.4163312823598,16.6646428792584,1
117,1,16.75,42,16.6646428792584,16.75,0
118,1,14.75,0,0,14.75,0
119,1,15.75,29,0,0.324404312959691,1
119,1,15.75,29,0.324404312959691,3.03595880322768,1
119,1,15.75,29,3.03595880322768,4.6790357588797,1
119,1,15.75,29,4.6790357588797,5.44290117900669,1
119,1,15.75,29,5.44290117900669,6.10674164845572,1
119,1,15.75,29,6.10674164845572,7.17248697668484,1
119,1,15.75,29,7.17248697668484,7.26091281230068,1
119,1,15.75,29,7.26091281230068,8.07974241740399,1
119,1,15.75,29,8.07974241740399,8.10245332539101,1
119,1,15.75,29,8.10245332539101,8.30564926654033,1
119,1,15.75,29,8.30564926654033,8.80220524289526,1
119,1,15.75,29,8.80220524289526,9.24437705175891,1
119,1,15.75,29,9.24437705175891,10.1483288821606,1
119,1,15.75,29,10.1483288821606,10.447301589986,1
119,1,15.75,29,10.447301589986,10.7924614513393,1
119,1,15.75,29,10.7924614513393,10.9621570763016,1
119,1,15.75,29,10.9621570763016,11.1570457881227,1
119,1,15.75,29,11.1570457881227,12.3323423074802,1
119,1,15.75,29,12.3323423074802,12.9094780519231,1
119,1,15.75,29,12.9094780519231,13.0598313784932,1
119,1,15.75,29,13.0598313784932,13.1929815195829,1
119,1,15.75,29,13.1929815195829,13.2590547749603,1
119,1,15.75,29,13.2590547749603,14.3388133365952,1
119,1,15.75,29,14.3388133365952,14.3573968426477,1
119,1,15.75,29,14.3573968426477,14.7706758464832,1
119,1,15.75,29,14.7706758464832,15.1060321198809,1
119,1,15.75,29,15.1060321198809,15.2697289829797,1
119,1,15.75,29,15.2697289829797,15.2959779307437,1
119,1,15.75,29,15.2959779307437,15.7061750165017,1
119,1,15.75,29,15.7061750165017,15.75,0
120,1,11.75,4,0,0.0187250653473176,1
120,1,11.75,4,0.0187250653473176,1.40737534389317,1
120,1,11.75,4,1.40737534389317,7.12513401022225,1
120,1,11.75,4,7.12513401022225,11.7370848158907,1
120,1,11.75,4,11.7370848158907,11.75,0
121,1,11.75,2,0,3.75335858811217,1
121,1,11.75,2,3.75335858811217,4.98719337544052,1
121,1,11.75,2,4.98719337544052,11.75,0
122,1,16.75,4,0,0.125931361062804,1
122,1,16.75,4,0.125931361062804,0.353559792792709,1
122,1,16.75,4,0.353559792792709,10.233638700659,1
122,1,16.75,4,10.233638700659,11.0754851183645,1
122,1,16.75,4,11.0754851183645,16.75,0
123,1,17.75,2,0,0.0941618049598837,1
123,1,17.75,2,0.0941618049598837,11.2542135271912,1
123,1,17.75,2,11.2542135271912,17.75,0
124,1,14.75,28,0,2.75182894367759,1
124,1,14.75,28,2.75182894367759,6.7241418306576,1
124,1,14.75,28,6.7241418306576,7.33272533470634,1
124,1,14.75,28,7.33272533470634,7.65379063113154,1
124,1,14.75,28,7.65379063113154,7.9744510016931,1
124,1,14.75,28,7.9744510016931,8.81150833182372,1
124,1,14.75,28,8.81150833182372,9.69252222634029,1
124,1,14.75,28,9.69252222634029,9.91388500030224,1
124,1,14.75,28,9.91388500030224,10.2516037295638,1
124,1,14.75,28,10.2516037295638,10.5182233611529,1
124,1,14.75,28,10.5182233611529,11.6474883701786,1
124,1,14.75,28,11.6474883701786,11.6631382540291,1
124,1,14.75,28,11.6631382540291,11.7100636501557,1
124,1,14.75,28,11.7100636501557,11.8745394691347,1
124,1,14.75,28,11.8745394691347,12.0516342018795,1
124,1,14.75,28,12.0516342018795,12.8236566394495,1
124,1,14.75,28,12.8236566394495,12.8354295919284,1
124,1,14.75,28,12.8354295919284,12.9716425400474,1
124,1,14.75,28,12.9716425400474,13.5670412429247,1
124,1,14.75,28,13.5670412429247,13.7081442722615,1
124,1,14.75,28,13.7081442722615,13.742281727048,1
124,1,14.75,28,13.742281727048,13.7618441648125,1
124,1,14.75,28,13.7618441648125,13.8254145161339,1
124,1,14.75,28,13.8254145161339,14.0915024183471,1
124,1,14.75,28,14.0915024183471,14.2124388457624,1
124,1,14.75,28,14.2124388457624,14.328687952338,1
124,1,14.75,28,14.328687952338,14.3504339142949,1
124,1,14.75,28,14.3504339142949,14.6192361766873,1
124,1,14.75,28,14.6192361766873,14.75,0
125,1,10.75,19,0,2.76344634566055,1
125,1,10.75,19,2.76344634566055,3.47308439315794,1
125,1,10.75,19,3.47308439315794,3.89496647498825,1
125,1,10.75,19,3.89496647498825,4.33192290283832,1
125,1,10.75,19,4.33192290283832,6.27032213312744,1
125,1,10.75,19,6.27032213312744,6.641197436005,1
125,1,10.75,19,6.641197436005,6.86336990497919,1
125,1,10.75,19,6.86336990497919,7.2131048568442,1
125,1,10.75,19,7.2131048568442,7.50012859466576,1
125,1,10.75,19,7.50012859466576,8.12748698802874,1
125,1,10.75,19,8.12748698802874,8.22228699123747,1
125,1,10.75,19,8.22228699123747,8.32086630494197,1
125,1,10.75,19,8.32086630494197,8.44385647369541,1
125,1,10.75,19,8.44385647369541,8.46716063655338,1
125,1,10.75,19,8.46716063655338,8.58518254082364,1
125,1,10.75,19,8.58518254082364,8.9666038025756,1
125,1,10.75,19,8.9666038025756,9.71182711638043,1
125,1,10.75,19,9.71182711638043,9.83185184901771,1
125,1,10.75,19,9.83185184901771,10.643938570423,1
125,1,10.75,19,10.643938570423,10.75,0
126,1,14.75,36,0,4.2266415342028,1
126,1,14.75,36,4.2266415342028,5.15267068430052,1
126,1,14.75,36,5.15267068430052,5.54935278897034,1
126,1,14.75,36,5.54935278897034,6.38042516965806,1
126,1,14.75,36,6.38042516965806,7.02889124057213,1
126,1,14.75,36,7.02889124057213,7.15634030936003,1
126,1,14.75,36,7.15634030936003,7.41753020958141,1
126,1,14.75,36,7.41753020958141,8.40584062276947,1
126,1,14.75,36,8.40584062276947,8.63744688081445,1
126,1,14.75,36,8.63744688081445,8.93125598046223,1
126,1,14.75,36,8.93125598046223,9.08208278322272,1
126,1,14.75,36,9.08208278322272,9.16461840392267,1
126,1,14.75,36,9.16461840392267,9.23907402724113,1
126,1,14.75,36,9.23907402724113,9.46490659581768,1
126,1,14.75,36,9.46490659581768,9.6944324362833,1
126,1,14.75,36,9.6944324362833,9.72040033327766,1
126,1,14.75,36,9.72040033327766,9.96637747399995,1
126,1,14.75,36,9.96637747399995,10.2555703576777,1
126,1,14.75,36,10.2555703576777,10.5338758335466,1
126,1,14.75,36,10.5338758335466,11.088379376616,1
126,1,14.75,36,11.088379376616,12.1119327236528,1
126,1,14.75,36,12.1119327236528,12.2212544157807,1
126,1,14.75,36,12.2212544157807,12.6721757648791,1
126,1,14.75,36,12.6721757648791,13.2974079655771,1
126,1,14.75,36,13.2974079655771,13.3049645885703,1
126,1,14.75,36,13.3049645885703,13.4598156372162,1
126,1,14.75,36,13.4598156372162,13.5312888287481,1
126,1,14.75,36,13.5312888287481,13.532557040781,1
126,1,14.75,36,13.532557040781,13.5500127801177,1
126,1,14.75,36,13.5500127801177,13.5729082492192,1
126,1,14.75,36,13.5729082492192,13.909096399905,1
126,1,14.75,36,13.909096399905,14.0441974280711,1
126,1,14.75,36,14.0441974280711,14.2662380992638,1
126,1,14.75,36,14.2662380992638,14.3426412554808,1
126,1,14.75,36,14.3426412554808,14.4498552959342,1
126,1,14.75,36,14.4498552959342,14.7459126805506,1
126,1,14.75,36,14.7459126805506,14.75,0
127,1,15.75,50,0,4.24450017888697,1
127,1,15.75,50,4.24450017888697,4.36525206159204,1
127,1,15.75,50,4.36525206159204,5.43228209321116,1
127,1,15.75,50,5.43228209321116,6.10114051691522,1
127,1,15.75,50,6.10114051691522,6.27892767515218,1
127,1,15.75,50,6.27892767515218,6.81955852145937,1
127,1,15.75,50,6.81955852145937,6.90088565568704,1
127,1,15.75,50,6.90088565568704,7.33999591417709,1
127,1,15.75,50,7.33999591417709,7.42812394078707,1
127,1,15.75,50,7.42812394078707,7.73760190710701,1
127,1,15.75,50,7.73760190710701,7.95094403851703,1
127,1,15.75,50,7.95094403851703,8.24931494570967,1
127,1,15.75,50,8.24931494570967,8.53775873958114,1
127,1,15.75,50,8.53775873958114,8.85049566163686,1
127,1,15.75,50,8.85049566163686,9.06415852599838,1
127,1,15.75,50,9.06415852599838,9.17712137932357,1
127,1,15.75,50,9.17712137932357,9.23027526090623,1
127,1,15.75,50,9.23027526090623,9.47795948152902,1
127,1,15.75,50,9.47795948152902,9.66456785219351,1
127,1,15.75,50,9.66456785219351,9.6921891973333,1
127,1,15.75,50,9.6921891973333,9.91168370881821,1
127,1,15.75,50,9.91168370881821,10.3533384618414,1
127,1,15.75,50,10.3533384618414,11.2135231690066,1
127,1,15.75,50,11.2135231690066,11.2401605238843,1
127,1,15.75,50,11.2401605238843,11.4907134628549,1
127,1,15.75,50,11.4907134628549,11.5523062862239,1
127,1,15.75,50,11.5523062862239,11.5791930334115,1
127,1,15.75,50,11.5791930334115,11.6246524709781,1
127,1,15.75,50,11.6246524709781,11.7568612999166,1
127,1,15.75,50,11.7568612999166,11.8994785412266,1
127,1,15.75,50,11.8994785412266,12.2622134743109,1
127,1,15.75,50,12.2622134743109,12.3066481846118,1
127,1,15.75,50,12.3066481846118,12.7533923451611,1
127,1,15.75,50,12.7533923451611,12.9509844216642,1
127,1,15.75,50,12.9509844216642,13.5677733032402,1
127,1,15.75,50,13.5677733032402,13.5863597623189,1
127,1,15.75,50,13.5863597623189,13.6271029589036,1
127,1,15.75,50,13.6271029589036,13.735686715368,1
127,1,15.75,50,13.735686715368,14.1212651215923,1
127,1,15.75,50,14.1212651215923,14.2217731576548,1
127,1,15.75,50,14.2217731576548,14.3872947002825,1
127,1,15.75,50,14.3872947002825,14.9160327963341,1
127,1,15.75,50,14.9160327963341,14.9857603437788,1
127,1,15.75,50,14.9857603437788,15.0555281551165,1
127,1,15.75,50,15.0555281551165,15.2957868904243,1
127,1,15.75,50,15.2957868904243,15.3864274677787,1
127,1,15.75,50,15.3864274677787,15.4139111005888,1
127,1,15.75,50,15.4139111005888,15.4291009823007,1
127,1,15.75,50,15.4291009823007,15.6021882694343,1
127,1,15.75,50,15.6021882694343,15.7344239860736,1
127,1,15.75,50,15.7344239860736,15.75,0
128,1,15.75,0,0,15.75,0
129,1,16.75,33,0,3.722088292547,1
129,1,16.75,33,3.722088292547,5.29928241815288,1
129,1,16.75,33,5.29928241815288,6.41341645003896,1
129,1,16.75,33,6.41341645003896,6.96078434479658,1
129,1,16.75,33,6.96078434479658,8.21312822762153,1
129,1,16.75,33,8.21312822762153,8.67212149579737,1
129,1,16.75,33,8.67212149579737,8.84188448721539,1
129,1,16.75,33,8.84188448721539,9.44320122412922,1
129,1,16.75,33,9.44320122412922,9.58049396317789,1
129,1,16.75,33,9.58049396317789,10.1411686378162,1
129,1,16.75,33,10.1411686378162,10.9611420185166,1
129,1,16.75,33,10.9611420185166,11.8310715331923,1
129,1,16.75,33,11.8310715331923,11.9060063944784,1
129,1,16.75,33,11.9060063944784,12.223579489642,1
129,1,16.75,33,12.223579489642,12.2347964654153,1
129,1,16.75,33,12.2347964654153,12.3040467138096,1
129,1,16.75,33,12.3040467138096,12.7215348533378,1
129,1,16.75,33,12.7215348533378,12.887210087993,1
129,1,16.75,33,12.887210087993,13.3080073713524,1
129,1,16.75,33,13.3080073713524,13.5788425429409,1
129,1,16.75,33,13.5788425429409,13.8802508225934,1
129,1,16.75,33,13.8802508225934,13.8985250503351,1
129,1,16.75,33,13.8985250503351,14.8975654808357,1
129,1,16.75,33,14.8975654808357,15.1243393873864,1
129,1,16.75,33,15.1243393873864,15.2776818874337,1
129,1,16.75,33,15.2776818874337,15.3082581169113,1
129,1,16.75,33,15.3082581169113,15.3121784817862,1
129,1,16.75,33,15.3121784817862,15.34681992466,1
129,1,16.75,33,15.34681992466,15.576958627811,1
129,1,16.75,33,15.576958627811,15.6466329476919,1
129,1,16.75,33,15.6466329476919,16.1530681559318,1
129,1,16.75,33,16.1530681559318,16.3175205069854,1
129,1,16.75,33,16.3175205069854,16.5390742476293,1
129,1,16.75,33,16.5390742476293,16.75,0
130,1,13.75,3,0,1.24218568023936,1
130,1,13.75,3,1.24218568023936,4.86227213194347,1
130,1,13.75,3,4.86227213194347,8.11897457424033,1
130,1,13.75,3,8.11897457424033,13.75,0
131,1,15.75,22,0,4.1831043862953,1
131,1,15.75,22,4.1831043862953,5.82317076379235,1
131,1,15.75,22,5.82317076379235,8.3992821643086,1
131,1,15.75,22,8.3992821643086,9.36859533616752,1
131,1,15.75,22,9.36859533616752,9.6193955642915,1
131,1,15.75,22,9.6193955642915,9.95320447374798,1
131,1,15.75,22,9.95320447374798,11.2357111152256,1
131,1,15.75,22,11.2357111152256,11.3125991943683,1
131,1,15.75,22,11.3125991943683,11.7593394035851,1
131,1,15.75,22,11.7593394035851,12.440953816697,1
131,1,15.75,22,12.440953816697,12.4778901053735,1
131,1,15.75,22,12.4778901053735,12.6653562075502,1
131,1,15.75,22,12.6653562075502,12.7276969077795,1
131,1,15.75,22,12.7276969077795,13.2217974266891,1
131,1,15.75,22,13.2217974266891,13.5116180751578,1
131,1,15.75,22,13.5116180751578,13.5407072255592,1
131,1,15.75,22,13.5407072255592,13.7316734496171,1
131,1,15.75,22,13.7316734496171,14.2551480434956,1
131,1,15.75,22,14.2551480434956,14.58059387609,1
131,1,15.75,22,14.58059387609,14.6931927333708,1
131,1,15.75,22,14.6931927333708,15.2780505981187,1
131,1,15.75,22,15.2780505981187,15.366952520375,1
131,1,15.75,22,15.366952520375,15.75,0
132,1,14.75,0,0,14.75,0
133,1,19.75,1,0,0.000103566255186712,1
133,1,19.75,1,0.000103566255186712,19.75,0
134,1,17.75,2,0,0.0874392502340882,1
134,1,17.75,2,0.0874392502340882,0.900700981803878,1
134,1,17.75,2,0.900700981803878,17.75,0
135,1,13.75,27,0,1.69598634965969,1
135,1,13.75,27,1.69598634965969,2.70848296686158,1
135,1,13.75,27,2.70848296686158,3.35083008206028,1
135,1,13.75,27,3.35083008206028,3.40723304955446,1
135,1,13.75,27,3.40723304955446,6.59654669006165,1
135,1,13.75,27,6.59654669006165,7.17267047470647,1
135,1,13.75,27,7.17267047470647,7.31834759406878,1
135,1,13.75,27,7.31834759406878,7.58232622682821,1
135,1,13.75,27,7.58232622682821,7.88970839211277,1
135,1,13.75,27,7.88970839211277,8.22360911056519,1
135,1,13.75,27,8.22360911056519,8.48819756811948,1
135,1,13.75,27,8.48819756811948,9.07382416070098,1
135,1,13.75,27,9.07382416070098,9.105590492505,1
135,1,13.75,27,9.105590492505,9.35947482666481,1
135,1,13.75,27,9.35947482666481,9.88373064473041,1
135,1,13.75,27,9.88373064473041,10.4296587066392,1
135,1,13.75,27,10.4296587066392,10.477342617592,1
135,1,13.75,27,10.477342617592,10.708358154591,1
135,1,13.75,27,10.708358154591,11.5066900359939,1
135,1,13.75,27,11.5066900359939,11.5187696844178,1
135,1,13.75,27,11.5187696844178,11.5481091697716,1
135,1,13.75,27,11.5481091697716,12.1208165957617,1
135,1,13.75,27,12.1208165957617,12.1431450362083,1
135,1,13.75,27,12.1431450362083,12.1637652132178,1
135,1,13.75,27,12.1637652132178,12.7249652252199,1
135,1,13.75,27,12.7249652252199,13.1870521524473,1
135,1,13.75,27,13.1870521524473,13.3306516596112,1
135,1,13.75,27,13.3306516596112,13.75,0
136,1,11.75,19,0,3.22751222166004,1
136,1,11.75,19,3.22751222166004,4.78144132674793,1
136,1,11.75,19,4.78144132674793,5.86672974900462,1
136,1,11.75,19,5.86672974900462,5.89629255456844,1
136,1,11.75,19,5.89629255456844,5.91211315333338,1
136,1,11.75,19,5.91211315333338,6.63412388882732,1
136,1,11.75,19,6.63412388882732,6.63875901722799,1
136,1,11.75,19,6.63875901722799,7.50307100171464,1
136,1,11.75,19,7.50307100171464,8.11449017433922,1
136,1,11.75,19,8.11449017433922,8.36137105919291,1
136,1,11.75,19,8.36137105919291,9.12778389939416,1
136,1,11.75,19,9.12778389939416,9.3729527742734,1
136,1,11.75,19,9.3729527742734,9.4323012727075,1
136,1,11.75,19,9.4323012727075,9.80310243898311,1
136,1,11.75,19,9.80310243898311,10.0717192309597,1
136,1,11.75,19,10.0717192309597,10.2619949291204,1
136,1,11.75,19,10.2619949291204,10.5387732002952,1
136,1,11.75,19,10.5387732002952,11.1267370095509,1
136,1,11.75,19,11.1267370095509,11.1443834865612,1
136,1,11.75,19,11.1443834865612,11.75,0
137,1,11.75,18,0,2.16221758798849,1
137,1,11.75,18,2.16221758798849,3.74827902737847,1
137,1,11.75,18,3.74827902737847,4.47083676963804,1
137,1,11.75,18,4.47083676963804,4.55972080995879,1
137,1,11.75,18,4.55972080995879,5.45657196787988,1
137,1,11.75,18,5.45657196787988,5.88487621304409,1
137,1,11.75,18,5.88487621304409,6.6384974895604,1
137,1,11.75,18,6.6384974895604,7.27758153173557,1
137,1,11.75,18,7.27758153173557,7.71264092586625,1
137,1,11.75,18,7.71264092586625,8.26798591365533,1
137,1,11.75,18,8.26798591365533,8.57818070079133,1
137,1,11.75,18,8.57818070079133,8.81512961568077,1
137,1,11.75,18,8.81512961568077,9.13088975347215,1
137,1,11.75,18,9.13088975347215,9.38095627849995,1
137,1,11.75,18,9.38095627849995,9.68364231054771,1
137,1,11.75,18,9.68364231054771,10.495928160608,1
137,1,11.75,18,10.495928160608,10.499891909085,1
137,1,11.75,18,10.499891909085,11.2123216536598,1
137,1,11.75,18,11.2123216536598,11.75,0
138,1,17.75,0,0,17.75,0
139,1,13.75,35,0,1.99197993684054,1
139,1,13.75,35,1.99197993684054,4.03512733098652,1
139,1,13.75,35,4.03512733098652,4.43678009977306,1
139,1,13.75,35,4.43678009977306,4.45966526810611,1
139,1,13.75,35,4.45966526810611,4.92308092831494,1
139,1,13.75,35,4.92308092831494,5.37915944741894,1
139,1,13.75,35,5.37915944741894,6.2150020645489,1
139,1,13.75,35,6.2150020645489,6.80572425721353,1
139,1,13.75,35,6.80572425721353,7.42205015053143,1
139,1,13.75,35,7.42205015053143,7.54387653971403,1
139,1,13.75,35,7.54387653971403,7.78779576706513,1
139,1,13.75,35,7.78779576706513,8.13990408481744,1
139,1,13.75,35,8.13990408481744,8.26894248962598,1
139,1,13.75,35,8.26894248962598,8.37182787798482,1
139,1,13.75,35,8.37182787798482,8.46735876121693,1
139,1,13.75,35,8.46735876121693,8.77188616999396,1
139,1,13.75,35,8.77188616999396,8.95062945153759,1
139,1,13.75,35,8.95062945153759,9.22692534715555,1
139,1,13.75,35,9.22692534715555,10.0468630243205,1
139,1,13.75,35,10.0468630243205,10.1554196258657,1
139,1,13.75,35,10.1554196258657,10.16307479794,1
139,1,13.75,35,10.16307479794,10.4467235097875,1
139,1,13.75,35,10.4467235097875,10.4754614136821,1
139,1,13.75,35,10.4754614136821,10.561715597017,1
139,1,13.75,35,10.561715597017,11.0473036714242,1
139,1,13.75,35,11.0473036714242,11.0861397838095,1
139,1,13.75,35,11.0861397838095,11.5681706276025,1
139,1,13.75,35,11.5681706276025,11.5996733741674,1
139,1,13.75,35,11.5996733741674,11.8123176438791,1
139,1,13.75,35,11.8123176438791,12.1576363744275,1
139,1,13.75,35,12.1576363744275,12.3357028753399,1
139,1,13.75,35,12.3357028753399,12.9949578504989,1
139,1,13.75,35,12.9949578504989,12.9995870749104,1
139,1,13.75,35,12.9995870749104,13.2967787422281,1
139,1,13.75,35,13.2967787422281,13.3406004190515,1
139,1,13.75,35,13.3406004190515,13.75,0
140,1,16.75,5,0,0.0489382763634192,1
140,1,16.75,5,0.0489382763634192,2.88592223180915,1
140,1,16.75,5,2.88592223180915,5.08170953109226,1
140,1,16.75,5,5.08170953109226,7.63956271916917,1
140,1,16.75,5,7.63956271916917,10.479829013065,1
140,1,16.75,5,10.479829013065,16.75,0
141,1,14.75,5,0,0.00568442741480147,1
141,1,14.75,5,0.00568442741480147,0.475721732363293,1
141,1,14.75,5,0.475721732363293,5.80076827995181,1
141,1,14.75,5,5.80076827995181,9.58507631069919,1
141,1,14.75,5,9.58507631069919,10.6686915693125,1
141,1,14.75,5,10.6686915693125,14.75,0
142,1,8.75,1,0,0.433537831151442,1
142,1,8.75,1,0.433537831151442,8.75,0
143,1,19.75,50,0,6.25416465137755,1
143,1,19.75,50,6.25416465137755,7.03932448379551,1
143,1,19.75,50,7.03932448379551,7.70781615139185,1
143,1,19.75,50,7.70781615139185,7.99079893046079,1
143,1,19.75,50,7.99079893046079,9.3043380486168,1
143,1,19.75,50,9.3043380486168,9.51896769854689,1
143,1,19.75,50,9.51896769854689,9.57518100642427,1
143,1,19.75,50,9.57518100642427,9.71794740545588,1
143,1,19.75,50,9.71794740545588,9.72237507361698,1
143,1,19.75,50,9.72237507361698,9.984960047093,1
143,1,19.75,50,9.984960047093,10.0701218845592,1
143,1,19.75,50,10.0701218845592,11.0143260008991,1
143,1,19.75,50,11.0143260008991,11.1733111848577,1
143,1,19.75,50,11.1733111848577,11.4875114424613,1
143,1,19.75,50,11.4875114424613,11.8140431947595,1
143,1,19.75,50,11.8140431947595,12.1707526372739,1
143,1,19.75,50,12.1707526372739,12.2263063588579,1
143,1,19.75,50,12.2263063588579,12.3114952876976,1
143,1,19.75,50,12.3114952876976,12.5095849013547,1
143,1,19.75,50,12.5095849013547,12.6297700400041,1
143,1,19.75,50,12.6297700400041,13.7615933091993,1
143,1,19.75,50,13.7615933091993,13.8051837803318,1
143,1,19.75,50,13.8051837803318,13.9924762537506,1
143,1,19.75,50,13.9924762537506,14.1919088655049,1
143,1,19.75,50,14.1919088655049,14.2063746700112,1
143,1,19.75,50,14.2063746700112,14.2418825984881,1
143,1,19.75,50,14.2418825984881,14.5517928646617,1
143,1,19.75,50,14.5517928646617,14.6236757161394,1
143,1,19.75,50,14.6236757161394,15.1623103894038,1
143,1,19.75,50,15.1623103894038,15.1681629367361,1
143,1,19.75,50,15.1681629367361,15.3100857187096,1
143,1,19.75,50,15.3100857187096,15.3888119631746,1
143,1,19.75,50,15.3888119631746,15.6048189070818,1
143,1,19.75,50,15.6048189070818,15.6983054512593,1
143,1,19.75,50,15.6983054512593,15.9511654022031,1
143,1,19.75,50,15.9511654022031,16.2294476459578,1
143,1,19.75,50,16.2294476459578,16.4590168642588,1
143,1,19.75,50,16.4590168642588,16.4969863118845,1
143,1,19.75,50,16.4969863118845,16.5323059724797,1
143,1,19.75,50,16.5323059724797,16.6800496317067,1
143,1,19.75,50,16.6800496317067,16.9638003146505,1
143,1,19.75,50,16.9638003146505,17.1535841422757,1
143,1,19.75,50,17.1535841422757,17.4954409030983,1
143,1,19.75,50,17.4954409030983,18.2201017764172,1
143,1,19.75,50,18.2201017764172,18.5675974722366,1
143,1,19.75,50,18.5675974722366,18.6681394003212,1
143,1,19.75,50,18.6681394003212,18.9315565754176,1
143,1,19.75,50,18.9315565754176,19.2227768322713,1
143,1,19.75,50,19.2227768322713,19.2605034625317,1
143,1,19.75,50,19.2605034625317,19.5201552071161,1
143,1,19.75,50,19.5201552071161,19.75,0
144,1,12.75,2,0,1.08362931548536,1
144,1,12.75,2,1.08362931548536,4.14690617908785,1
144,1,12.75,2,4.14690617908785,12.75,0
145,1,11.75,4,0,4.75059008989328,1
145,1,11.75,4,4.75059008989328,5.39054944237544,1
145,1,11.75,4,5.39054944237544,7.10621779851565,1
145,1,11.75,4,7.10621779851565,9.12426482983813,1
145,1,11.75,4,9.12426482983813,11.75,0
146,1,17.75,3,0,0.651841922668901,1
146,1,17.75,3,0.651841922668901,1.31085407338508,1
146,1,17.75,3,1.31085407338508,13.961134292886,1
146,1,17.75,3,13.961134292886,17.75,0
147,1,19.75,2,0,0.658853582260862,1
147,1,19.75,2,0.658853582260862,11.2347416911193,1
147,1,19.75,2,11.2347416911193,19.75,0
148,1,19.75,4,0,2.72159708825917,1
148,1,19.75,4,2.72159708825917,4.12919656870227,1
148,1,19.75,4,4.12919656870227,7.2408287433275,1
148,1,19.75,4,7.2408287433275,12.9266422100557,1
148,1,19.75,4,12.9266422100557,19.75,0
149,1,18.75,1,0,3.13805070225387,1
149,1,18.75,1,3.13805070225387,18.75,0
150,1,18.75,0,0,18.75,0
151,1,12.75,0,0,12.75,0
152,1,16.75,1,0,5.5049371591583,1
152,1,16.75,1,5.5049371591583,16.75,0
153,1,18.75,1,0,17.5326551663526,1
153,1,18.75,1,17.5326551663526,18.75,0
154,1,8.75,6,0,5.94906564798637,1
154,1,8.75,6,5.94906564798637,7.13410533091593,1
154,1,8.75,6,7.13410533091593,7.51778993070655,1
154,1,8.75,6,7.51778993070655,7.64434983411568,1
154,1,8.75,6,7.64434983411568,7.82532357640581,1
154,1,8.75,6,7.82532357640581,7.93717119420754,1
154,1,8.75,6,7.93717119420754,8.75,0
155,1,14.75,0,0,14.75,0
156,1,8.75,11,0,4.70375984848422,1
156,1,8.75,11,4.70375984848422,5.19944824360095,1
156,1,8.75,11,5.19944824360095,5.62227338484334,1
156,1,8.75,11,5.62227338484334,6.37835493320536,1
156,1,8.75,11,6.37835493320536,6.69206979463472,1
156,1,8.75,11,6.69206979463472,6.82071706045735,1
156,1,8.75,11,6.82071706045735,7.24328918137175,1
156,1,8.75,11,7.24328918137175,7.599598569643,1
156,1,8.75,11,7.599598569643,8.124364027806,1
156,1,8.75,11,8.124364027806,8.65986161410822,1
156,1,8.75,11,8.65986161410822,8.67534598060022,1
156,1,8.75,11,8.67534598060022,8.75,0
157,1,8.75,1,0,3.11576013710311,1
157,1,8.75,1,3.11576013710311,8.75,0
158,1,16.75,37,0,2.32919847136448,1
158,1,16.75,37,2.32919847136448,4.44790406003935,1
158,1,16.75,37,4.44790406003935,5.18457857707792,1
158,1,16.75,37,5.18457857707792,5.46170466478879,1
158,1,16.75,37,5.46170466478879,5.52686563622866,1
158,1,16.75,37,5.52686563622866,5.81398478215701,1
158,1,16.75,37,5.81398478215701,7.52589290219005,1
158,1,16.75,37,7.52589290219005,8.81231125530939,1
158,1,16.75,37,8.81231125530939,9.0323367151588,1
158,1,16.75,37,9.0323367151588,9.2088694682477,1
158,1,16.75,37,9.2088694682477,9.24447436814956,1
158,1,16.75,37,9.24447436814956,9.27794481838217,1
158,1,16.75,37,9.27794481838217,9.46954054505133,1
158,1,16.75,37,9.46954054505133,9.98232247986604,1
158,1,16.75,37,9.98232247986604,10.3026273002688,1
158,1,16.75,37,10.3026273002688,10.592202345113,1
158,1,16.75,37,10.592202345113,10.9739139462619,1
158,1,16.75,37,10.9739139462619,11.0647350889662,1
158,1,16.75,37,11.0647350889662,11.1788703238078,1
158,1,16.75,37,11.1788703238078,11.8499787373229,1
158,1,16.75,37,11.8499787373229,11.9116471395501,1
158,1,16.75,37,11.9116471395501,12.3831012629648,1
158,1,16.75,37,12.3831012629648,12.9742764448707,1
158,1,16.75,37,12.9742764448707,13.163225486418,1
158,1,16.75,37,13.163225486418,13.6442390948044,1
158,1,16.75,37,13.6442390948044,13.6583999018852,1
158,1,16.75,37,13.6583999018852,13.6979098379039,1
158,1,16.75,37,13.6979098379039,13.7569795619061,1
158,1,16.75,37,13.7569795619061,13.7635726146871,1
158,1,16.75,37,13.7635726146871,14.7687750527188,1
158,1,16.75,37,14.7687750527188,15.3641527392732,1
158,1,16.75,37,15.3641527392732,15.45589195677,1
158,1,16.75,37,15.45589195677,15.591604070534,1
158,1,16.75,37,15.591604070534,15.8609403881683,1
158,1,16.75,37,15.8609403881683,16.1950725538609,1
158,1,16.75,37,16.1950725538609,16.4145703758348,1
158,1,16.75,37,16.4145703758348,16.6140473099553,1
158,1,16.75,37,16.6140473099553,16.75,0
159,1,15.75,64,0,2.49698688325252,1
159,1,15.75,64,2.49698688325252,3.35223855404604,1
159,1,15.75,64,3.35223855404604,5.36294692117604,1
159,1,15.75,64,5.36294692117604,5.49883776007566,1
159,1,15.75,64,5.49883776007566,5.89566167351433,1
159,1,15.75,64,5.89566167351433,6.26886169668548,1
159,1,15.75,64,6.26886169668548,8.08198146806506,1
159,1,15.75,64,8.08198146806506,8.09434823993363,1
159,1,15.75,64,8.09434823993363,8.29934652310702,1
159,1,15.75,64,8.29934652310702,8.36438575637313,1
159,1,15.75,64,8.36438575637313,8.39021749721453,1
159,1,15.75,64,8.39021749721453,8.9399741039931,1
159,1,15.75,64,8.9399741039931,9.16764834286968,1
159,1,15.75,64,9.16764834286968,9.40113343260709,1
159,1,15.75,64,9.40113343260709,9.92533200092793,1
159,1,15.75,64,9.92533200092793,9.92613821270029,1
159,1,15.75,64,9.92613821270029,10.1168743283513,1
159,1,15.75,64,10.1168743283513,10.2803294531467,1
159,1,15.75,64,10.2803294531467,10.3666841831325,1
159,1,15.75,64,10.3666841831325,10.5992529764164,1
159,1,15.75,64,10.5992529764164,10.9532192698651,1
159,1,15.75,64,10.9532192698651,11.0017537143804,1
159,1,15.75,64,11.0017537143804,11.1032048603462,1
159,1,15.75,64,11.1032048603462,11.4128560896519,1
159,1,15.75,64,11.4128560896519,11.6091019046465,1
159,1,15.75,64,11.6091019046465,11.748410336212,1
159,1,15.75,64,11.748410336212,11.8367808234628,1
159,1,15.75,64,11.8367808234628,11.8660778791206,1
159,1,15.75,64,11.8660778791206,12.0729638851442,1
159,1,15.75,64,12.0729638851442,12.1474651191653,1
159,1,15.75,64,12.1474651191653,12.277736341947,1
159,1,15.75,64,12.277736341947,12.3072595583387,1
159,1,15.75,64,12.3072595583387,12.3574714220974,1
159,1,15.75,64,12.3574714220974,12.3703530091149,1
159,1,15.75,64,12.3703530091149,12.527753179539,1
159,1,15.75,64,12.527753179539,12.5689671031662,1
159,1,15.75,64,12.5689671031662,12.7083373398414,1
159,1,15.75,64,12.7083373398414,12.8025944410208,1
159,1,15.75,64,12.8025944410208,12.8201977792469,1
159,1,15.75,64,12.8201977792469,13.1734309083053,1
159,1,15.75,64,13.1734309083053,13.2853970428566,1
159,1,15.75,64,13.2853970428566,13.4317970681894,1
159,1,15.75,64,13.4317970681894,13.509350523601,1
159,1,15.75,64,13.509350523601,13.7512691875327,1
159,1,15.75,64,13.7512691875327,13.8043138218216,1
159,1,15.75,64,13.8043138218216,13.8554858313909,1
159,1,15.75,64,13.8554858313909,14.1493819848358,1
159,1,15.75,64,14.1493819848358,14.1506267122042,1
159,1,15.75,64,14.1506267122042,14.1659799055057,1
159,1,15.75,64,14.1659799055057,14.289438102858,1
159,1,15.75,64,14.289438102858,14.5824624725635,1
159,1,15.75,64,14.5824624725635,14.7380057791309,1
159,1,15.75,64,14.7380057791309,14.8162264013614,1
159,1,15.75,64,14.8162264013614,14.8642973007423,1
159,1,15.75,64,14.8642973007423,14.8895976656548,1
159,1,15.75,64,14.8895976656548,14.9321734116283,1
159,1,15.75,64,14.9321734116283,15.0392229346319,1
159,1,15.75,64,15.0392229346319,15.1002083797628,1
159,1,15.75,64,15.1002083797628,15.1849229495279,1
159,1,15.75,64,15.1849229495279,15.250913776734,1
159,1,15.75,64,15.250913776734,15.4073875861492,1
159,1,15.75,64,15.4073875861492,15.4647523308499,1
159,1,15.75,64,15.4647523308499,15.7308360518012,1
159,1,15.75,64,15.7308360518012,15.7417184889765,1
159,1,15.75,64,15.7417184889765,15.75,0
160,1,12.75,1,0,2.94451577092836,1
160,1,12.75,1,2.94451577092836,12.75,0
161,1,11.75,2,0,0.0830192366718135,1
161,1,11.75,2,0.0830192366718135,6.41294455553939,1
161,1,11.75,2,6.41294455553939,11.75,0
162,1,18.75,1,0,0.395276535764818,1
162,1,18.75,1,0.395276535764818,18.75,0
163,1,18.75,3,0,0.00268017418947849,1
163,1,18.75,3,0.00268017418947849,0.420681697026501,1
163,1,18.75,3,0.420681697026501,1.69954871814763,1
163,1,18.75,3,1.69954871814763,18.75,0
164,1,10.75,11,0,3.89036345319656,1
164,1,10.75,11,3.89036345319656,4.98936113778365,1
164,1,10.75,11,4.98936113778365,5.12811164542611,1
164,1,10.75,11,5.12811164542611,5.4550818897121,1
164,1,10.75,11,5.4550818897121,5.61935784128679,1
164,1,10.75,11,5.61935784128679,5.69792327582156,1
164,1,10.75,11,5.69792327582156,9.02140673717262,1
164,1,10.75,11,9.02140673717262,9.49251886142486,1
164,1,10.75,11,9.49251886142486,9.57368806586452,1
164,1,10.75,11,9.57368806586452,9.98266461604729,1
164,1,10.75,11,9.98266461604729,10.6273142795103,1
164,1,10.75,11,10.6273142795103,10.75,0
165,1,14.75,23,0,2.36011896848617,1
165,1,14.75,23,2.36011896848617,5.4432805980244,1
165,1,14.75,23,5.4432805980244,7.44270836226237,1
165,1,14.75,23,7.44270836226237,7.60709747972591,1
165,1,14.75,23,7.60709747972591,7.61467237557218,1
165,1,14.75,23,7.61467237557218,8.12073835435637,1
165,1,14.75,23,8.12073835435637,8.85087693845612,1
165,1,14.75,23,8.85087693845612,9.2843793799211,1
165,1,14.75,23,9.2843793799211,9.3912431751189,1
165,1,14.75,23,9.3912431751189,10.0044993597777,1
165,1,14.75,23,10.0044993597777,10.106204678116,1
165,1,14.75,23,10.106204678116,10.1696957857565,1
165,1,14.75,23,10.1696957857565,10.8663225118676,1
165,1,14.75,23,10.8663225118676,11.0098352812469,1
165,1,14.75,23,11.0098352812469,11.1048648687923,1
165,1,14.75,23,11.1048648687923,11.2070788854552,1
165,1,14.75,23,11.2070788854552,11.739987073262,1
165,1,14.75,23,11.739987073262,12.6343852129083,1
165,1,14.75,23,12.6343852129083,12.7184822545246,1
165,1,14.75,23,12.7184822545246,13.5720967689396,1
165,1,14.75,23,13.5720967689396,13.7703342545215,1
165,1,14.75,23,13.7703342545215,14.2538826295184,1
165,1,14.75,23,14.2538826295184,14.6534868701793,1
165,1,14.75,23,14.6534868701793,14.75,0
166,1,17.75,19,0,6.22143418403528,1
166,1,17.75,19,6.22143418403528,8.51998179639078,1
166,1,17.75,19,8.51998179639078,10.1982661939053,1
166,1,17.75,19,10.1982661939053,10.4675738951289,1
166,1,17.75,19,10.4675738951289,10.9266164591153,1
166,1,17.75,19,10.9266164591153,12.8423659825269,1
166,1,17.75,19,12.8423659825269,13.0232055930084,1
166,1,17.75,19,13.0232055930084,13.2651998964416,1
166,1,17.75,19,13.2651998964416,14.232252836481,1
166,1,17.75,19,14.232252836481,14.88134728587,1
166,1,17.75,19,14.88134728587,14.91755078204,1
166,1,17.75,19,14.91755078204,15.1278132311633,1
166,1,17.75,19,15.1278132311633,15.4513330126526,1
166,1,17.75,19,15.4513330126526,15.6194772347984,1
166,1,17.75,19,15.6194772347984,16.3264027079135,1
166,1,17.75,19,16.3264027079135,16.5498812475913,1
166,1,17.75,19,16.5498812475913,16.8417238424541,1
166,1,17.75,19,16.8417238424541,16.939420763043,1
166,1,17.75,19,16.939420763043,17.6205997048667,1
166,1,17.75,19,17.6205997048667,17.75,0
167,1,11.75,13,0,2.11803791075986,1
167,1,11.75,13,2.11803791075986,3.92827944615207,1
167,1,11.75,13,3.92827944615207,5.6554919542384,1
167,1,11.75,13,5.6554919542384,6.91300654294381,1
167,1,11.75,13,6.91300654294381,7.40671955348304,1
167,1,11.75,13,7.40671955348304,9.30841134535991,1
167,1,11.75,13,9.30841134535991,9.53727443815941,1
167,1,11.75,13,9.53727443815941,9.89017482049811,1
167,1,11.75,13,9.89017482049811,10.9411705464956,1
167,1,11.75,13,10.9411705464956,10.9735556903706,1
167,1,11.75,13,10.9735556903706,11.4451092966816,1
167,1,11.75,13,11.4451092966816,11.5141851896616,1
167,1,11.75,13,11.5141851896616,11.7064040282403,1
167,1,11.75,13,11.7064040282403,11.75,0
168,1,10.75,15,0,3.21862962141355,1
168,1,10.75,15,3.21862962141355,3.58954785894723,1
168,1,10.75,15,3.58954785894723,4.80656808613087,1
168,1,10.75,15,4.80656808613087,5.57021045725126,1
168,1,10.75,15,5.57021045725126,5.74293584378112,1
168,1,10.75,15,5.74293584378112,6.60577642411833,1
168,1,10.75,15,6.60577642411833,6.6516471163443,1
168,1,10.75,15,6.6516471163443,7.73377371026119,1
168,1,10.75,15,7.73377371026119,7.76098038245777,1
168,1,10.75,15,7.76098038245777,7.78148586870181,1
168,1,10.75,15,7.78148586870181,8.11186433738655,1
168,1,10.75,15,8.11186433738655,8.94441038032607,1
168,1,10.75,15,8.94441038032607,10.1422876850599,1
168,1,10.75,15,10.1422876850599,10.3364594880625,1
168,1,10.75,15,10.3364594880625,10.5065899690218,1
168,1,10.75,15,10.5065899690218,10.75,0
169,1,17.75,2,0,3.60728759640907,1
169,1,17.75,2,3.60728759640907,15.9470726595364,1
169,1,17.75,2,15.9470726595364,17.75,0
170,1,15.75,1,0,0.910449771124575,1
170,1,15.75,1,0.910449771124575,15.75,0
171,1,17.75,2,0,0.0643086240432638,1
171,1,17.75,2,0.0643086240432638,10.221091239555,1
171,1,17.75,2,10.221091239555,17.75,0
172,1,18.75,1,0,9.52545540358745,1
172,1,18.75,1,9.52545540358745,18.75,0
173,1,17.75,0,0,17.75,0
174,1,10.75,18,0,3.66303257394816,1
174,1,10.75,18,3.66303257394816,6.54266798404593,1
174,1,10.75,18,6.54266798404593,6.5763962136716,1
174,1,10.75,18,6.5763962136716,6.60505847989623,1
174,1,10.75,18,6.60505847989623,6.98007866964678,1
174,1,10.75,18,6.98007866964678,7.2388439814941,1
174,1,10.75,18,7.2388439814941,7.58056538874016,1
174,1,10.75,18,7.58056538874016,7.8225066961037,1
174,1,10.75,18,7.8225066961037,8.07847434735662,1
174,1,10.75,18,8.07847434735662,8.15001184750119,1
174,1,10.75,18,8.15001184750119,8.15108592333941,1
174,1,10.75,18,8.15108592333941,9.03615196206391,1
174,1,10.75,18,9.03615196206391,9.30346414267975,1
174,1,10.75,18,9.30346414267975,9.75647108424385,1
174,1,10.75,18,9.75647108424385,9.76913300848904,1
174,1,10.75,18,9.76913300848904,9.89832358275637,1
174,1,10.75,18,9.89832358275637,10.4120136810763,1
174,1,10.75,18,10.4120136810763,10.6411256396689,1
174,1,10.75,18,10.6411256396689,10.75,0
175,1,13.75,12,0,5.4583645508847,1
175,1,13.75,12,5.4583645508847,5.81760570942191,1
175,1,13.75,12,5.81760570942191,8.51331845516691,1
175,1,13.75,12,8.51331845516691,9.21751787356628,1
175,1,13.75,12,9.21751787356628,9.67287121034676,1
175,1,13.75,12,9.67287121034676,10.4386268028283,1
175,1,13.75,12,10.4386268028283,10.5141165063534,1
175,1,13.75,12,10.5141165063534,11.825729666102,1
175,1,13.75,12,11.825729666102,12.1861088263554,1
175,1,13.75,12,12.1861088263554,12.2739168253763,1
175,1,13.75,12,12.2739168253763,12.7682266611324,1
175,1,13.75,12,12.7682266611324,13.7325332444129,1
175,1,13.75,12,13.7325332444129,13.75,0
176,1,16.75,48,0,1.91896856197974,1
176,1,16.75,48,1.91896856197974,2.62049165365159,1
176,1,16.75,48,2.62049165365159,3.58685078421577,1
176,1,16.75,48,3.58685078421577,4.70519426521594,1
176,1,16.75,48,4.70519426521594,5.73093224691464,1
176,1,16.75,48,5.73093224691464,6.0636248665428,1
176,1,16.75,48,6.0636248665428,6.13492464377751,1
176,1,16.75,48,6.13492464377751,6.27136137283069,1
176,1,16.75,48,6.27136137283069,6.85843909196285,1
176,1,16.75,48,6.85843909196285,8.39920631179431,1
176,1,16.75,48,8.39920631179431,8.40188678447577,1
176,1,16.75,48,8.40188678447577,9.15974435636613,1
176,1,16.75,48,9.15974435636613,9.34202273103449,1
176,1,16.75,48,9.34202273103449,9.37137750984559,1
176,1,16.75,48,9.37137750984559,9.99233383849465,1
176,1,16.75,48,9.99233383849465,10.3511662409807,1
176,1,16.75,48,10.3511662409807,10.3626119518231,1
176,1,16.75,48,10.3626119518231,10.4468320784044,1
176,1,16.75,48,10.4468320784044,11.1728382085671,1
176,1,16.75,48,11.1728382085671,11.3545884228005,1
176,1,16.75,48,11.3545884228005,11.490524766442,1
176,1,16.75,48,11.490524766442,11.7869683323013,1
176,1,16.75,48,11.7869683323013,11.8780915904898,1
176,1,16.75,48,11.8780915904898,12.1253718416831,1
176,1,16.75,48,12.1253718416831,12.2101935984398,1
176,1,16.75,48,12.2101935984398,12.5608496525365,1
176,1,16.75,48,12.5608496525365,12.9140593994181,1
176,1,16.75,48,12.9140593994181,12.9541351445466,1
176,1,16.75,48,12.9541351445466,12.9807752410621,1
176,1,16.75,48,12.9807752410621,13.8063302759809,1
176,1,16.75,48,13.8063302759809,13.9647410433825,1
176,1,16.75,48,13.9647410433825,14.422710014579,1
176,1,16.75,48,14.422710014579,14.4420063141936,1
176,1,16.75,48,14.4420063141936,14.5652373379497,1
176,1,16.75,48,14.5652373379497,14.7362815899,1
176,1,16.75,48,14.7362815899,14.9503062452412,1
176,1,16.75,48,14.9503062452412,15.0024562339184,1
176,1,16.75,48,15.0024562339184,15.306857150528,1
176,1,16.75,48,15.306857150528,15.3390767617284,1
176,1,16.75,48,15.3390767617284,15.4207391189484,1
176,1,16.75,48,15.4207391189484,15.4219511417795,1
176,1,16.75,48,15.4219511417795,15.6673663111299,1
176,1,16.75,48,15.6673663111299,15.7421449722615,1
176,1,16.75,48,15.7421449722615,15.8675262482644,1
176,1,16.75,48,15.8675262482644,15.9456468716731,1
176,1,16.75,48,15.9456468716731,16.2127312436924,1
176,1,16.75,48,16.2127312436924,16.3184745373475,1
176,1,16.75,48,16.3184745373475,16.6105753707623,1
176,1,16.75,48,16.6105753707623,16.75,0
177,1,14.75,4,0,0.357588808922058,1
177,1,14.75,4,0.357588808922058,0.451476908937187,1
177,1,14.75,4,0.451476908937187,1.41005028191247,1
177,1,14.75,4,1.41005028191247,3.46102537242604,1
177,1,14.75,4,3.46102537242604,14.75,0
178,1,14.75,2,0,0.00618269139827123,1
178,1,14.75,2,0.00618269139827123,13.3704691284019,1
178,1,14.75,2,13.3704691284019,14.75,0
179,1,13.75,34,0,3.41886430964923,1
179,1,13.75,34,3.41886430964923,3.62704370778991,1
179,1,13.75,34,3.62704370778991,4.96641953935112,1
179,1,13.75,34,4.96641953935112,5.65620663607572,1
179,1,13.75,34,5.65620663607572,6.28296803510178,1
179,1,13.75,34,6.28296803510178,7.94997922935956,1
179,1,13.75,34,7.94997922935956,8.82567958746931,1
179,1,13.75,34,8.82567958746931,8.84698467066245,1
179,1,13.75,34,8.84698467066245,9.24623372736828,1
179,1,13.75,34,9.24623372736828,9.25242581495232,1
179,1,13.75,34,9.25242581495232,9.62669589603872,1
179,1,13.75,34,9.62669589603872,9.84840794310904,1
179,1,13.75,34,9.84840794310904,9.91387834366255,1
179,1,13.75,34,9.91387834366255,10.0661077688616,1
179,1,13.75,34,10.0661077688616,10.1858216944205,1
179,1,13.75,34,10.1858216944205,10.2091131785381,1
179,1,13.75,34,10.2091131785381,10.3832925671983,1
179,1,13.75,34,10.3832925671983,10.9239874711744,1
179,1,13.75,34,10.9239874711744,10.9751219984209,1
179,1,13.75,34,10.9751219984209,11.0517105095832,1
179,1,13.75,34,11.0517105095832,11.4652185168182,1
179,1,13.75,34,11.4652185168182,11.6996408409888,1
179,1,13.75,34,11.6996408409888,11.8368767346349,1
179,1,13.75,34,11.8368767346349,11.8832496293816,1
179,1,13.75,34,11.8832496293816,12.0137917417699,1
179,1,13.75,34,12.0137917417699,12.3871405145792,1
179,1,13.75,34,12.3871405145792,12.4270124251144,1
179,1,13.75,34,12.4270124251144,12.5717748457876,1
179,1,13.75,34,12.5717748457876,12.6302111383894,1
179,1,13.75,34,12.6302111383894,12.7589812306523,1
179,1,13.75,34,12.7589812306523,12.9500704263625,1
179,1,13.75,34,12.9500704263625,13.1497021886869,1
179,1,13.75,34,13.1497021886869,13.5463657942388,1
179,1,13.75,34,13.5463657942388,13.7217857344384,1
179,1,13.75,34,13.7217857344384,13.75,0
180,1,11.75,3,0,0.686856650331663,1
180,1,11.75,3,0.686856650331663,2.26391841900059,1
180,1,11.75,3,2.26391841900059,8.84626825720126,1
180,1,11.75,3,8.84626825720126,11.75,0
181,1,20.75,25,0,7.77989845148609,1
181,1,20.75,25,7.77989845148609,10.9882087202652,1
181,1,20.75,25,10.9882087202652,11.7332839529307,1
181,1,20.75,25,11.7332839529307,11.9865106539742,1
181,1,20.75,25,11.9865106539742,13.2194883182807,1
181,1,20.75,25,13.2194883182807,13.9873311811135,1
181,1,20.75,25,13.9873311811135,14.016813307447,1
181,1,20.75,25,14.016813307447,14.367521309996,1
181,1,20.75,25,14.367521309996,14.7900667831565,1
181,1,20.75,25,14.7900667831565,14.9919454860403,1
181,1,20.75,25,14.9919454860403,15.3133198321894,1
181,1,20.75,25,15.3133198321894,15.5806674406576,1
181,1,20.75,25,15.5806674406576,16.3007298987945,1
181,1,20.75,25,16.3007298987945,16.6916287094694,1
181,1,20.75,25,16.6916287094694,17.6223708999797,1
181,1,20.75,25,17.6223708999797,17.6347989903043,1
181,1,20.75,25,17.6347989903043,17.9935291196969,1
181,1,20.75,25,17.9935291196969,18.0276693114261,1
181,1,20.75,25,18.0276693114261,18.1613477419003,1
181,1,20.75,25,18.1613477419003,18.5896864928566,1
181,1,20.75,25,18.5896864928566,19.1175818164912,1
181,1,20.75,25,19.1175818164912,19.9842273961974,1
181,1,20.75,25,19.9842273961974,20.5247450234147,1
181,1,20.75,25,20.5247450234147,20.6300970453155,1
181,1,20.75,25,20.6300970453155,20.6354443965614,1
181,1,20.75,25,20.6354443965614,20.75,0
182,1,16.75,56,0,1.78861588922634,1
182,1,16.75,56,1.78861588922634,2.2320679595608,1
182,1,16.75,56,2.2320679595608,3.4369245113458,1
182,1,16.75,56,3.4369245113458,3.75712223126602,1
182,1,16.75,56,3.75712223126602,4.00715870541132,1
182,1,16.75,56,4.00715870541132,4.53729351466367,1
182,1,16.75,56,4.53729351466367,6.02174610837216,1
182,1,16.75,56,6.02174610837216,8.026831016836,1
182,1,16.75,56,8.026831016836,8.18664424097906,1
182,1,16.75,56,8.18664424097906,8.355878374199,1
182,1,16.75,56,8.355878374199,8.47427877727735,1
182,1,16.75,56,8.47427877727735,8.54107022723958,1
182,1,16.75,56,8.54107022723958,8.81303550837821,1
182,1,16.75,56,8.81303550837821,8.87316085096655,1
182,1,16.75,56,8.87316085096655,9.0971373341239,1
182,1,16.75,56,9.0971373341239,9.12759370058418,1
182,1,16.75,56,9.12759370058418,9.21111804408547,1
182,1,16.75,56,9.21111804408547,9.2162998803367,1
182,1,16.75,56,9.2162998803367,9.62600568643385,1
182,1,16.75,56,9.62600568643385,9.64443322302228,1
182,1,16.75,56,9.64443322302228,9.9129550536226,1
182,1,16.75,56,9.9129550536226,10.2288364471837,1
182,1,16.75,56,10.2288364471837,11.4450762233433,1
182,1,16.75,56,11.4450762233433,11.4513908244191,1
182,1,16.75,56,11.4513908244191,12.2013632639504,1
182,1,16.75,56,12.2013632639504,12.3000573997898,1
182,1,16.75,56,12.3000573997898,12.626363324072,1
182,1,16.75,56,12.626363324072,12.6517608492999,1
182,1,16.75,56,12.6517608492999,13.11271261143,1
182,1,16.75,56,13.11271261143,13.2070503745024,1
182,1,16.75,56,13.2070503745024,13.2415668399782,1
182,1,16.75,56,13.2415668399782,13.3627159256008,1
182,1,16.75,56,13.3627159256008,13.4692572281676,1
182,1,16.75,56,13.4692572281676,13.5588020982847,1
182,1,16.75,56,13.5588020982847,13.6704206080585,1
182,1,16.75,56,13.6704206080585,13.9143436708947,1
182,1,16.75,56,13.9143436708947,13.9710900393751,1
182,1,16.75,56,13.9710900393751,13.985569349811,1
182,1,16.75,56,13.985569349811,14.3582910797606,1
182,1,16.75,56,14.3582910797606,14.5870553456803,1
182,1,16.75,56,14.5870553456803,14.618963282042,1
182,1,16.75,56,14.618963282042,14.8022136849213,1
182,1,16.75,56,14.8022136849213,15.0732443867794,1
182,1,16.75,56,15.0732443867794,15.0999465071492,1
182,1,16.75,56,15.0999465071492,15.2403466266796,1
182,1,16.75,56,15.2403466266796,15.4669210265248,1
182,1,16.75,56,15.4669210265248,15.7396145936244,1
182,1,16.75,56,15.7396145936244,15.8367539329259,1
182,1,16.75,56,15.8367539329259,16.2347420438442,1
182,1,16.75,56,16.2347420438442,16.2356503981739,1
182,1,16.75,56,16.2356503981739,16.2834344375459,1
182,1,16.75,56,16.2834344375459,16.4562306558448,1
182,1,16.75,56,16.4562306558448,16.480500003269,1
182,1,16.75,56,16.480500003269,16.4977944657178,1
182,1,16.75,56,16.4977944657178,16.514588434752,1
182,1,16.75,56,16.514588434752,16.6015470738019,1
182,1,16.75,56,16.6015470738019,16.75,0
183,1,17.75,1,0,15.6947714472292,1
183,1,17.75,1,15.6947714472292,17.75,0
184,1,19.75,62,0,5.00927564673042,1
184,1,19.75,62,5.00927564673042,5.80647249104392,1
184,1,19.75,62,5.80647249104392,6.29078417383393,1
184,1,19.75,62,6.29078417383393,7.07629662070425,1
184,1,19.75,62,7.07629662070425,7.5363887074983,1
184,1,19.75,62,7.5363887074983,7.78705372156696,1
184,1,19.75,62,7.78705372156696,9.16777261123849,1
184,1,19.75,62,9.16777261123849,9.40984260161404,1
184,1,19.75,62,9.40984260161404,9.81351968168566,1
184,1,19.75,62,9.81351968168566,9.97820882947994,1
184,1,19.75,62,9.97820882947994,10.1858546118824,1
184,1,19.75,62,10.1858546118824,10.2589292543207,1
184,1,19.75,62,10.2589292543207,10.3852116197779,1
184,1,19.75,62,10.3852116197779,10.4105088981935,1
184,1,19.75,62,10.4105088981935,10.4609264951894,1
184,1,19.75,62,10.4609264951894,10.46360932284,1
184,1,19.75,62,10.46360932284,10.7941091266995,1
184,1,19.75,62,10.7941091266995,10.8057547100642,1
184,1,19.75,62,10.8057547100642,10.8119582099023,1
184,1,19.75,62,10.8119582099023,11.1052083656012,1
184,1,19.75,62,11.1052083656012,11.6078984307765,1
184,1,19.75,62,11.6078984307765,12.8992388862901,1
184,1,19.75,62,12.8992388862901,13.1730127552756,1
184,1,19.75,62,13.1730127552756,13.4623998678141,1
184,1,19.75,62,13.4623998678141,13.6745605144203,1
184,1,19.75,62,13.6745605144203,13.755348220695,1
184,1,19.75,62,13.755348220695,14.3404887537488,1
184,1,19.75,62,14.3404887537488,14.3590286968416,1
184,1,19.75,62,14.3590286968416,14.4616939889379,1
184,1,19.75,62,14.4616939889379,14.6006710222687,1
184,1,19.75,62,14.6006710222687,14.8642699706473,1
184,1,19.75,62,14.8642699706473,14.9811763987165,1
184,1,19.75,62,14.9811763987165,15.8728375406708,1
184,1,19.75,62,15.8728375406708,15.9684264806758,1
184,1,19.75,62,15.9684264806758,16.0567316042783,1
184,1,19.75,62,16.0567316042783,16.5783511204725,1
184,1,19.75,62,16.5783511204725,16.7135691676219,1
184,1,19.75,62,16.7135691676219,16.9729919671355,1
184,1,19.75,62,16.9729919671355,17.1140911015445,1
184,1,19.75,62,17.1140911015445,17.1375302024236,1
184,1,19.75,62,17.1375302024236,17.5643189794127,1
184,1,19.75,62,17.5643189794127,17.6114557659503,1
184,1,19.75,62,17.6114557659503,17.6544777042194,1
184,1,19.75,62,17.6544777042194,17.6903939802293,1
184,1,19.75,62,17.6903939802293,17.7999903213157,1
184,1,19.75,62,17.7999903213157,18.1266729718385,1
184,1,19.75,62,18.1266729718385,18.1699184738791,1
184,1,19.75,62,18.1699184738791,18.3372375372499,1
184,1,19.75,62,18.3372375372499,18.3575379849791,1
184,1,19.75,62,18.3575379849791,18.4481942697112,1
184,1,19.75,62,18.4481942697112,18.7562660856699,1
184,1,19.75,62,18.7562660856699,18.8114951335631,1
184,1,19.75,62,18.8114951335631,18.8923893160936,1
184,1,19.75,62,18.8923893160936,19.0798247775225,1
184,1,19.75,62,19.0798247775225,19.1626060249061,1
184,1,19.75,62,19.1626060249061,19.4749398505982,1
184,1,19.75,62,19.4749398505982,19.4951701589561,1
184,1,19.75,62,19.4951701589561,19.5065344715847,1
184,1,19.75,62,19.5065344715847,19.5266274182732,1
184,1,19.75,62,19.5266274182732,19.6435990062861,1
184,1,19.75,62,19.6435990062861,19.6992695674345,1
184,1,19.75,62,19.6992695674345,19.71144544089,1
184,1,19.75,62,19.71144544089,19.75,0
185,1,15.75,45,0,0.455016440887731,1
185,1,15.75,45,0.455016440887731,3.08187123297735,1
185,1,15.75,45,3.08187123297735,4.96903471295159,1
185,1,15.75,45,4.96903471295159,5.21331420352762,1
185,1,15.75,45,5.21331420352762,5.35632258713023,1
185,1,15.75,45,5.35632258713023,5.52710969160119,1
185,1,15.75,45,5.52710969160119,6.21342370869414,1
185,1,15.75,45,6.21342370869414,6.37304450600412,1
185,1,15.75,45,6.37304450600412,6.96907571868867,1
185,1,15.75,45,6.96907571868867,7.15316401211362,1
185,1,15.75,45,7.15316401211362,7.23717825524233,1
185,1,15.75,45,7.23717825524233,8.01871319141157,1
185,1,15.75,45,8.01871319141157,8.14205743050813,1
185,1,15.75,45,8.14205743050813,8.32910204330551,1
185,1,15.75,45,8.32910204330551,9.32744856436642,1
185,1,15.75,45,9.32744856436642,9.90095655304849,1
185,1,15.75,45,9.90095655304849,10.2820809909704,1
185,1,15.75,45,10.2820809909704,10.8720372512103,1
185,1,15.75,45,10.8720372512103,11.1430472337824,1
185,1,15.75,45,11.1430472337824,11.2407609797179,1
185,1,15.75,45,11.2407609797179,11.4564769562788,1
185,1,15.75,45,11.4564769562788,11.6249328399218,1
185,1,15.75,45,11.6249328399218,11.7321279852945,1
185,1,15.75,45,11.7321279852945,11.7945028308103,1
185,1,15.75,45,11.7945028308103,11.8291164321262,1
185,1,15.75,45,11.8291164321262,11.8480908181772,1
185,1,15.75,45,11.8480908181772,11.9175934525542,1
185,1,15.75,45,11.9175934525542,11.9816876264771,1
185,1,15.75,45,11.9816876264771,12.2823775411343,1
185,1,15.75,45,12.2823775411343,12.2992757833842,1
185,1,15.75,45,12.2992757833842,12.7417187885917,1
185,1,15.75,45,12.7417187885917,13.317684773184,1
185,1,15.75,45,13.317684773184,13.5054512518579,1
185,1,15.75,45,13.5054512518579,14.116999077966,1
185,1,15.75,45,14.116999077966,14.1712359259429,1
185,1,15.75,45,14.1712359259429,14.3134726462085,1
185,1,15.75,45,14.3134726462085,14.4958889649916,1
185,1,15.75,45,14.4958889649916,14.7856256975706,1
185,1,15.75,45,14.7856256975706,14.8460182145904,1
185,1,15.75,45,14.8460182145904,14.863519992157,1
185,1,15.75,45,14.863519992157,15.0597109831173,1
185,1,15.75,45,15.0597109831173,15.1513594198386,1
185,1,15.75,45,15.1513594198386,15.507058116764,1
185,1,15.75,45,15.507058116764,15.5551589020882,1
185,1,15.75,45,15.5551589020882,15.7382995894297,1
185,1,15.75,45,15.7382995894297,15.75,0
186,1,15.75,28,0,2.56042179192603,1
186,1,15.75,28,2.56042179192603,3.45344052636347,1
186,1,15.75,28,3.45344052636347,4.48955486176268,1
186,1,15.75,28,4.48955486176268,4.84593411363451,1
186,1,15.75,28,4.84593411363451,5.77668991133256,1
186,1,15.75,28,5.77668991133256,6.89189673711865,1
186,1,15.75,28,6.89189673711865,8.82958010155724,1
186,1,15.75,28,8.82958010155724,9.5439207146511,1
186,1,15.75,28,9.5439207146511,9.77040386294343,1
186,1,15.75,28,9.77040386294343,9.83005810281875,1
186,1,15.75,28,9.83005810281875,10.0560789272615,1
186,1,15.75,28,10.0560789272615,10.4606456994702,1
186,1,15.75,28,10.4606456994702,10.6825098947293,1
186,1,15.75,28,10.6825098947293,11.0080937449436,1
186,1,15.75,28,11.0080937449436,11.3230354665843,1
186,1,15.75,28,11.3230354665843,11.5693919601464,1
186,1,15.75,28,11.5693919601464,12.3628529266045,1
186,1,15.75,28,12.3628529266045,12.42162424425,1
186,1,15.75,28,12.42162424425,12.4794279361092,1
186,1,15.75,28,12.4794279361092,12.8640938058544,1
186,1,15.75,28,12.8640938058544,12.9505527217898,1
186,1,15.75,28,12.9505527217898,13.2506009138666,1
186,1,15.75,28,13.2506009138666,14.6520465629872,1
186,1,15.75,28,14.6520465629872,14.6719141383889,1
186,1,15.75,28,14.6719141383889,14.6935017117294,1
186,1,15.75,28,14.6935017117294,14.8809570977647,1
186,1,15.75,28,14.8809570977647,15.2614189844629,1
186,1,15.75,28,15.2614189844629,15.2893383620964,1
186,1,15.75,28,15.2893383620964,15.75,0
187,1,11.75,3,0,0.000791090645449591,1
187,1,11.75,3,0.000791090645449591,0.138607619760359,1
187,1,11.75,3,0.138607619760359,1.41896187597874,1
187,1,11.75,3,1.41896187597874,11.75,0
188,1,10.75,1,0,5.99170805959928,1
188,1,10.75,1,5.99170805959928,10.75,0
189,1,13.75,34,0,4.05985005733758,1
189,1,13.75,34,4.05985005733758,4.50468590209571,1
189,1,13.75,34,4.50468590209571,4.76283193171574,1
189,1,13.75,34,4.76283193171574,5.12414467331319,1
189,1,13.75,34,5.12414467331319,5.13806374518195,1
189,1,13.75,34,5.13806374518195,6.16206468727376,1
189,1,13.75,34,6.16206468727376,6.53606590617264,1
189,1,13.75,34,6.53606590617264,6.63288873333398,1
189,1,13.75,34,6.63288873333398,7.10225016439011,1
189,1,13.75,34,7.10225016439011,7.74194192851801,1
189,1,13.75,34,7.74194192851801,8.01574377850359,1
189,1,13.75,34,8.01574377850359,8.91186235899128,1
189,1,13.75,34,8.91186235899128,8.99040913728087,1
189,1,13.75,34,8.99040913728087,9.32139820032889,1
189,1,13.75,34,9.32139820032889,9.63195667285093,1
189,1,13.75,34,9.63195667285093,9.80236854166005,1
189,1,13.75,34,9.80236854166005,9.8769969474119,1
189,1,13.75,34,9.8769969474119,10.3402517088444,1
189,1,13.75,34,10.3402517088444,10.8157546362435,1
189,1,13.75,34,10.8157546362435,10.8872144143894,1
189,1,13.75,34,10.8872144143894,11.1754374963437,1
189,1,13.75,34,11.1754374963437,11.2237664472123,1
189,1,13.75,34,11.2237664472123,11.4848713888275,1
189,1,13.75,34,11.4848713888275,11.5961622643507,1
189,1,13.75,34,11.5961622643507,11.74672744709,1
189,1,13.75,34,11.74672744709,12.2076344988015,1
189,1,13.75,34,12.2076344988015,12.4319880862699,1
189,1,13.75,34,12.4319880862699,12.6104555809246,1
189,1,13.75,34,12.6104555809246,12.6307995116144,1
189,1,13.75,34,12.6307995116144,12.8500806678952,1
189,1,13.75,34,12.8500806678952,12.8831832865641,1
189,1,13.75,34,12.8831832865641,12.9010169041371,1
189,1,13.75,34,12.9010169041371,13.1032436421699,1
189,1,13.75,34,13.1032436421699,13.6920066208374,1
189,1,13.75,34,13.6920066208374,13.75,0
190,1,17.75,46,0,4.91355768620289,1
190,1,17.75,46,4.91355768620289,5.45164305697568,1
190,1,17.75,46,5.45164305697568,6.24102093295465,1
190,1,17.75,46,6.24102093295465,6.31273408840597,1
190,1,17.75,46,6.31273408840597,8.01401841637976,1
190,1,17.75,46,8.01401841637976,8.22632223094769,1
190,1,17.75,46,8.22632223094769,8.43334391705779,1
190,1,17.75,46,8.43334391705779,9.60932086117851,1
190,1,17.75,46,9.60932086117851,10.0397122301723,1
190,1,17.75,46,10.0397122301723,10.0799968579342,1
190,1,17.75,46,10.0799968579342,10.0950389889202,1
190,1,17.75,46,10.0950389889202,10.4252759940438,1
190,1,17.75,46,10.4252759940438,10.489632314207,1
190,1,17.75,46,10.489632314207,10.5543122439889,1
190,1,17.75,46,10.5543122439889,10.8081120233645,1
190,1,17.75,46,10.8081120233645,11.0008482354271,1
190,1,17.75,46,11.0008482354271,11.2190083600318,1
190,1,17.75,46,11.2190083600318,11.5916421517242,1
190,1,17.75,46,11.5916421517242,11.6816326233704,1
190,1,17.75,46,11.6816326233704,11.8063928159469,1
190,1,17.75,46,11.8063928159469,12.003847817146,1
190,1,17.75,46,12.003847817146,12.9836469903358,1
190,1,17.75,46,12.9836469903358,13.0862220882694,1
190,1,17.75,46,13.0862220882694,13.1324947158425,1
190,1,17.75,46,13.1324947158425,13.5559764845198,1
190,1,17.75,46,13.5559764845198,13.8645516667094,1
190,1,17.75,46,13.8645516667094,14.3107977090516,1
190,1,17.75,46,14.3107977090516,14.3552499660811,1
190,1,17.75,46,14.3552499660811,14.4177101078052,1
190,1,17.75,46,14.4177101078052,14.8539779482108,1
190,1,17.75,46,14.8539779482108,14.9275630640262,1
190,1,17.75,46,14.9275630640262,14.9629071381046,1
190,1,17.75,46,14.9629071381046,15.0781995146092,1
190,1,17.75,46,15.0781995146092,15.4046590619555,1
190,1,17.75,46,15.4046590619555,15.6626614926072,1
190,1,17.75,46,15.6626614926072,15.7047903068971,1
190,1,17.75,46,15.7047903068971,15.707566469516,1
190,1,17.75,46,15.707566469516,15.8255650227728,1
190,1,17.75,46,15.8255650227728,16.3305474363405,1
190,1,17.75,46,16.3305474363405,16.3381829938364,1
190,1,17.75,46,16.3381829938364,16.8556698759552,1
190,1,17.75,46,16.8556698759552,17.0981064257057,1
190,1,17.75,46,17.0981064257057,17.1715963861493,1
190,1,17.75,46,17.1715963861493,17.2524028555771,1
190,1,17.75,46,17.2524028555771,17.306219452609,1
190,1,17.75,46,17.306219452609,17.5960307269294,1
190,1,17.75,46,17.5960307269294,17.75,0
191,1,15.75,35,0,3.68882690803569,1
191,1,15.75,35,3.68882690803569,4.04601767588667,1
191,1,15.75,35,4.04601767588667,5.83265982922161,1
191,1,15.75,35,5.83265982922161,6.01003595022163,1
191,1,15.75,35,6.01003595022163,7.02347519326212,1
191,1,15.75,35,7.02347519326212,7.40531211301633,1
191,1,15.75,35,7.40531211301633,8.7656546430478,1
191,1,15.75,35,8.7656546430478,9.53870139255859,1
191,1,15.75,35,9.53870139255859,10.1776104721196,1
191,1,15.75,35,10.1776104721196,10.4151903362209,1
191,1,15.75,35,10.4151903362209,10.4835423502926,1
191,1,15.75,35,10.4835423502926,11.2956793826329,1
191,1,15.75,35,11.2956793826329,11.4909699706925,1
191,1,15.75,35,11.4909699706925,11.867813959985,1
191,1,15.75,35,11.867813959985,12.3465760680959,1
191,1,15.75,35,12.3465760680959,12.5594049275762,1
191,1,15.75,35,12.5594049275762,12.8004265704788,1
191,1,15.75,35,12.8004265704788,12.8864396065022,1
191,1,15.75,35,12.8864396065022,13.0984625846208,1
191,1,15.75,35,13.0984625846208,13.1810066264885,1
191,1,15.75,35,13.1810066264885,13.6663891829769,1
191,1,15.75,35,13.6663891829769,13.7347194621876,1
191,1,15.75,35,13.7347194621876,13.9384462007351,1
191,1,15.75,35,13.9384462007351,14.0611812976779,1
191,1,15.75,35,14.0611812976779,14.5956998007553,1
191,1,15.75,35,14.5956998007553,14.6166608575454,1
191,1,15.75,35,14.6166608575454,14.6720896570206,1
191,1,15.75,35,14.6720896570206,14.6795601491841,1
191,1,15.75,35,14.6795601491841,14.7447870010501,1
191,1,15.75,35,14.7447870010501,14.8914533697817,1
191,1,15.75,35,14.8914533697817,14.9494473816827,1
191,1,15.75,35,14.9494473816827,15.2638247134469,1
191,1,15.75,35,15.2638247134469,15.2974805257903,1
191,1,15.75,35,15.2974805257903,15.3034194862803,1
191,1,15.75,35,15.3034194862803,15.5275839042584,1
191,1,15.75,35,15.5275839042584,15.75,0
192,1,14.75,36,0,2.70303485983421,1
192,1,14.75,36,2.70303485983421,7.81423404124776,1
192,1,14.75,36,7.81423404124776,8.23749635850044,1
192,1,14.75,36,8.23749635850044,8.23868935667922,1
192,1,14.75,36,8.23868935667922,8.43472874512097,1
192,1,14.75,36,8.43472874512097,8.62652412098329,1
192,1,14.75,36,8.62652412098329,8.84903024370828,1
192,1,14.75,36,8.84903024370828,9.1058509352537,1
192,1,14.75,36,9.1058509352537,9.24152417628749,1
192,1,14.75,36,9.24152417628749,9.57520159062453,1
192,1,14.75,36,9.57520159062453,9.68199647131002,1
192,1,14.75,36,9.68199647131002,9.70966540294802,1
192,1,14.75,36,9.70966540294802,9.71755599246501,1
192,1,14.75,36,9.71755599246501,10.0865044817228,1
192,1,14.75,36,10.0865044817228,10.1082886257694,1
192,1,14.75,36,10.1082886257694,10.1506138899816,1
192,1,14.75,36,10.1506138899816,10.2113248333415,1
192,1,14.75,36,10.2113248333415,10.7305845158507,1
192,1,14.75,36,10.7305845158507,11.064468408419,1
192,1,14.75,36,11.064468408419,11.0909595970446,1
192,1,14.75,36,11.0909595970446,11.2430196676636,1
192,1,14.75,36,11.2430196676636,11.2613730278259,1
192,1,14.75,36,11.2613730278259,11.5908320160135,1
192,1,14.75,36,11.5908320160135,11.6833567694381,1
192,1,14.75,36,11.6833567694381,11.7145867947658,1
192,1,14.75,36,11.7145867947658,12.1009953007971,1
192,1,14.75,36,12.1009953007971,12.3999457031477,1
192,1,14.75,36,12.3999457031477,12.5941770402839,1
192,1,14.75,36,12.5941770402839,12.6699112777708,1
192,1,14.75,36,12.6699112777708,12.6815623177445,1
192,1,14.75,36,12.6815623177445,12.7317427626333,1
192,1,14.75,36,12.7317427626333,12.8791867777637,1
192,1,14.75,36,12.8791867777637,13.5816401717182,1
192,1,14.75,36,13.5816401717182,13.5971016673049,1
192,1,14.75,36,13.5971016673049,14.0859257462122,1
192,1,14.75,36,14.0859257462122,14.3577607766068,1
192,1,14.75,36,14.3577607766068,14.75,0
193,1,12.75,2,0,0.101771697587667,1
193,1,12.75,2,0.101771697587667,1.86348096035455,1
193,1,12.75,2,1.86348096035455,12.75,0
194,1,9.75,14,0,2.73703723457873,1
194,1,9.75,14,2.73703723457873,5.97366065946595,1
194,1,9.75,14,5.97366065946595,6.10821943272218,1
194,1,9.75,14,6.10821943272218,6.18619397084404,1
194,1,9.75,14,6.18619397084404,6.84755497973516,1
194,1,9.75,14,6.84755497973516,8.05297740900991,1
194,1,9.75,14,8.05297740900991,8.08574267057569,1
194,1,9.75,14,8.08574267057569,8.4568620827198,1
194,1,9.75,14,8.4568620827198,8.74219629963158,1
194,1,9.75,14,8.74219629963158,8.74611369346639,1
194,1,9.75,14,8.74611369346639,9.09079765775819,1
194,1,9.75,14,9.09079765775819,9.28105179033027,1
194,1,9.75,14,9.28105179033027,9.31987845628147,1
194,1,9.75,14,9.31987845628147,9.6962633809042,1
194,1,9.75,14,9.6962633809042,9.75,0
195,1,14.75,22,0,2.99525493749921,1
195,1,14.75,22,2.99525493749921,5.06316595147569,1
195,1,14.75,22,5.06316595147569,5.56153554129817,1
195,1,14.75,22,5.56153554129817,6.72809811811732,1
195,1,14.75,22,6.72809811811732,6.9839384471568,1
195,1,14.75,22,6.9839384471568,8.03827485018558,1
195,1,14.75,22,8.03827485018558,8.53724519509252,1
195,1,14.75,22,8.53724519509252,9.51618554730315,1
195,1,14.75,22,9.51618554730315,10.5569968625691,1
195,1,14.75,22,10.5569968625691,12.141877379174,1
195,1,14.75,22,12.141877379174,12.3472063035647,1
195,1,14.75,22,12.3472063035647,12.4084287406414,1
195,1,14.75,22,12.4084287406414,12.4752607574873,1
195,1,14.75,22,12.4752607574873,12.5443016007782,1
195,1,14.75,22,12.5443016007782,12.628514571362,1
195,1,14.75,22,12.628514571362,12.8267651273326,1
195,1,14.75,22,12.8267651273326,12.9746240615324,1
195,1,14.75,22,12.9746240615324,13.7080206825018,1
195,1,14.75,22,13.7080206825018,14.1127260176468,1
195,1,14.75,22,14.1127260176468,14.1500647662374,1
195,1,14.75,22,14.1500647662374,14.3264812028113,1
195,1,14.75,22,14.3264812028113,14.5061158250389,1
195,1,14.75,22,14.5061158250389,14.75,0
196,1,18.75,39,0,5.77135393768151,1
196,1,18.75,39,5.77135393768151,6.68212449967408,1
196,1,18.75,39,6.68212449967408,8.60263230025898,1
196,1,18.75,39,8.60263230025898,8.83384831847071,1
196,1,18.75,39,8.83384831847071,9.01297884392916,1
196,1,18.75,39,9.01297884392916,10.5015465091531,1
196,1,18.75,39,10.5015465091531,10.5215635929792,1
196,1,18.75,39,10.5215635929792,10.95010955308,1
196,1,18.75,39,10.95010955308,11.0504041724916,1
196,1,18.75,39,11.0504041724916,11.1307208052788,1
196,1,18.75,39,11.1307208052788,11.4777944234403,1
196,1,18.75,39,11.4777944234403,11.578113897845,1
196,1,18.75,39,11.578113897845,12.4983896695799,1
196,1,18.75,39,12.4983896695799,12.9151834569047,1
196,1,18.75,39,12.9151834569047,12.9882196202143,1
196,1,18.75,39,12.9882196202143,13.4571090657836,1
196,1,18.75,39,13.4571090657836,13.7728600334791,1
196,1,18.75,39,13.7728600334791,14.3454734023881,1
196,1,18.75,39,14.3454734023881,14.3903401009326,1
196,1,18.75,39,14.3903401009326,14.622937334066,1
196,1,18.75,39,14.622937334066,14.8041760686222,1
196,1,18.75,39,14.8041760686222,14.9262127053676,1
196,1,18.75,39,14.9262127053676,15.8031056603743,1
196,1,18.75,39,15.8031056603743,15.813810349972,1
196,1,18.75,39,15.813810349972,15.9015628948238,1
196,1,18.75,39,15.9015628948238,16.108528618908,1
196,1,18.75,39,16.108528618908,16.4154475176511,1
196,1,18.75,39,16.4154475176511,16.6636344277933,1
196,1,18.75,39,16.6636344277933,17.0515321375661,1
196,1,18.75,39,17.0515321375661,17.1599750176477,1
196,1,18.75,39,17.1599750176477,17.2410020251149,1
196,1,18.75,39,17.2410020251149,17.5739980138041,1
196,1,18.75,39,17.5739980138041,17.7152089106967,1
196,1,18.75,39,17.7152089106967,17.8531691968471,1
196,1,18.75,39,17.8531691968471,17.9799337345768,1
196,1,18.75,39,17.9799337345768,18.0141107855736,1
196,1,18.75,39,18.0141107855736,18.2511875529743,1
196,1,18.75,39,18.2511875529743,18.427290440022,1
196,1,18.75,39,18.427290440022,18.6680114590642,1
196,1,18.75,39,18.6680114590642,18.75,0
197,1,9.75,10,0,4.8036107585556,1
197,1,9.75,10,4.8036107585556,5.28547575524547,1
197,1,9.75,10,5.28547575524547,5.88673572084033,1
197,1,9.75,10,5.88673572084033,6.42148190310465,1
197,1,9.75,10,6.42148190310465,8.14272819677729,1
197,1,9.75,10,8.14272819677729,8.77009556037445,1
197,1,9.75,10,8.77009556037445,9.22416097649078,1
197,1,9.75,10,9.22416097649078,9.31380080524186,1
197,1,9.75,10,9.31380080524186,9.31400108839084,1
197,1,9.75,10,9.31400108839084,9.64211152816022,1
197,1,9.75,10,9.64211152816022,9.75,0
198,1,9.75,2,0,3.34823883439037,1
198,1,9.75,2,3.34823883439037,6.03829435920117,1
198,1,9.75,2,6.03829435920117,9.75,0
199,1,16.75,0,0,16.75,0
200,1,14.75,34,0,2.15930365376052,1
200,1,14.75,34,2.15930365376052,3.99907757370415,1
200,1,14.75,34,3.99907757370415,4.56826250167322,1
200,1,14.75,34,4.56826250167322,5.46042393529316,1
200,1,14.75,34,5.46042393529316,6.20254435669306,1
200,1,14.75,34,6.20254435669306,6.36659479957233,1
200,1,14.75,34,6.36659479957233,7.15186211323455,1
200,1,14.75,34,7.15186211323455,7.18499972821888,1
200,1,14.75,34,7.18499972821888,7.41644786718721,1
200,1,14.75,34,7.41644786718721,7.53280076055633,1
200,1,14.75,34,7.53280076055633,7.81713577603217,1
200,1,14.75,34,7.81713577603217,8.5732654057941,1
200,1,14.75,34,8.5732654057941,8.85747173315666,1
200,1,14.75,34,8.85747173315666,9.57586016456484,1
200,1,14.75,34,9.57586016456484,10.0141639479959,1
200,1,14.75,34,10.0141639479959,10.0917540913726,1
200,1,14.75,34,10.0917540913726,10.3806973860428,1
200,1,14.75,34,10.3806973860428,10.6465323280212,1
200,1,14.75,34,10.6465323280212,11.2396035814709,1
200,1,14.75,34,11.2396035814709,11.8275770721431,1
200,1,14.75,34,11.8275770721431,11.9032511000615,1
200,1,14.75,34,11.9032511000615,12.2280655845278,1
200,1,14.75,34,12.2280655845278,12.5409289235206,1
200,1,14.75,34,12.5409289235206,12.8647334976952,1
200,1,14.75,34,12.8647334976952,12.8703594833747,1
200,1,14.75,34,12.8703594833747,12.8967087060068,1
200,1,14.75,34,12.8967087060068,13.1864967519861,1
200,1,14.75,34,13.1864967519861,13.7607067332461,1
200,1,14.75,34,13.7607067332461,13.7714783171132,1
200,1,14.75,34,13.7714783171132,13.8512492386057,1
200,1,14.75,34,13.8512492386057,14.0578066623457,1
200,1,14.75,34,14.0578066623457,14.3645188338335,1
200,1,14.75,34,14.3645188338335,14.5162519194606,1
200,1,14.75,34,14.5162519194606,14.5579104379634,1
200,1,14.75,34,14.5579104379634,14.75,0
201,1,14.75,58,0,2.18417533143522,1
201,1,14.75,58,2.18417533143522,3.20057952929005,1
201,1,14.75,58,3.20057952929005,3.29937920334847,1
201,1,14.75,58,3.29937920334847,3.64333326252486,1
201,1,14.75,58,3.64333326252486,4.16430519491831,1
201,1,14.75,58,4.16430519491831,4.98141781309272,1
201,1,14.75,58,4.98141781309272,5.04624989347445,1
201,1,14.75,58,5.04624989347445,5.56575414739735,1
201,1,14.75,58,5.56575414739735,5.90114344028439,1
201,1,14.75,58,5.90114344028439,5.9435725851506,1
201,1,14.75,58,5.9435725851506,6.42405236738902,1
201,1,14.75,58,6.42405236738902,6.46577782411955,1
201,1,14.75,58,6.46577782411955,7.28835354611552,1
201,1,14.75,58,7.28835354611552,7.68494708267021,1
201,1,14.75,58,7.68494708267021,7.89030281941846,1
201,1,14.75,58,7.89030281941846,8.34479287664031,1
201,1,14.75,58,8.34479287664031,9.23443632139118,1
201,1,14.75,58,9.23443632139118,9.67031425885773,1
201,1,14.75,58,9.67031425885773,9.78215872646352,1
201,1,14.75,58,9.78215872646352,9.8791366815287,1
201,1,14.75,58,9.8791366815287,9.89501840426147,1
201,1,14.75,58,9.89501840426147,10.1580023802633,1
201,1,14.75,58,10.1580023802633,10.3887469412528,1
201,1,14.75,58,10.3887469412528,10.5197580347808,1
201,1,14.75,58,10.5197580347808,10.5469695261346,1
201,1,14.75,58,10.5469695261346,11.0980542564807,1
201,1,14.75,58,11.0980542564807,11.1909346559757,1
201,1,14.75,58,11.1909346559757,11.7303657286914,1
201,1,14.75,58,11.7303657286914,11.9997741995707,1
201,1,14.75,58,11.9997741995707,12.0374296942961,1
201,1,14.75,58,12.0374296942961,12.132720690431,1
201,1,14.75,58,12.132720690431,12.536873532566,1
201,1,14.75,58,12.536873532566,12.5627379267267,1
201,1,14.75,58,12.5627379267267,12.5840991408533,1
201,1,14.75,58,12.5840991408533,12.626885471946,1
201,1,14.75,58,12.626885471946,12.6991140194048,1
201,1,14.75,58,12.6991140194048,12.7560814603883,1
201,1,14.75,58,12.7560814603883,12.8106932635315,1
201,1,14.75,58,12.8106932635315,12.8842977976772,1
201,1,14.75,58,12.8842977976772,13.0449358271104,1
201,1,14.75,58,13.0449358271104,13.0743256853236,1
201,1,14.75,58,13.0743256853236,13.2841699709544,1
201,1,14.75,58,13.2841699709544,13.336214153025,1
201,1,14.75,58,13.336214153025,13.3848345639033,1
201,1,14.75,58,13.3848345639033,13.4495899875515,1
201,1,14.75,58,13.4495899875515,13.5477588681977,1
201,1,14.75,58,13.5477588681977,13.5551026351747,1
201,1,14.75,58,13.5551026351747,13.6496184626014,1
201,1,14.75,58,13.6496184626014,13.9089972131148,1
201,1,14.75,58,13.9089972131148,14.0982373087544,1
201,1,14.75,58,14.0982373087544,14.1592941240245,1
201,1,14.75,58,14.1592941240245,14.1699358156132,1
201,1,14.75,58,14.1699358156132,14.2593583460767,1
201,1,14.75,58,14.2593583460767,14.2620557047591,1
201,1,14.75,58,14.2620557047591,14.2891955646251,1
201,1,14.75,58,14.2891955646251,14.4055362665552,1
201,1,14.75,58,14.4055362665552,14.548226697588,1
201,1,14.75,58,14.548226697588,14.6973852166329,1
201,1,14.75,58,14.6973852166329,14.75,0
202,1,14.75,1,0,4.21888407365437,1
202,1,14.75,1,4.21888407365437,14.75,0
203,1,15.75,3,0,1.09757748885557,1
203,1,15.75,3,1.09757748885557,6.2003603754349,1
203,1,15.75,3,6.2003603754349,15.0293762325439,1
203,1,15.75,3,15.0293762325439,15.75,0
204,1,12.75,1,0,0.356489697087066,1
204,1,12.75,1,0.356489697087066,12.75,0
205,1,13.75,31,0,3.95236616400794,1
205,1,13.75,31,3.95236616400794,4.16373868273982,1
205,1,13.75,31,4.16373868273982,4.83793929024921,1
205,1,13.75,31,4.83793929024921,4.90424428521099,1
205,1,13.75,31,4.90424428521099,5.42410534907118,1
205,1,13.75,31,5.42410534907118,5.43734033745232,1
205,1,13.75,31,5.43734033745232,5.49114624855439,1
205,1,13.75,31,5.49114624855439,6.41467915741687,1
205,1,13.75,31,6.41467915741687,6.48664693906532,1
205,1,13.75,31,6.48664693906532,6.80324014086635,1
205,1,13.75,31,6.80324014086635,6.83014678182216,1
205,1,13.75,31,6.83014678182216,8.08852322192413,1
205,1,13.75,31,8.08852322192413,8.17898466475378,1
205,1,13.75,31,8.17898466475378,8.38674175313062,1
205,1,13.75,31,8.38674175313062,8.68488290670488,1
205,1,13.75,31,8.68488290670488,8.79690687535221,1
205,1,13.75,31,8.79690687535221,9.0766706749056,1
205,1,13.75,31,9.0766706749056,9.14645449795392,1
205,1,13.75,31,9.14645449795392,9.28716653229507,1
205,1,13.75,31,9.28716653229507,9.80705055382191,1
205,1,13.75,31,9.80705055382191,10.0859935167422,1
205,1,13.75,31,10.0859935167422,10.8464153874962,1
205,1,13.75,31,10.8464153874962,10.9857356784779,1
205,1,13.75,31,10.9857356784779,11.4652526294002,1
205,1,13.75,31,11.4652526294002,11.571125840961,1
205,1,13.75,31,11.571125840961,11.8093261685705,1
205,1,13.75,31,11.8093261685705,11.821328225527,1
205,1,13.75,31,11.821328225527,12.3727443228581,1
205,1,13.75,31,12.3727443228581,13.033915508385,1
205,1,13.75,31,13.033915508385,13.1783520279539,1
205,1,13.75,31,13.1783520279539,13.2317153337843,1
205,1,13.75,31,13.2317153337843,13.75,0
206,1,17.75,43,0,2.88341862480145,1
206,1,17.75,43,2.88341862480145,4.82627039678583,1
206,1,17.75,43,4.82627039678583,5.89467620698345,1
206,1,17.75,43,5.89467620698345,6.68722819721178,1
206,1,17.75,43,6.68722819721178,7.44499924218816,1
206,1,17.75,43,7.44499924218816,7.92860873772683,1
206,1,17.75,43,7.92860873772683,8.37662595061785,1
206,1,17.75,43,8.37662595061785,8.65610848531393,1
206,1,17.75,43,8.65610848531393,8.79772199058864,1
206,1,17.75,43,8.79772199058864,8.83734765617648,1
206,1,17.75,43,8.83734765617648,8.93193991168373,1
206,1,17.75,43,8.93193991168373,9.21041222280706,1
206,1,17.75,43,9.21041222280706,9.53014600451205,1
206,1,17.75,43,9.53014600451205,9.56878990755023,1
206,1,17.75,43,9.56878990755023,9.67811993149936,1
206,1,17.75,43,9.67811993149936,10.4481413498773,1
206,1,17.75,43,10.4481413498773,11.2152847234399,1
206,1,17.75,43,11.2152847234399,11.5681419412643,1
206,1,17.75,43,11.5681419412643,11.8481783248397,1
206,1,17.75,43,11.8481783248397,13.4983654578751,1
206,1,17.75,43,13.4983654578751,13.5236519209356,1
206,1,17.75,43,13.5236519209356,13.8304530894987,1
206,1,17.75,43,13.8304530894987,14.306792822176,1
206,1,17.75,43,14.306792822176,14.5196115562598,1
206,1,17.75,43,14.5196115562598,14.6317473321306,1
206,1,17.75,43,14.6317473321306,14.7279062637739,1
206,1,17.75,43,14.7279062637739,14.7846126371503,1
206,1,17.75,43,14.7846126371503,14.9170946460332,1
206,1,17.75,43,14.9170946460332,15.0461684503497,1
206,1,17.75,43,15.0461684503497,15.0885159329106,1
206,1,17.75,43,15.0885159329106,15.4837691870463,1
206,1,17.75,43,15.4837691870463,15.5217288031844,1
206,1,17.75,43,15.5217288031844,15.5322825541556,1
206,1,17.75,43,15.5322825541556,15.541581635095,1
206,1,17.75,43,15.541581635095,16.0546284570575,1
206,1,17.75,43,16.0546284570575,16.9302467053863,1
206,1,17.75,43,16.9302467053863,17.0113987673842,1
206,1,17.75,43,17.0113987673842,17.1100758110593,1
206,1,17.75,43,17.1100758110593,17.2281586909802,1
206,1,17.75,43,17.2281586909802,17.2615465804562,1
206,1,17.75,43,17.2615465804562,17.2973347051937,1
206,1,17.75,43,17.2973347051937,17.4620774000669,1
206,1,17.75,43,17.4620774000669,17.6749431934805,1
206,1,17.75,43,17.6749431934805,17.75,0
207,1,10.75,6,0,0.69174602038769,1
207,1,10.75,6,0.69174602038769,2.7969601910925,1
207,1,10.75,6,2.7969601910925,3.33609803109394,1
207,1,10.75,6,3.33609803109394,3.69372468744847,1
207,1,10.75,6,3.69372468744847,3.72880012360764,1
207,1,10.75,6,3.72880012360764,9.52781336114553,1
207,1,10.75,6,9.52781336114553,10.75,0
208,1,15.75,39,0,4.14848880308347,1
208,1,15.75,39,4.14848880308347,4.85486058259714,1
208,1,15.75,39,4.85486058259714,5.36325400014777,1
208,1,15.75,39,5.36325400014777,5.56419450672917,1
208,1,15.75,39,5.56419450672917,5.65457234623948,1
208,1,15.75,39,5.65457234623948,5.7544021336926,1
208,1,15.75,39,5.7544021336926,7.00383226437545,1
208,1,15.75,39,7.00383226437545,8.26217838375743,1
208,1,15.75,39,8.26217838375743,9.27876522479646,1
208,1,15.75,39,9.27876522479646,9.35144932009808,1
208,1,15.75,39,9.35144932009808,9.99501464916345,1
208,1,15.75,39,9.99501464916345,10.136437213388,1
208,1,15.75,39,10.136437213388,10.2071779055236,1
208,1,15.75,39,10.2071779055236,10.2294388898767,1
208,1,15.75,39,10.2294388898767,10.665485487373,1
208,1,15.75,39,10.665485487373,10.8136534548057,1
208,1,15.75,39,10.8136534548057,10.8476291772682,1
208,1,15.75,39,10.8476291772682,12.1205683066986,1
208,1,15.75,39,12.1205683066986,12.1709523983045,1
208,1,15.75,39,12.1709523983045,12.584247062908,1
208,1,15.75,39,12.584247062908,12.7083816630542,1
208,1,15.75,39,12.7083816630542,12.8550284481115,1
208,1,15.75,39,12.8550284481115,13.071208987853,1
208,1,15.75,39,13.071208987853,13.0729858062885,1
208,1,15.75,39,13.0729858062885,13.312640618428,1
208,1,15.75,39,13.312640618428,13.3360229906791,1
208,1,15.75,39,13.3360229906791,13.4194509654801,1
208,1,15.75,39,13.4194509654801,13.4865133613414,1
208,1,15.75,39,13.4865133613414,13.7907698285255,1
208,1,15.75,39,13.7907698285255,13.8971406524092,1
208,1,15.75,39,13.8971406524092,13.948127242657,1
208,1,15.75,39,13.948127242657,14.0248968809585,1
208,1,15.75,39,14.0248968809585,14.1522558942428,1
208,1,15.75,39,14.1522558942428,14.266907297349,1
208,1,15.75,39,14.266907297349,14.4721753134102,1
208,1,15.75,39,14.4721753134102,14.6724767344109,1
208,1,15.75,39,14.6724767344109,15.2281755458041,1
208,1,15.75,39,15.2281755458041,15.283624499746,1
208,1,15.75,39,15.283624499746,15.5856385570362,1
208,1,15.75,39,15.5856385570362,15.75,0
209,1,17.75,1,0,11.8057673330005,1
209,1,17.75,1,11.8057673330005,17.75,0
210,1,8.75,3,0,1.48629283402111,1
210,1,8.75,3,1.48629283402111,2.64511786359128,1
210,1,8.75,3,2.64511786359128,2.999610283232,1
210,1,8.75,3,2.999610283232,8.75,0
211,1,20.75,5,0,5.37256336101298,1
211,1,20.75,5,5.37256336101298,5.80938586050493,1
211,1,20.75,5,5.80938586050493,13.7266239477094,1
211,1,20.75,5,13.7266239477094,15.9814141590425,1
211,1,20.75,5,15.9814141590425,18.6642863715367,1
211,1,20.75,5,18.6642863715367,20.75,0
212,1,11.75,0,0,11.75,0
213,1,8.75,34,0,1.65697429595007,1
213,1,8.75,34,1.65697429595007,1.93577447610601,1
213,1,8.75,34,1.93577447610601,2.19645255812075,1
213,1,8.75,34,2.19645255812075,3.2791133686842,1
213,1,8.75,34,3.2791133686842,4.09116417224326,1
213,1,8.75,34,4.09116417224326,4.09124334194922,1
213,1,8.75,34,4.09124334194922,5.08441775927931,1
213,1,8.75,34,5.08441775927931,5.1650545929787,1
213,1,8.75,34,5.1650545929787,5.34042347255558,1
213,1,8.75,34,5.34042347255558,5.58887035450733,1
213,1,8.75,34,5.58887035450733,5.69119220092074,1
213,1,8.75,34,5.69119220092074,5.7103289086757,1
213,1,8.75,34,5.7103289086757,5.77623763016233,1
213,1,8.75,34,5.77623763016233,5.94140751034238,1
213,1,8.75,34,5.94140751034238,5.98640766332199,1
213,1,8.75,34,5.98640766332199,5.98760150239956,1
213,1,8.75,34,5.98760150239956,6.48089441409263,1
213,1,8.75,34,6.48089441409263,6.62697757907905,1
213,1,8.75,34,6.62697757907905,6.70900302171984,1
213,1,8.75,34,6.70900302171984,6.72398066612444,1
213,1,8.75,34,6.72398066612444,7.06996738693596,1
213,1,8.75,34,7.06996738693596,7.27873445265512,1
213,1,8.75,34,7.27873445265512,7.33377169396644,1
213,1,8.75,34,7.33377169396644,7.36743386028178,1
213,1,8.75,34,7.36743386028178,7.48951393064264,1
213,1,8.75,34,7.48951393064264,7.59189390102007,1
213,1,8.75,34,7.59189390102007,7.88914964748514,1
213,1,8.75,34,7.88914964748514,8.04902116376897,1
213,1,8.75,34,8.04902116376897,8.06383696629948,1
213,1,8.75,34,8.06383696629948,8.13942648667876,1
213,1,8.75,34,8.13942648667876,8.24175746738423,1
213,1,8.75,34,8.24175746738423,8.24395753664561,1
213,1,8.75,34,8.24395753664561,8.46908894336484,1
213,1,8.75,34,8.46908894336484,8.61141185469317,1
213,1,8.75,34,8.61141185469317,8.75,0
214,1,9.75,7,0,2.31761493612605,1
214,1,9.75,7,2.31761493612605,4.00824924899672,1
214,1,9.75,7,4.00824924899672,5.05655040707045,1
214,1,9.75,7,5.05655040707045,7.23174509581364,1
214,1,9.75,7,7.23174509581364,7.85203089806798,1
214,1,9.75,7,7.85203089806798,8.70777694339002,1
214,1,9.75,7,8.70777694339002,9.01417056284709,1
214,1,9.75,7,9.01417056284709,9.75,0
215,1,14.75,4,0,0.0230072620160555,1
215,1,14.75,4,0.0230072620160555,0.247694691605315,1
215,1,14.75,4,0.247694691605315,2.90867230964442,1
215,1,14.75,4,2.90867230964442,3.13355937235347,1
215,1,14.75,4,3.13355937235347,14.75,0
216,1,14.75,2,0,4.68567736394841,1
216,1,14.75,2,4.68567736394841,5.67442001479835,1
216,1,14.75,2,5.67442001479835,14.75,0
217,1,13.75,0,0,13.75,0
218,1,14.75,4,0,0.0941368821489033,1
218,1,14.75,4,0.0941368821489033,7.4417258359455,1
218,1,14.75,4,7.4417258359455,10.8186876852526,1
218,1,14.75,4,10.8186876852526,11.9880690820334,1
218,1,14.75,4,11.9880690820334,14.75,0
219,1,18.75,6,0,0.781067810444301,1
219,1,18.75,6,0.781067810444301,0.795903174527586,1
219,1,18.75,6,0.795903174527586,4.24031818410261,1
219,1,18.75,6,4.24031818410261,7.50338658195148,1
219,1,18.75,6,7.50338658195148,9.4982133919482,1
219,1,18.75,6,9.4982133919482,9.87826411558489,1
219,1,18.75,6,9.87826411558489,18.75,0
220,1,8.75,16,0,2.64492162343655,1
220,1,8.75,16,2.64492162343655,3.66617175730158,1
220,1,8.75,16,3.66617175730158,4.18764128385642,1
220,1,8.75,16,4.18764128385642,4.29326554604139,1
220,1,8.75,16,4.29326554604139,4.53586674457316,1
220,1,8.75,16,4.53586674457316,5.19999613047712,1
220,1,8.75,16,5.19999613047712,6.42950371696085,1
220,1,8.75,16,6.42950371696085,7.23667912246912,1
220,1,8.75,16,7.23667912246912,7.46858000714326,1
220,1,8.75,16,7.46858000714326,8.1826723792314,1
220,1,8.75,16,8.1826723792314,8.23850031280203,1
220,1,8.75,16,8.23850031280203,8.29074708120359,1
220,1,8.75,16,8.29074708120359,8.40296233566957,1
220,1,8.75,16,8.40296233566957,8.45069003234769,1
220,1,8.75,16,8.45069003234769,8.46342294651622,1
220,1,8.75,16,8.46342294651622,8.46464286901931,1
220,1,8.75,16,8.46464286901931,8.75,0
221,1,11.75,3,0,1.74042129369365,1
221,1,11.75,3,1.74042129369365,5.29702125759395,1
221,1,11.75,3,5.29702125759395,6.01184542810631,1
221,1,11.75,3,6.01184542810631,11.75,0
222,1,8.75,5,0,0.185189513343932,1
222,1,8.75,5,0.185189513343932,0.818465782807195,1
222,1,8.75,5,0.818465782807195,4.89707947683805,1
222,1,8.75,5,4.89707947683805,5.32718046595648,1
222,1,8.75,5,5.32718046595648,8.33070465299059,1
222,1,8.75,5,8.33070465299059,8.75,0
223,1,14.75,1,0,4.45826714579022,1
223,1,14.75,1,4.45826714579022,14.75,0
224,1,15.75,90,0,3.07505992992607,1
224,1,15.75,90,3.07505992992607,3.27454515608842,1
224,1,15.75,90,3.27454515608842,4.45438582666211,1
224,1,15.75,90,4.45438582666211,4.60825355569405,1
224,1,15.75,90,4.60825355569405,4.61247144123543,1
224,1,15.75,90,4.61247144123543,4.80605836519191,1
224,1,15.75,90,4.80605836519191,4.92787732703304,1
224,1,15.75,90,4.92787732703304,4.97871121546389,1
224,1,15.75,90,4.97871121546389,5.52161946661872,1
224,1,15.75,90,5.52161946661872,5.8431403035053,1
224,1,15.75,90,5.8431403035053,6.081861396328,1
224,1,15.75,90,6.081861396328,6.73347193242245,1
224,1,15.75,90,6.73347193242245,6.95649837160074,1
224,1,15.75,90,6.95649837160074,7.00086472793947,1
224,1,15.75,90,7.00086472793947,7.09995439194049,1
224,1,15.75,90,7.09995439194049,7.14677531885187,1
224,1,15.75,90,7.14677531885187,7.23959717258012,1
224,1,15.75,90,7.23959717258012,7.84448926269993,1
224,1,15.75,90,7.84448926269993,7.86988764150835,1
224,1,15.75,90,7.86988764150835,7.89536455455764,1
224,1,15.75,90,7.89536455455764,7.93143399454285,1
224,1,15.75,90,7.93143399454285,8.28141296392609,1
224,1,15.75,90,8.28141296392609,8.30693749350952,1
224,1,15.75,90,8.30693749350952,8.31580613240079,1
224,1,15.75,90,8.31580613240079,8.51167050684135,1
224,1,15.75,90,8.51167050684135,8.80202200090118,1
224,1,15.75,90,8.80202200090118,8.87951438881505,1
224,1,15.75,90,8.87951438881505,8.89501010527327,1
224,1,15.75,90,8.89501010527327,9.0351023521081,1
224,1,15.75,90,9.0351023521081,9.08577740280284,1
224,1,15.75,90,9.08577740280284,9.43734962257786,1
224,1,15.75,90,9.43734962257786,9.7703907735453,1
224,1,15.75,90,9.7703907735453,9.85065873981576,1
224,1,15.75,90,9.85065873981576,10.2535821387746,1
224,1,15.75,90,10.2535821387746,10.3688225391528,1
224,1,15.75,90,10.3688225391528,10.548528257994,1
224,1,15.75,90,10.548528257994,10.7528535666544,1
224,1,15.75,90,10.7528535666544,10.8493045378075,1
224,1,15.75,90,10.8493045378075,10.933573820224,1
224,1,15.75,90,10.933573820224,10.9774030973023,1
224,1,15.75,90,10.9774030973023,11.0202241460158,1
224,1,15.75,90,11.0202241460158,11.073544750415,1
224,1,15.75,90,11.073544750415,11.1772566030251,1
224,1,15.75,90,11.1772566030251,11.1959075926872,1
224,1,15.75,90,11.1959075926872,11.2427225301712,1
224,1,15.75,90,11.2427225301712,11.2609089403473,1
224,1,15.75,90,11.2609089403473,11.3977586059571,1
224,1,15.75,90,11.3977586059571,11.4522990986049,1
224,1,15.75,90,11.4522990986049,11.4933471796086,1
224,1,15.75,90,11.4933471796086,11.5383387649686,1
224,1,15.75,90,11.5383387649686,12.0316404206533,1
224,1,15.75,90,12.0316404206533,12.1488844982343,1
224,1,15.75,90,12.1488844982343,12.3034031019195,1
224,1,15.75,90,12.3034031019195,12.7666505867398,1
224,1,15.75,90,12.7666505867398,12.7801020846885,1
224,1,15.75,90,12.7801020846885,12.7930715934241,1
224,1,15.75,90,12.7930715934241,12.9104279748267,1
224,1,15.75,90,12.9104279748267,12.9493965449126,1
224,1,15.75,90,12.9493965449126,12.9726231941939,1
224,1,15.75,90,12.9726231941939,13.1620751571908,1
224,1,15.75,90,13.1620751571908,13.1750923541102,1
224,1,15.75,90,13.1750923541102,13.307605890323,1
224,1,15.75,90,13.307605890323,13.3266705633836,1
224,1,15.75,90,13.3266705633836,13.4838109891197,1
224,1,15.75,90,13.4838109891197,13.4932103871248,1
224,1,15.75,90,13.4932103871248,13.5973564656641,1
224,1,15.75,90,13.5973564656641,13.6189461989458,1
224,1,15.75,90,13.6189461989458,13.7047030099246,1
224,1,15.75,90,13.7047030099246,13.774382079493,1
224,1,15.75,90,13.774382079493,14.0483918403778,1
224,1,15.75,90,14.0483918403778,14.1630257614686,1
224,1,15.75,90,14.1630257614686,14.3207683756872,1
224,1,15.75,90,14.3207683756872,14.6049176757701,1
224,1,15.75,90,14.6049176757701,14.6140666092752,1
224,1,15.75,90,14.6140666092752,14.6260912396168,1
224,1,15.75,90,14.6260912396168,14.7101299084175,1
224,1,15.75,90,14.7101299084175,14.8827567528152,1
224,1,15.75,90,14.8827567528152,14.9270592318158,1
224,1,15.75,90,14.9270592318158,14.9468222296756,1
224,1,15.75,90,14.9468222296756,15.0427031371177,1
224,1,15.75,90,15.0427031371177,15.0847032648301,1
224,1,15.75,90,15.0847032648301,15.0952742916934,1
224,1,15.75,90,15.0952742916934,15.0974600878984,1
224,1,15.75,90,15.0974600878984,15.2278949846589,1
224,1,15.75,90,15.2278949846589,15.2442122510345,1
224,1,15.75,90,15.2442122510345,15.3157643503793,1
224,1,15.75,90,15.3157643503793,15.3476949611072,1
224,1,15.75,90,15.3476949611072,15.3736919591154,1
224,1,15.75,90,15.3736919591154,15.5660065595239,1
224,1,15.75,90,15.5660065595239,15.7031250922353,1
224,1,15.75,90,15.7031250922353,15.75,0
225,1,13.75,32,0,2.92953995293469,1
225,1,13.75,32,2.92953995293469,3.9802158178513,1
225,1,13.75,32,3.9802158178513,5.42109982040966,1
225,1,13.75,32,5.42109982040966,6.2362783241988,1
225,1,13.75,32,6.2362783241988,6.30311320603702,1
225,1,13.75,32,6.30311320603702,6.32164076044068,1
225,1,13.75,32,6.32164076044068,6.56133432086162,1
225,1,13.75,32,6.56133432086162,6.58316213636236,1
225,1,13.75,32,6.58316213636236,6.62122885471436,1
225,1,13.75,32,6.62122885471436,7.45979057421982,1
225,1,13.75,32,7.45979057421982,7.71074834943541,1
225,1,13.75,32,7.71074834943541,7.83016953723433,1
225,1,13.75,32,7.83016953723433,8.06802730346215,1
225,1,13.75,32,8.06802730346215,8.2392335950157,1
225,1,13.75,32,8.2392335950157,9.21387903578922,1
225,1,13.75,32,9.21387903578922,9.67308978607799,1
225,1,13.75,32,9.67308978607799,10.5460747436728,1
225,1,13.75,32,10.5460747436728,10.6651423993099,1
225,1,13.75,32,10.6651423993099,10.7339246383343,1
225,1,13.75,32,10.7339246383343,10.7988566527767,1
225,1,13.75,32,10.7988566527767,10.8539994210948,1
225,1,13.75,32,10.8539994210948,11.3014673301167,1
225,1,13.75,32,11.3014673301167,11.4787213489455,1
225,1,13.75,32,11.4787213489455,11.5451835716097,1
225,1,13.75,32,11.5451835716097,11.7721608198643,1
225,1,13.75,32,11.7721608198643,11.7775410122994,1
225,1,13.75,32,11.7775410122994,11.9915649858401,1
225,1,13.75,32,11.9915649858401,13.2928406466698,1
225,1,13.75,32,13.2928406466698,13.3640079467275,1
225,1,13.75,32,13.3640079467275,13.3729537898557,1
225,1,13.75,32,13.3729537898557,13.4388343561673,1
225,1,13.75,32,13.4388343561673,13.5978100884477,1
225,1,13.75,32,13.5978100884477,13.75,0
226,1,14.75,2,0,2.22577098992375,1
226,1,14.75,2,2.22577098992375,2.32951031144305,1
226,1,14.75,2,2.32951031144305,14.75,0
227,1,16.75,1,0,1.85521786086955,1
227,1,16.75,1,1.85521786086955,16.75,0
228,1,20.75,3,0,0.00234463798022528,1
228,1,20.75,3,0.00234463798022528,12.1709589706026,1
228,1,20.75,3,12.1709589706026,17.3892012496856,1
228,1,20.75,3,17.3892012496856,20.75,0
229,1,18.75,57,0,2.71716380898828,1
229,1,18.75,57,2.71716380898828,3.99024490681445,1
229,1,18.75,57,3.99024490681445,4.34093910070588,1
229,1,18.75,57,4.34093910070588,4.7833493296262,1
229,1,18.75,57,4.7833493296262,5.06467703722147,1
229,1,18.75,57,5.06467703722147,5.25573406940489,1
229,1,18.75,57,5.25573406940489,6.7052588949669,1
229,1,18.75,57,6.7052588949669,7.25824600859306,1
229,1,18.75,57,7.25824600859306,7.3169994518884,1
229,1,18.75,57,7.3169994518884,7.40906034966897,1
229,1,18.75,57,7.40906034966897,7.41746061461044,1
229,1,18.75,57,7.41746061461044,8.1720164498341,1
229,1,18.75,57,8.1720164498341,8.35649837450424,1
229,1,18.75,57,8.35649837450424,8.47777829075857,1
229,1,18.75,57,8.47777829075857,8.61154853059487,1
229,1,18.75,57,8.61154853059487,9.08898186033654,1
229,1,18.75,57,9.08898186033654,9.10485480816062,1
229,1,18.75,57,9.10485480816062,9.53146579162513,1
229,1,18.75,57,9.53146579162513,10.0360673381511,1
229,1,18.75,57,10.0360673381511,10.0645134960645,1
229,1,18.75,57,10.0645134960645,10.1022918645293,1
229,1,18.75,57,10.1022918645293,10.2055749455471,1
229,1,18.75,57,10.2055749455471,10.6032514593684,1
229,1,18.75,57,10.6032514593684,11.3039084475654,1
229,1,18.75,57,11.3039084475654,11.4309466674145,1
229,1,18.75,57,11.4309466674145,11.9353588961761,1
229,1,18.75,57,11.9353588961761,12.0978645857927,1
229,1,18.75,57,12.0978645857927,12.7839786526536,1
229,1,18.75,57,12.7839786526536,13.2090323095098,1
229,1,18.75,57,13.2090323095098,13.7369207893661,1
229,1,18.75,57,13.7369207893661,13.9422004182737,1
229,1,18.75,57,13.9422004182737,14.074685040318,1
229,1,18.75,57,14.074685040318,14.1083439840371,1
229,1,18.75,57,14.1083439840371,14.543713974537,1
229,1,18.75,57,14.543713974537,14.7597548816557,1
229,1,18.75,57,14.7597548816557,14.8964215111618,1
229,1,18.75,57,14.8964215111618,15.3528577320034,1
229,1,18.75,57,15.3528577320034,15.626821478526,1
229,1,18.75,57,15.626821478526,15.7714313793591,1
229,1,18.75,57,15.7714313793591,15.85708042114,1
229,1,18.75,57,15.85708042114,16.121395377722,1
229,1,18.75,57,16.121395377722,16.6925448238889,1
229,1,18.75,57,16.6925448238889,16.8887338132336,1
229,1,18.75,57,16.8887338132336,16.8893155959788,1
229,1,18.75,57,16.8893155959788,16.8921714200423,1
229,1,18.75,57,16.8921714200423,16.9827100705172,1
229,1,18.75,57,16.9827100705172,17.0910564416286,1
229,1,18.75,57,17.0910564416286,17.4620483055222,1
229,1,18.75,57,17.4620483055222,17.5021593901454,1
229,1,18.75,57,17.5021593901454,17.534155717087,1
229,1,18.75,57,17.534155717087,17.5721157518074,1
229,1,18.75,57,17.5721157518074,17.631972654318,1
229,1,18.75,57,17.631972654318,17.7247892513546,1
229,1,18.75,57,17.7247892513546,17.9404419557643,1
229,1,18.75,57,17.9404419557643,18.3735439920762,1
229,1,18.75,57,18.3735439920762,18.4128929699868,1
229,1,18.75,57,18.4128929699868,18.4428941517433,1
229,1,18.75,57,18.4428941517433,18.75,0
230,1,13.75,22,0,2.18386432278547,1
230,1,13.75,22,2.18386432278547,2.98800923675247,1
230,1,13.75,22,2.98800923675247,5.81504709576395,1
230,1,13.75,22,5.81504709576395,7.27283630639556,1
230,1,13.75,22,7.27283630639556,7.31874240253991,1
230,1,13.75,22,7.31874240253991,7.87899416747154,1
230,1,13.75,22,7.87899416747154,7.94588022324195,1
230,1,13.75,22,7.94588022324195,8.55047006509168,1
230,1,13.75,22,8.55047006509168,9.08265542521092,1
230,1,13.75,22,9.08265542521092,9.54344456856148,1
230,1,13.75,22,9.54344456856148,10.5581277888347,1
230,1,13.75,22,10.5581277888347,10.8219666885753,1
230,1,13.75,22,10.8219666885753,11.7155764430872,1
230,1,13.75,22,11.7155764430872,12.1535306753954,1
230,1,13.75,22,12.1535306753954,12.2736706199824,1
230,1,13.75,22,12.2736706199824,12.8293269624929,1
230,1,13.75,22,12.8293269624929,13.1706250639699,1
230,1,13.75,22,13.1706250639699,13.1767579364277,1
230,1,13.75,22,13.1767579364277,13.2488501876635,1
230,1,13.75,22,13.2488501876635,13.6271739414379,1
230,1,13.75,22,13.6271739414379,13.7358624785919,1
230,1,13.75,22,13.7358624785919,13.7467446752116,1
230,1,13.75,22,13.7467446752116,13.75,0
231,1,14.75,3,0,0.0787139284776065,1
231,1,14.75,3,0.0787139284776065,2.00958796416672,1
231,1,14.75,3,2.00958796416672,8.8425876119798,1
231,1,14.75,3,8.8425876119798,14.75,0
232,1,10.75,0,0,10.75,0
233,1,11.75,13,0,4.3792821169413,1
233,1,11.75,13,4.3792821169413,5.81186837542422,1
233,1,11.75,13,5.81186837542422,6.96177615769805,1
233,1,11.75,13,6.96177615769805,7.75811793814106,1
233,1,11.75,13,7.75811793814106,8.49072398356474,1
233,1,11.75,13,8.49072398356474,8.63950077648954,1
233,1,11.75,13,8.63950077648954,9.86094141978649,1
233,1,11.75,13,9.86094141978649,10.081039619962,1
233,1,11.75,13,10.081039619962,10.4405098804057,1
233,1,11.75,13,10.4405098804057,10.7362614572576,1
233,1,11.75,13,10.7362614572576,10.8296459362908,1
233,1,11.75,13,10.8296459362908,10.8801984897493,1
233,1,11.75,13,10.8801984897493,11.7114348035415,1
233,1,11.75,13,11.7114348035415,11.75,0
234,1,13.75,0,0,13.75,0
235,1,17.75,6,0,2.78488795109739,1
235,1,17.75,6,2.78488795109739,9.30637529362459,1
235,1,17.75,6,9.30637529362459,9.6077122550078,1
235,1,17.75,6,9.6077122550078,11.9836235557804,1
235,1,17.75,6,11.9836235557804,13.8853014186334,1
235,1,17.75,6,13.8853014186334,13.9397115181169,1
235,1,17.75,6,13.9397115181169,17.75,0
236,1,18.75,86,0,3.12468175903876,1
236,1,18.75,86,3.12468175903876,5.52514632886051,1
236,1,18.75,86,5.52514632886051,5.63848561778874,1
236,1,18.75,86,5.63848561778874,6.02004583320304,1
236,1,18.75,86,6.02004583320304,6.28832010938366,1
236,1,18.75,86,6.28832010938366,6.81498160145248,1
236,1,18.75,86,6.81498160145248,7.11780223640565,1
236,1,18.75,86,7.11780223640565,8.26459089493479,1
236,1,18.75,86,8.26459089493479,8.37349503842535,1
236,1,18.75,86,8.37349503842535,8.73107628329681,1
236,1,18.75,86,8.73107628329681,8.82771279182073,1
236,1,18.75,86,8.82771279182073,8.97436227309591,1
236,1,18.75,86,8.97436227309591,8.97819401704501,1
236,1,18.75,86,8.97819401704501,9.17367580098293,1
236,1,18.75,86,9.17367580098293,9.66445150764278,1
236,1,18.75,86,9.66445150764278,9.68894173556988,1
236,1,18.75,86,9.68894173556988,10.7350326392819,1
236,1,18.75,86,10.7350326392819,11.0721292498126,1
236,1,18.75,86,11.0721292498126,11.3884739586941,1
236,1,18.75,86,11.3884739586941,11.5964521106624,1
236,1,18.75,86,11.5964521106624,11.6133616111817,1
236,1,18.75,86,11.6133616111817,11.6670717709955,1
236,1,18.75,86,11.6670717709955,11.7175798996128,1
236,1,18.75,86,11.7175798996128,11.7550473103244,1
236,1,18.75,86,11.7550473103244,12.2330884529655,1
236,1,18.75,86,12.2330884529655,12.564765692683,1
236,1,18.75,86,12.564765692683,12.7713690923543,1
236,1,18.75,86,12.7713690923543,12.8327127283223,1
236,1,18.75,86,12.8327127283223,13.0950431566154,1
236,1,18.75,86,13.0950431566154,13.2513945059239,1
236,1,18.75,86,13.2513945059239,13.4971824718637,1
236,1,18.75,86,13.4971824718637,13.5016682581021,1
236,1,18.75,86,13.5016682581021,13.690954425027,1
236,1,18.75,86,13.690954425027,14.0693321808871,1
236,1,18.75,86,14.0693321808871,14.1344411280109,1
236,1,18.75,86,14.1344411280109,14.2349625934782,1
236,1,18.75,86,14.2349625934782,14.3356804554808,1
236,1,18.75,86,14.3356804554808,14.4978935769029,1
236,1,18.75,86,14.4978935769029,14.503534324089,1
236,1,18.75,86,14.503534324089,14.5646241611677,1
236,1,18.75,86,14.5646241611677,14.6049277567655,1
236,1,18.75,86,14.6049277567655,14.6793254181342,1
236,1,18.75,86,14.6793254181342,14.8989489382901,1
236,1,18.75,86,14.8989489382901,15.0881703236518,1
236,1,18.75,86,15.0881703236518,15.2031922151625,1
236,1,18.75,86,15.2031922151625,15.3973143017854,1
236,1,18.75,86,15.3973143017854,15.3981677489067,1
236,1,18.75,86,15.3981677489067,15.5920394485229,1
236,1,18.75,86,15.5920394485229,15.7424671947386,1
236,1,18.75,86,15.7424671947386,15.7917637888112,1
236,1,18.75,86,15.7917637888112,15.8966031990422,1
236,1,18.75,86,15.8966031990422,16.0037566247089,1
236,1,18.75,86,16.0037566247089,16.0105739406845,1
236,1,18.75,86,16.0105739406845,16.0370722356693,1
236,1,18.75,86,16.0370722356693,16.1735706673107,1
236,1,18.75,86,16.1735706673107,16.1976572268616,1
236,1,18.75,86,16.1976572268616,16.2522763029559,1
236,1,18.75,86,16.2522763029559,16.4567424461371,1
236,1,18.75,86,16.4567424461371,16.6193761419505,1
236,1,18.75,86,16.6193761419505,16.6401511488403,1
236,1,18.75,86,16.6401511488403,16.6445536370112,1
236,1,18.75,86,16.6445536370112,16.7924049663263,1
236,1,18.75,86,16.7924049663263,16.8083430223614,1
236,1,18.75,86,16.8083430223614,16.8297674862445,1
236,1,18.75,86,16.8297674862445,17.0043724129758,1
236,1,18.75,86,17.0043724129758,17.014508921252,1
236,1,18.75,86,17.014508921252,17.031055059084,1
236,1,18.75,86,17.031055059084,17.0979180780502,1
236,1,18.75,86,17.0979180780502,17.1308851515153,1
236,1,18.75,86,17.1308851515153,17.3704475979187,1
236,1,18.75,86,17.3704475979187,17.5215458606827,1
236,1,18.75,86,17.5215458606827,17.5255829075618,1
236,1,18.75,86,17.5255829075618,17.612944520483,1
236,1,18.75,86,17.612944520483,17.6306218359028,1
236,1,18.75,86,17.6306218359028,17.9016865268791,1
236,1,18.75,86,17.9016865268791,18.0466285797653,1
236,1,18.75,86,18.0466285797653,18.1086762379141,1
236,1,18.75,86,18.1086762379141,18.1262192016171,1
236,1,18.75,86,18.1262192016171,18.1924826333225,1
236,1,18.75,86,18.1924826333225,18.2346491796753,1
236,1,18.75,86,18.2346491796753,18.2772720521828,1
236,1,18.75,86,18.2772720521828,18.3248094717095,1
236,1,18.75,86,18.3248094717095,18.4169706557282,1
236,1,18.75,86,18.4169706557282,18.4587502018231,1
236,1,18.75,86,18.4587502018231,18.4950424072654,1
236,1,18.75,86,18.4950424072654,18.6787043550476,1
236,1,18.75,86,18.6787043550476,18.75,0
237,1,18.75,0,0,18.75,0
238,1,10.75,0,0,10.75,0
239,1,16.75,1,0,3.12642453352786,1
239,1,16.75,1,3.12642453352786,16.75,0
240,1,9.75,1,0,1.0094868667029,1
240,1,9.75,1,1.0094868667029,9.75,0
241,1,10.75,4,0,0.021405470376844,1
241,1,10.75,4,0.021405470376844,0.74380947036511,1
241,1,10.75,4,0.74380947036511,1.39712010190554,1
241,1,10.75,4,1.39712010190554,2.29051895574257,1
241,1,10.75,4,2.29051895574257,10.75,0
242,1,13.75,1,0,2.92418842361495,1
242,1,13.75,1,2.92418842361495,13.75,0
243,1,15.75,37,0,3.12659851738518,1
243,1,15.75,37,3.12659851738518,4.46847431883236,1
243,1,15.75,37,4.46847431883236,5.32847897070254,1
243,1,15.75,37,5.32847897070254,5.59413699696789,1
243,1,15.75,37,5.59413699696789,6.38616433412155,1
243,1,15.75,37,6.38616433412155,6.4755229691728,1
243,1,15.75,37,6.4755229691728,7.21660415347152,1
243,1,15.75,37,7.21660415347152,7.4168285208622,1
243,1,15.75,37,7.4168285208622,8.02857619827303,1
243,1,15.75,37,8.02857619827303,9.36271613609593,1
243,1,15.75,37,9.36271613609593,9.81274452974577,1
243,1,15.75,37,9.81274452974577,9.97678017779984,1
243,1,15.75,37,9.97678017779984,9.98697576701449,1
243,1,15.75,37,9.98697576701449,10.8260702207408,1
243,1,15.75,37,10.8260702207408,10.8507617460322,1
243,1,15.75,37,10.8507617460322,11.0637008488461,1
243,1,15.75,37,11.0637008488461,11.4935016959918,1
243,1,15.75,37,11.4935016959918,11.5511817875431,1
243,1,15.75,37,11.5511817875431,11.5854665254424,1
243,1,15.75,37,11.5854665254424,11.8014426130675,1
243,1,15.75,37,11.8014426130675,11.9086801950251,1
243,1,15.75,37,11.9086801950251,12.0601751562619,1
243,1,15.75,37,12.0601751562619,12.9215078257242,1
243,1,15.75,37,12.9215078257242,12.9569513792691,1
243,1,15.75,37,12.9569513792691,13.4779798253266,1
243,1,15.75,37,13.4779798253266,13.6121376058593,1
243,1,15.75,37,13.6121376058593,13.6856237293379,1
243,1,15.75,37,13.6856237293379,14.1620251272533,1
243,1,15.75,37,14.1620251272533,14.4168640837088,1
243,1,15.75,37,14.4168640837088,14.5143532180064,1
243,1,15.75,37,14.5143532180064,14.6648436686374,1
243,1,15.75,37,14.6648436686374,14.6876043960064,1
243,1,15.75,37,14.6876043960064,14.9528249185345,1
243,1,15.75,37,14.9528249185345,15.0801654562805,1
243,1,15.75,37,15.0801654562805,15.3082590776722,1
243,1,15.75,37,15.3082590776722,15.3724556302754,1
243,1,15.75,37,15.3724556302754,15.438775489542,1
243,1,15.75,37,15.438775489542,15.75,0
244,1,14.75,4,0,2.57580678585148,1
244,1,14.75,4,2.57580678585148,2.64443939305092,1
244,1,14.75,4,2.64443939305092,5.23705730533155,1
244,1,14.75,4,5.23705730533155,7.58896076572699,1
244,1,14.75,4,7.58896076572699,14.75,0
245,1,11.75,3,0,0.557751695615676,1
245,1,11.75,3,0.557751695615676,1.26832155194577,1
245,1,11.75,3,1.26832155194577,11.4662035250336,1
245,1,11.75,3,11.4662035250336,11.75,0
246,1,11.75,12,0,1.52383987608462,1
246,1,11.75,12,1.52383987608462,3.60087757691666,1
246,1,11.75,12,3.60087757691666,6.42666523360054,1
246,1,11.75,12,6.42666523360054,6.67841041857861,1
246,1,11.75,12,6.67841041857861,7.83859298270312,1
246,1,11.75,12,7.83859298270312,9.21426891242375,1
246,1,11.75,12,9.21426891242375,9.5822331317063,1
246,1,11.75,12,9.5822331317063,9.58410579232955,1
246,1,11.75,12,9.58410579232955,10.596443342148,1
246,1,11.75,12,10.596443342148,10.8347449182366,1
246,1,11.75,12,10.8347449182366,11.1131092336232,1
246,1,11.75,12,11.1131092336232,11.1141642583278,1
246,1,11.75,12,11.1141642583278,11.75,0
247,1,11.75,1,0,0.412210526997636,1
247,1,11.75,1,0.412210526997636,11.75,0
248,1,10.75,22,0,4.29436725601811,1
248,1,10.75,22,4.29436725601811,4.74492659258914,1
248,1,10.75,22,4.74492659258914,5.19797043292998,1
248,1,10.75,22,5.19797043292998,5.81175677335551,1
248,1,10.75,22,5.81175677335551,6.34677736148952,1
248,1,10.75,22,6.34677736148952,6.40320308544726,1
248,1,10.75,22,6.40320308544726,7.19141355636337,1
248,1,10.75,22,7.19141355636337,7.30143902830825,1
248,1,10.75,22,7.30143902830825,7.4556186380998,1
248,1,10.75,22,7.4556186380998,7.47523665943321,1
248,1,10.75,22,7.47523665943321,8.28050841114731,1
248,1,10.75,22,8.28050841114731,8.32253934633525,1
248,1,10.75,22,8.32253934633525,8.4097787988837,1
248,1,10.75,22,8.4097787988837,8.49624609167709,1
248,1,10.75,22,8.49624609167709,8.49797223837183,1
248,1,10.75,22,8.49797223837183,8.96279653155437,1
248,1,10.75,22,8.96279653155437,8.96506098992427,1
248,1,10.75,22,8.96506098992427,9.13704940528348,1
248,1,10.75,22,9.13704940528348,9.67557893511684,1
248,1,10.75,22,9.67557893511684,10.4005090155915,1
248,1,10.75,22,10.4005090155915,10.4830583477725,1
248,1,10.75,22,10.4830583477725,10.5803677270757,1
248,1,10.75,22,10.5803677270757,10.75,0
249,1,17.75,40,0,2.51078445073427,1
249,1,17.75,40,2.51078445073427,4.81614733215446,1
249,1,17.75,40,4.81614733215446,5.93128584293072,1
249,1,17.75,40,5.93128584293072,6.79942353139754,1
249,1,17.75,40,6.79942353139754,6.90722240970006,1
249,1,17.75,40,6.90722240970006,8.4979521796398,1
249,1,17.75,40,8.4979521796398,8.67320619731461,1
249,1,17.75,40,8.67320619731461,9.04472590768271,1
249,1,17.75,40,9.04472590768271,9.38441034759084,1
249,1,17.75,40,9.38441034759084,9.864529753825,1
249,1,17.75,40,9.864529753825,9.94508715344725,1
249,1,17.75,40,9.94508715344725,10.819315339235,1
249,1,17.75,40,10.819315339235,11.1109759928492,1
249,1,17.75,40,11.1109759928492,12.2967037194276,1
249,1,17.75,40,12.2967037194276,12.4819206407647,1
249,1,17.75,40,12.4819206407647,12.6716270393379,1
249,1,17.75,40,12.6716270393379,12.966513610882,1
249,1,17.75,40,12.966513610882,12.9875777492311,1
249,1,17.75,40,12.9875777492311,13.0425742545379,1
249,1,17.75,40,13.0425742545379,13.1446836379289,1
249,1,17.75,40,13.1446836379289,13.4496881269607,1
249,1,17.75,40,13.4496881269607,13.7572636269017,1
249,1,17.75,40,13.7572636269017,13.7870515364334,1
249,1,17.75,40,13.7870515364334,13.8745903153516,1
249,1,17.75,40,13.8745903153516,14.5892800708287,1
249,1,17.75,40,14.5892800708287,14.621196955659,1
249,1,17.75,40,14.621196955659,14.7905139519473,1
249,1,17.75,40,14.7905139519473,14.8060998706496,1
249,1,17.75,40,14.8060998706496,15.3154781597438,1
249,1,17.75,40,15.3154781597438,15.4670907613818,1
249,1,17.75,40,15.4670907613818,15.9159156589038,1
249,1,17.75,40,15.9159156589038,16.0904933491719,1
249,1,17.75,40,16.0904933491719,16.1024148716878,1
249,1,17.75,40,16.1024148716878,16.9523411301964,1
249,1,17.75,40,16.9523411301964,17.3194122543802,1
249,1,17.75,40,17.3194122543802,17.3365579189801,1
249,1,17.75,40,17.3365579189801,17.5178613378815,1
249,1,17.75,40,17.5178613378815,17.5274798424647,1
249,1,17.75,40,17.5274798424647,17.5569177660473,1
249,1,17.75,40,17.5569177660473,17.7370069779125,1
249,1,17.75,40,17.7370069779125,17.75,0
250,1,14.75,3,0,0.00228064583914348,1
250,1,14.75,3,0.00228064583914348,0.191657068421422,1
250,1,14.75,3,0.191657068421422,0.495339152479713,1
250,1,14.75,3,0.495339152479713,14.75,0
251,1,17.75,57,0,5.22017726897424,1
251,1,17.75,57,5.22017726897424,5.35488770163746,1
251,1,17.75,57,5.35488770163746,5.57115225089744,1
251,1,17.75,57,5.57115225089744,5.63856788766736,1
251,1,17.75,57,5.63856788766736,5.92505878877108,1
251,1,17.75,57,5.92505878877108,6.12328610933238,1
251,1,17.75,57,6.12328610933238,7.40351786841664,1
251,1,17.75,57,7.40351786841664,7.66045137919028,1
251,1,17.75,57,7.66045137919028,8.37407371338905,1
251,1,17.75,57,8.37407371338905,8.39539151194788,1
251,1,17.75,57,8.39539151194788,9.04370605072364,1
251,1,17.75,57,9.04370605072364,9.24494491558475,1
251,1,17.75,57,9.24494491558475,9.56781829640654,1
251,1,17.75,57,9.56781829640654,9.60205955937553,1
251,1,17.75,57,9.60205955937553,9.62253439803833,1
251,1,17.75,57,9.62253439803833,10.0726896984045,1
251,1,17.75,57,10.0726896984045,10.8651873918417,1
251,1,17.75,57,10.8651873918417,11.0489044711506,1
251,1,17.75,57,11.0489044711506,11.136848392307,1
251,1,17.75,57,11.136848392307,11.5613801569399,1
251,1,17.75,57,11.5613801569399,11.73485518979,1
251,1,17.75,57,11.73485518979,11.7559995006992,1
251,1,17.75,57,11.7559995006992,12.1220204457662,1
251,1,17.75,57,12.1220204457662,12.1883833717831,1
251,1,17.75,57,12.1883833717831,12.9768502167457,1
251,1,17.75,57,12.9768502167457,13.4648126301193,1
251,1,17.75,57,13.4648126301193,13.8899008768767,1
251,1,17.75,57,13.8899008768767,14.0482206369986,1
251,1,17.75,57,14.0482206369986,14.0672247412668,1
251,1,17.75,57,14.0672247412668,14.620279282393,1
251,1,17.75,57,14.620279282393,14.8685447369137,1
251,1,17.75,57,14.8685447369137,15.3273387372617,1
251,1,17.75,57,15.3273387372617,15.4470547595414,1
251,1,17.75,57,15.4470547595414,15.5321349743598,1
251,1,17.75,57,15.5321349743598,15.9237193587477,1
251,1,17.75,57,15.9237193587477,15.9688995723248,1
251,1,17.75,57,15.9688995723248,16.0720513679156,1
251,1,17.75,57,16.0720513679156,16.1508194809231,1
251,1,17.75,57,16.1508194809231,16.1570038816897,1
251,1,17.75,57,16.1570038816897,16.3013453891238,1
251,1,17.75,57,16.3013453891238,16.3093279909398,1
251,1,17.75,57,16.3093279909398,16.3306237333993,1
251,1,17.75,57,16.3306237333993,16.3381772601029,1
251,1,17.75,57,16.3381772601029,16.4159578568825,1
251,1,17.75,57,16.4159578568825,16.4347725230722,1
251,1,17.75,57,16.4347725230722,16.4402036362187,1
251,1,17.75,57,16.4402036362187,16.6274932317866,1
251,1,17.75,57,16.6274932317866,16.6804559746467,1
251,1,17.75,57,16.6804559746467,16.7028308951128,1
251,1,17.75,57,16.7028308951128,16.7833738387701,1
251,1,17.75,57,16.7833738387701,16.8629609420044,1
251,1,17.75,57,16.8629609420044,17.0060079903803,1
251,1,17.75,57,17.0060079903803,17.1164667161305,1
251,1,17.75,57,17.1164667161305,17.6010935556227,1
251,1,17.75,57,17.6010935556227,17.6573508266821,1
251,1,17.75,57,17.6573508266821,17.6799071075203,1
251,1,17.75,57,17.6799071075203,17.7266179743623,1
251,1,17.75,57,17.7266179743623,17.75,0
252,1,16.75,3,0,0.442792609022114,1
252,1,16.75,3,0.442792609022114,4.17373429918611,1
252,1,16.75,3,4.17373429918611,4.63697395986256,1
252,1,16.75,3,4.63697395986256,16.75,0
253,1,16.75,15,0,4.62139671835634,1
253,1,16.75,15,4.62139671835634,5.41910508373272,1
253,1,16.75,15,5.41910508373272,7.40767565529437,1
253,1,16.75,15,7.40767565529437,10.8454006416751,1
253,1,16.75,15,10.8454006416751,11.8643378597972,1
253,1,16.75,15,11.8643378597972,11.9099269002275,1
253,1,16.75,15,11.9099269002275,12.2663667593827,1
253,1,16.75,15,12.2663667593827,12.7581271029812,1
253,1,16.75,15,12.7581271029812,13.5196393013413,1
253,1,16.75,15,13.5196393013413,15.3348653796855,1
253,1,16.75,15,15.3348653796855,15.3918299659127,1
253,1,16.75,15,15.3918299659127,15.5125457041043,1
253,1,16.75,15,15.5125457041043,15.7830065891925,1
253,1,16.75,15,15.7830065891925,15.8882369867717,1
253,1,16.75,15,15.8882369867717,16.33776377392,1
253,1,16.75,15,16.33776377392,16.75,0
254,1,12.75,1,0,1.44331534815299,1
254,1,12.75,1,1.44331534815299,12.75,0
255,1,8.75,0,0,8.75,0
256,1,13.75,37,0,0.961790567016882,1
256,1,13.75,37,0.961790567016882,1.35658675092419,1
256,1,13.75,37,1.35658675092419,3.26409453289606,1
256,1,13.75,37,3.26409453289606,4.06136639070734,1
256,1,13.75,37,4.06136639070734,4.26920790991343,1
256,1,13.75,37,4.26920790991343,4.74144779792472,1
256,1,13.75,37,4.74144779792472,5.28252340036692,1
256,1,13.75,37,5.28252340036692,5.3559983567502,1
256,1,13.75,37,5.3559983567502,5.66586010810657,1
256,1,13.75,37,5.66586010810657,7.34060192458176,1
256,1,13.75,37,7.34060192458176,7.44648210082051,1
256,1,13.75,37,7.44648210082051,7.54847690227018,1
256,1,13.75,37,7.54847690227018,7.54853247470185,1
256,1,13.75,37,7.54853247470185,7.81089677144104,1
256,1,13.75,37,7.81089677144104,8.36752036606615,1
256,1,13.75,37,8.36752036606615,8.64906751776616,1
256,1,13.75,37,8.64906751776616,8.98984057166812,1
256,1,13.75,37,8.98984057166812,9.69959748010916,1
256,1,13.75,37,9.69959748010916,10.5271603010144,1
256,1,13.75,37,10.5271603010144,10.5536796777589,1
256,1,13.75,37,10.5536796777589,11.0882773192618,1
256,1,13.75,37,11.0882773192618,11.1405559764413,1
256,1,13.75,37,11.1405559764413,11.3984576824106,1
256,1,13.75,37,11.3984576824106,11.4572029609684,1
256,1,13.75,37,11.4572029609684,11.6896783214587,1
256,1,13.75,37,11.6896783214587,11.736799564787,1
256,1,13.75,37,11.736799564787,11.8840498142397,1
256,1,13.75,37,11.8840498142397,12.0093336368374,1
256,1,13.75,37,12.0093336368374,12.0456728919098,1
256,1,13.75,37,12.0456728919098,12.1739893374325,1
256,1,13.75,37,12.1739893374325,12.1763615447236,1
256,1,13.75,37,12.1763615447236,12.763260651953,1
256,1,13.75,37,12.763260651953,12.7746925789619,1
256,1,13.75,37,12.7746925789619,13.0470534020446,1
256,1,13.75,37,13.0470534020446,13.3947373468553,1
256,1,13.75,37,13.3947373468553,13.4271317188617,1
256,1,13.75,37,13.4271317188617,13.574801999143,1
256,1,13.75,37,13.574801999143,13.75,0
257,1,13.75,18,0,4.41612298900813,1
257,1,13.75,18,4.41612298900813,7.78373237459663,1
257,1,13.75,18,7.78373237459663,7.84157741418991,1
257,1,13.75,18,7.84157741418991,8.2296973530226,1
257,1,13.75,18,8.2296973530226,8.4911943248781,1
257,1,13.75,18,8.4911943248781,8.63869098933671,1
257,1,13.75,18,8.63869098933671,9.14039642476963,1
257,1,13.75,18,9.14039642476963,9.4365126357077,1
257,1,13.75,18,9.4365126357077,9.8608709442243,1
257,1,13.75,18,9.8608709442243,10.136414096117,1
257,1,13.75,18,10.136414096117,11.4978368656206,1
257,1,13.75,18,11.4978368656206,12.1360421449933,1
257,1,13.75,18,12.1360421449933,12.1800408139068,1
257,1,13.75,18,12.1800408139068,12.7084121495591,1
257,1,13.75,18,12.7084121495591,13.1348280476069,1
257,1,13.75,18,13.1348280476069,13.2153063592501,1
257,1,13.75,18,13.2153063592501,13.3698289932808,1
257,1,13.75,18,13.3698289932808,13.4337889532362,1
257,1,13.75,18,13.4337889532362,13.75,0
258,1,18.75,2,0,6.55406715586141,1
258,1,18.75,2,6.55406715586141,7.34408392074756,1
258,1,18.75,2,7.34408392074756,18.75,0
259,1,9.75,13,0,2.57634313611198,1
259,1,9.75,13,2.57634313611198,4.35622623891669,1
259,1,9.75,13,4.35622623891669,4.71100603741882,1
259,1,9.75,13,4.71100603741882,5.71348173973754,1
259,1,9.75,13,5.71348173973754,6.2147186643022,1
259,1,9.75,13,6.2147186643022,7.40779963070469,1
259,1,9.75,13,7.40779963070469,7.74035450879405,1
259,1,9.75,13,7.74035450879405,8.54361996730171,1
259,1,9.75,13,8.54361996730171,8.55511676671567,1
259,1,9.75,13,8.55511676671567,8.75882811729029,1
259,1,9.75,13,8.75882811729029,8.89677376335353,1
259,1,9.75,13,8.89677376335353,9.20422018076544,1
259,1,9.75,13,9.20422018076544,9.71361480895692,1
259,1,9.75,13,9.71361480895692,9.75,0
260,1,20.75,2,0,18.9136600651884,1
260,1,20.75,2,18.9136600651884,20.0587683307716,1
260,1,20.75,2,20.0587683307716,20.75,0
261,1,9.75,1,0,4.61355783972745,1
261,1,9.75,1,4.61355783972745,9.75,0
262,1,15.75,2,0,0.322268215059723,1
262,1,15.75,2,0.322268215059723,2.1070302138578,1
262,1,15.75,2,2.1070302138578,15.75,0
263,1,16.75,2,0,8.00736704138518,1
263,1,16.75,2,8.00736704138518,8.85341124707615,1
263,1,16.75,2,8.85341124707615,16.75,0
264,1,12.75,15,0,1.43171710127428,1
264,1,12.75,15,1.43171710127428,6.61393504736985,1
264,1,12.75,15,6.61393504736985,7.44780175345278,1
264,1,12.75,15,7.44780175345278,8.2352807863729,1
264,1,12.75,15,8.2352807863729,8.93062037696761,1
264,1,12.75,15,8.93062037696761,9.8387548837492,1
264,1,12.75,15,9.8387548837492,9.92654089078706,1
264,1,12.75,15,9.92654089078706,10.0622087315146,1
264,1,12.75,15,10.0622087315146,10.0883257075801,1
264,1,12.75,15,10.0883257075801,10.1075742536912,1
264,1,12.75,15,10.1075742536912,10.4330392992643,1
264,1,12.75,15,10.4330392992643,11.320564060956,1
264,1,12.75,15,11.320564060956,11.4288973958695,1
264,1,12.75,15,11.4288973958695,12.1393730132183,1
264,1,12.75,15,12.1393730132183,12.5921524453869,1
264,1,12.75,15,12.5921524453869,12.75,0
265,1,11.75,4,0,0.00966221164425875,1
265,1,11.75,4,0.00966221164425875,1.44487301441137,1
265,1,11.75,4,1.44487301441137,3.43375779157146,1
265,1,11.75,4,3.43375779157146,9.81948251734729,1
265,1,11.75,4,9.81948251734729,11.75,0
266,1,11.75,24,0,3.24998491014879,1
266,1,11.75,24,3.24998491014879,5.20137999819977,1
266,1,11.75,24,5.20137999819977,5.62522685573922,1
266,1,11.75,24,5.62522685573922,6.82674724863643,1
266,1,11.75,24,6.82674724863643,7.7564553141563,1
266,1,11.75,24,7.7564553141563,7.76754172837821,1
266,1,11.75,24,7.76754172837821,7.80735042888268,1
266,1,11.75,24,7.80735042888268,8.29146153371121,1
266,1,11.75,24,8.29146153371121,8.43757002514598,1
266,1,11.75,24,8.43757002514598,8.44817096809468,1
266,1,11.75,24,8.44817096809468,8.45135458142111,1
266,1,11.75,24,8.45135458142111,8.62672475332101,1
266,1,11.75,24,8.62672475332101,8.8093353429704,1
266,1,11.75,24,8.8093353429704,9.11042391402622,1
266,1,11.75,24,9.11042391402622,9.16594223296369,1
266,1,11.75,24,9.16594223296369,9.34917516401912,1
266,1,11.75,24,9.34917516401912,9.408690932633,1
266,1,11.75,24,9.408690932633,9.81765297849199,1
266,1,11.75,24,9.81765297849199,9.9854349019597,1
266,1,11.75,24,9.9854349019597,10.4209178680269,1
266,1,11.75,24,10.4209178680269,10.8151009404055,1
266,1,11.75,24,10.8151009404055,11.0932765744191,1
266,1,11.75,24,11.0932765744191,11.4424686752888,1
266,1,11.75,24,11.4424686752888,11.5607888496517,1
266,1,11.75,24,11.5607888496517,11.75,0
267,1,17.75,37,0,6.5860645209839,1
267,1,17.75,37,6.5860645209839,6.72740805177075,1
267,1,17.75,37,6.72740805177075,8.00272041361218,1
267,1,17.75,37,8.00272041361218,8.78031354803153,1
267,1,17.75,37,8.78031354803153,10.1036970663113,1
267,1,17.75,37,10.1036970663113,10.2578811748651,1
267,1,17.75,37,10.2578811748651,10.3856706274301,1
267,1,17.75,37,10.3856706274301,10.6934624345421,1
267,1,17.75,37,10.6934624345421,10.990014659304,1
267,1,17.75,37,10.990014659304,11.1224714790225,1
267,1,17.75,37,11.1224714790225,11.2059215615711,1
267,1,17.75,37,11.2059215615711,11.3563875091608,1
267,1,17.75,37,11.3563875091608,11.640111471504,1
267,1,17.75,37,11.640111471504,12.0909208083189,1
267,1,17.75,37,12.0909208083189,12.4028324150867,1
267,1,17.75,37,12.4028324150867,12.8198425596429,1
267,1,17.75,37,12.8198425596429,12.9848190174394,1
267,1,17.75,37,12.9848190174394,13.628231173634,1
267,1,17.75,37,13.628231173634,13.6598464621535,1
267,1,17.75,37,13.6598464621535,13.7013201377912,1
267,1,17.75,37,13.7013201377912,13.7714412772554,1
267,1,17.75,37,13.7714412772554,13.9966484505899,1
267,1,17.75,37,13.9966484505899,14.5340391683443,1
267,1,17.75,37,14.5340391683443,14.7362251600602,1
267,1,17.75,37,14.7362251600602,15.1423962002332,1
267,1,17.75,37,15.1423962002332,15.8203690015173,1
267,1,17.75,37,15.8203690015173,16.1256639606146,1
267,1,17.75,37,16.1256639606146,16.21971578946,1
267,1,17.75,37,16.21971578946,16.548568851712,1
267,1,17.75,37,16.548568851712,16.7081040487848,1
267,1,17.75,37,16.7081040487848,16.801039153124,1
267,1,17.75,37,16.801039153124,16.9487968003327,1
267,1,17.75,37,16.9487968003327,16.9574752651951,1
267,1,17.75,37,16.9574752651951,16.9712211870615,1
267,1,17.75,37,16.9712211870615,17.3046376273726,1
267,1,17.75,37,17.3046376273726,17.5132836720787,1
267,1,17.75,37,17.5132836720787,17.528282009562,1
267,1,17.75,37,17.528282009562,17.75,0
268,1,14.75,2,0,1.56105769640127,1
268,1,14.75,2,1.56105769640127,9.69740977159184,1
268,1,14.75,2,9.69740977159184,14.75,0
269,1,15.75,2,0,0.204550505411131,1
269,1,15.75,2,0.204550505411131,9.88924965907874,1
269,1,15.75,2,9.88924965907874,15.75,0
270,1,16.75,2,0,6.85912043478926,1
270,1,16.75,2,6.85912043478926,7.49988041118663,1
270,1,16.75,2,7.49988041118663,16.75,0
271,1,10.75,1,0,3.02428829287711,1
271,1,10.75,1,3.02428829287711,10.75,0
272,1,13.75,2,0,4.47625543981998,1
272,1,13.75,2,4.47625543981998,9.02168738013998,1
272,1,13.75,2,9.02168738013998,13.75,0
273,1,12.75,20,0,6.17306580826822,1
273,1,12.75,20,6.17306580826822,7.12055405009601,1
273,1,12.75,20,7.12055405009601,8.02944786910324,1
273,1,12.75,20,8.02944786910324,8.77344255399278,1
273,1,12.75,20,8.77344255399278,9.1451226946725,1
273,1,12.75,20,9.1451226946725,9.43322914386895,1
273,1,12.75,20,9.43322914386895,9.43814672920676,1
273,1,12.75,20,9.43814672920676,9.52822760268335,1
273,1,12.75,20,9.52822760268335,9.78108342253603,1
273,1,12.75,20,9.78108342253603,10.0020304337496,1
273,1,12.75,20,10.0020304337496,10.6382349587871,1
273,1,12.75,20,10.6382349587871,10.675918478811,1
273,1,12.75,20,10.675918478811,11.2004897152852,1
273,1,12.75,20,11.2004897152852,11.4694297921261,1
273,1,12.75,20,11.4694297921261,11.6332230509772,1
273,1,12.75,20,11.6332230509772,11.9196603161646,1
273,1,12.75,20,11.9196603161646,12.0523844154371,1
273,1,12.75,20,12.0523844154371,12.6052072794751,1
273,1,12.75,20,12.6052072794751,12.6289334648273,1
273,1,12.75,20,12.6289334648273,12.6546666167539,1
273,1,12.75,20,12.6546666167539,12.75,0
274,1,13.75,34,0,4.7140412582387,1
274,1,13.75,34,4.7140412582387,4.98547516186283,1
274,1,13.75,34,4.98547516186283,5.32388641863481,1
274,1,13.75,34,5.32388641863481,6.0215901081263,1
274,1,13.75,34,6.0215901081263,6.09314842999164,1
274,1,13.75,34,6.09314842999164,6.29436093611606,1
274,1,13.75,34,6.29436093611606,6.32465987666808,1
274,1,13.75,34,6.32465987666808,7.03785402156763,1
274,1,13.75,34,7.03785402156763,7.27583119778271,1
274,1,13.75,34,7.27583119778271,7.41672175544354,1
274,1,13.75,34,7.41672175544354,8.28539073792148,1
274,1,13.75,34,8.28539073792148,8.66471332671392,1
274,1,13.75,34,8.66471332671392,8.6876890694458,1
274,1,13.75,34,8.6876890694458,8.94866333783258,1
274,1,13.75,34,8.94866333783258,8.98501261010334,1
274,1,13.75,34,8.98501261010334,9.33695320112865,1
274,1,13.75,34,9.33695320112865,9.49967945642622,1
274,1,13.75,34,9.49967945642622,9.66796154268574,1
274,1,13.75,34,9.66796154268574,10.5779616627655,1
274,1,13.75,34,10.5779616627655,10.6816312088831,1
274,1,13.75,34,10.6816312088831,10.7774731188053,1
274,1,13.75,34,10.7774731188053,10.8827947685064,1
274,1,13.75,34,10.8827947685064,11.0163819800331,1
274,1,13.75,34,11.0163819800331,11.2131059322101,1
274,1,13.75,34,11.2131059322101,11.3887321690705,1
274,1,13.75,34,11.3887321690705,11.7120551779778,1
274,1,13.75,34,11.7120551779778,12.3045888534993,1
274,1,13.75,34,12.3045888534993,12.3303135443772,1
274,1,13.75,34,12.3303135443772,12.5866950408424,1
274,1,13.75,34,12.5866950408424,12.6919134120291,1
274,1,13.75,34,12.6919134120291,12.9328982916125,1
274,1,13.75,34,12.9328982916125,13.0175974236435,1
274,1,13.75,34,13.0175974236435,13.3941878362812,1
274,1,13.75,34,13.3941878362812,13.5301199319635,1
274,1,13.75,34,13.5301199319635,13.75,0
275,1,13.75,23,0,5.68317194945503,1
275,1,13.75,23,5.68317194945503,5.86421031946952,1
275,1,13.75,23,5.86421031946952,5.87372692993507,1
275,1,13.75,23,5.87372692993507,5.93645796948478,1
275,1,13.75,23,5.93645796948478,7.78945079003915,1
275,1,13.75,23,7.78945079003915,8.26633419879362,1
275,1,13.75,23,8.26633419879362,8.98685498587802,1
275,1,13.75,23,8.98685498587802,9.42023148843339,1
275,1,13.75,23,9.42023148843339,9.81460998350869,1
275,1,13.75,23,9.81460998350869,9.9431765737243,1
275,1,13.75,23,9.9431765737243,10.4810381067852,1
275,1,13.75,23,10.4810381067852,10.4878721334714,1
275,1,13.75,23,10.4878721334714,11.0971649892781,1
275,1,13.75,23,11.0971649892781,11.281452275604,1
275,1,13.75,23,11.281452275604,11.5844290169622,1
275,1,13.75,23,11.5844290169622,11.9646134072253,1
275,1,13.75,23,11.9646134072253,11.971893901736,1
275,1,13.75,23,11.971893901736,12.6269994998171,1
275,1,13.75,23,12.6269994998171,12.8426479682404,1
275,1,13.75,23,12.8426479682404,12.9310210197289,1
275,1,13.75,23,12.9310210197289,13.2288262006681,1
275,1,13.75,23,13.2288262006681,13.2950674256142,1
275,1,13.75,23,13.2950674256142,13.534046754016,1
275,1,13.75,23,13.534046754016,13.75,0
276,1,12.75,27,0,1.24032851479579,1
276,1,12.75,27,1.24032851479579,3.15597590200299,1
276,1,12.75,27,3.15597590200299,3.50198034797984,1
276,1,12.75,27,3.50198034797984,4.94261456313702,1
276,1,12.75,27,4.94261456313702,5.47255789224165,1
276,1,12.75,27,5.47255789224165,5.96622088019972,1
276,1,12.75,27,5.96622088019972,6.13909697967058,1
276,1,12.75,27,6.13909697967058,6.80240296474435,1
276,1,12.75,27,6.80240296474435,6.87835341277251,1
276,1,12.75,27,6.87835341277251,7.35675479154725,1
276,1,12.75,27,7.35675479154725,8.02486409532837,1
276,1,12.75,27,8.02486409532837,8.22617585649481,1
276,1,12.75,27,8.22617585649481,8.38123258805738,1
276,1,12.75,27,8.38123258805738,9.17421833605501,1
276,1,12.75,27,9.17421833605501,9.48282588459914,1
276,1,12.75,27,9.48282588459914,9.94918679181716,1
276,1,12.75,27,9.94918679181716,10.8144669166644,1
276,1,12.75,27,10.8144669166644,11.5448224680587,1
276,1,12.75,27,11.5448224680587,11.5946074802196,1
276,1,12.75,27,11.5946074802196,11.6088063102223,1
276,1,12.75,27,11.6088063102223,11.8872114874767,1
276,1,12.75,27,11.8872114874767,11.9983805555103,1
276,1,12.75,27,11.9983805555103,12.0202740376742,1
276,1,12.75,27,12.0202740376742,12.2638549304607,1
276,1,12.75,27,12.2638549304607,12.3129680082806,1
276,1,12.75,27,12.3129680082806,12.5172674821095,1
276,1,12.75,27,12.5172674821095,12.5297221975269,1
276,1,12.75,27,12.5297221975269,12.75,0
277,1,11.75,3,0,2.8035647508937,1
277,1,11.75,3,2.8035647508937,8.50013365808446,1
277,1,11.75,3,8.50013365808446,11.734381207901,1
277,1,11.75,3,11.734381207901,11.75,0
278,1,20.75,59,0,4.6605073659564,1
278,1,20.75,59,4.6605073659564,5.52437327552848,1
278,1,20.75,59,5.52437327552848,5.84240573180203,1
278,1,20.75,59,5.84240573180203,7.5703405316136,1
278,1,20.75,59,7.5703405316136,8.92340624915522,1
278,1,20.75,59,8.92340624915522,9.75841889496292,1
278,1,20.75,59,9.75841889496292,10.2024120686378,1
278,1,20.75,59,10.2024120686378,10.6407014582678,1
278,1,20.75,59,10.6407014582678,11.3000333843861,1
278,1,20.75,59,11.3000333843861,12.2109276891856,1
278,1,20.75,59,12.2109276891856,12.713999686358,1
278,1,20.75,59,12.713999686358,12.7304046371972,1
278,1,20.75,59,12.7304046371972,12.8883528508681,1
278,1,20.75,59,12.8883528508681,13.022838306099,1
278,1,20.75,59,13.022838306099,13.3327895113164,1
278,1,20.75,59,13.3327895113164,13.6649324132116,1
278,1,20.75,59,13.6649324132116,13.7158732200854,1
278,1,20.75,59,13.7158732200854,13.9763030822536,1
278,1,20.75,59,13.9763030822536,14.0638713331171,1
278,1,20.75,59,14.0638713331171,14.2645566273741,1
278,1,20.75,59,14.2645566273741,14.2978053096449,1
278,1,20.75,59,14.2978053096449,14.3695846313191,1
278,1,20.75,59,14.3695846313191,14.6065247925739,1
278,1,20.75,59,14.6065247925739,14.6235928847282,1
278,1,20.75,59,14.6235928847282,15.0082154830835,1
278,1,20.75,59,15.0082154830835,15.1625639388879,1
278,1,20.75,59,15.1625639388879,15.3224596925081,1
278,1,20.75,59,15.3224596925081,15.3953282469835,1
278,1,20.75,59,15.3953282469835,15.5155874696469,1
278,1,20.75,59,15.5155874696469,15.7605252198811,1
278,1,20.75,59,15.7605252198811,15.8347415339357,1
278,1,20.75,59,15.8347415339357,15.9711757447457,1
278,1,20.75,59,15.9711757447457,16.0178899060418,1
278,1,20.75,59,16.0178899060418,16.3191089662806,1
278,1,20.75,59,16.3191089662806,16.4294336036607,1
278,1,20.75,59,16.4294336036607,16.5435646798616,1
278,1,20.75,59,16.5435646798616,16.5796302765962,1
278,1,20.75,59,16.5796302765962,16.7557727880817,1
278,1,20.75,59,16.7557727880817,16.7779871978179,1
278,1,20.75,59,16.7779871978179,16.8001923151054,1
278,1,20.75,59,16.8001923151054,17.4761115865404,1
278,1,20.75,59,17.4761115865404,17.7099496058639,1
278,1,20.75,59,17.7099496058639,18.0615084221927,1
278,1,20.75,59,18.0615084221927,18.3996571677337,1
278,1,20.75,59,18.3996571677337,19.3705948020935,1
278,1,20.75,59,19.3705948020935,19.417405708873,1
278,1,20.75,59,19.417405708873,19.4355573961211,1
278,1,20.75,59,19.4355573961211,19.5124157476837,1
278,1,20.75,59,19.5124157476837,19.5997740153884,1
278,1,20.75,59,19.5997740153884,19.6967910001774,1
278,1,20.75,59,19.6967910001774,20.1089206619392,1
278,1,20.75,59,20.1089206619392,20.1595214047575,1
278,1,20.75,59,20.1595214047575,20.2777732567963,1
278,1,20.75,59,20.2777732567963,20.3501740475954,1
278,1,20.75,59,20.3501740475954,20.4644346211505,1
278,1,20.75,59,20.4644346211505,20.6823931914543,1
278,1,20.75,59,20.6823931914543,20.6848169333976,1
278,1,20.75,59,20.6848169333976,20.6884007727653,1
278,1,20.75,59,20.6884007727653,20.7417216083619,1
278,1,20.75,59,20.7417216083619,20.75,0
279,1,18.75,2,0,0.240840141138364,1
279,1,18.75,2,0.240840141138364,11.8692946019055,1
279,1,18.75,2,11.8692946019055,18.75,0
280,1,8.75,1,0,3.66898219733085,1
280,1,8.75,1,3.66898219733085,8.75,0
281,1,9.75,7,0,0.957215494865667,1
281,1,9.75,7,0.957215494865667,2.10523260948705,1
281,1,9.75,7,2.10523260948705,4.76640971608398,1
281,1,9.75,7,4.76640971608398,4.96977198995354,1
281,1,9.75,7,4.96977198995354,6.07831865797539,1
281,1,9.75,7,6.07831865797539,8.70927920880779,1
281,1,9.75,7,8.70927920880779,8.93177141708704,1
281,1,9.75,7,8.93177141708704,9.75,0
282,1,13.75,7,0,7.90803378747984,1
282,1,13.75,7,7.90803378747984,10.2071045280417,1
282,1,13.75,7,10.2071045280417,10.483067114915,1
282,1,13.75,7,10.483067114915,11.1724834961195,1
282,1,13.75,7,11.1724834961195,11.8640822688908,1
282,1,13.75,7,11.8640822688908,12.4711158362883,1
282,1,13.75,7,12.4711158362883,12.5881007192141,1
282,1,13.75,7,12.5881007192141,13.75,0
283,1,18.75,84,0,2.80148874686363,1
283,1,18.75,84,2.80148874686363,4.16265710522544,1
283,1,18.75,84,4.16265710522544,4.25136859011749,1
283,1,18.75,84,4.25136859011749,6.93424588897491,1
283,1,18.75,84,6.93424588897491,6.93516529708077,1
283,1,18.75,84,6.93516529708077,7.13980772709465,1
283,1,18.75,84,7.13980772709465,7.26897908540178,1
283,1,18.75,84,7.26897908540178,7.32694410793367,1
283,1,18.75,84,7.32694410793367,7.91217306456839,1
283,1,18.75,84,7.91217306456839,8.16290036915989,1
283,1,18.75,84,8.16290036915989,8.18458743645229,1
283,1,18.75,84,8.18458743645229,8.55146957300079,1
283,1,18.75,84,8.55146957300079,8.95330391479806,1
283,1,18.75,84,8.95330391479806,9.45618032107662,1
283,1,18.75,84,9.45618032107662,10.0975212939097,1
283,1,18.75,84,10.0975212939097,10.1057886740043,1
283,1,18.75,84,10.1057886740043,10.1481014720144,1
283,1,18.75,84,10.1481014720144,10.4211957251597,1
283,1,18.75,84,10.4211957251597,10.594387383941,1
283,1,18.75,84,10.594387383941,11.2346383851381,1
283,1,18.75,84,11.2346383851381,11.3431361935346,1
283,1,18.75,84,11.3431361935346,11.3874201905835,1
283,1,18.75,84,11.3874201905835,11.5215119077673,1
283,1,18.75,84,11.5215119077673,11.7124271830696,1
283,1,18.75,84,11.7124271830696,11.8042177039634,1
283,1,18.75,84,11.8042177039634,11.8874700364306,1
283,1,18.75,84,11.8874700364306,11.9131689366219,1
283,1,18.75,84,11.9131689366219,12.471774187488,1
283,1,18.75,84,12.471774187488,12.5287597462936,1
283,1,18.75,84,12.5287597462936,12.6157596225163,1
283,1,18.75,84,12.6157596225163,12.9093898467152,1
283,1,18.75,84,12.9093898467152,13.111144621164,1
283,1,18.75,84,13.111144621164,13.1539991787324,1
283,1,18.75,84,13.1539991787324,13.3383834276016,1
283,1,18.75,84,13.3383834276016,13.4152156965981,1
283,1,18.75,84,13.4152156965981,13.4409754374493,1
283,1,18.75,84,13.4409754374493,13.7143773282256,1
283,1,18.75,84,13.7143773282256,14.0809367341783,1
283,1,18.75,84,14.0809367341783,14.0825728153709,1
283,1,18.75,84,14.0825728153709,14.3487276921602,1
283,1,18.75,84,14.3487276921602,14.3566836067043,1
283,1,18.75,84,14.3566836067043,14.5752738794418,1
283,1,18.75,84,14.5752738794418,14.8069086899332,1
283,1,18.75,84,14.8069086899332,15.0674043855986,1
283,1,18.75,84,15.0674043855986,15.1216089560755,1
283,1,18.75,84,15.1216089560755,15.1528199331276,1
283,1,18.75,84,15.1528199331276,15.1643478853385,1
283,1,18.75,84,15.1643478853385,15.2239195965372,1
283,1,18.75,84,15.2239195965372,15.2318772571805,1
283,1,18.75,84,15.2318772571805,15.3225344705619,1
283,1,18.75,84,15.3225344705619,15.4011941637955,1
283,1,18.75,84,15.4011941637955,15.4190500484663,1
283,1,18.75,84,15.4190500484663,15.5761407144638,1
283,1,18.75,84,15.5761407144638,15.5965914691168,1
283,1,18.75,84,15.5965914691168,15.6394351054126,1
283,1,18.75,84,15.6394351054126,15.7895668287638,1
283,1,18.75,84,15.7895668287638,16.0386320415106,1
283,1,18.75,84,16.0386320415106,16.0634075707283,1
283,1,18.75,84,16.0634075707283,16.2030971403027,1
283,1,18.75,84,16.2030971403027,16.2134338758237,1
283,1,18.75,84,16.2134338758237,16.251111623774,1
283,1,18.75,84,16.251111623774,16.2511388720091,1
283,1,18.75,84,16.2511388720091,16.289869948476,1
283,1,18.75,84,16.289869948476,16.3645533934536,1
283,1,18.75,84,16.3645533934536,16.4366350886146,1
283,1,18.75,84,16.4366350886146,16.6097652673331,1
283,1,18.75,84,16.6097652673331,16.6243744044743,1
283,1,18.75,84,16.6243744044743,17.0210048212851,1
283,1,18.75,84,17.0210048212851,17.3224816762238,1
283,1,18.75,84,17.3224816762238,17.3330120255316,1
283,1,18.75,84,17.3330120255316,17.3573247139446,1
283,1,18.75,84,17.3573247139446,17.6314726642127,1
283,1,18.75,84,17.6314726642127,17.6652342211735,1
283,1,18.75,84,17.6652342211735,17.8713318563516,1
283,1,18.75,84,17.8713318563516,18.0625391346698,1
283,1,18.75,84,18.0625391346698,18.0855815385145,1
283,1,18.75,84,18.0855815385145,18.1965639522524,1
283,1,18.75,84,18.1965639522524,18.2242355093112,1
283,1,18.75,84,18.2242355093112,18.3458081209981,1
283,1,18.75,84,18.3458081209981,18.358199889103,1
283,1,18.75,84,18.358199889103,18.3811030661589,1
283,1,18.75,84,18.3811030661589,18.4040628205546,1
283,1,18.75,84,18.4040628205546,18.4827168173601,1
283,1,18.75,84,18.4827168173601,18.7499300825084,1
283,1,18.75,84,18.7499300825084,18.75,0
284,1,16.75,0,0,16.75,0
285,1,9.75,2,0,3.49684849286768,1
285,1,9.75,2,3.49684849286768,9.25009110220975,1
285,1,9.75,2,9.25009110220975,9.75,0
286,1,8.75,0,0,8.75,0
287,1,8.75,2,0,2.02940603194093,1
287,1,8.75,2,2.02940603194093,4.4171355356249,1
287,1,8.75,2,4.4171355356249,8.75,0
288,1,16.75,46,0,1.73674463319875,1
288,1,16.75,46,1.73674463319875,3.82008364687978,1
288,1,16.75,46,3.82008364687978,4.32224651846748,1
288,1,16.75,46,4.32224651846748,7.0941666603504,1
288,1,16.75,46,7.0941666603504,7.15651361502073,1
288,1,16.75,46,7.15651361502073,7.37177993815256,1
288,1,16.75,46,7.37177993815256,7.8722085573082,1
288,1,16.75,46,7.8722085573082,8.34374136052908,1
288,1,16.75,46,8.34374136052908,8.4672278167017,1
288,1,16.75,46,8.4672278167017,9.00845584563131,1
288,1,16.75,46,9.00845584563131,9.15496248751612,1
288,1,16.75,46,9.15496248751612,9.46931782391224,1
288,1,16.75,46,9.46931782391224,9.54014387366795,1
288,1,16.75,46,9.54014387366795,9.726054162506,1
288,1,16.75,46,9.726054162506,9.7268160441502,1
288,1,16.75,46,9.7268160441502,10.6655458156053,1
288,1,16.75,46,10.6655458156053,10.6811055527746,1
288,1,16.75,46,10.6811055527746,10.8595573569974,1
288,1,16.75,46,10.8595573569974,10.8737082812904,1
288,1,16.75,46,10.8737082812904,10.9948114060072,1
288,1,16.75,46,10.9948114060072,11.5869569380661,1
288,1,16.75,46,11.5869569380661,11.6026214138964,1
288,1,16.75,46,11.6026214138964,11.6389187941922,1
288,1,16.75,46,11.6389187941922,12.0654756323935,1
288,1,16.75,46,12.0654756323935,12.6928750519845,1
288,1,16.75,46,12.6928750519845,12.8303370368251,1
288,1,16.75,46,12.8303370368251,13.1672147808313,1
288,1,16.75,46,13.1672147808313,13.322183273027,1
288,1,16.75,46,13.322183273027,13.3818133192664,1
288,1,16.75,46,13.3818133192664,13.8284882348082,1
288,1,16.75,46,13.8284882348082,13.8346875563281,1
288,1,16.75,46,13.8346875563281,13.9244457796078,1
288,1,16.75,46,13.9244457796078,14.3511722669909,1
288,1,16.75,46,14.3511722669909,14.6466298150036,1
288,1,16.75,46,14.6466298150036,14.6609298552619,1
288,1,16.75,46,14.6609298552619,14.8133473921629,1
288,1,16.75,46,14.8133473921629,14.8623911962737,1
288,1,16.75,46,14.8623911962737,14.9057141755791,1
288,1,16.75,46,14.9057141755791,15.0269077824125,1
288,1,16.75,46,15.0269077824125,15.4929129580077,1
288,1,16.75,46,15.4929129580077,15.5011889560048,1
288,1,16.75,46,15.5011889560048,16.0714841195642,1
288,1,16.75,46,16.0714841195642,16.1316837712776,1
288,1,16.75,46,16.1316837712776,16.2222704967541,1
288,1,16.75,46,16.2222704967541,16.5332336377475,1
288,1,16.75,46,16.5332336377475,16.6841083246406,1
288,1,16.75,46,16.6841083246406,16.75,0
289,1,13.75,36,0,1.30303126299373,1
289,1,13.75,36,1.30303126299373,4.66056242735206,1
289,1,13.75,36,4.66056242735206,5.88191876891092,1
289,1,13.75,36,5.88191876891092,6.41574205348944,1
289,1,13.75,36,6.41574205348944,6.74601471457193,1
289,1,13.75,36,6.74601471457193,6.9094597906928,1
289,1,13.75,36,6.9094597906928,7.06460918786303,1
289,1,13.75,36,7.06460918786303,7.28500693299564,1
289,1,13.75,36,7.28500693299564,7.69476569009339,1
289,1,13.75,36,7.69476569009339,7.82573277211391,1
289,1,13.75,36,7.82573277211391,9.2295490239465,1
289,1,13.75,36,9.2295490239465,9.39686404923288,1
289,1,13.75,36,9.39686404923288,9.44600684442594,1
289,1,13.75,36,9.44600684442594,9.97921878476226,1
289,1,13.75,36,9.97921878476226,10.1594083438732,1
289,1,13.75,36,10.1594083438732,10.3747670061822,1
289,1,13.75,36,10.3747670061822,10.5018050967175,1
289,1,13.75,36,10.5018050967175,10.7131543643367,1
289,1,13.75,36,10.7131543643367,11.021115138859,1
289,1,13.75,36,11.021115138859,11.0288682303156,1
289,1,13.75,36,11.0288682303156,11.3259386313745,1
289,1,13.75,36,11.3259386313745,11.4653474266976,1
289,1,13.75,36,11.4653474266976,11.5218760826043,1
289,1,13.75,36,11.5218760826043,11.7423989379166,1
289,1,13.75,36,11.7423989379166,11.8333102563412,1
289,1,13.75,36,11.8333102563412,12.0780527123394,1
289,1,13.75,36,12.0780527123394,12.1722442691762,1
289,1,13.75,36,12.1722442691762,12.6691780948714,1
289,1,13.75,36,12.6691780948714,12.6818275879401,1
289,1,13.75,36,12.6818275879401,12.7947059266305,1
289,1,13.75,36,12.7947059266305,12.9952046619169,1
289,1,13.75,36,12.9952046619169,13.3472416559708,1
289,1,13.75,36,13.3472416559708,13.5190233785487,1
289,1,13.75,36,13.5190233785487,13.558040981718,1
289,1,13.75,36,13.558040981718,13.5965734650282,1
289,1,13.75,36,13.5965734650282,13.7387986612782,1
289,1,13.75,36,13.7387986612782,13.75,0
290,1,16.75,84,0,1.94529613718171,1
290,1,16.75,84,1.94529613718171,2.92315261745866,1
290,1,16.75,84,2.92315261745866,4.28767495080468,1
290,1,16.75,84,4.28767495080468,4.36239844113383,1
290,1,16.75,84,4.36239844113383,4.93250811192669,1
290,1,16.75,84,4.93250811192669,5.23335305731063,1
290,1,16.75,84,5.23335305731063,5.61348183764648,1
290,1,16.75,84,5.61348183764648,6.10679713626825,1
290,1,16.75,84,6.10679713626825,6.22997656608277,1
290,1,16.75,84,6.22997656608277,6.55886206632639,1
290,1,16.75,84,6.55886206632639,7.04907526741661,1
290,1,16.75,84,7.04907526741661,7.44711255365081,1
290,1,16.75,84,7.44711255365081,8.05943572397104,1
290,1,16.75,84,8.05943572397104,8.20120041119928,1
290,1,16.75,84,8.20120041119928,8.35431908164372,1
290,1,16.75,84,8.35431908164372,8.61480055997281,1
290,1,16.75,84,8.61480055997281,8.78213798988948,1
290,1,16.75,84,8.78213798988948,8.79317245774946,1
290,1,16.75,84,8.79317245774946,8.83316107904444,1
290,1,16.75,84,8.83316107904444,8.86609518486506,1
290,1,16.75,84,8.86609518486506,8.89069420477609,1
290,1,16.75,84,8.89069420477609,8.92825941576966,1
290,1,16.75,84,8.92825941576966,9.23013270524866,1
290,1,16.75,84,9.23013270524866,9.47495095298569,1
290,1,16.75,84,9.47495095298569,9.91976313825397,1
290,1,16.75,84,9.91976313825397,9.98797906417418,1
290,1,16.75,84,9.98797906417418,10.1239042033157,1
290,1,16.75,84,10.1239042033157,10.3044117527599,1
290,1,16.75,84,10.3044117527599,10.4737584166661,1
290,1,16.75,84,10.4737584166661,10.6821977564585,1
290,1,16.75,84,10.6821977564585,10.8607341383597,1
290,1,16.75,84,10.8607341383597,10.8678408786603,1
290,1,16.75,84,10.8678408786603,11.0363406293341,1
290,1,16.75,84,11.0363406293341,11.3197446248427,1
290,1,16.75,84,11.3197446248427,11.385708020726,1
290,1,16.75,84,11.385708020726,11.6083588871801,1
290,1,16.75,84,11.6083588871801,11.6339191961639,1
290,1,16.75,84,11.6339191961639,11.6670192616276,1
290,1,16.75,84,11.6670192616276,11.6731653736242,1
290,1,16.75,84,11.6731653736242,11.7165503641299,1
290,1,16.75,84,11.7165503641299,11.7293240971448,1
290,1,16.75,84,11.7293240971448,11.7936919770055,1
290,1,16.75,84,11.7936919770055,11.8848793175909,1
290,1,16.75,84,11.8848793175909,11.9611617024475,1
290,1,16.75,84,11.9611617024475,12.1006462970666,1
290,1,16.75,84,12.1006462970666,12.2197414823969,1
290,1,16.75,84,12.2197414823969,12.4962806050039,1
290,1,16.75,84,12.4962806050039,12.6934767908452,1
290,1,16.75,84,12.6934767908452,13.0682080853654,1
290,1,16.75,84,13.0682080853654,13.0921858710626,1
290,1,16.75,84,13.0921858710626,13.1522076788607,1
290,1,16.75,84,13.1522076788607,13.1788255541359,1
290,1,16.75,84,13.1788255541359,13.2973869001886,1
290,1,16.75,84,13.2973869001886,13.312727714235,1
290,1,16.75,84,13.312727714235,13.7387052087215,1
290,1,16.75,84,13.7387052087215,13.7394890217601,1
290,1,16.75,84,13.7394890217601,14.0242970920414,1
290,1,16.75,84,14.0242970920414,14.1177722569692,1
290,1,16.75,84,14.1177722569692,14.1655547803776,1
290,1,16.75,84,14.1655547803776,14.2432331305598,1
290,1,16.75,84,14.2432331305598,14.2557345364318,1
290,1,16.75,84,14.2557345364318,14.4080066730215,1
290,1,16.75,84,14.4080066730215,14.5868421130264,1
290,1,16.75,84,14.5868421130264,14.9526124199458,1
290,1,16.75,84,14.9526124199458,14.9924197132931,1
290,1,16.75,84,14.9924197132931,15.0077130031105,1
290,1,16.75,84,15.0077130031105,15.0104861773946,1
290,1,16.75,84,15.0104861773946,15.2763770457631,1
290,1,16.75,84,15.2763770457631,15.4341990781036,1
290,1,16.75,84,15.4341990781036,15.6048959156096,1
290,1,16.75,84,15.6048959156096,15.6093026356488,1
290,1,16.75,84,15.6093026356488,15.6487593106389,1
290,1,16.75,84,15.6487593106389,15.6620975297099,1
290,1,16.75,84,15.6620975297099,15.7071254600773,1
290,1,16.75,84,15.7071254600773,15.7326604156801,1
290,1,16.75,84,15.7326604156801,15.7989048597791,1
290,1,16.75,84,15.7989048597791,16.0026964248445,1
290,1,16.75,84,16.0026964248445,16.0796294093908,1
290,1,16.75,84,16.0796294093908,16.1722988379546,1
290,1,16.75,84,16.1722988379546,16.2455400340985,1
290,1,16.75,84,16.2455400340985,16.5377647488182,1
290,1,16.75,84,16.5377647488182,16.5928015765563,1
290,1,16.75,84,16.5928015765563,16.6961291841895,1
290,1,16.75,84,16.6961291841895,16.721561911153,1
290,1,16.75,84,16.721561911153,16.75,0
291,1,8.75,2,0,0.146189254853941,1
291,1,8.75,2,0.146189254853941,3.31174606284439,1
291,1,8.75,2,3.31174606284439,8.75,0
292,1,11.75,11,0,2.46285335547944,1
292,1,11.75,11,2.46285335547944,3.46572306305857,1
292,1,11.75,11,3.46572306305857,5.64981321233311,1
292,1,11.75,11,5.64981321233311,8.03963865830405,1
292,1,11.75,11,8.03963865830405,8.96154852108789,1
292,1,11.75,11,8.96154852108789,9.05611920749948,1
292,1,11.75,11,9.05611920749948,9.10920818196032,1
292,1,11.75,11,9.10920818196032,10.0000278347893,1
292,1,11.75,11,10.0000278347893,11.1791344616094,1
292,1,11.75,11,11.1791344616094,11.2633264752955,1
292,1,11.75,11,11.2633264752955,11.5628901602585,1
292,1,11.75,11,11.5628901602585,11.75,0
293,1,8.75,6,0,4.79344780399273,1
293,1,8.75,6,4.79344780399273,5.59794682326576,1
293,1,8.75,6,5.59794682326576,6.66949724834158,1
293,1,8.75,6,6.66949724834158,7.77645428455777,1
293,1,8.75,6,7.77645428455777,8.03207970365926,1
293,1,8.75,6,8.03207970365926,8.38369162084219,1
293,1,8.75,6,8.38369162084219,8.75,0
294,1,8.75,4,0,4.20418020128517,1
294,1,8.75,4,4.20418020128517,7.36144143240367,1
294,1,8.75,4,7.36144143240367,7.73806177673827,1
294,1,8.75,4,7.73806177673827,8.24651032783308,1
294,1,8.75,4,8.24651032783308,8.75,0
295,1,15.75,42,0,3.29823141119699,1
295,1,15.75,42,3.29823141119699,5.22780469291608,1
295,1,15.75,42,5.22780469291608,6.02533734981652,1
295,1,15.75,42,6.02533734981652,6.19014023348352,1
295,1,15.75,42,6.19014023348352,6.51173829021045,1
295,1,15.75,42,6.51173829021045,7.80063992732458,1
295,1,15.75,42,7.80063992732458,8.00043688013639,1
295,1,15.75,42,8.00043688013639,8.10216791466279,1
295,1,15.75,42,8.10216791466279,8.28924727664178,1
295,1,15.75,42,8.28924727664178,9.11651964829256,1
295,1,15.75,42,9.11651964829256,9.37208696000294,1
295,1,15.75,42,9.37208696000294,9.47530587968785,1
295,1,15.75,42,9.47530587968785,9.53855882725473,1
295,1,15.75,42,9.53855882725473,9.562011333581,1
295,1,15.75,42,9.562011333581,9.78751425011793,1
295,1,15.75,42,9.78751425011793,9.79439257467136,1
295,1,15.75,42,9.79439257467136,9.93083945131649,1
295,1,15.75,42,9.93083945131649,9.94298295656088,1
295,1,15.75,42,9.94298295656088,10.0423046772008,1
295,1,15.75,42,10.0423046772008,10.1009113946942,1
295,1,15.75,42,10.1009113946942,10.6129950281684,1
295,1,15.75,42,10.6129950281684,10.6352010271699,1
295,1,15.75,42,10.6352010271699,10.8918105114915,1
295,1,15.75,42,10.8918105114915,11.76979244087,1
295,1,15.75,42,11.76979244087,12.0882925110185,1
295,1,15.75,42,12.0882925110185,12.1347685206834,1
295,1,15.75,42,12.1347685206834,12.471325687171,1
295,1,15.75,42,12.471325687171,13.2576683374277,1
295,1,15.75,42,13.2576683374277,13.4270114981608,1
295,1,15.75,42,13.4270114981608,13.4852933137795,1
295,1,15.75,42,13.4852933137795,13.9656680567343,1
295,1,15.75,42,13.9656680567343,14.0587471123006,1
295,1,15.75,42,14.0587471123006,14.1610550999133,1
295,1,15.75,42,14.1610550999133,14.3176284369918,1
295,1,15.75,42,14.3176284369918,14.328207266745,1
295,1,15.75,42,14.328207266745,14.5934885487023,1
295,1,15.75,42,14.5934885487023,14.6784892016166,1
295,1,15.75,42,14.6784892016166,14.8040252769916,1
295,1,15.75,42,14.8040252769916,15.307917726361,1
295,1,15.75,42,15.307917726361,15.3583098743728,1
295,1,15.75,42,15.3583098743728,15.4578120107678,1
295,1,15.75,42,15.4578120107678,15.5085815031508,1
295,1,15.75,42,15.5085815031508,15.75,0
296,1,14.75,2,0,5.94041786200925,1
296,1,14.75,2,5.94041786200925,7.24498672658333,1
296,1,14.75,2,7.24498672658333,14.75,0
297,1,12.75,2,0,3.02029522000869,1
297,1,12.75,2,3.02029522000869,7.9656669955209,1
297,1,12.75,2,7.9656669955209,12.75,0
298,1,12.75,0,0,12.75,0
299,1,18.75,1,0,1.24373468016572,1
299,1,18.75,1,1.24373468016572,18.75,0
300,1,17.75,49,0,3.26237379449915,1
300,1,17.75,49,3.26237379449915,4.98209456687862,1
300,1,17.75,49,4.98209456687862,6.05052606062786,1
300,1,17.75,49,6.05052606062786,6.82738103570101,1
300,1,17.75,49,6.82738103570101,7.4738353142307,1
300,1,17.75,49,7.4738353142307,7.50469593499534,1
300,1,17.75,49,7.50469593499534,8.00904687275224,1
300,1,17.75,49,8.00904687275224,8.58665615922107,1
300,1,17.75,49,8.58665615922107,8.98658616157088,1
300,1,17.75,49,8.98658616157088,9.00442248272302,1
300,1,17.75,49,9.00442248272302,9.57542313712278,1
300,1,17.75,49,9.57542313712278,10.0307016337067,1
300,1,17.75,49,10.0307016337067,10.244944135321,1
300,1,17.75,49,10.244944135321,10.4604199083361,1
300,1,17.75,49,10.4604199083361,10.6747349494099,1
300,1,17.75,49,10.6747349494099,10.7348903344685,1
300,1,17.75,49,10.7348903344685,10.8566690880653,1
300,1,17.75,49,10.8566690880653,11.0716777929569,1
300,1,17.75,49,11.0716777929569,11.6219877629057,1
300,1,17.75,49,11.6219877629057,11.7282151154034,1
300,1,17.75,49,11.7282151154034,11.7564626240568,1
300,1,17.75,49,11.7564626240568,12.5283277002825,1
300,1,17.75,49,12.5283277002825,13.0136232111385,1
300,1,17.75,49,13.0136232111385,13.0890304449109,1
300,1,17.75,49,13.0890304449109,13.1206522671085,1
300,1,17.75,49,13.1206522671085,13.2472797254124,1
300,1,17.75,49,13.2472797254124,13.3188212084759,1
300,1,17.75,49,13.3188212084759,13.322101040695,1
300,1,17.75,49,13.322101040695,13.6024977561114,1
300,1,17.75,49,13.6024977561114,13.950334921748,1
300,1,17.75,49,13.950334921748,13.9973758142979,1
300,1,17.75,49,13.9973758142979,14.0187763528721,1
300,1,17.75,49,14.0187763528721,14.1489701179802,1
300,1,17.75,49,14.1489701179802,14.4148815246088,1
300,1,17.75,49,14.4148815246088,15.5863784678594,1
300,1,17.75,49,15.5863784678594,15.7787933836148,1
300,1,17.75,49,15.7787933836148,15.8663100312356,1
300,1,17.75,49,15.8663100312356,15.8782946384213,1
300,1,17.75,49,15.8782946384213,16.277380061363,1
300,1,17.75,49,16.277380061363,16.3600034443814,1
300,1,17.75,49,16.3600034443814,16.450171489446,1
300,1,17.75,49,16.450171489446,16.6293698587102,1
300,1,17.75,49,16.6293698587102,16.8532252028058,1
300,1,17.75,49,16.8532252028058,16.9311820862334,1
300,1,17.75,49,16.9311820862334,17.1117786388268,1
300,1,17.75,49,17.1117786388268,17.1376750268874,1
300,1,17.75,49,17.1376750268874,17.4119729320191,1
300,1,17.75,49,17.4119729320191,17.4960077082471,1
300,1,17.75,49,17.4960077082471,17.6047046222499,1
300,1,17.75,49,17.6047046222499,17.75,0
301,0,14.75,0,0,14.75,0
302,0,13.75,0,0,13.75,0
303,0,11.75,0,0,11.75,0
304,0,14.75,1,0,12.2505994924539,1
304,0,14.75,1,12.2505994924539,14.75,0
305,0,13.75,32,0,3.67000394485721,1
305,0,13.75,32,3.67000394485721,4.64073080938628,1
305,0,13.75,32,4.64073080938628,5.05151799499324,1
305,0,13.75,32,5.05151799499324,5.65182045764235,1
305,0,13.75,32,5.65182045764235,6.23588327533962,1
305,0,13.75,32,6.23588327533962,6.27621506793517,1
305,0,13.75,32,6.27621506793517,6.50045666357589,1
305,0,13.75,32,6.50045666357589,7.01149921329117,1
305,0,13.75,32,7.01149921329117,7.43570586190462,1
305,0,13.75,32,7.43570586190462,7.76349993034951,1
305,0,13.75,32,7.76349993034951,7.79080798359985,1
305,0,13.75,32,7.79080798359985,8.04744904339504,1
305,0,13.75,32,8.04744904339504,8.1085805852887,1
305,0,13.75,32,8.1085805852887,8.73271584206304,1
305,0,13.75,32,8.73271584206304,8.80867976812625,1
305,0,13.75,32,8.80867976812625,8.8943864924789,1
305,0,13.75,32,8.8943864924789,8.94654108727582,1
305,0,13.75,32,8.94654108727582,9.16778789889993,1
305,0,13.75,32,9.16778789889993,9.18890184660667,1
305,0,13.75,32,9.18890184660667,9.33513696636614,1
305,0,13.75,32,9.33513696636614,10.4161646823583,1
305,0,13.75,32,10.4161646823583,10.4879237898773,1
305,0,13.75,32,10.4879237898773,10.5311661431519,1
305,0,13.75,32,10.5311661431519,10.7105402920294,1
305,0,13.75,32,10.7105402920294,11.477152932244,1
305,0,13.75,32,11.477152932244,11.5818886684517,1
305,0,13.75,32,11.5818886684517,11.6658879055973,1
305,0,13.75,32,11.6658879055973,11.8755668017495,1
305,0,13.75,32,11.8755668017495,12.1313930509246,1
305,0,13.75,32,12.1313930509246,12.7217937819161,1
305,0,13.75,32,12.7217937819161,12.9491609672803,1
305,0,13.75,32,12.9491609672803,13.0065299158081,1
305,0,13.75,32,13.0065299158081,13.75,0
306,0,10.75,2,0,2.70591265051277,1
306,0,10.75,2,2.70591265051277,6.26204842499746,1
306,0,10.75,2,6.26204842499746,10.75,0
307,0,11.75,0,0,11.75,0
308,0,11.75,0,0,11.75,0
309,0,16.75,42,0,3.46513399673669,1
309,0,16.75,42,3.46513399673669,3.81200521307398,1
309,0,16.75,42,3.81200521307398,5.10674186252289,1
309,0,16.75,42,5.10674186252289,6.35029915142835,1
309,0,16.75,42,6.35029915142835,6.47947307998201,1
309,0,16.75,42,6.47947307998201,7.23674308316127,1
309,0,16.75,42,7.23674308316127,8.08829257284089,1
309,0,16.75,42,8.08829257284089,8.79274952323159,1
309,0,16.75,42,8.79274952323159,9.70568259072699,1
309,0,16.75,42,9.70568259072699,9.98530191879412,1
309,0,16.75,42,9.98530191879412,10.6612302099784,1
309,0,16.75,42,10.6612302099784,11.3330817965997,1
309,0,16.75,42,11.3330817965997,11.4109206066217,1
309,0,16.75,42,11.4109206066217,11.891246780153,1
309,0,16.75,42,11.891246780153,12.0757099518495,1
309,0,16.75,42,12.0757099518495,12.1986704775865,1
309,0,16.75,42,12.1986704775865,12.393442329634,1
309,0,16.75,42,12.393442329634,12.4734443825346,1
309,0,16.75,42,12.4734443825346,12.5015552952491,1
309,0,16.75,42,12.5015552952491,12.5105423140223,1
309,0,16.75,42,12.5105423140223,12.5367057904242,1
309,0,16.75,42,12.5367057904242,12.5421299888276,1
309,0,16.75,42,12.5421299888276,13.0325349497087,1
309,0,16.75,42,13.0325349497087,13.2063931858274,1
309,0,16.75,42,13.2063931858274,13.6450471563234,1
309,0,16.75,42,13.6450471563234,13.9752086252743,1
309,0,16.75,42,13.9752086252743,13.9876996707716,1
309,0,16.75,42,13.9876996707716,14.0282885068782,1
309,0,16.75,42,14.0282885068782,14.7660294413634,1
309,0,16.75,42,14.7660294413634,15.0039001450032,1
309,0,16.75,42,15.0039001450032,15.0422154312971,1
309,0,16.75,42,15.0422154312971,15.0690733240727,1
309,0,16.75,42,15.0690733240727,15.1899562051835,1
309,0,16.75,42,15.1899562051835,15.3060865979241,1
309,0,16.75,42,15.3060865979241,15.6206687426477,1
309,0,16.75,42,15.6206687426477,15.9063613441392,1
309,0,16.75,42,15.9063613441392,16.2886297611269,1
309,0,16.75,42,16.2886297611269,16.3128695495493,1
309,0,16.75,42,16.3128695495493,16.364017544444,1
309,0,16.75,42,16.364017544444,16.518109017374,1
309,0,16.75,42,16.518109017374,16.5612522837128,1
309,0,16.75,42,16.5612522837128,16.706121789871,1
309,0,16.75,42,16.706121789871,16.75,0
310,0,16.75,1,0,10.6329828586853,1
310,0,16.75,1,10.6329828586853,16.75,0
311,0,8.75,0,0,8.75,0
312,0,17.75,30,0,3.30535480244913,1
312,0,17.75,30,3.30535480244913,4.77229578122219,1
312,0,17.75,30,4.77229578122219,5.92569177790247,1
312,0,17.75,30,5.92569177790247,6.78929087346667,1
312,0,17.75,30,6.78929087346667,7.36702766140957,1
312,0,17.75,30,7.36702766140957,7.47940468552155,1
312,0,17.75,30,7.47940468552155,8.73971545333736,1
312,0,17.75,30,8.73971545333736,9.04564093599407,1
312,0,17.75,30,9.04564093599407,10.6775415649206,1
312,0,17.75,30,10.6775415649206,11.046797301349,1
312,0,17.75,30,11.046797301349,11.1080316950015,1
312,0,17.75,30,11.1080316950015,11.192394727469,1
312,0,17.75,30,11.192394727469,12.4359710818229,1
312,0,17.75,30,12.4359710818229,13.1932351825698,1
312,0,17.75,30,13.1932351825698,13.2267311014785,1
312,0,17.75,30,13.2267311014785,13.4842921947741,1
312,0,17.75,30,13.4842921947741,13.923367120639,1
312,0,17.75,30,13.923367120639,14.1216721128677,1
312,0,17.75,30,14.1216721128677,14.1981620383788,1
312,0,17.75,30,14.1981620383788,14.8914324180545,1
312,0,17.75,30,14.8914324180545,14.9689700939038,1
312,0,17.75,30,14.9689700939038,16.079004333278,1
312,0,17.75,30,16.079004333278,16.970223859735,1
312,0,17.75,30,16.970223859735,17.0953785336527,1
312,0,17.75,30,17.0953785336527,17.1107623217899,1
312,0,17.75,30,17.1107623217899,17.1993339365245,1
312,0,17.75,30,17.1993339365245,17.2107342660317,1
312,0,17.75,30,17.2107342660317,17.2662429575926,1
312,0,17.75,30,17.2662429575926,17.3757293650923,1
312,0,17.75,30,17.3757293650923,17.5464937303073,1
312,0,17.75,30,17.5464937303073,17.75,0
313,0,16.75,1,0,1.8607194079672,1
313,0,16.75,1,1.8607194079672,16.75,0
314,0,18.75,50,0,4.21833828320172,1
314,0,18.75,50,4.21833828320172,4.77410892086196,1
314,0,18.75,50,4.77410892086196,5.15609383781308,1
314,0,18.75,50,5.15609383781308,6.12650594665682,1
314,0,18.75,50,6.12650594665682,7.73996017101378,1
314,0,18.75,50,7.73996017101378,7.89257502057722,1
314,0,18.75,50,7.89257502057722,7.96739482182819,1
314,0,18.75,50,7.96739482182819,8.33691114770517,1
314,0,18.75,50,8.33691114770517,8.92944301642644,1
314,0,18.75,50,8.92944301642644,9.71884760428629,1
314,0,18.75,50,9.71884760428629,9.82242825166873,1
314,0,18.75,50,9.82242825166873,9.90708983878484,1
314,0,18.75,50,9.90708983878484,9.91081122868085,1
314,0,18.75,50,9.91081122868085,9.95512436631904,1
314,0,18.75,50,9.95512436631904,10.1926249047504,1
314,0,18.75,50,10.1926249047504,10.3672586422975,1
314,0,18.75,50,10.3672586422975,10.4940819110387,1
314,0,18.75,50,10.4940819110387,10.9564342378183,1
314,0,18.75,50,10.9564342378183,11.5380793047483,1
314,0,18.75,50,11.5380793047483,11.8069881155691,1
314,0,18.75,50,11.8069881155691,11.8449130539254,1
314,0,18.75,50,11.8449130539254,12.2254938770369,1
314,0,18.75,50,12.2254938770369,12.2349961369225,1
314,0,18.75,50,12.2349961369225,12.733316741286,1
314,0,18.75,50,12.733316741286,13.008215969051,1
314,0,18.75,50,13.008215969051,13.0568942389718,1
314,0,18.75,50,13.0568942389718,13.3892997562815,1
314,0,18.75,50,13.3892997562815,13.5422332496159,1
314,0,18.75,50,13.5422332496159,14.7257598142678,1
314,0,18.75,50,14.7257598142678,14.7262660535176,1
314,0,18.75,50,14.7262660535176,14.7547452123372,1
314,0,18.75,50,14.7547452123372,14.8359854389994,1
314,0,18.75,50,14.8359854389994,15.0303885118507,1
314,0,18.75,50,15.0303885118507,15.0844250656638,1
314,0,18.75,50,15.0844250656638,15.1038353907507,1
314,0,18.75,50,15.1038353907507,15.5222698416281,1
314,0,18.75,50,15.5222698416281,15.7477032287962,1
314,0,18.75,50,15.7477032287962,15.8843556897236,1
314,0,18.75,50,15.8843556897236,16.313156710599,1
314,0,18.75,50,16.313156710599,16.7364488085649,1
314,0,18.75,50,16.7364488085649,17.523177038204,1
314,0,18.75,50,17.523177038204,17.5284041431001,1
314,0,18.75,50,17.5284041431001,17.5906026942082,1
314,0,18.75,50,17.5906026942082,17.6400690005195,1
314,0,18.75,50,17.6400690005195,17.943813071215,1
314,0,18.75,50,17.943813071215,18.1612673737422,1
314,0,18.75,50,18.1612673737422,18.2944028037707,1
314,0,18.75,50,18.2944028037707,18.6565985982074,1
314,0,18.75,50,18.6565985982074,18.700981728285,1
314,0,18.75,50,18.700981728285,18.7157482059351,1
314,0,18.75,50,18.7157482059351,18.75,0
315,0,8.75,5,0,4.37817366117359,1
315,0,8.75,5,4.37817366117359,5.16412520086103,1
315,0,8.75,5,5.16412520086103,7.25656093196565,1
315,0,8.75,5,7.25656093196565,7.62551355991062,1
315,0,8.75,5,7.62551355991062,8.46306717465946,1
315,0,8.75,5,8.46306717465946,8.75,0
316,0,11.75,0,0,11.75,0
317,0,14.75,1,0,0.82642278973648,1
317,0,14.75,1,0.82642278973648,14.75,0
318,0,10.75,0,0,10.75,0
319,0,13.75,16,0,7.35019883770726,1
319,0,13.75,16,7.35019883770726,7.49267602105932,1
319,0,13.75,16,7.49267602105932,7.75003936266366,1
319,0,13.75,16,7.75003936266366,7.86294473801073,1
319,0,13.75,16,7.86294473801073,8.08950339311467,1
319,0,13.75,16,8.08950339311467,9.09890035807666,1
319,0,13.75,16,9.09890035807666,9.38163625243712,1
319,0,13.75,16,9.38163625243712,9.97955747997943,1
319,0,13.75,16,9.97955747997943,10.1441318173043,1
319,0,13.75,16,10.1441318173043,10.3407942097002,1
319,0,13.75,16,10.3407942097002,11.5665706748444,1
319,0,13.75,16,11.5665706748444,11.6737039690307,1
319,0,13.75,16,11.6737039690307,12.4738064520548,1
319,0,13.75,16,12.4738064520548,12.6886463985297,1
319,0,13.75,16,12.6886463985297,12.8699534319376,1
319,0,13.75,16,12.8699534319376,13.5550526827905,1
319,0,13.75,16,13.5550526827905,13.75,0
320,0,15.75,0,0,15.75,0
321,0,12.75,2,0,4.07797698702245,1
321,0,12.75,2,4.07797698702245,5.96674291408755,1
321,0,12.75,2,5.96674291408755,12.75,0
322,0,17.75,39,0,2.23682087065208,1
322,0,17.75,39,2.23682087065208,7.17343342241889,1
322,0,17.75,39,7.17343342241889,8.72136864459117,1
322,0,17.75,39,8.72136864459117,8.75752189906581,1
322,0,17.75,39,8.75752189906581,10.3663365332819,1
322,0,17.75,39,10.3663365332819,11.3018756119701,1
322,0,17.75,39,11.3018756119701,11.8527814435648,1
322,0,17.75,39,11.8527814435648,11.900994103823,1
322,0,17.75,39,11.900994103823,11.9636979117629,1
322,0,17.75,39,11.9636979117629,12.0870342778876,1
322,0,17.75,39,12.0870342778876,12.5324823371899,1
322,0,17.75,39,12.5324823371899,12.5692393645256,1
322,0,17.75,39,12.5692393645256,12.9275304255178,1
322,0,17.75,39,12.9275304255178,13.1312370202527,1
322,0,17.75,39,13.1312370202527,13.3014170092109,1
322,0,17.75,39,13.3014170092109,13.7987716931839,1
322,0,17.75,39,13.7987716931839,13.8257735209566,1
322,0,17.75,39,13.8257735209566,13.9475428297762,1
322,0,17.75,39,13.9475428297762,14.2159869743865,1
322,0,17.75,39,14.2159869743865,14.3798096826696,1
322,0,17.75,39,14.3798096826696,14.4192070253983,1
322,0,17.75,39,14.4192070253983,14.6477041837517,1
322,0,17.75,39,14.6477041837517,14.7311392866771,1
322,0,17.75,39,14.7311392866771,15.0103357983707,1
322,0,17.75,39,15.0103357983707,15.041708130043,1
322,0,17.75,39,15.041708130043,15.2312523723433,1
322,0,17.75,39,15.2312523723433,15.4026017754976,1
322,0,17.75,39,15.4026017754976,15.4822017221065,1
322,0,17.75,39,15.4822017221065,15.5170918520676,1
322,0,17.75,39,15.5170918520676,15.9965909956054,1
322,0,17.75,39,15.9965909956054,16.3343370716885,1
322,0,17.75,39,16.3343370716885,16.6282045967206,1
322,0,17.75,39,16.6282045967206,16.7415757343311,1
322,0,17.75,39,16.7415757343311,16.8686446023006,1
322,0,17.75,39,16.8686446023006,16.9513571266024,1
322,0,17.75,39,16.9513571266024,17.0922378817332,1
322,0,17.75,39,17.0922378817332,17.1510967257574,1
322,0,17.75,39,17.1510967257574,17.2735461803046,1
322,0,17.75,39,17.2735461803046,17.517576178602,1
322,0,17.75,39,17.517576178602,17.75,0
323,0,17.75,1,0,7.11948101403946,1
323,0,17.75,1,7.11948101403946,17.75,0
324,0,18.75,4,0,1.92524287919735,1
324,0,18.75,4,1.92524287919735,11.6293373218916,1
324,0,18.75,4,11.6293373218916,13.4162919993769,1
324,0,18.75,4,13.4162919993769,16.1523016948473,1
324,0,18.75,4,16.1523016948473,18.75,0
325,0,16.75,52,0,1.89534904420096,1
325,0,16.75,52,1.89534904420096,2.85466667115232,1
325,0,16.75,52,2.85466667115232,6.32719751921728,1
325,0,16.75,52,6.32719751921728,6.41759702545161,1
325,0,16.75,52,6.41759702545161,6.76801069552812,1
325,0,16.75,52,6.76801069552812,6.99329702507892,1
325,0,16.75,52,6.99329702507892,7.08267170998096,1
325,0,16.75,52,7.08267170998096,7.38192523695038,1
325,0,16.75,52,7.38192523695038,7.97475806516943,1
325,0,16.75,52,7.97475806516943,8.08511596136837,1
325,0,16.75,52,8.08511596136837,8.26069139516541,1
325,0,16.75,52,8.26069139516541,8.55162333900481,1
325,0,16.75,52,8.55162333900481,9.25631992869308,1
325,0,16.75,52,9.25631992869308,9.60861039193153,1
325,0,16.75,52,9.60861039193153,10.8294968014125,1
325,0,16.75,52,10.8294968014125,11.758445202285,1
325,0,16.75,52,11.758445202285,11.7614803835558,1
325,0,16.75,52,11.7614803835558,12.1015677149587,1
325,0,16.75,52,12.1015677149587,12.3470468456052,1
325,0,16.75,52,12.3470468456052,12.6577972052427,1
325,0,16.75,52,12.6577972052427,12.7045174794894,1
325,0,16.75,52,12.7045174794894,12.8942052580465,1
325,0,16.75,52,12.8942052580465,12.9501914492115,1
325,0,16.75,52,12.9501914492115,13.3008063026292,1
325,0,16.75,52,13.3008063026292,13.4017459451173,1
325,0,16.75,52,13.4017459451173,13.5744178213438,1
325,0,16.75,52,13.5744178213438,13.6900853068476,1
325,0,16.75,52,13.6900853068476,13.7712920957727,1
325,0,16.75,52,13.7712920957727,13.9883141637679,1
325,0,16.75,52,13.9883141637679,14.1390703007184,1
325,0,16.75,52,14.1390703007184,14.1541888516542,1
325,0,16.75,52,14.1541888516542,14.3258518686386,1
325,0,16.75,52,14.3258518686386,14.3599507522879,1
325,0,16.75,52,14.3599507522879,14.4022829491965,1
325,0,16.75,52,14.4022829491965,14.4032841439605,1
325,0,16.75,52,14.4032841439605,14.5038537236266,1
325,0,16.75,52,14.5038537236266,14.6533409228587,1
325,0,16.75,52,14.6533409228587,14.8444762037891,1
325,0,16.75,52,14.8444762037891,14.8536681471983,1
325,0,16.75,52,14.8536681471983,15.0622338789513,1
325,0,16.75,52,15.0622338789513,15.2771749610712,1
325,0,16.75,52,15.2771749610712,15.278715841361,1
325,0,16.75,52,15.278715841361,15.5470293560928,1
325,0,16.75,52,15.5470293560928,15.7193659732243,1
325,0,16.75,52,15.7193659732243,15.7241220088636,1
325,0,16.75,52,15.7241220088636,15.7756902986467,1
325,0,16.75,52,15.7756902986467,15.7962412041592,1
325,0,16.75,52,15.7962412041592,15.8787128452403,1
325,0,16.75,52,15.8787128452403,16.0364430010022,1
325,0,16.75,52,16.0364430010022,16.1779820021009,1
325,0,16.75,52,16.1779820021009,16.3627765070591,1
325,0,16.75,52,16.3627765070591,16.4447360811708,1
325,0,16.75,52,16.4447360811708,16.75,0
326,0,14.75,1,0,5.49474387073113,1
326,0,14.75,1,5.49474387073113,14.75,0
327,0,8.75,2,0,6.38689243858965,1
327,0,8.75,2,6.38689243858965,7.68565673089583,1
327,0,8.75,2,7.68565673089583,8.75,0
328,0,11.75,14,0,1.64757586046637,1
328,0,11.75,14,1.64757586046637,6.31360672928773,1
328,0,11.75,14,6.31360672928773,6.85133590071117,1
328,0,11.75,14,6.85133590071117,7.61518809199587,1
328,0,11.75,14,7.61518809199587,7.72240219666212,1
328,0,11.75,14,7.72240219666212,8.42325996428585,1
328,0,11.75,14,8.42325996428585,8.73746906777122,1
328,0,11.75,14,8.73746906777122,8.87129030459876,1
328,0,11.75,14,8.87129030459876,8.94587371791891,1
328,0,11.75,14,8.94587371791891,9.3548372477998,1
328,0,11.75,14,9.3548372477998,10.3136371945196,1
328,0,11.75,14,10.3136371945196,10.5534226953939,1
328,0,11.75,14,10.5534226953939,10.626697691967,1
328,0,11.75,14,10.626697691967,11.0965380517393,1
328,0,11.75,14,11.0965380517393,11.75,0
329,0,14.75,2,0,2.90606113512514,1
329,0,14.75,2,2.90606113512514,3.87276706940582,1
329,0,14.75,2,3.87276706940582,14.75,0
330,0,14.75,33,0,1.0437332200366,1
330,0,14.75,33,1.0437332200366,4.10957038250141,1
330,0,14.75,33,4.10957038250141,5.79949531637556,1
330,0,14.75,33,5.79949531637556,6.71300286756648,1
330,0,14.75,33,6.71300286756648,6.7199037772236,1
330,0,14.75,33,6.7199037772236,7.01213072412772,1
330,0,14.75,33,7.01213072412772,7.20773630009622,1
330,0,14.75,33,7.20773630009622,8.03379881653604,1
330,0,14.75,33,8.03379881653604,8.24829850586711,1
330,0,14.75,33,8.24829850586711,8.40696503261908,1
330,0,14.75,33,8.40696503261908,8.66679047811643,1
330,0,14.75,33,8.66679047811643,9.5259970222666,1
330,0,14.75,33,9.5259970222666,9.56841711027461,1
330,0,14.75,33,9.56841711027461,9.57805922935838,1
330,0,14.75,33,9.57805922935838,10.0971059266402,1
330,0,14.75,33,10.0971059266402,10.7605795265956,1
330,0,14.75,33,10.7605795265956,11.2545859087495,1
330,0,14.75,33,11.2545859087495,11.2743896324768,1
330,0,14.75,33,11.2743896324768,11.7431131818255,1
330,0,14.75,33,11.7431131818255,12.0595076661687,1
330,0,14.75,33,12.0595076661687,12.2362910867039,1
330,0,14.75,33,12.2362910867039,12.7287469491332,1
330,0,14.75,33,12.7287469491332,13.3847319417715,1
330,0,14.75,33,13.3847319417715,13.6332123901675,1
330,0,14.75,33,13.6332123901675,13.735359747344,1
330,0,14.75,33,13.735359747344,13.7695619050124,1
330,0,14.75,33,13.7695619050124,13.8815530896608,1
330,0,14.75,33,13.8815530896608,13.8954164118938,1
330,0,14.75,33,13.8954164118938,14.0029058380592,1
330,0,14.75,33,14.0029058380592,14.3390185135686,1
330,0,14.75,33,14.3390185135686,14.3607373031577,1
330,0,14.75,33,14.3607373031577,14.5352454456927,1
330,0,14.75,33,14.5352454456927,14.5513616262592,1
330,0,14.75,33,14.5513616262592,14.75,0
331,0,16.75,24,0,5.04843405387669,1
331,0,16.75,24,5.04843405387669,5.21141838875686,1
331,0,16.75,24,5.21141838875686,6.58785569085121,1
331,0,16.75,24,6.58785569085121,7.9351059133773,1
331,0,16.75,24,7.9351059133773,8.59313177531089,1
331,0,16.75,24,8.59313177531089,8.67294166180828,1
331,0,16.75,24,8.67294166180828,8.96893282809257,1
331,0,16.75,24,8.96893282809257,10.2862040272792,1
331,0,16.75,24,10.2862040272792,11.4389459223168,1
331,0,16.75,24,11.4389459223168,12.3084807740373,1
331,0,16.75,24,12.3084807740373,12.6400491997848,1
331,0,16.75,24,12.6400491997848,12.9842489137818,1
331,0,16.75,24,12.9842489137818,13.0887824816204,1
331,0,16.75,24,13.0887824816204,13.133387832489,1
331,0,16.75,24,13.133387832489,13.9232744513101,1
331,0,16.75,24,13.9232744513101,14.6300426798211,1
331,0,16.75,24,14.6300426798211,15.2660342688289,1
331,0,16.75,24,15.2660342688289,15.296886792045,1
331,0,16.75,24,15.296886792045,15.3183618800359,1
331,0,16.75,24,15.3183618800359,15.7705417541397,1
331,0,16.75,24,15.7705417541397,16.0587166410562,1
331,0,16.75,24,16.0587166410562,16.1286460990958,1
331,0,16.75,24,16.1286460990958,16.1644567165819,1
331,0,16.75,24,16.1644567165819,16.4364277638773,1
331,0,16.75,24,16.4364277638773,16.75,0
332,0,8.75,2,0,2.03632694227083,1
332,0,8.75,2,2.03632694227083,3.17743555111477,1
332,0,8.75,2,3.17743555111477,8.75,0
333,0,9.75,1,0,8.60592440908801,1
333,0,9.75,1,8.60592440908801,9.75,0
334,0,11.75,12,0,1.89527299752678,1
334,0,11.75,12,1.89527299752678,4.10572268304098,1
334,0,11.75,12,4.10572268304098,7.7153697852852,1
334,0,11.75,12,7.7153697852852,8.99055411588807,1
334,0,11.75,12,8.99055411588807,9.5921404581694,1
334,0,11.75,12,9.5921404581694,9.59369884692039,1
334,0,11.75,12,9.59369884692039,9.8281733742109,1
334,0,11.75,12,9.8281733742109,10.0235635212724,1
334,0,11.75,12,10.0235635212724,10.4365302114747,1
334,0,11.75,12,10.4365302114747,10.9867251383964,1
334,0,11.75,12,10.9867251383964,11.1613193789263,1
334,0,11.75,12,11.1613193789263,11.44438214789,1
334,0,11.75,12,11.44438214789,11.75,0
335,0,12.75,25,0,1.64528789741852,1
335,0,12.75,25,1.64528789741852,2.17093762606535,1
335,0,12.75,25,2.17093762606535,4.04994988699655,1
335,0,12.75,25,4.04994988699655,5.17173131006112,1
335,0,12.75,25,5.17173131006112,5.31674916693453,1
335,0,12.75,25,5.31674916693453,6.26512303917608,1
335,0,12.75,25,6.26512303917608,6.28082615802195,1
335,0,12.75,25,6.28082615802195,6.38861364172539,1
335,0,12.75,25,6.38861364172539,7.35478310667978,1
335,0,12.75,25,7.35478310667978,8.91815650457469,1
335,0,12.75,25,8.91815650457469,9.01591093920262,1
335,0,12.75,25,9.01591093920262,10.4282570533693,1
335,0,12.75,25,10.4282570533693,10.4546157768062,1
335,0,12.75,25,10.4546157768062,10.5468802690189,1
335,0,12.75,25,10.5468802690189,10.6097766518473,1
335,0,12.75,25,10.6097766518473,10.6639547219558,1
335,0,12.75,25,10.6639547219558,11.0431282421361,1
335,0,12.75,25,11.0431282421361,11.0777767917065,1
335,0,12.75,25,11.0777767917065,11.4544611433336,1
335,0,12.75,25,11.4544611433336,11.6257995577891,1
335,0,12.75,25,11.6257995577891,11.9866584088455,1
335,0,12.75,25,11.9866584088455,12.0110648330208,1
335,0,12.75,25,12.0110648330208,12.2499317714138,1
335,0,12.75,25,12.2499317714138,12.6349947522104,1
335,0,12.75,25,12.6349947522104,12.7190447273711,1
335,0,12.75,25,12.7190447273711,12.75,0
336,0,9.75,1,0,4.02546835510673,1
336,0,9.75,1,4.02546835510673,9.75,0
337,0,15.75,30,0,3.49463355919651,1
337,0,15.75,30,3.49463355919651,4.01753974091575,1
337,0,15.75,30,4.01753974091575,4.21331057514051,1
337,0,15.75,30,4.21331057514051,4.56133036103118,1
337,0,15.75,30,4.56133036103118,6.16555624300274,1
337,0,15.75,30,6.16555624300274,6.50275630066435,1
337,0,15.75,30,6.50275630066435,6.72577475636453,1
337,0,15.75,30,6.72577475636453,8.46917070357752,1
337,0,15.75,30,8.46917070357752,9.86926290847141,1
337,0,15.75,30,9.86926290847141,10.3453945203141,1
337,0,15.75,30,10.3453945203141,10.7693775135386,1
337,0,15.75,30,10.7693775135386,11.0760657595566,1
337,0,15.75,30,11.0760657595566,11.7882203377355,1
337,0,15.75,30,11.7882203377355,11.8354588529552,1
337,0,15.75,30,11.8354588529552,12.2507574151422,1
337,0,15.75,30,12.2507574151422,12.7278131758749,1
337,0,15.75,30,12.7278131758749,13.1188386084071,1
337,0,15.75,30,13.1188386084071,13.174822053184,1
337,0,15.75,30,13.174822053184,13.7931511282892,1
337,0,15.75,30,13.7931511282892,13.9427399893837,1
337,0,15.75,30,13.9427399893837,14.2880358407774,1
337,0,15.75,30,14.2880358407774,14.4834072603913,1
337,0,15.75,30,14.4834072603913,14.6433012008457,1
337,0,15.75,30,14.6433012008457,14.7467336401414,1
337,0,15.75,30,14.7467336401414,14.8991541904862,1
337,0,15.75,30,14.8991541904862,14.9060676802603,1
337,0,15.75,30,14.9060676802603,14.9809465097073,1
337,0,15.75,30,14.9809465097073,15.1322812563623,1
337,0,15.75,30,15.1322812563623,15.348716917776,1
337,0,15.75,30,15.348716917776,15.5238162323245,1
337,0,15.75,30,15.5238162323245,15.75,0
338,0,19.75,2,0,3.05124589218642,1
338,0,19.75,2,3.05124589218642,19.2841820270292,1
338,0,19.75,2,19.2841820270292,19.75,0
339,0,17.75,45,0,3.31147354688445,1
339,0,17.75,45,3.31147354688445,5.18283119719624,1
339,0,17.75,45,5.18283119719624,5.56869244816218,1
339,0,17.75,45,5.56869244816218,7.80981948847292,1
339,0,17.75,45,7.80981948847292,8.47720526808516,1
339,0,17.75,45,8.47720526808516,9.05526870375597,1
339,0,17.75,45,9.05526870375597,9.31648614318269,1
339,0,17.75,45,9.31648614318269,9.35053189329573,1
339,0,17.75,45,9.35053189329573,9.81087985709782,1
339,0,17.75,45,9.81087985709782,10.1104660263554,1
339,0,17.75,45,10.1104660263554,10.1416850551163,1
339,0,17.75,45,10.1416850551163,10.1918005179216,1
339,0,17.75,45,10.1918005179216,10.2016032854514,1
339,0,17.75,45,10.2016032854514,10.7214683737426,1
339,0,17.75,45,10.7214683737426,10.8196225982133,1
339,0,17.75,45,10.8196225982133,11.0976409730926,1
339,0,17.75,45,11.0976409730926,11.4649911027857,1
339,0,17.75,45,11.4649911027857,12.6604013387998,1
339,0,17.75,45,12.6604013387998,12.6709709745415,1
339,0,17.75,45,12.6709709745415,12.7325793839132,1
339,0,17.75,45,12.7325793839132,13.080362431342,1
339,0,17.75,45,13.080362431342,13.0966555546423,1
339,0,17.75,45,13.0966555546423,13.2334355881821,1
339,0,17.75,45,13.2334355881821,13.3377665802602,1
339,0,17.75,45,13.3377665802602,13.4782108993608,1
339,0,17.75,45,13.4782108993608,13.6707659280563,1
339,0,17.75,45,13.6707659280563,13.7930486418088,1
339,0,17.75,45,13.7930486418088,13.9927285957765,1
339,0,17.75,45,13.9927285957765,14.2119168953863,1
339,0,17.75,45,14.2119168953863,14.2309312490241,1
339,0,17.75,45,14.2309312490241,15.0666331295469,1
339,0,17.75,45,15.0666331295469,15.1628614209769,1
339,0,17.75,45,15.1628614209769,15.4856476220785,1
339,0,17.75,45,15.4856476220785,15.8245365881618,1
339,0,17.75,45,15.8245365881618,15.8505383660474,1
339,0,17.75,45,15.8505383660474,16.1615275272439,1
339,0,17.75,45,16.1615275272439,16.5381962015172,1
339,0,17.75,45,16.5381962015172,16.8812197577843,1
339,0,17.75,45,16.8812197577843,16.9668423181253,1
339,0,17.75,45,16.9668423181253,17.2457046280648,1
339,0,17.75,45,17.2457046280648,17.3433886745007,1
339,0,17.75,45,17.3433886745007,17.377063476559,1
339,0,17.75,45,17.377063476559,17.3818935999805,1
339,0,17.75,45,17.3818935999805,17.5807508951558,1
339,0,17.75,45,17.5807508951558,17.7178239610714,1
339,0,17.75,45,17.7178239610714,17.75,0
340,0,13.75,2,0,2.08943973313135,1
340,0,13.75,2,2.08943973313135,2.74929792401957,1
340,0,13.75,2,2.74929792401957,13.75,0
341,0,13.75,26,0,3.34536489322295,1
341,0,13.75,26,3.34536489322295,6.20259076138065,1
341,0,13.75,26,6.20259076138065,7.05126355910609,1
341,0,13.75,26,7.05126355910609,7.95369901953735,1
341,0,13.75,26,7.95369901953735,8.30369518387139,1
341,0,13.75,26,8.30369518387139,8.88337083592217,1
341,0,13.75,26,8.88337083592217,9.32393490075746,1
341,0,13.75,26,9.32393490075746,9.49487341380925,1
341,0,13.75,26,9.49487341380925,9.52245788354482,1
341,0,13.75,26,9.52245788354482,9.5439138202948,1
341,0,13.75,26,9.5439138202948,10.1295573757819,1
341,0,13.75,26,10.1295573757819,10.2640896170221,1
341,0,13.75,26,10.2640896170221,10.282513875995,1
341,0,13.75,26,10.282513875995,10.3723828577605,1
341,0,13.75,26,10.3723828577605,10.6730585354462,1
341,0,13.75,26,10.6730585354462,11.0147903180307,1
341,0,13.75,26,11.0147903180307,11.4839640299934,1
341,0,13.75,26,11.4839640299934,11.5449880280353,1
341,0,13.75,26,11.5449880280353,11.6495780449492,1
341,0,13.75,26,11.6495780449492,11.6655035741008,1
341,0,13.75,26,11.6655035741008,12.0496273293055,1
341,0,13.75,26,12.0496273293055,12.5352818215357,1
341,0,13.75,26,12.5352818215357,12.5720083550904,1
341,0,13.75,26,12.5720083550904,12.7639436364011,1
341,0,13.75,26,12.7639436364011,13.3268915601784,1
341,0,13.75,26,13.3268915601784,13.5928816035532,1
341,0,13.75,26,13.5928816035532,13.75,0
342,0,14.75,4,0,0.252386217104059,1
342,0,14.75,4,0.252386217104059,0.280765184850461,1
342,0,14.75,4,0.280765184850461,0.525567110340264,1
342,0,14.75,4,0.525567110340264,10.1064032053953,1
342,0,14.75,4,10.1064032053953,14.75,0
343,0,9.75,2,0,6.03410607290264,1
343,0,9.75,2,6.03410607290264,8.3533634030813,1
343,0,9.75,2,8.3533634030813,9.75,0
344,0,18.75,2,0,10.8966872521525,1
344,0,18.75,2,10.8966872521525,12.6593150036466,1
344,0,18.75,2,12.6593150036466,18.75,0
345,0,15.75,35,0,1.94266555507117,1
345,0,15.75,35,1.94266555507117,6.41671342994267,1
345,0,15.75,35,6.41671342994267,7.72199839068787,1
345,0,15.75,35,7.72199839068787,8.82467739882275,1
345,0,15.75,35,8.82467739882275,9.52533779494543,1
345,0,15.75,35,9.52533779494543,10.0777637086395,1
345,0,15.75,35,10.0777637086395,10.6622788768802,1
345,0,15.75,35,10.6622788768802,11.0415576027922,1
345,0,15.75,35,11.0415576027922,11.0551975025412,1
345,0,15.75,35,11.0551975025412,11.393885292545,1
345,0,15.75,35,11.393885292545,11.4383237752976,1
345,0,15.75,35,11.4383237752976,11.5421136712427,1
345,0,15.75,35,11.5421136712427,11.6589679381929,1
345,0,15.75,35,11.6589679381929,12.1441503155927,1
345,0,15.75,35,12.1441503155927,12.3517379951259,1
345,0,15.75,35,12.3517379951259,12.3832849385961,1
345,0,15.75,35,12.3832849385961,12.5633355648349,1
345,0,15.75,35,12.5633355648349,12.6042605685235,1
345,0,15.75,35,12.6042605685235,12.7944683416032,1
345,0,15.75,35,12.7944683416032,13.5760713615548,1
345,0,15.75,35,13.5760713615548,13.6816988464838,1
345,0,15.75,35,13.6816988464838,13.8188775354678,1
345,0,15.75,35,13.8188775354678,13.9150190242002,1
345,0,15.75,35,13.9150190242002,13.9735258078626,1
345,0,15.75,35,13.9735258078626,14.2230867014812,1
345,0,15.75,35,14.2230867014812,14.2457199463811,1
345,0,15.75,35,14.2457199463811,14.2997638047225,1
345,0,15.75,35,14.2997638047225,14.3806587334203,1
345,0,15.75,35,14.3806587334203,14.5198050430365,1
345,0,15.75,35,14.5198050430365,14.5272201874039,1
345,0,15.75,35,14.5272201874039,14.6641152199016,1
345,0,15.75,35,14.6641152199016,14.899593392982,1
345,0,15.75,35,14.899593392982,14.9903042423072,1
345,0,15.75,35,14.9903042423072,15.4968785644047,1
345,0,15.75,35,15.4968785644047,15.6380932722011,1
345,0,15.75,35,15.6380932722011,15.75,0
346,0,18.75,77,0,1.93870532099036,1
346,0,18.75,77,1.93870532099036,2.32771475339456,1
346,0,18.75,77,2.32771475339456,3.78194475969088,1
346,0,18.75,77,3.78194475969088,5.77692044320992,1
346,0,18.75,77,5.77692044320992,6.63775918045363,1
346,0,18.75,77,6.63775918045363,6.85902121419461,1
346,0,18.75,77,6.85902121419461,7.27530515834111,1
346,0,18.75,77,7.27530515834111,7.3935343307436,1
346,0,18.75,77,7.3935343307436,7.61900540160541,1
346,0,18.75,77,7.61900540160541,7.8488864939007,1
346,0,18.75,77,7.8488864939007,8.37912458247361,1
346,0,18.75,77,8.37912458247361,8.68676152218208,1
346,0,18.75,77,8.68676152218208,8.7638117049168,1
346,0,18.75,77,8.7638117049168,9.06186181796627,1
346,0,18.75,77,9.06186181796627,9.16189597255906,1
346,0,18.75,77,9.16189597255906,9.7728925111584,1
346,0,18.75,77,9.7728925111584,9.77382047905119,1
346,0,18.75,77,9.77382047905119,9.80238304916997,1
346,0,18.75,77,9.80238304916997,9.82962548619132,1
346,0,18.75,77,9.82962548619132,10.513995863366,1
346,0,18.75,77,10.513995863366,10.6050657099273,1
346,0,18.75,77,10.6050657099273,10.6214798662938,1
346,0,18.75,77,10.6214798662938,10.9633743102154,1
346,0,18.75,77,10.9633743102154,11.1255166694032,1
346,0,18.75,77,11.1255166694032,11.2435268733193,1
346,0,18.75,77,11.2435268733193,11.3165544843669,1
346,0,18.75,77,11.3165544843669,11.4156504381363,1
346,0,18.75,77,11.4156504381363,11.739068232019,1
346,0,18.75,77,11.739068232019,12.0532926134629,1
346,0,18.75,77,12.0532926134629,12.1234472065099,1
346,0,18.75,77,12.1234472065099,12.1411944459664,1
346,0,18.75,77,12.1411944459664,12.2395724848536,1
346,0,18.75,77,12.2395724848536,12.3488571510408,1
346,0,18.75,77,12.3488571510408,12.5103798485449,1
346,0,18.75,77,12.5103798485449,12.681219274419,1
346,0,18.75,77,12.681219274419,13.8616061695724,1
346,0,18.75,77,13.8616061695724,13.9346682863513,1
346,0,18.75,77,13.9346682863513,14.0365439857435,1
346,0,18.75,77,14.0365439857435,14.3628025998839,1
346,0,18.75,77,14.3628025998839,14.4175813087208,1
346,0,18.75,77,14.4175813087208,14.549113450815,1
346,0,18.75,77,14.549113450815,14.7975122479444,1
346,0,18.75,77,14.7975122479444,14.8398141038767,1
346,0,18.75,77,14.8398141038767,15.0319710772791,1
346,0,18.75,77,15.0319710772791,15.1019430609807,1
346,0,18.75,77,15.1019430609807,15.1861660473722,1
346,0,18.75,77,15.1861660473722,15.2225860184213,1
346,0,18.75,77,15.2225860184213,15.277450151128,1
346,0,18.75,77,15.277450151128,15.3245467442489,1
346,0,18.75,77,15.3245467442489,15.6308452848591,1
346,0,18.75,77,15.6308452848591,15.665834154346,1
346,0,18.75,77,15.665834154346,15.691110138064,1
346,0,18.75,77,15.691110138064,15.7410835533981,1
346,0,18.75,77,15.7410835533981,15.8874063993134,1
346,0,18.75,77,15.8874063993134,15.9174993446933,1
346,0,18.75,77,15.9174993446933,15.9325748904369,1
346,0,18.75,77,15.9325748904369,15.9640223789785,1
346,0,18.75,77,15.9640223789785,16.1549793540634,1
346,0,18.75,77,16.1549793540634,16.1928151254254,1
346,0,18.75,77,16.1928151254254,16.5303759694113,1
346,0,18.75,77,16.5303759694113,16.6415761739794,1
346,0,18.75,77,16.6415761739794,16.668242991684,1
346,0,18.75,77,16.668242991684,17.0335693699555,1
346,0,18.75,77,17.0335693699555,17.0781922345898,1
346,0,18.75,77,17.0781922345898,17.3106117149028,1
346,0,18.75,77,17.3106117149028,17.3340720289114,1
346,0,18.75,77,17.3340720289114,17.3498211510676,1
346,0,18.75,77,17.3498211510676,17.8964709701046,1
346,0,18.75,77,17.8964709701046,17.907726969939,1
346,0,18.75,77,17.907726969939,18.0538223221187,1
346,0,18.75,77,18.0538223221187,18.1017614450269,1
346,0,18.75,77,18.1017614450269,18.4050410729974,1
346,0,18.75,77,18.4050410729974,18.5181117913706,1
346,0,18.75,77,18.5181117913706,18.5685383349927,1
346,0,18.75,77,18.5685383349927,18.6000754176167,1
346,0,18.75,77,18.6000754176167,18.6460748335256,1
346,0,18.75,77,18.6460748335256,18.67342370346,1
346,0,18.75,77,18.67342370346,18.75,0
347,0,18.75,0,0,18.75,0
348,0,16.75,0,0,16.75,0
349,0,11.75,16,0,1.32384167194224,1
349,0,11.75,16,1.32384167194224,5.24585214450187,1
349,0,11.75,16,5.24585214450187,5.33943545685421,1
349,0,11.75,16,5.33943545685421,6.33067048910597,1
349,0,11.75,16,6.33067048910597,6.86318084671363,1
349,0,11.75,16,6.86318084671363,6.90623066403288,1
349,0,11.75,16,6.90623066403288,7.26981410603782,1
349,0,11.75,16,7.26981410603782,7.78769704333605,1
349,0,11.75,16,7.78769704333605,8.42290809518486,1
349,0,11.75,16,8.42290809518486,8.65637104821688,1
349,0,11.75,16,8.65637104821688,9.7018261056222,1
349,0,11.75,16,9.7018261056222,10.1736291660322,1
349,0,11.75,16,10.1736291660322,10.3498261424872,1
349,0,11.75,16,10.3498261424872,10.616632103062,1
349,0,11.75,16,10.616632103062,11.2135636090299,1
349,0,11.75,16,11.2135636090299,11.7022500783624,1
349,0,11.75,16,11.7022500783624,11.75,0
350,0,19.75,1,0,2.45260048613837,1
350,0,19.75,1,2.45260048613837,19.75,0
351,0,18.75,58,0,1.49978024219373,1
351,0,18.75,58,1.49978024219373,2.22377752923847,1
351,0,18.75,58,2.22377752923847,2.89134695888931,1
351,0,18.75,58,2.89134695888931,4.29907436450514,1
351,0,18.75,58,4.29907436450514,5.71642262628639,1
351,0,18.75,58,5.71642262628639,7.33654770061652,1
351,0,18.75,58,7.33654770061652,7.77613106191933,1
351,0,18.75,58,7.77613106191933,7.82042777261237,1
351,0,18.75,58,7.82042777261237,8.63582558326994,1
351,0,18.75,58,8.63582558326994,9.95866426213638,1
351,0,18.75,58,9.95866426213638,10.4841906017651,1
351,0,18.75,58,10.4841906017651,11.8753309787577,1
351,0,18.75,58,11.8753309787577,11.9569222251362,1
351,0,18.75,58,11.9569222251362,12.029234164614,1
351,0,18.75,58,12.029234164614,12.1479346566287,1
351,0,18.75,58,12.1479346566287,12.7268346285593,1
351,0,18.75,58,12.7268346285593,13.5918173702053,1
351,0,18.75,58,13.5918173702053,13.6384241237036,1
351,0,18.75,58,13.6384241237036,13.953788167515,1
351,0,18.75,58,13.953788167515,14.1327874463672,1
351,0,18.75,58,14.1327874463672,14.4858132640497,1
351,0,18.75,58,14.4858132640497,14.54179525125,1
351,0,18.75,58,14.54179525125,14.7072001290205,1
351,0,18.75,58,14.7072001290205,15.2111399737805,1
351,0,18.75,58,15.2111399737805,15.2861213864733,1
351,0,18.75,58,15.2861213864733,15.3880681199581,1
351,0,18.75,58,15.3880681199581,15.4183677261975,1
351,0,18.75,58,15.4183677261975,15.4448504334229,1
351,0,18.75,58,15.4448504334229,15.5809761210538,1
351,0,18.75,58,15.5809761210538,15.5818454732196,1
351,0,18.75,58,15.5818454732196,15.6249559139037,1
351,0,18.75,58,15.6249559139037,15.7552740299611,1
351,0,18.75,58,15.7552740299611,15.8357417580976,1
351,0,18.75,58,15.8357417580976,15.9671244400558,1
351,0,18.75,58,15.9671244400558,16.2614491873914,1
351,0,18.75,58,16.2614491873914,16.2785809199686,1
351,0,18.75,58,16.2785809199686,16.5246926057353,1
351,0,18.75,58,16.5246926057353,16.9017047254271,1
351,0,18.75,58,16.9017047254271,17.0627823400248,1
351,0,18.75,58,17.0627823400248,17.1173866458447,1
351,0,18.75,58,17.1173866458447,17.1706836740679,1
351,0,18.75,58,17.1706836740679,17.1762380152258,1
351,0,18.75,58,17.1762380152258,17.2155839772144,1
351,0,18.75,58,17.2155839772144,17.2618404072376,1
351,0,18.75,58,17.2618404072376,17.3029513170011,1
351,0,18.75,58,17.3029513170011,17.3097062988628,1
351,0,18.75,58,17.3097062988628,17.6067779832476,1
351,0,18.75,58,17.6067779832476,17.6762578282468,1
351,0,18.75,58,17.6762578282468,17.7574738977958,1
351,0,18.75,58,17.7574738977958,17.8330095727972,1
351,0,18.75,58,17.8330095727972,18.0107706825448,1
351,0,18.75,58,18.0107706825448,18.2478857785875,1
351,0,18.75,58,18.2478857785875,18.3092668685493,1
351,0,18.75,58,18.3092668685493,18.3714975084408,1
351,0,18.75,58,18.3714975084408,18.5667016242245,1
351,0,18.75,58,18.5667016242245,18.5762401357015,1
351,0,18.75,58,18.5762401357015,18.6358621151622,1
351,0,18.75,58,18.6358621151622,18.7163674075389,1
351,0,18.75,58,18.7163674075389,18.75,0
352,0,18.75,41,0,1.429182016538,1
352,0,18.75,41,1.429182016538,1.87589303316601,1
352,0,18.75,41,1.87589303316601,4.01251806419923,1
352,0,18.75,41,4.01251806419923,6.0374320730289,1
352,0,18.75,41,6.0374320730289,6.07375685383724,1
352,0,18.75,41,6.07375685383724,6.21178257386367,1
352,0,18.75,41,6.21178257386367,6.91010707986638,1
352,0,18.75,41,6.91010707986638,7.02023709097121,1
352,0,18.75,41,7.02023709097121,7.62140258161606,1
352,0,18.75,41,7.62140258161606,7.99695086731231,1
352,0,18.75,41,7.99695086731231,8.37983506033304,1
352,0,18.75,41,8.37983506033304,8.99417569583768,1
352,0,18.75,41,8.99417569583768,10.2837295857038,1
352,0,18.75,41,10.2837295857038,10.4872389724502,1
352,0,18.75,41,10.4872389724502,11.9187757178184,1
352,0,18.75,41,11.9187757178184,12.0328294211744,1
352,0,18.75,41,12.0328294211744,12.2048523918778,1
352,0,18.75,41,12.2048523918778,12.343794900585,1
352,0,18.75,41,12.343794900585,13.0398008949056,1
352,0,18.75,41,13.0398008949056,13.1283699708597,1
352,0,18.75,41,13.1283699708597,13.2967998514772,1
352,0,18.75,41,13.2967998514772,13.5272117410501,1
352,0,18.75,41,13.5272117410501,13.581181852893,1
352,0,18.75,41,13.581181852893,14.2804295045545,1
352,0,18.75,41,14.2804295045545,14.6423435223284,1
352,0,18.75,41,14.6423435223284,14.8245607767872,1
352,0,18.75,41,14.8245607767872,15.5317434681428,1
352,0,18.75,41,15.5317434681428,15.5647347629363,1
352,0,18.75,41,15.5647347629363,15.6143462247714,1
352,0,18.75,41,15.6143462247714,15.9433705719975,1
352,0,18.75,41,15.9433705719975,16.1102217357965,1
352,0,18.75,41,16.1102217357965,16.3808780480588,1
352,0,18.75,41,16.3808780480588,16.7193498205814,1
352,0,18.75,41,16.7193498205814,17.6004288383132,1
352,0,18.75,41,17.6004288383132,17.761939529519,1
352,0,18.75,41,17.761939529519,18.0532626715281,1
352,0,18.75,41,18.0532626715281,18.1193284271198,1
352,0,18.75,41,18.1193284271198,18.2051491484356,1
352,0,18.75,41,18.2051491484356,18.2113066499599,1
352,0,18.75,41,18.2113066499599,18.4036317023498,1
352,0,18.75,41,18.4036317023498,18.4274026142891,1
352,0,18.75,41,18.4274026142891,18.75,0
353,0,8.75,4,0,5.89043814883286,1
353,0,8.75,4,5.89043814883286,6.17542708263774,1
353,0,8.75,4,6.17542708263774,6.35538692724601,1
353,0,8.75,4,6.35538692724601,6.90369214658613,1
353,0,8.75,4,6.90369214658613,8.75,0
354,0,16.75,1,0,0.00873843021643906,1
354,0,16.75,1,0.00873843021643906,16.75,0
355,0,11.75,21,0,5.70212004654426,1
355,0,11.75,21,5.70212004654426,6.40127778030737,1
355,0,11.75,21,6.40127778030737,6.93139643541159,1
355,0,11.75,21,6.93139643541159,7.12266726983081,1
355,0,11.75,21,7.12266726983081,7.78707914328722,1
355,0,11.75,21,7.78707914328722,7.82351530213765,1
355,0,11.75,21,7.82351530213765,8.07187690966477,1
355,0,11.75,21,8.07187690966477,8.19912883118748,1
355,0,11.75,21,8.19912883118748,8.92859047028028,1
355,0,11.75,21,8.92859047028028,9.00588545791182,1
355,0,11.75,21,9.00588545791182,9.40855933547165,1
355,0,11.75,21,9.40855933547165,9.87230035157872,1
355,0,11.75,21,9.87230035157872,10.1262586330495,1
355,0,11.75,21,10.1262586330495,10.1727247640285,1
355,0,11.75,21,10.1727247640285,10.2650586670411,1
355,0,11.75,21,10.2650586670411,10.4283046282848,1
355,0,11.75,21,10.4283046282848,10.4749468983172,1
355,0,11.75,21,10.4749468983172,10.7066084090397,1
355,0,11.75,21,10.7066084090397,10.7520382506741,1
355,0,11.75,21,10.7520382506741,11.0517413384758,1
355,0,11.75,21,11.0517413384758,11.612537367918,1
355,0,11.75,21,11.612537367918,11.75,0
356,0,16.75,32,0,3.82410171654708,1
356,0,16.75,32,3.82410171654708,4.77084261590869,1
356,0,16.75,32,4.77084261590869,5.24786193760957,1
356,0,16.75,32,5.24786193760957,5.88725357286388,1
356,0,16.75,32,5.88725357286388,6.80508090121905,1
356,0,16.75,32,6.80508090121905,7.18048414845694,1
356,0,16.75,32,7.18048414845694,8.41853809631815,1
356,0,16.75,32,8.41853809631815,8.4244282124353,1
356,0,16.75,32,8.4244282124353,9.15152918645334,1
356,0,16.75,32,9.15152918645334,10.4529204887269,1
356,0,16.75,32,10.4529204887269,11.4433579411388,1
356,0,16.75,32,11.4433579411388,12.0472931825923,1
356,0,16.75,32,12.0472931825923,12.1228730797774,1
356,0,16.75,32,12.1228730797774,12.5241185992936,1
356,0,16.75,32,12.5241185992936,12.8607956635215,1
356,0,16.75,32,12.8607956635215,12.8778575958632,1
356,0,16.75,32,12.8778575958632,13.686534366471,1
356,0,16.75,32,13.686534366471,14.1301452233395,1
356,0,16.75,32,14.1301452233395,14.180515573671,1
356,0,16.75,32,14.180515573671,14.2910120617968,1
356,0,16.75,32,14.2910120617968,14.648876965643,1
356,0,16.75,32,14.648876965643,14.6581130560901,1
356,0,16.75,32,14.6581130560901,14.7532286231302,1
356,0,16.75,32,14.7532286231302,14.8694880943015,1
356,0,16.75,32,14.8694880943015,14.905355739258,1
356,0,16.75,32,14.905355739258,15.156911447843,1
356,0,16.75,32,15.156911447843,15.4301513901552,1
356,0,16.75,32,15.4301513901552,15.4704482258928,1
356,0,16.75,32,15.4704482258928,15.6711041082188,1
356,0,16.75,32,15.6711041082188,16.1058021802251,1
356,0,16.75,32,16.1058021802251,16.1315624136982,1
356,0,16.75,32,16.1315624136982,16.3968645987121,1
356,0,16.75,32,16.3968645987121,16.75,0
357,0,14.75,0,0,14.75,0
358,0,16.75,59,0,6.29755397853993,1
358,0,16.75,59,6.29755397853993,7.06206901427796,1
358,0,16.75,59,7.06206901427796,7.38317612501,1
358,0,16.75,59,7.38317612501,7.47846198780482,1
358,0,16.75,59,7.47846198780482,7.76395442934515,1
358,0,16.75,59,7.76395442934515,7.88231886069733,1
358,0,16.75,59,7.88231886069733,7.98901169802743,1
358,0,16.75,59,7.98901169802743,8.29507585419707,1
358,0,16.75,59,8.29507585419707,8.94255484491977,1
358,0,16.75,59,8.94255484491977,9.00710899389482,1
358,0,16.75,59,9.00710899389482,9.12185945209771,1
358,0,16.75,59,9.12185945209771,9.28387983926368,1
358,0,16.75,59,9.28387983926368,9.67880653684931,1
358,0,16.75,59,9.67880653684931,9.9815767037899,1
358,0,16.75,59,9.9815767037899,10.0314953497986,1
358,0,16.75,59,10.0314953497986,10.214760844932,1
358,0,16.75,59,10.214760844932,10.2870246673528,1
358,0,16.75,59,10.2870246673528,10.3905173889468,1
358,0,16.75,59,10.3905173889468,10.5903138761285,1
358,0,16.75,59,10.5903138761285,10.7817458411789,1
358,0,16.75,59,10.7817458411789,10.9362401076836,1
358,0,16.75,59,10.9362401076836,10.9643459257128,1
358,0,16.75,59,10.9643459257128,11.7490693385826,1
358,0,16.75,59,11.7490693385826,11.7945777216658,1
358,0,16.75,59,11.7945777216658,11.8925373817959,1
358,0,16.75,59,11.8925373817959,11.9000798883244,1
358,0,16.75,59,11.9000798883244,12.1639308818668,1
358,0,16.75,59,12.1639308818668,12.4300892259276,1
358,0,16.75,59,12.4300892259276,12.663655589229,1
358,0,16.75,59,12.663655589229,12.8091342203348,1
358,0,16.75,59,12.8091342203348,13.0407052235986,1
358,0,16.75,59,13.0407052235986,13.1580891726779,1
358,0,16.75,59,13.1580891726779,13.1656983590495,1
358,0,16.75,59,13.1656983590495,13.2620895516359,1
358,0,16.75,59,13.2620895516359,13.3075578643167,1
358,0,16.75,59,13.3075578643167,13.3397137661216,1
358,0,16.75,59,13.3397137661216,13.3402353149325,1
358,0,16.75,59,13.3402353149325,13.5416123315312,1
358,0,16.75,59,13.5416123315312,13.6582186862114,1
358,0,16.75,59,13.6582186862114,13.7250988441288,1
358,0,16.75,59,13.7250988441288,13.7286957437516,1
358,0,16.75,59,13.7286957437516,13.9603683391155,1
358,0,16.75,59,13.9603683391155,14.0510683353768,1
358,0,16.75,59,14.0510683353768,14.1627664486051,1
358,0,16.75,59,14.1627664486051,14.3267477197199,1
358,0,16.75,59,14.3267477197199,14.6085511811056,1
358,0,16.75,59,14.6085511811056,14.6562153035348,1
358,0,16.75,59,14.6562153035348,15.15499037216,1
358,0,16.75,59,15.15499037216,15.275229553228,1
358,0,16.75,59,15.275229553228,15.4883916215795,1
358,0,16.75,59,15.4883916215795,15.7195269944645,1
358,0,16.75,59,15.7195269944645,15.7425934221756,1
358,0,16.75,59,15.7425934221756,15.7737242249458,1
358,0,16.75,59,15.7737242249458,15.862665505912,1
358,0,16.75,59,15.862665505912,15.9263479283819,1
358,0,16.75,59,15.9263479283819,16.0859317171273,1
358,0,16.75,59,16.0859317171273,16.1316024619993,1
358,0,16.75,59,16.1316024619993,16.3383160099285,1
358,0,16.75,59,16.3383160099285,16.4154307368553,1
358,0,16.75,59,16.4154307368553,16.75,0
359,0,14.75,19,0,2.98098620453753,1
359,0,14.75,19,2.98098620453753,4.70421591588379,1
359,0,14.75,19,4.70421591588379,7.05516772163137,1
359,0,14.75,19,7.05516772163137,8.42187940627069,1
359,0,14.75,19,8.42187940627069,8.64834293924658,1
359,0,14.75,19,8.64834293924658,8.70281008877428,1
359,0,14.75,19,8.70281008877428,9.42335360726763,1
359,0,14.75,19,9.42335360726763,11.270607212364,1
359,0,14.75,19,11.270607212364,11.3706094481232,1
359,0,14.75,19,11.3706094481232,11.4817846057642,1
359,0,14.75,19,11.4817846057642,11.8416483530162,1
359,0,14.75,19,11.8416483530162,11.8836396791565,1
359,0,14.75,19,11.8836396791565,12.0082341054539,1
359,0,14.75,19,12.0082341054539,13.0725562697651,1
359,0,14.75,19,13.0725562697651,13.0995889515135,1
359,0,14.75,19,13.0995889515135,13.6576462505847,1
359,0,14.75,19,13.6576462505847,14.3061035756587,1
359,0,14.75,19,14.3061035756587,14.4700221043792,1
359,0,14.75,19,14.4700221043792,14.7086436663069,1
359,0,14.75,19,14.7086436663069,14.75,0
360,0,13.75,1,0,7.72831125468161,1
360,0,13.75,1,7.72831125468161,13.75,0
361,0,12.75,2,0,3.32190544373639,1
361,0,12.75,2,3.32190544373639,7.42624313062339,1
361,0,12.75,2,7.42624313062339,12.75,0
362,0,19.75,2,0,1.21325606464973,1
362,0,19.75,2,1.21325606464973,14.719240980824,1
362,0,19.75,2,14.719240980824,19.75,0
363,0,18.75,2,0,1.9275943473331,1
363,0,18.75,2,1.9275943473331,8.7311248491034,1
363,0,18.75,2,8.7311248491034,18.75,0
364,0,10.75,2,0,1.08066426824515,1
364,0,10.75,2,1.08066426824515,5.97393961846673,1
364,0,10.75,2,5.97393961846673,10.75,0
365,0,8.75,0,0,8.75,0
366,0,14.75,1,0,0.000320522927027988,1
366,0,14.75,1,0.000320522927027988,14.75,0
367,0,19.75,0,0,19.75,0
368,0,14.75,29,0,2.51236570389463,1
368,0,14.75,29,2.51236570389463,2.68178716475091,1
368,0,14.75,29,2.68178716475091,4.79271544054588,1
368,0,14.75,29,4.79271544054588,5.85735587940537,1
368,0,14.75,29,5.85735587940537,7.61322490104173,1
368,0,14.75,29,7.61322490104173,7.63513332910845,1
368,0,14.75,29,7.63513332910845,7.79932566784542,1
368,0,14.75,29,7.79932566784542,9.35625761501975,1
368,0,14.75,29,9.35625761501975,9.59545282086189,1
368,0,14.75,29,9.59545282086189,10.2638169295641,1
368,0,14.75,29,10.2638169295641,10.3471384000848,1
368,0,14.75,29,10.3471384000848,10.6654785521998,1
368,0,14.75,29,10.6654785521998,10.7369469336195,1
368,0,14.75,29,10.7369469336195,10.9969527922734,1
368,0,14.75,29,10.9969527922734,11.3752208820772,1
368,0,14.75,29,11.3752208820772,11.423586515903,1
368,0,14.75,29,11.423586515903,11.5218816544007,1
368,0,14.75,29,11.5218816544007,11.9603331449301,1
368,0,14.75,29,11.9603331449301,12.0067056733214,1
368,0,14.75,29,12.0067056733214,12.1999744358525,1
368,0,14.75,29,12.1999744358525,12.472409130708,1
368,0,14.75,29,12.472409130708,12.4846933938586,1
368,0,14.75,29,12.4846933938586,12.8936591892599,1
368,0,14.75,29,12.8936591892599,12.9124323968817,1
368,0,14.75,29,12.9124323968817,12.9990411195522,1
368,0,14.75,29,12.9990411195522,13.7485068664274,1
368,0,14.75,29,13.7485068664274,13.8381008023934,1
368,0,14.75,29,13.8381008023934,14.4556820282609,1
368,0,14.75,29,14.4556820282609,14.6680201012756,1
368,0,14.75,29,14.6680201012756,14.75,0
369,0,14.75,1,0,6.66627331119512,1
369,0,14.75,1,6.66627331119512,14.75,0
370,0,14.75,27,0,4.12037580804924,1
370,0,14.75,27,4.12037580804924,4.72687818351119,1
370,0,14.75,27,4.72687818351119,6.72412002448718,1
370,0,14.75,27,6.72412002448718,7.03531213312172,1
370,0,14.75,27,7.03531213312172,7.81273758049528,1
370,0,14.75,27,7.81273758049528,7.88451952509658,1
370,0,14.75,27,7.88451952509658,8.07530198735589,1
370,0,14.75,27,8.07530198735589,8.17129168468376,1
370,0,14.75,27,8.17129168468376,8.53278893252616,1
370,0,14.75,27,8.53278893252616,8.98477226455425,1
370,0,14.75,27,8.98477226455425,9.13717270394505,1
370,0,14.75,27,9.13717270394505,9.3111642809689,1
370,0,14.75,27,9.3111642809689,9.6075924449063,1
370,0,14.75,27,9.6075924449063,9.70611799546093,1
370,0,14.75,27,9.70611799546093,10.342140632085,1
370,0,14.75,27,10.342140632085,11.3871458037768,1
370,0,14.75,27,11.3871458037768,11.445901795079,1
370,0,14.75,27,11.445901795079,11.739051798537,1
370,0,14.75,27,11.739051798537,11.9888268937109,1
370,0,14.75,27,11.9888268937109,12.4201350277271,1
370,0,14.75,27,12.4201350277271,12.454301109733,1
370,0,14.75,27,12.454301109733,12.934011565419,1
370,0,14.75,27,12.934011565419,13.4819394726155,1
370,0,14.75,27,13.4819394726155,14.0837421844734,1
370,0,14.75,27,14.0837421844734,14.234162601301,1
370,0,14.75,27,14.234162601301,14.4965036956421,1
370,0,14.75,27,14.4965036956421,14.7148068696088,1
370,0,14.75,27,14.7148068696088,14.75,0
371,0,13.75,1,0,5.27352466808881,1
371,0,13.75,1,5.27352466808881,13.75,0
372,0,11.75,1,0,5.48325942224288,1
372,0,11.75,1,5.48325942224288,11.75,0
373,0,10.75,8,0,3.17481914404059,1
373,0,10.75,8,3.17481914404059,5.45971687729145,1
373,0,10.75,8,5.45971687729145,6.86506725074491,1
373,0,10.75,8,6.86506725074491,7.13603837964836,1
373,0,10.75,8,7.13603837964836,7.38127276302955,1
373,0,10.75,8,7.38127276302955,9.1070842139427,1
373,0,10.75,8,9.1070842139427,9.35255377925336,1
373,0,10.75,8,9.35255377925336,10.702761769118,1
373,0,10.75,8,10.702761769118,10.75,0
374,0,10.75,8,0,6.18654216356664,1
374,0,10.75,8,6.18654216356664,7.62746714825168,1
374,0,10.75,8,7.62746714825168,8.62778361384252,1
374,0,10.75,8,8.62778361384252,8.78721449743445,1
374,0,10.75,8,8.78721449743445,9.64521186035241,1
374,0,10.75,8,9.64521186035241,10.0065373392675,1
374,0,10.75,8,10.0065373392675,10.2459573160665,1
374,0,10.75,8,10.2459573160665,10.6515021385328,1
374,0,10.75,8,10.6515021385328,10.75,0
375,0,16.75,3,0,0.00446708149091577,1
375,0,16.75,3,0.00446708149091577,4.17491848541633,1
375,0,16.75,3,4.17491848541633,4.92563579959939,1
375,0,16.75,3,4.92563579959939,16.75,0
376,0,15.75,13,0,6.67448963157356,1
376,0,15.75,13,6.67448963157356,6.96084332780346,1
376,0,15.75,13,6.96084332780346,8.96645999291861,1
376,0,15.75,13,8.96645999291861,9.75290693842991,1
376,0,15.75,13,9.75290693842991,10.0763736246497,1
376,0,15.75,13,10.0763736246497,11.5927369647917,1
376,0,15.75,13,11.5927369647917,12.4269437477875,1
376,0,15.75,13,12.4269437477875,14.7361751477817,1
376,0,15.75,13,14.7361751477817,14.8807160572562,1
376,0,15.75,13,14.8807160572562,14.886194919468,1
376,0,15.75,13,14.886194919468,15.310113981954,1
376,0,15.75,13,15.310113981954,15.3498016931105,1
376,0,15.75,13,15.3498016931105,15.5199974134553,1
376,0,15.75,13,15.5199974134553,15.75,0
377,0,13.75,5,0,4.40909435121222,1
377,0,13.75,5,4.40909435121222,4.73429969577859,1
377,0,13.75,5,4.73429969577859,5.02691725143618,1
377,0,13.75,5,5.02691725143618,9.7146531248834,1
377,0,13.75,5,9.7146531248834,9.85828092153845,1
377,0,13.75,5,9.85828092153845,13.75,0
378,0,11.75,2,0,0.566271157498017,1
378,0,11.75,2,0.566271157498017,0.578160013960609,1
378,0,11.75,2,0.578160013960609,11.75,0
379,0,18.75,43,0,4.87101137800825,1
379,0,18.75,43,4.87101137800825,5.74720339249206,1
379,0,18.75,43,5.74720339249206,6.0479525275757,1
379,0,18.75,43,6.0479525275757,6.62050154221643,1
379,0,18.75,43,6.62050154221643,6.92259503813446,1
379,0,18.75,43,6.92259503813446,7.88000679708034,1
379,0,18.75,43,7.88000679708034,8.66062988208937,1
379,0,18.75,43,8.66062988208937,9.0016193958466,1
379,0,18.75,43,9.0016193958466,9.62561745518266,1
379,0,18.75,43,9.62561745518266,9.65729662026651,1
379,0,18.75,43,9.65729662026651,9.86116538802534,1
379,0,18.75,43,9.86116538802534,9.88023791513615,1
379,0,18.75,43,9.88023791513615,10.4641704036206,1
379,0,18.75,43,10.4641704036206,10.5706152642426,1
379,0,18.75,43,10.5706152642426,10.6919612759087,1
379,0,18.75,43,10.6919612759087,10.8871009278628,1
379,0,18.75,43,10.8871009278628,10.9278810416541,1
379,0,18.75,43,10.9278810416541,11.3140736645327,1
379,0,18.75,43,11.3140736645327,11.5121892615062,1
379,0,18.75,43,11.5121892615062,12.2387127057442,1
379,0,18.75,43,12.2387127057442,12.7361374570929,1
379,0,18.75,43,12.7361374570929,13.2980952594405,1
379,0,18.75,43,13.2980952594405,13.4159100020297,1
379,0,18.75,43,13.4159100020297,13.9109488792305,1
379,0,18.75,43,13.9109488792305,14.4526018185673,1
379,0,18.75,43,14.4526018185673,14.5355793593123,1
379,0,18.75,43,14.5355793593123,15.3215994716681,1
379,0,18.75,43,15.3215994716681,15.4453156801101,1
379,0,18.75,43,15.4453156801101,15.7250967970187,1
379,0,18.75,43,15.7250967970187,15.7812041896174,1
379,0,18.75,43,15.7812041896174,16.5382832200213,1
379,0,18.75,43,16.5382832200213,16.9255301269703,1
379,0,18.75,43,16.9255301269703,16.9854687185272,1
379,0,18.75,43,16.9854687185272,17.0255443233535,1
379,0,18.75,43,17.0255443233535,17.1170575131348,1
379,0,18.75,43,17.1170575131348,17.1263574228703,1
379,0,18.75,43,17.1263574228703,17.24103891255,1
379,0,18.75,43,17.24103891255,17.8524896761583,1
379,0,18.75,43,17.8524896761583,17.9835904901022,1
379,0,18.75,43,17.9835904901022,18.1422350452534,1
379,0,18.75,43,18.1422350452534,18.1750864088615,1
379,0,18.75,43,18.1750864088615,18.4263238675218,1
379,0,18.75,43,18.4263238675218,18.4842954754776,1
379,0,18.75,43,18.4842954754776,18.75,0
380,0,10.75,2,0,4.05077791799141,1
380,0,10.75,2,4.05077791799141,8.38266923291523,1
380,0,10.75,2,8.38266923291523,10.75,0
381,0,12.75,0,0,12.75,0
382,0,13.75,22,0,3.46320969957767,1
382,0,13.75,22,3.46320969957767,3.83394743299102,1
382,0,13.75,22,3.83394743299102,5.30014254013907,1
382,0,13.75,22,5.30014254013907,5.60112540371234,1
382,0,13.75,22,5.60112540371234,5.62016038902625,1
382,0,13.75,22,5.62016038902625,6.22216331422386,1
382,0,13.75,22,6.22216331422386,6.25977580484404,1
382,0,13.75,22,6.25977580484404,8.38739461432048,1
382,0,13.75,22,8.38739461432048,9.81043594380224,1
382,0,13.75,22,9.81043594380224,10.2303769207822,1
382,0,13.75,22,10.2303769207822,10.4859636911818,1
382,0,13.75,22,10.4859636911818,10.7151216330577,1
382,0,13.75,22,10.7151216330577,10.9631647718969,1
382,0,13.75,22,10.9631647718969,11.1830523889958,1
382,0,13.75,22,11.1830523889958,11.5398093911072,1
382,0,13.75,22,11.5398093911072,11.604917027496,1
382,0,13.75,22,11.604917027496,11.6851061314058,1
382,0,13.75,22,11.6851061314058,11.8576173251069,1
382,0,13.75,22,11.8576173251069,11.8975127502663,1
382,0,13.75,22,11.8975127502663,12.3929770505511,1
382,0,13.75,22,12.3929770505511,12.5750267453111,1
382,0,13.75,22,12.5750267453111,13.2745255016848,1
382,0,13.75,22,13.2745255016848,13.75,0
383,0,17.75,52,0,5.71325725524679,1
383,0,17.75,52,5.71325725524679,6.05688232121813,1
383,0,17.75,52,6.05688232121813,6.19537458887604,1
383,0,17.75,52,6.19537458887604,6.34522203380942,1
383,0,17.75,52,6.34522203380942,6.46578460610194,1
383,0,17.75,52,6.46578460610194,7.70840007577658,1
383,0,17.75,52,7.70840007577658,8.26901829728274,1
383,0,17.75,52,8.26901829728274,8.6911705923782,1
383,0,17.75,52,8.6911705923782,8.78169176346782,1
383,0,17.75,52,8.78169176346782,9.54761085264053,1
383,0,17.75,52,9.54761085264053,9.69384982730862,1
383,0,17.75,52,9.69384982730862,9.99993329585503,1
383,0,17.75,52,9.99993329585503,10.011228873497,1
383,0,17.75,52,10.011228873497,10.373952141938,1
383,0,17.75,52,10.373952141938,10.5190033539651,1
383,0,17.75,52,10.5190033539651,10.5597276191465,1
383,0,17.75,52,10.5597276191465,10.6808440530867,1
383,0,17.75,52,10.6808440530867,12.0508934317963,1
383,0,17.75,52,12.0508934317963,12.4378485556911,1
383,0,17.75,52,12.4378485556911,12.6097834976196,1
383,0,17.75,52,12.6097834976196,12.6446202216691,1
383,0,17.75,52,12.6446202216691,12.7611414654492,1
383,0,17.75,52,12.7611414654492,13.028078960937,1
383,0,17.75,52,13.028078960937,13.0842856402876,1
383,0,17.75,52,13.0842856402876,13.2698262073121,1
383,0,17.75,52,13.2698262073121,13.5709084575133,1
383,0,17.75,52,13.5709084575133,13.5755180678444,1
383,0,17.75,52,13.5755180678444,13.6637027177698,1
383,0,17.75,52,13.6637027177698,13.6901881965391,1
383,0,17.75,52,13.6901881965391,13.7022828753608,1
383,0,17.75,52,13.7022828753608,13.9491160715469,1
383,0,17.75,52,13.9491160715469,14.2707278745491,1
383,0,17.75,52,14.2707278745491,14.3420776700185,1
383,0,17.75,52,14.3420776700185,14.4561995248554,1
383,0,17.75,52,14.4561995248554,14.8614330402973,1
383,0,17.75,52,14.8614330402973,15.4700411334774,1
383,0,17.75,52,15.4700411334774,15.5338825280905,1
383,0,17.75,52,15.5338825280905,15.6762668283508,1
383,0,17.75,52,15.6762668283508,15.754397809776,1
383,0,17.75,52,15.754397809776,15.8229271484277,1
383,0,17.75,52,15.8229271484277,16.0187708465718,1
383,0,17.75,52,16.0187708465718,16.0668685693165,1
383,0,17.75,52,16.0668685693165,16.4438977015943,1
383,0,17.75,52,16.4438977015943,16.865193106157,1
383,0,17.75,52,16.865193106157,16.8874264423534,1
383,0,17.75,52,16.8874264423534,17.0673224498549,1
383,0,17.75,52,17.0673224498549,17.3272027774189,1
383,0,17.75,52,17.3272027774189,17.3425003637799,1
383,0,17.75,52,17.3425003637799,17.4176632386848,1
383,0,17.75,52,17.4176632386848,17.4373374064213,1
383,0,17.75,52,17.4373374064213,17.5410398045003,1
383,0,17.75,52,17.5410398045003,17.6008211246107,1
383,0,17.75,52,17.6008211246107,17.75,0
384,0,19.75,157,0,2.74937591774553,1
384,0,19.75,157,2.74937591774553,4.01776557720604,1
384,0,19.75,157,4.01776557720604,4.29244640542384,1
384,0,19.75,157,4.29244640542384,4.38816936859838,1
384,0,19.75,157,4.38816936859838,4.40749647149855,1
384,0,19.75,157,4.40749647149855,5.27426679210166,1
384,0,19.75,157,5.27426679210166,5.51125444324894,1
384,0,19.75,157,5.51125444324894,5.70885704112613,1
384,0,19.75,157,5.70885704112613,5.94249522352666,1
384,0,19.75,157,5.94249522352666,6.77259769151222,1
384,0,19.75,157,6.77259769151222,7.00280585726016,1
384,0,19.75,157,7.00280585726016,7.14593614923912,1
384,0,19.75,157,7.14593614923912,7.27056179651438,1
384,0,19.75,157,7.27056179651438,7.8729692970502,1
384,0,19.75,157,7.8729692970502,8.15193957914956,1
384,0,19.75,157,8.15193957914956,8.38329478996689,1
384,0,19.75,157,8.38329478996689,8.69896139030327,1
384,0,19.75,157,8.69896139030327,8.89217417604087,1
384,0,19.75,157,8.89217417604087,8.89731949254211,1
384,0,19.75,157,8.89731949254211,9.01586487752752,1
384,0,19.75,157,9.01586487752752,9.19246658275306,1
384,0,19.75,157,9.19246658275306,9.60435011601156,1
384,0,19.75,157,9.60435011601156,9.77062001426759,1
384,0,19.75,157,9.77062001426759,9.8950532943071,1
384,0,19.75,157,9.8950532943071,10.1887792802349,1
384,0,19.75,157,10.1887792802349,10.2892829172931,1
384,0,19.75,157,10.2892829172931,10.3201091783961,1
384,0,19.75,157,10.3201091783961,10.328540849405,1
384,0,19.75,157,10.328540849405,10.3642178788432,1
384,0,19.75,157,10.3642178788432,10.5011857263019,1
384,0,19.75,157,10.5011857263019,10.5829540728982,1
384,0,19.75,157,10.5829540728982,10.7433935279757,1
384,0,19.75,157,10.7433935279757,10.8295973471109,1
384,0,19.75,157,10.8295973471109,11.0262720615275,1
384,0,19.75,157,11.0262720615275,11.3050910026474,1
384,0,19.75,157,11.3050910026474,11.3819661570926,1
384,0,19.75,157,11.3819661570926,11.472101697643,1
384,0,19.75,157,11.472101697643,11.7231104114501,1
384,0,19.75,157,11.7231104114501,12.0386862004684,1
384,0,19.75,157,12.0386862004684,12.1745772801066,1
384,0,19.75,157,12.1745772801066,12.2185221151801,1
384,0,19.75,157,12.2185221151801,12.278035628478,1
384,0,19.75,157,12.278035628478,12.3682693657969,1
384,0,19.75,157,12.3682693657969,12.3844031616006,1
384,0,19.75,157,12.3844031616006,12.4537656764756,1
384,0,19.75,157,12.4537656764756,12.4988140432468,1
384,0,19.75,157,12.4988140432468,12.5812265492443,1
384,0,19.75,157,12.5812265492443,12.656436512327,1
384,0,19.75,157,12.656436512327,12.7240315359112,1
384,0,19.75,157,12.7240315359112,12.7416357834123,1
384,0,19.75,157,12.7416357834123,12.8180145512827,1
384,0,19.75,157,12.8180145512827,12.922701468268,1
384,0,19.75,157,12.922701468268,13.0199828084364,1
384,0,19.75,157,13.0199828084364,13.0374119743009,1
384,0,19.75,157,13.0374119743009,13.1399653545216,1
384,0,19.75,157,13.1399653545216,13.2515615164171,1
384,0,19.75,157,13.2515615164171,13.3137056663812,1
384,0,19.75,157,13.3137056663812,13.3241099189254,1
384,0,19.75,157,13.3241099189254,13.3647587932496,1
384,0,19.75,157,13.3647587932496,13.4007821028477,1
384,0,19.75,157,13.4007821028477,13.7114533834758,1
384,0,19.75,157,13.7114533834758,13.7218980660946,1
384,0,19.75,157,13.7218980660946,13.7779776526841,1
384,0,19.75,157,13.7779776526841,13.9535737416464,1
384,0,19.75,157,13.9535737416464,14.0541379489161,1
384,0,19.75,157,14.0541379489161,14.2140382172607,1
384,0,19.75,157,14.2140382172607,14.2476680715581,1
384,0,19.75,157,14.2476680715581,14.2618560463884,1
384,0,19.75,157,14.2618560463884,14.3087365084927,1
384,0,19.75,157,14.3087365084927,14.7611190295104,1
384,0,19.75,157,14.7611190295104,14.9802056712409,1
384,0,19.75,157,14.9802056712409,15.1201920892605,1
384,0,19.75,157,15.1201920892605,15.1843734958191,1
384,0,19.75,157,15.1843734958191,15.3016399103207,1
384,0,19.75,157,15.3016399103207,15.3921186924773,1
384,0,19.75,157,15.3921186924773,15.4630664936398,1
384,0,19.75,157,15.4630664936398,15.4847932545341,1
384,0,19.75,157,15.4847932545341,15.5662770094756,1
384,0,19.75,157,15.5662770094756,15.5752484955891,1
384,0,19.75,157,15.5752484955891,15.5827755743459,1
384,0,19.75,157,15.5827755743459,15.6257981726067,1
384,0,19.75,157,15.6257981726067,15.6393468498288,1
384,0,19.75,157,15.6393468498288,15.6401097674217,1
384,0,19.75,157,15.6401097674217,15.7122025179242,1
384,0,19.75,157,15.7122025179242,15.744933551118,1
384,0,19.75,157,15.744933551118,15.7728721018391,1
384,0,19.75,157,15.7728721018391,15.784887512084,1
384,0,19.75,157,15.784887512084,15.8148029012712,1
384,0,19.75,157,15.8148029012712,15.857276013335,1
384,0,19.75,157,15.857276013335,15.9168909374546,1
384,0,19.75,157,15.9168909374546,15.9708281364172,1
384,0,19.75,157,15.9708281364172,16.0947679232634,1
384,0,19.75,157,16.0947679232634,16.1387574943786,1
384,0,19.75,157,16.1387574943786,16.1652178857233,1
384,0,19.75,157,16.1652178857233,16.2307721559031,1
384,0,19.75,157,16.2307721559031,16.3483890646266,1
384,0,19.75,157,16.3483890646266,16.3561017412139,1
384,0,19.75,157,16.3561017412139,16.5613097659923,1
384,0,19.75,157,16.5613097659923,16.6427715233113,1
384,0,19.75,157,16.6427715233113,16.6689601083328,1
384,0,19.75,157,16.6689601083328,16.6892004332893,1
384,0,19.75,157,16.6892004332893,16.7402017815556,1
384,0,19.75,157,16.7402017815556,16.7628039947021,1
384,0,19.75,157,16.7628039947021,16.8760112696172,1
384,0,19.75,157,16.8760112696172,16.8928542883787,1
384,0,19.75,157,16.8928542883787,16.8939916034422,1
384,0,19.75,157,16.8939916034422,16.9231198633668,1
384,0,19.75,157,16.9231198633668,16.9286499344874,1
384,0,19.75,157,16.9286499344874,17.0151807319812,1
384,0,19.75,157,17.0151807319812,17.103328290507,1
384,0,19.75,157,17.103328290507,17.227324993053,1
384,0,19.75,157,17.227324993053,17.4671853526222,1
384,0,19.75,157,17.4671853526222,17.4728206816586,1
384,0,19.75,157,17.4728206816586,17.4767941092047,1
384,0,19.75,157,17.4767941092047,17.4880290517765,1
384,0,19.75,157,17.4880290517765,17.5240177864563,1
384,0,19.75,157,17.5240177864563,17.5558055790712,1
384,0,19.75,157,17.5558055790712,17.5754587223941,1
384,0,19.75,157,17.5754587223941,17.5792440552095,1
384,0,19.75,157,17.5792440552095,17.58141140604,1
384,0,19.75,157,17.58141140604,17.6067632448691,1
384,0,19.75,157,17.6067632448691,17.6233391198777,1
384,0,19.75,157,17.6233391198777,17.7998576680174,1
384,0,19.75,157,17.7998576680174,17.8332884146515,1
384,0,19.75,157,17.8332884146515,17.8591447759847,1
384,0,19.75,157,17.8591447759847,17.8946667305625,1
384,0,19.75,157,17.8946667305625,17.9394403906663,1
384,0,19.75,157,17.9394403906663,18.0048493928587,1
384,0,19.75,157,18.0048493928587,18.1985194520347,1
384,0,19.75,157,18.1985194520347,18.2670552771691,1
384,0,19.75,157,18.2670552771691,18.3639457926143,1
384,0,19.75,157,18.3639457926143,18.4184736120812,1
384,0,19.75,157,18.4184736120812,18.5292502474426,1
384,0,19.75,157,18.5292502474426,18.5368325055726,1
384,0,19.75,157,18.5368325055726,18.5572130342989,1
384,0,19.75,157,18.5572130342989,18.6110819590841,1
384,0,19.75,157,18.6110819590841,18.6126281419519,1
384,0,19.75,157,18.6126281419519,18.6155147021311,1
384,0,19.75,157,18.6155147021311,18.6620237986996,1
384,0,19.75,157,18.6620237986996,18.7435800008805,1
384,0,19.75,157,18.7435800008805,18.7709859208917,1
384,0,19.75,157,18.7709859208917,18.8035149860199,1
384,0,19.75,157,18.8035149860199,18.9260811051659,1
384,0,19.75,157,18.9260811051659,18.9452076016532,1
384,0,19.75,157,18.9452076016532,19.1640584596178,1
384,0,19.75,157,19.1640584596178,19.2233642109969,1
384,0,19.75,157,19.2233642109969,19.2283026526362,1
384,0,19.75,157,19.2283026526362,19.2324612456512,1
384,0,19.75,157,19.2324612456512,19.239236473527,1
384,0,19.75,157,19.239236473527,19.3183887933465,1
384,0,19.75,157,19.3183887933465,19.4188499867968,1
384,0,19.75,157,19.4188499867968,19.4199854284661,1
384,0,19.75,157,19.4199854284661,19.4458695587767,1
384,0,19.75,157,19.4458695587767,19.4553526937017,1
384,0,19.75,157,19.4553526937017,19.474090965912,1
384,0,19.75,157,19.474090965912,19.5939951769115,1
384,0,19.75,157,19.5939951769115,19.5955884875276,1
384,0,19.75,157,19.5955884875276,19.75,0
385,0,8.75,7,0,3.04908080858141,1
385,0,8.75,7,3.04908080858141,3.84046609329124,1
385,0,8.75,7,3.84046609329124,4.29384610710773,1
385,0,8.75,7,4.29384610710773,5.75913063477238,1
385,0,8.75,7,5.75913063477238,5.95987299223678,1
385,0,8.75,7,5.95987299223678,8.00414314027954,1
385,0,8.75,7,8.00414314027954,8.59799039243726,1
385,0,8.75,7,8.59799039243726,8.75,0
386,0,9.75,2,0,0.776413411923759,1
386,0,9.75,2,0.776413411923759,1.52838946873558,1
386,0,9.75,2,1.52838946873558,9.75,0
387,0,13.75,4,0,0.525071950791681,1
387,0,13.75,4,0.525071950791681,0.762672178279582,1
387,0,13.75,4,0.762672178279582,2.60363043561522,1
387,0,13.75,4,2.60363043561522,13.0661900159635,1
387,0,13.75,4,13.0661900159635,13.75,0
388,0,16.75,17,0,7.26630749257261,1
388,0,16.75,17,7.26630749257261,9.12072286430748,1
388,0,16.75,17,9.12072286430748,10.3085371092006,1
388,0,16.75,17,10.3085371092006,10.6587700640705,1
388,0,16.75,17,10.6587700640705,11.324176192087,1
388,0,16.75,17,11.324176192087,11.7223535349011,1
388,0,16.75,17,11.7223535349011,12.2627586409197,1
388,0,16.75,17,12.2627586409197,13.6170686273531,1
388,0,16.75,17,13.6170686273531,14.382508666996,1
388,0,16.75,17,14.382508666996,14.7767625030966,1
388,0,16.75,17,14.7767625030966,14.7990559264812,1
388,0,16.75,17,14.7990559264812,14.8385540575426,1
388,0,16.75,17,14.8385540575426,15.1435637057467,1
388,0,16.75,17,15.1435637057467,15.4171186573249,1
388,0,16.75,17,15.4171186573249,15.5044557960903,1
388,0,16.75,17,15.5044557960903,16.0446577960535,1
388,0,16.75,17,16.0446577960535,16.5419203741017,1
388,0,16.75,17,16.5419203741017,16.75,0
389,0,12.75,24,0,5.1293640642843,1
389,0,12.75,24,5.1293640642843,5.44605188715457,1
389,0,12.75,24,5.44605188715457,6.21732974926027,1
389,0,12.75,24,6.21732974926027,6.22334251512711,1
389,0,12.75,24,6.22334251512711,7.6977696957315,1
389,0,12.75,24,7.6977696957315,8.3583506876875,1
389,0,12.75,24,8.3583506876875,8.62444851757798,1
389,0,12.75,24,8.62444851757798,9.54395533641934,1
389,0,12.75,24,9.54395533641934,10.5061535465939,1
389,0,12.75,24,10.5061535465939,10.5071295127766,1
389,0,12.75,24,10.5071295127766,10.535313523774,1
389,0,12.75,24,10.535313523774,10.6797805591482,1
389,0,12.75,24,10.6797805591482,10.6810703719957,1
389,0,12.75,24,10.6810703719957,10.7262588533966,1
389,0,12.75,24,10.7262588533966,10.7480218163998,1
389,0,12.75,24,10.7480218163998,10.9757035699666,1
389,0,12.75,24,10.9757035699666,11.3959665600769,1
389,0,12.75,24,11.3959665600769,11.457651136337,1
389,0,12.75,24,11.457651136337,11.6956425192961,1
389,0,12.75,24,11.6956425192961,12.0256065722034,1
389,0,12.75,24,12.0256065722034,12.1443370925276,1
389,0,12.75,24,12.1443370925276,12.5527604264136,1
389,0,12.75,24,12.5527604264136,12.6263902339545,1
389,0,12.75,24,12.6263902339545,12.6404344673273,1
389,0,12.75,24,12.6404344673273,12.75,0
390,0,14.75,0,0,14.75,0
391,0,11.75,2,0,0.0259437797662604,1
391,0,11.75,2,0.0259437797662604,3.85119492179562,1
391,0,11.75,2,3.85119492179562,11.75,0
392,0,19.75,65,0,4.15556816894757,1
392,0,19.75,65,4.15556816894757,6.24074690738,1
392,0,19.75,65,6.24074690738,6.49986458453624,1
392,0,19.75,65,6.49986458453624,7.05855249107919,1
392,0,19.75,65,7.05855249107919,7.35469547934671,1
392,0,19.75,65,7.35469547934671,8.49596894966936,1
392,0,19.75,65,8.49596894966936,8.54969935731708,1
392,0,19.75,65,8.54969935731708,8.60346535304827,1
392,0,19.75,65,8.60346535304827,8.79217225565939,1
392,0,19.75,65,8.79217225565939,9.08709849669037,1
392,0,19.75,65,9.08709849669037,9.3515979775059,1
392,0,19.75,65,9.3515979775059,9.44706606457808,1
392,0,19.75,65,9.44706606457808,10.4512646779384,1
392,0,19.75,65,10.4512646779384,10.7344847600775,1
392,0,19.75,65,10.7344847600775,10.8018486933457,1
392,0,19.75,65,10.8018486933457,11.0286577426016,1
392,0,19.75,65,11.0286577426016,11.0584413233418,1
392,0,19.75,65,11.0584413233418,11.4128136097619,1
392,0,19.75,65,11.4128136097619,11.8324373022252,1
392,0,19.75,65,11.8324373022252,12.0087763170473,1
392,0,19.75,65,12.0087763170473,12.0299882886953,1
392,0,19.75,65,12.0299882886953,12.3262490157026,1
392,0,19.75,65,12.3262490157026,12.5283263799876,1
392,0,19.75,65,12.5283263799876,12.7524371375042,1
392,0,19.75,65,12.7524371375042,12.7569053411857,1
392,0,19.75,65,12.7569053411857,13.0463417516693,1
392,0,19.75,65,13.0463417516693,13.4517347103469,1
392,0,19.75,65,13.4517347103469,13.659481851339,1
392,0,19.75,65,13.659481851339,14.177516739516,1
392,0,19.75,65,14.177516739516,14.4047082333689,1
392,0,19.75,65,14.4047082333689,14.4446031328394,1
392,0,19.75,65,14.4446031328394,14.5690470950332,1
392,0,19.75,65,14.5690470950332,14.5699151682287,1
392,0,19.75,65,14.5699151682287,14.6920658209491,1
392,0,19.75,65,14.6920658209491,14.8122179784903,1
392,0,19.75,65,14.8122179784903,15.2320982153448,1
392,0,19.75,65,15.2320982153448,15.2521986024206,1
392,0,19.75,65,15.2521986024206,15.5298413841192,1
392,0,19.75,65,15.5298413841192,15.7439930651961,1
392,0,19.75,65,15.7439930651961,16.0129705755353,1
392,0,19.75,65,16.0129705755353,16.0147738154367,1
392,0,19.75,65,16.0147738154367,16.0862446394242,1
392,0,19.75,65,16.0862446394242,16.5612759813891,1
392,0,19.75,65,16.5612759813891,16.7797548490589,1
392,0,19.75,65,16.7797548490589,16.9625544504354,1
392,0,19.75,65,16.9625544504354,16.9875312956115,1
392,0,19.75,65,16.9875312956115,17.0052891281985,1
392,0,19.75,65,17.0052891281985,17.1809677870954,1
392,0,19.75,65,17.1809677870954,17.4338197135914,1
392,0,19.75,65,17.4338197135914,17.8125702596227,1
392,0,19.75,65,17.8125702596227,17.8296862064181,1
392,0,19.75,65,17.8296862064181,18.1178820516821,1
392,0,19.75,65,18.1178820516821,18.2333425712953,1
392,0,19.75,65,18.2333425712953,18.3309643646569,1
392,0,19.75,65,18.3309643646569,18.4370354924198,1
392,0,19.75,65,18.4370354924198,18.5309111737404,1
392,0,19.75,65,18.5309111737404,18.6024372943279,1
392,0,19.75,65,18.6024372943279,18.6847428631747,1
392,0,19.75,65,18.6847428631747,18.7619432490435,1
392,0,19.75,65,18.7619432490435,18.8079922978186,1
392,0,19.75,65,18.8079922978186,19.0659047981251,1
392,0,19.75,65,19.0659047981251,19.3691070171445,1
392,0,19.75,65,19.3691070171445,19.5850813081671,1
392,0,19.75,65,19.5850813081671,19.5912145501377,1
392,0,19.75,65,19.5912145501377,19.6964735470578,1
392,0,19.75,65,19.6964735470578,19.75,0
393,0,20.75,80,0,2.24064057863793,1
393,0,20.75,80,2.24064057863793,3.56047555563615,1
393,0,20.75,80,3.56047555563615,4.74770456729858,1
393,0,20.75,80,4.74770456729858,6.3060407515088,1
393,0,20.75,80,6.3060407515088,6.37763803005927,1
393,0,20.75,80,6.37763803005927,7.29514212524302,1
393,0,20.75,80,7.29514212524302,7.29904821905755,1
393,0,20.75,80,7.29904821905755,7.36100346261476,1
393,0,20.75,80,7.36100346261476,7.75318532375645,1
393,0,20.75,80,7.75318532375645,8.79560727513715,1
393,0,20.75,80,8.79560727513715,9.25164585049246,1
393,0,20.75,80,9.25164585049246,9.29570881208295,1
393,0,20.75,80,9.29570881208295,10.3765424908671,1
393,0,20.75,80,10.3765424908671,11.2598923118651,1
393,0,20.75,80,11.2598923118651,11.3716918320447,1
393,0,20.75,80,11.3716918320447,11.5498391591918,1
393,0,20.75,80,11.5498391591918,11.5721036854942,1
393,0,20.75,80,11.5721036854942,11.8744771672034,1
393,0,20.75,80,11.8744771672034,12.1533731557669,1
393,0,20.75,80,12.1533731557669,12.425587289352,1
393,0,20.75,80,12.425587289352,12.6092306714602,1
393,0,20.75,80,12.6092306714602,13.01814840301,1
393,0,20.75,80,13.01814840301,13.1061848549987,1
393,0,20.75,80,13.1061848549987,13.9421947117126,1
393,0,20.75,80,13.9421947117126,14.0195247020682,1
393,0,20.75,80,14.0195247020682,14.0321097018813,1
393,0,20.75,80,14.0321097018813,14.3252315568602,1
393,0,20.75,80,14.3252315568602,14.3348904983094,1
393,0,20.75,80,14.3348904983094,14.430543859829,1
393,0,20.75,80,14.430543859829,14.8787667024533,1
393,0,20.75,80,14.8787667024533,14.9027378322422,1
393,0,20.75,80,14.9027378322422,15.0237699223867,1
393,0,20.75,80,15.0237699223867,15.1891215543416,1
393,0,20.75,80,15.1891215543416,15.2936424797629,1
393,0,20.75,80,15.2936424797629,15.3969571537714,1
393,0,20.75,80,15.3969571537714,15.762475222831,1
393,0,20.75,80,15.762475222831,15.8764572369524,1
393,0,20.75,80,15.8764572369524,15.9345147142128,1
393,0,20.75,80,15.9345147142128,15.9869507295652,1
393,0,20.75,80,15.9869507295652,16.1228566220115,1
393,0,20.75,80,16.1228566220115,16.323379394375,1
393,0,20.75,80,16.323379394375,16.4061175979281,1
393,0,20.75,80,16.4061175979281,16.4123275160697,1
393,0,20.75,80,16.4123275160697,16.4760373335916,1
393,0,20.75,80,16.4760373335916,16.8490724704764,1
393,0,20.75,80,16.8490724704764,17.0533603357423,1
393,0,20.75,80,17.0533603357423,17.2773177371271,1
393,0,20.75,80,17.2773177371271,17.3500808276304,1
393,0,20.75,80,17.3500808276304,17.5461905126607,1
393,0,20.75,80,17.5461905126607,17.6063958698596,1
393,0,20.75,80,17.6063958698596,18.0797166118629,1
393,0,20.75,80,18.0797166118629,18.0834354986605,1
393,0,20.75,80,18.0834354986605,18.0861135545259,1
393,0,20.75,80,18.0861135545259,18.2502605484693,1
393,0,20.75,80,18.2502605484693,18.3442376434158,1
393,0,20.75,80,18.3442376434158,18.4165014660459,1
393,0,20.75,80,18.4165014660459,18.5340023155541,1
393,0,20.75,80,18.5340023155541,18.7842717291846,1
393,0,20.75,80,18.7842717291846,18.814748041888,1
393,0,20.75,80,18.814748041888,18.9149557650335,1
393,0,20.75,80,18.9149557650335,19.065074955164,1
393,0,20.75,80,19.065074955164,19.0934771970854,1
393,0,20.75,80,19.0934771970854,19.1838036715876,1
393,0,20.75,80,19.1838036715876,19.243752542494,1
393,0,20.75,80,19.243752542494,19.2645645456567,1
393,0,20.75,80,19.2645645456567,19.6231239979484,1
393,0,20.75,80,19.6231239979484,19.756930787609,1
393,0,20.75,80,19.756930787609,19.7916153979685,1
393,0,20.75,80,19.7916153979685,19.8235498006179,1
393,0,20.75,80,19.8235498006179,19.8922909855746,1
393,0,20.75,80,19.8922909855746,19.9377319395621,1
393,0,20.75,80,19.9377319395621,19.9398398374103,1
393,0,20.75,80,19.9398398374103,19.9760023055175,1
393,0,20.75,80,19.9760023055175,20.0198132862719,1
393,0,20.75,80,20.0198132862719,20.0584980491489,1
393,0,20.75,80,20.0584980491489,20.1619897469724,1
393,0,20.75,80,20.1619897469724,20.3199061822178,1
393,0,20.75,80,20.3199061822178,20.3229271132087,1
393,0,20.75,80,20.3229271132087,20.3262852581036,1
393,0,20.75,80,20.3262852581036,20.534064600875,1
393,0,20.75,80,20.534064600875,20.75,0
394,0,9.75,2,0,0.294704963825899,1
394,0,9.75,2,0.294704963825899,2.66283017125975,1
394,0,9.75,2,2.66283017125975,9.75,0
395,0,13.75,1,0,1.12298521557857,1
395,0,13.75,1,1.12298521557857,13.75,0
396,0,12.75,1,0,10.2214395207997,1
396,0,12.75,1,10.2214395207997,12.75,0
397,0,13.75,3,0,0.0136673859625632,1
397,0,13.75,3,0.0136673859625632,0.274270678509501,1
397,0,13.75,3,0.274270678509501,2.34071832290641,1
397,0,13.75,3,2.34071832290641,13.75,0
398,0,17.75,1,0,3.73331936215148,1
398,0,17.75,1,3.73331936215148,17.75,0
399,0,7.75,2,0,7.47506929786942,1
399,0,7.75,2,7.47506929786942,7.50933065872474,1
399,0,7.75,2,7.50933065872474,7.75,0
400,0,15.75,32,0,5.27548523964902,1
400,0,15.75,32,5.27548523964902,6.47228086730411,1
400,0,15.75,32,6.47228086730411,6.5431487242378,1
400,0,15.75,32,6.5431487242378,8.35455609375434,1
400,0,15.75,32,8.35455609375434,8.41829415349452,1
400,0,15.75,32,8.41829415349452,8.76645895719914,1
400,0,15.75,32,8.76645895719914,9.8152046568499,1
400,0,15.75,32,9.8152046568499,10.103376884934,1
400,0,15.75,32,10.103376884934,10.8193474437488,1
400,0,15.75,32,10.8193474437488,10.8725416643424,1
400,0,15.75,32,10.8725416643424,11.0051730405309,1
400,0,15.75,32,11.0051730405309,11.1703685537597,1
400,0,15.75,32,11.1703685537597,11.4668699692316,1
400,0,15.75,32,11.4668699692316,11.5883524799428,1
400,0,15.75,32,11.5883524799428,11.7860651653673,1
400,0,15.75,32,11.7860651653673,11.8165151884626,1
400,0,15.75,32,11.8165151884626,12.1248982812874,1
400,0,15.75,32,12.1248982812874,12.291374384817,1
400,0,15.75,32,12.291374384817,12.3147177001237,1
400,0,15.75,32,12.3147177001237,12.7847655914653,1
400,0,15.75,32,12.7847655914653,13.07014303216,1
400,0,15.75,32,13.07014303216,13.1260193009161,1
400,0,15.75,32,13.1260193009161,13.5107317213267,1
400,0,15.75,32,13.5107317213267,14.070257637808,1
400,0,15.75,32,14.070257637808,14.2170761372831,1
400,0,15.75,32,14.2170761372831,14.2178986571701,1
400,0,15.75,32,14.2178986571701,14.2856377927606,1
400,0,15.75,32,14.2856377927606,14.3640930609901,1
400,0,15.75,32,14.3640930609901,14.4625564264059,1
400,0,15.75,32,14.4625564264059,14.7555060712519,1
400,0,15.75,32,14.7555060712519,14.811807233979,1
400,0,15.75,32,14.811807233979,15.4205777494843,1
400,0,15.75,32,15.4205777494843,15.75,0
401,0,11.75,0,0,11.75,0
402,0,19.75,48,0,2.44103825738295,1
402,0,19.75,48,2.44103825738295,3.13592265040938,1
402,0,19.75,48,3.13592265040938,5.44115440307944,1
402,0,19.75,48,5.44115440307944,6.0152123495771,1
402,0,19.75,48,6.0152123495771,6.52294763024393,1
402,0,19.75,48,6.52294763024393,8.26461106332141,1
402,0,19.75,48,8.26461106332141,8.91516906324345,1
402,0,19.75,48,8.91516906324345,8.97067433330185,1
402,0,19.75,48,8.97067433330185,9.62456721875946,1
402,0,19.75,48,9.62456721875946,10.6552854151274,1
402,0,19.75,48,10.6552854151274,10.8982295795442,1
402,0,19.75,48,10.8982295795442,10.9784986062727,1
402,0,19.75,48,10.9784986062727,11.0756113282021,1
402,0,19.75,48,11.0756113282021,11.172736879387,1
402,0,19.75,48,11.172736879387,11.208037930324,1
402,0,19.75,48,11.208037930324,11.7884580140242,1
402,0,19.75,48,11.7884580140242,11.8127169846,1
402,0,19.75,48,11.8127169846,11.813297971071,1
402,0,19.75,48,11.813297971071,12.3917680917361,1
402,0,19.75,48,12.3917680917361,12.8378874916525,1
402,0,19.75,48,12.8378874916525,13.6240531413884,1
402,0,19.75,48,13.6240531413884,14.2660530247651,1
402,0,19.75,48,14.2660530247651,14.2766462221561,1
402,0,19.75,48,14.2766462221561,14.9234177957863,1
402,0,19.75,48,14.9234177957863,14.9486408951327,1
402,0,19.75,48,14.9486408951327,15.3659345435266,1
402,0,19.75,48,15.3659345435266,15.4520748590481,1
402,0,19.75,48,15.4520748590481,15.543351087149,1
402,0,19.75,48,15.543351087149,15.8819186953382,1
402,0,19.75,48,15.8819186953382,16.0968202120247,1
402,0,19.75,48,16.0968202120247,16.1590153955936,1
402,0,19.75,48,16.1590153955936,16.3983736952881,1
402,0,19.75,48,16.3983736952881,16.9734167493641,1
402,0,19.75,48,16.9734167493641,17.1818204139698,1
402,0,19.75,48,17.1818204139698,17.194902083541,1
402,0,19.75,48,17.194902083541,17.7016270714066,1
402,0,19.75,48,17.7016270714066,17.7063788241777,1
402,0,19.75,48,17.7063788241777,17.8928834165699,1
402,0,19.75,48,17.8928834165699,18.2378703938674,1
402,0,19.75,48,18.2378703938674,18.2416895498596,1
402,0,19.75,48,18.2416895498596,18.2601601192862,1
402,0,19.75,48,18.2601601192862,18.5713969106771,1
402,0,19.75,48,18.5713969106771,19.0707886310372,1
402,0,19.75,48,19.0707886310372,19.130936670944,1
402,0,19.75,48,19.130936670944,19.359310943588,1
402,0,19.75,48,19.359310943588,19.362269541598,1
402,0,19.75,48,19.362269541598,19.4365803324236,1
402,0,19.75,48,19.4365803324236,19.5654860758342,1
402,0,19.75,48,19.5654860758342,19.75,0
403,0,17.75,3,0,0.137206960515296,1
403,0,17.75,3,0.137206960515296,0.683065561086986,1
403,0,17.75,3,0.683065561086986,3.73211200377566,1
403,0,17.75,3,3.73211200377566,17.75,0
404,0,9.75,0,0,9.75,0
405,0,12.75,1,0,5.32181762000218,1
405,0,12.75,1,5.32181762000218,12.75,0
406,0,15.75,2,0,0.848451696694029,1
406,0,15.75,2,0.848451696694029,0.918838534607567,1
406,0,15.75,2,0.918838534607567,15.75,0
407,0,15.75,29,0,2.92404482969162,1
407,0,15.75,29,2.92404482969162,5.4629168508754,1
407,0,15.75,29,5.4629168508754,6.62863363800836,1
407,0,15.75,29,6.62863363800836,6.81537887261962,1
407,0,15.75,29,6.81537887261962,7.62681808461552,1
407,0,15.75,29,7.62681808461552,7.80197701692048,1
407,0,15.75,29,7.80197701692048,9.17246374323783,1
407,0,15.75,29,9.17246374323783,9.8515645723496,1
407,0,15.75,29,9.8515645723496,9.98165783178979,1
407,0,15.75,29,9.98165783178979,10.4653950800594,1
407,0,15.75,29,10.4653950800594,11.236595483729,1
407,0,15.75,29,11.236595483729,11.3232628022549,1
407,0,15.75,29,11.3232628022549,11.6014427714896,1
407,0,15.75,29,11.6014427714896,11.7949447004601,1
407,0,15.75,29,11.7949447004601,11.9885012446135,1
407,0,15.75,29,11.9885012446135,12.044153621392,1
407,0,15.75,29,12.044153621392,12.1602263516567,1
407,0,15.75,29,12.1602263516567,12.8624144419726,1
407,0,15.75,29,12.8624144419726,13.4239055020722,1
407,0,15.75,29,13.4239055020722,13.5820974316564,1
407,0,15.75,29,13.5820974316564,13.6362113356335,1
407,0,15.75,29,13.6362113356335,13.9689096179478,1
407,0,15.75,29,13.9689096179478,14.5243053528118,1
407,0,15.75,29,14.5243053528118,14.7501967589214,1
407,0,15.75,29,14.7501967589214,14.7872882339834,1
407,0,15.75,29,14.7872882339834,14.8377929970769,1
407,0,15.75,29,14.8377929970769,15.4366158573132,1
407,0,15.75,29,15.4366158573132,15.548810264799,1
407,0,15.75,29,15.548810264799,15.7251794547145,1
407,0,15.75,29,15.7251794547145,15.75,0
408,0,11.75,1,0,0.709847563955746,1
408,0,11.75,1,0.709847563955746,11.75,0
409,0,11.75,2,0,0.0272432926946444,1
409,0,11.75,2,0.0272432926946444,1.91374159989578,1
409,0,11.75,2,1.91374159989578,11.75,0
410,0,15.75,31,0,1.86580031900987,1
410,0,15.75,31,1.86580031900987,3.2711795789335,1
410,0,15.75,31,3.2711795789335,4.31869306215797,1
410,0,15.75,31,4.31869306215797,4.93117117995772,1
410,0,15.75,31,4.93117117995772,5.56002392312422,1
410,0,15.75,31,5.56002392312422,6.97203213071866,1
410,0,15.75,31,6.97203213071866,7.25692782244449,1
410,0,15.75,31,7.25692782244449,8.53459056545166,1
410,0,15.75,31,8.53459056545166,8.81585041476021,1
410,0,15.75,31,8.81585041476021,9.5046284230067,1
410,0,15.75,31,9.5046284230067,10.1829976458501,1
410,0,15.75,31,10.1829976458501,11.6507935396859,1
410,0,15.75,31,11.6507935396859,11.8835396104522,1
410,0,15.75,31,11.8835396104522,12.3954699177814,1
410,0,15.75,31,12.3954699177814,12.633199383242,1
410,0,15.75,31,12.633199383242,12.7051386057738,1
410,0,15.75,31,12.7051386057738,12.9050569295121,1
410,0,15.75,31,12.9050569295121,13.115019253005,1
410,0,15.75,31,13.115019253005,13.1424266329689,1
410,0,15.75,31,13.1424266329689,13.1763698842942,1
410,0,15.75,31,13.1763698842942,13.441074988351,1
410,0,15.75,31,13.441074988351,13.6153885399119,1
410,0,15.75,31,13.6153885399119,13.6254540723513,1
410,0,15.75,31,13.6254540723513,13.6463278341647,1
410,0,15.75,31,13.6463278341647,13.740651613792,1
410,0,15.75,31,13.740651613792,13.7881521102038,1
410,0,15.75,31,13.7881521102038,13.9942618503245,1
410,0,15.75,31,13.9942618503245,14.3030209585181,1
410,0,15.75,31,14.3030209585181,14.396146430691,1
410,0,15.75,31,14.396146430691,15.4847776625904,1
410,0,15.75,31,15.4847776625904,15.5479132300439,1
410,0,15.75,31,15.5479132300439,15.75,0
411,0,10.75,2,0,0.049080873347322,1
411,0,10.75,2,0.049080873347322,10.6720518188174,1
411,0,10.75,2,10.6720518188174,10.75,0
412,0,11.75,30,0,0.697617301496942,1
412,0,11.75,30,0.697617301496942,5.55009492386903,1
412,0,11.75,30,5.55009492386903,6.52330892800087,1
412,0,11.75,30,6.52330892800087,6.73244066765222,1
412,0,11.75,30,6.73244066765222,7.71649242935082,1
412,0,11.75,30,7.71649242935082,7.83259059689208,1
412,0,11.75,30,7.83259059689208,8.0937605018913,1
412,0,11.75,30,8.0937605018913,8.53957551435987,1
412,0,11.75,30,8.53957551435987,8.81169484786111,1
412,0,11.75,30,8.81169484786111,8.84530977970089,1
412,0,11.75,30,8.84530977970089,8.98950663666949,1
412,0,11.75,30,8.98950663666949,9.10297654000396,1
412,0,11.75,30,9.10297654000396,9.15358000930461,1
412,0,11.75,30,9.15358000930461,9.31397368822919,1
412,0,11.75,30,9.31397368822919,9.43816750865251,1
412,0,11.75,30,9.43816750865251,9.43867876305817,1
412,0,11.75,30,9.43867876305817,9.5294423467227,1
412,0,11.75,30,9.5294423467227,9.69573785903986,1
412,0,11.75,30,9.69573785903986,9.70772061723214,1
412,0,11.75,30,9.70772061723214,9.94095437396529,1
412,0,11.75,30,9.94095437396529,9.95917246033211,1
412,0,11.75,30,9.95917246033211,10.0676584624889,1
412,0,11.75,30,10.0676584624889,10.0707781465841,1
412,0,11.75,30,10.0707781465841,10.0750713370677,1
412,0,11.75,30,10.0750713370677,10.6364984274654,1
412,0,11.75,30,10.6364984274654,10.7425567871844,1
412,0,11.75,30,10.7425567871844,11.034672217365,1
412,0,11.75,30,11.034672217365,11.197244129388,1
412,0,11.75,30,11.197244129388,11.3525139980039,1
412,0,11.75,30,11.3525139980039,11.6579777895366,1
412,0,11.75,30,11.6579777895366,11.75,0
413,0,9.75,9,0,1.01410910061288,1
413,0,9.75,9,1.01410910061288,5.47243974525211,1
413,0,9.75,9,5.47243974525211,5.48480371587635,1
413,0,9.75,9,5.48480371587635,6.11562903329273,1
413,0,9.75,9,6.11562903329273,6.13552395782739,1
413,0,9.75,9,6.13552395782739,7.10489212043118,1
413,0,9.75,9,7.10489212043118,8.52702899391407,1
413,0,9.75,9,8.52702899391407,9.22114805482196,1
413,0,9.75,9,9.22114805482196,9.2626193665922,1
413,0,9.75,9,9.2626193665922,9.75,0
414,0,15.75,15,0,4.83934070944604,1
414,0,15.75,15,4.83934070944604,5.61813652413087,1
414,0,15.75,15,5.61813652413087,5.89927712934737,1
414,0,15.75,15,5.89927712934737,6.61790975649917,1
414,0,15.75,15,6.61790975649917,7.2390399534838,1
414,0,15.75,15,7.2390399534838,8.78059450692519,1
414,0,15.75,15,8.78059450692519,10.9504742300007,1
414,0,15.75,15,10.9504742300007,10.9907501537854,1
414,0,15.75,15,10.9907501537854,12.2276815766203,1
414,0,15.75,15,12.2276815766203,12.9741805526635,1
414,0,15.75,15,12.9741805526635,13.2870169308719,1
414,0,15.75,15,13.2870169308719,14.4223525198071,1
414,0,15.75,15,14.4223525198071,14.5554302218605,1
414,0,15.75,15,14.5554302218605,15.1430615833109,1
414,0,15.75,15,15.1430615833109,15.5365164689604,1
414,0,15.75,15,15.5365164689604,15.75,0
415,0,15.75,1,0,1.93935800202467,1
415,0,15.75,1,1.93935800202467,15.75,0
416,0,10.75,10,0,2.80216440866247,1
416,0,10.75,10,2.80216440866247,5.08047007439158,1
416,0,10.75,10,5.08047007439158,8.47870444257318,1
416,0,10.75,10,8.47870444257318,8.58446135313851,1
416,0,10.75,10,8.58446135313851,9.07520828013958,1
416,0,10.75,10,9.07520828013958,9.68683193343768,1
416,0,10.75,10,9.68683193343768,10.1173779659697,1
416,0,10.75,10,10.1173779659697,10.3195146995848,1
416,0,10.75,10,10.3195146995848,10.350327861639,1
416,0,10.75,10,10.350327861639,10.7199991796974,1
416,0,10.75,10,10.7199991796974,10.75,0
417,0,11.75,0,0,11.75,0
418,0,18.75,0,0,18.75,0
419,0,16.75,1,0,2.52785485026402,1
419,0,16.75,1,2.52785485026402,16.75,0
420,0,8.75,3,0,2.49349525611115,1
420,0,8.75,3,2.49349525611115,4.92193195606994,1
420,0,8.75,3,4.92193195606994,8.74828335983999,1
420,0,8.75,3,8.74828335983999,8.75,0
421,0,7.75,6,0,1.55825412514831,1
421,0,7.75,6,1.55825412514831,2.29963553520065,1
421,0,7.75,6,2.29963553520065,3.63496253034244,1
421,0,7.75,6,3.63496253034244,4.44838162911395,1
421,0,7.75,6,4.44838162911395,4.51470596733092,1
421,0,7.75,6,4.51470596733092,5.52627962049685,1
421,0,7.75,6,5.52627962049685,7.75,0
422,0,13.75,1,0,0.0141046875785902,1
422,0,13.75,1,0.0141046875785902,13.75,0
423,0,14.75,15,0,6.76616244225087,1
423,0,14.75,15,6.76616244225087,7.18356679287808,1
423,0,14.75,15,7.18356679287808,7.95511140949636,1
423,0,14.75,15,7.95511140949636,8.91639918384791,1
423,0,14.75,15,8.91639918384791,8.97414807962743,1
423,0,14.75,15,8.97414807962743,9.27808022633831,1
423,0,14.75,15,9.27808022633831,9.3048244001589,1
423,0,14.75,15,9.3048244001589,11.2259294255734,1
423,0,14.75,15,11.2259294255734,11.2437457689267,1
423,0,14.75,15,11.2437457689267,11.7019996454129,1
423,0,14.75,15,11.7019996454129,12.6311656175994,1
423,0,14.75,15,12.6311656175994,12.6404981923233,1
423,0,14.75,15,12.6404981923233,13.8452922643883,1
423,0,14.75,15,13.8452922643883,13.9320155675737,1
423,0,14.75,15,13.9320155675737,14.4503764786303,1
423,0,14.75,15,14.4503764786303,14.75,0
424,0,12.75,1,0,7.95405681548342,1
424,0,12.75,1,7.95405681548342,12.75,0
425,0,13.75,15,0,3.38964869589038,1
425,0,13.75,15,3.38964869589038,6.87686966905949,1
425,0,13.75,15,6.87686966905949,7.80733674561824,1
425,0,13.75,15,7.80733674561824,7.95756864184365,1
425,0,13.75,15,7.95756864184365,8.65406490839028,1
425,0,13.75,15,8.65406490839028,10.4975383772066,1
425,0,13.75,15,10.4975383772066,11.3536667636327,1
425,0,13.75,15,11.3536667636327,11.5469397641464,1
425,0,13.75,15,11.5469397641464,12.0004145501768,1
425,0,13.75,15,12.0004145501768,12.3361118056097,1
425,0,13.75,15,12.3361118056097,12.6357239754146,1
425,0,13.75,15,12.6357239754146,12.7852147058284,1
425,0,13.75,15,12.7852147058284,13.3644305199569,1
425,0,13.75,15,13.3644305199569,13.4774544343738,1
425,0,13.75,15,13.4774544343738,13.4981321352268,1
425,0,13.75,15,13.4981321352268,13.75,0
426,0,12.75,1,0,5.7011715285062,1
426,0,12.75,1,5.7011715285062,12.75,0
427,0,13.75,0,0,13.75,0
428,0,11.75,2,0,0.00368593150275093,1
428,0,11.75,2,0.00368593150275093,6.73978238716742,1
428,0,11.75,2,6.73978238716742,11.75,0
429,0,11.75,20,0,2.67147033172222,1
429,0,11.75,20,2.67147033172222,3.37397615124995,1
429,0,11.75,20,3.37397615124995,5.62295305944645,1
429,0,11.75,20,5.62295305944645,6.03856339670921,1
429,0,11.75,20,6.03856339670921,6.17097652634743,1
429,0,11.75,20,6.17097652634743,6.47611978611941,1
429,0,11.75,20,6.47611978611941,6.9528578627585,1
429,0,11.75,20,6.9528578627585,7.37279668707313,1
429,0,11.75,20,7.37279668707313,7.91610894681108,1
429,0,11.75,20,7.91610894681108,8.0472683439929,1
429,0,11.75,20,8.0472683439929,8.28869841725029,1
429,0,11.75,20,8.28869841725029,8.37731973297196,1
429,0,11.75,20,8.37731973297196,8.4501104545862,1
429,0,11.75,20,8.4501104545862,9.38226871797053,1
429,0,11.75,20,9.38226871797053,10.8488774485218,1
429,0,11.75,20,10.8488774485218,11.1704112062321,1
429,0,11.75,20,11.1704112062321,11.2306356882685,1
429,0,11.75,20,11.2306356882685,11.3103106537708,1
429,0,11.75,20,11.3103106537708,11.4061537170051,1
429,0,11.75,20,11.4061537170051,11.6653523920652,1
429,0,11.75,20,11.6653523920652,11.75,0
430,0,10.75,13,0,4.91419951039916,1
430,0,10.75,13,4.91419951039916,7.17709014310645,1
430,0,10.75,13,7.17709014310645,7.2762996546192,1
430,0,10.75,13,7.2762996546192,7.40004541736896,1
430,0,10.75,13,7.40004541736896,7.47696855582432,1
430,0,10.75,13,7.47696855582432,7.72288978342517,1
430,0,10.75,13,7.72288978342517,7.82371862742294,1
430,0,10.75,13,7.82371862742294,7.94933475104451,1
430,0,10.75,13,7.94933475104451,8.59610935008224,1
430,0,10.75,13,8.59610935008224,8.70270601208402,1
430,0,10.75,13,8.70270601208402,8.95028734597885,1
430,0,10.75,13,8.95028734597885,9.69229523003757,1
430,0,10.75,13,9.69229523003757,10.3632810603964,1
430,0,10.75,13,10.3632810603964,10.75,0
431,0,12.75,23,0,2.48746807658164,1
431,0,12.75,23,2.48746807658164,5.31133494646886,1
431,0,12.75,23,5.31133494646886,5.42913933153776,1
431,0,12.75,23,5.42913933153776,5.91816771387038,1
431,0,12.75,23,5.91816771387038,5.98615526330646,1
431,0,12.75,23,5.98615526330646,6.08860146070759,1
431,0,12.75,23,6.08860146070759,6.83887817528949,1
431,0,12.75,23,6.83887817528949,6.97610584314353,1
431,0,12.75,23,6.97610584314353,7.14243791710157,1
431,0,12.75,23,7.14243791710157,7.81746384683708,1
431,0,12.75,23,7.81746384683708,8.03412693561987,1
431,0,12.75,23,8.03412693561987,8.18563468772126,1
431,0,12.75,23,8.18563468772126,8.93742032531905,1
431,0,12.75,23,8.93742032531905,8.96361758523664,1
431,0,12.75,23,8.96361758523664,9.62058706128163,1
431,0,12.75,23,9.62058706128163,9.78500045744726,1
431,0,12.75,23,9.78500045744726,9.85470151164783,1
431,0,12.75,23,9.85470151164783,10.3293833639166,1
431,0,12.75,23,10.3293833639166,10.9463049638361,1
431,0,12.75,23,10.9463049638361,11.0260604897754,1
431,0,12.75,23,11.0260604897754,11.2080142564766,1
431,0,12.75,23,11.2080142564766,11.5051826412063,1
431,0,12.75,23,11.5051826412063,12.5468251402237,1
431,0,12.75,23,12.5468251402237,12.75,0
432,0,17.75,98,0,2.26559196362707,1
432,0,17.75,98,2.26559196362707,2.58604074122608,1
432,0,17.75,98,2.58604074122608,3.39508975656174,1
432,0,17.75,98,3.39508975656174,4.45501242575774,1
432,0,17.75,98,4.45501242575774,4.99461954643595,1
432,0,17.75,98,4.99461954643595,5.1317154700789,1
432,0,17.75,98,5.1317154700789,5.33547218191366,1
432,0,17.75,98,5.33547218191366,5.87329430085906,1
432,0,17.75,98,5.87329430085906,6.19447740064302,1
432,0,17.75,98,6.19447740064302,6.34125687563614,1
432,0,17.75,98,6.34125687563614,7.28736418740439,1
432,0,17.75,98,7.28736418740439,7.44790678513127,1
432,0,17.75,98,7.44790678513127,7.58434046142315,1
432,0,17.75,98,7.58434046142315,7.67173910891668,1
432,0,17.75,98,7.67173910891668,7.87945241694938,1
432,0,17.75,98,7.87945241694938,8.32994593454551,1
432,0,17.75,98,8.32994593454551,8.97306528325456,1
432,0,17.75,98,8.97306528325456,9.42499505083388,1
432,0,17.75,98,9.42499505083388,9.42740477836552,1
432,0,17.75,98,9.42740477836552,9.4380855164669,1
432,0,17.75,98,9.4380855164669,9.73504136487672,1
432,0,17.75,98,9.73504136487672,10.0868344675121,1
432,0,17.75,98,10.0868344675121,10.261240205512,1
432,0,17.75,98,10.261240205512,10.43656072484,1
432,0,17.75,98,10.43656072484,10.642324824167,1
432,0,17.75,98,10.642324824167,10.9177673554973,1
432,0,17.75,98,10.9177673554973,11.0038891400199,1
432,0,17.75,98,11.0038891400199,11.1222070058735,1
432,0,17.75,98,11.1222070058735,11.1950043490354,1
432,0,17.75,98,11.1950043490354,11.2441076935478,1
432,0,17.75,98,11.2441076935478,11.2636075552458,1
432,0,17.75,98,11.2636075552458,11.3127320144174,1
432,0,17.75,98,11.3127320144174,11.3586517125552,1
432,0,17.75,98,11.3586517125552,11.5037393624775,1
432,0,17.75,98,11.5037393624775,12.056310156079,1
432,0,17.75,98,12.056310156079,12.1835375954944,1
432,0,17.75,98,12.1835375954944,12.3418229631556,1
432,0,17.75,98,12.3418229631556,12.3811669607772,1
432,0,17.75,98,12.3811669607772,12.6621859052543,1
432,0,17.75,98,12.6621859052543,12.6930444806464,1
432,0,17.75,98,12.6930444806464,12.8067317815167,1
432,0,17.75,98,12.8067317815167,12.9236020149317,1
432,0,17.75,98,12.9236020149317,13.1084033466827,1
432,0,17.75,98,13.1084033466827,13.1223808184051,1
432,0,17.75,98,13.1223808184051,13.1225589227231,1
432,0,17.75,98,13.1225589227231,13.1438802844354,1
432,0,17.75,98,13.1438802844354,13.1740575992676,1
432,0,17.75,98,13.1740575992676,13.2002341140073,1
432,0,17.75,98,13.2002341140073,13.3466351114176,1
432,0,17.75,98,13.3466351114176,13.6068471836513,1
432,0,17.75,98,13.6068471836513,13.9169721858785,1
432,0,17.75,98,13.9169721858785,13.9623079600527,1
432,0,17.75,98,13.9623079600527,14.2223219236198,1
432,0,17.75,98,14.2223219236198,14.3581739931683,1
432,0,17.75,98,14.3581739931683,14.3663095817388,1
432,0,17.75,98,14.3663095817388,14.4032655171015,1
432,0,17.75,98,14.4032655171015,14.4891823247864,1
432,0,17.75,98,14.4891823247864,14.5289329237557,1
432,0,17.75,98,14.5289329237557,14.5464371775159,1
432,0,17.75,98,14.5464371775159,14.584767987376,1
432,0,17.75,98,14.584767987376,14.6604936233477,1
432,0,17.75,98,14.6604936233477,14.8585372058748,1
432,0,17.75,98,14.8585372058748,14.8887628263751,1
432,0,17.75,98,14.8887628263751,14.9449170872733,1
432,0,17.75,98,14.9449170872733,14.9686923006771,1
432,0,17.75,98,14.9686923006771,14.9935677391796,1
432,0,17.75,98,14.9935677391796,15.0406601365198,1
432,0,17.75,98,15.0406601365198,15.1294189419702,1
432,0,17.75,98,15.1294189419702,15.624787946474,1
432,0,17.75,98,15.624787946474,15.749502748234,1
432,0,17.75,98,15.749502748234,15.8020583794232,1
432,0,17.75,98,15.8020583794232,15.8308805272263,1
432,0,17.75,98,15.8308805272263,15.8310742134711,1
432,0,17.75,98,15.8310742134711,15.898002136784,1
432,0,17.75,98,15.898002136784,15.9186307227485,1
432,0,17.75,98,15.9186307227485,15.9392529175243,1
432,0,17.75,98,15.9392529175243,15.9403345890126,1
432,0,17.75,98,15.9403345890126,15.9569166263807,1
432,0,17.75,98,15.9569166263807,16.030496734432,1
432,0,17.75,98,16.030496734432,16.0503657402086,1
432,0,17.75,98,16.0503657402086,16.1286766405795,1
432,0,17.75,98,16.1286766405795,16.185072295953,1
432,0,17.75,98,16.185072295953,16.1926041736184,1
432,0,17.75,98,16.1926041736184,16.1980913754093,1
432,0,17.75,98,16.1980913754093,16.2030597786413,1
432,0,17.75,98,16.2030597786413,16.60054797534,1
432,0,17.75,98,16.60054797534,16.6689100282734,1
432,0,17.75,98,16.6689100282734,16.9681252414759,1
432,0,17.75,98,16.9681252414759,16.9831961598319,1
432,0,17.75,98,16.9831961598319,17.0084048327383,1
432,0,17.75,98,17.0084048327383,17.0910380460427,1
432,0,17.75,98,17.0910380460427,17.1800089896193,1
432,0,17.75,98,17.1800089896193,17.3716398510659,1
432,0,17.75,98,17.3716398510659,17.4396245418189,1
432,0,17.75,98,17.4396245418189,17.4514176408494,1
432,0,17.75,98,17.4514176408494,17.5583194029215,1
432,0,17.75,98,17.5583194029215,17.5876227516759,1
432,0,17.75,98,17.5876227516759,17.6341383109644,1
432,0,17.75,98,17.6341383109644,17.75,0
433,0,8.75,4,0,0.125423630267365,1
433,0,8.75,4,0.125423630267365,0.282474427481872,1
433,0,8.75,4,0.282474427481872,2.56139181409281,1
433,0,8.75,4,2.56139181409281,4.35275866822027,1
433,0,8.75,4,4.35275866822027,8.75,0
434,0,17.75,1,0,5.00892558961038,1
434,0,17.75,1,5.00892558961038,17.75,0
435,0,8.75,2,0,2.84111140212326,1
435,0,8.75,2,2.84111140212326,5.50426689388048,1
435,0,8.75,2,5.50426689388048,8.75,0
436,0,8.75,11,0,2.35301715659167,1
436,0,8.75,11,2.35301715659167,3.90454232904459,1
436,0,8.75,11,3.90454232904459,4.9571743975319,1
436,0,8.75,11,4.9571743975319,5.92735732210655,1
436,0,8.75,11,5.92735732210655,6.90813997964282,1
436,0,8.75,11,6.90813997964282,7.155327862705,1
436,0,8.75,11,7.155327862705,7.26430830281973,1
436,0,8.75,11,7.26430830281973,7.4844469677294,1
436,0,8.75,11,7.4844469677294,7.57971890700999,1
436,0,8.75,11,7.57971890700999,7.6382760434817,1
436,0,8.75,11,7.6382760434817,8.02223794630754,1
436,0,8.75,11,8.02223794630754,8.75,0
437,0,10.75,0,0,10.75,0
438,0,14.75,2,0,4.64845510373244,1
438,0,14.75,2,4.64845510373244,13.7636654779104,1
438,0,14.75,2,13.7636654779104,14.75,0
439,0,14.75,1,0,0.308432132297535,1
439,0,14.75,1,0.308432132297535,14.75,0
440,0,13.75,26,0,5.70278554613278,1
440,0,13.75,26,5.70278554613278,6.31716420366431,1
440,0,13.75,26,6.31716420366431,6.97222787292242,1
440,0,13.75,26,6.97222787292242,7.68907624049565,1
440,0,13.75,26,7.68907624049565,8.13483747471304,1
440,0,13.75,26,8.13483747471304,8.54403163845866,1
440,0,13.75,26,8.54403163845866,8.61103937887634,1
440,0,13.75,26,8.61103937887634,9.04995172324531,1
440,0,13.75,26,9.04995172324531,9.99780259963119,1
440,0,13.75,26,9.99780259963119,10.0559175015689,1
440,0,13.75,26,10.0559175015689,10.2583030487336,1
440,0,13.75,26,10.2583030487336,10.4221338984521,1
440,0,13.75,26,10.4221338984521,10.525469182426,1
440,0,13.75,26,10.525469182426,10.6779485483419,1
440,0,13.75,26,10.6779485483419,10.7191613881551,1
440,0,13.75,26,10.7191613881551,10.9757965881734,1
440,0,13.75,26,10.9757965881734,11.5967249717667,1
440,0,13.75,26,11.5967249717667,11.6232536977417,1
440,0,13.75,26,11.6232536977417,12.2472831881876,1
440,0,13.75,26,12.2472831881876,12.4202284123997,1
440,0,13.75,26,12.4202284123997,12.4367660207911,1
440,0,13.75,26,12.4367660207911,12.4951208509614,1
440,0,13.75,26,12.4951208509614,12.5059243210337,1
440,0,13.75,26,12.5059243210337,12.7364469133208,1
440,0,13.75,26,12.7364469133208,13.2635126272739,1
440,0,13.75,26,13.2635126272739,13.3982037826172,1
440,0,13.75,26,13.3982037826172,13.75,0
441,0,12.75,23,0,4.95176545773713,1
441,0,12.75,23,4.95176545773713,5.19516751198606,1
441,0,12.75,23,5.19516751198606,5.47820606127049,1
441,0,12.75,23,5.47820606127049,5.54527642220844,1
441,0,12.75,23,5.54527642220844,7.16579871349085,1
441,0,12.75,23,7.16579871349085,7.34390352350009,1
441,0,12.75,23,7.34390352350009,7.44158336680717,1
441,0,12.75,23,7.44158336680717,8.2953839044387,1
441,0,12.75,23,8.2953839044387,8.47556679065778,1
441,0,12.75,23,8.47556679065778,9.83568171739976,1
441,0,12.75,23,9.83568171739976,10.1646551540367,1
441,0,12.75,23,10.1646551540367,10.2633878271577,1
441,0,12.75,23,10.2633878271577,10.6261741766825,1
441,0,12.75,23,10.6261741766825,10.6912897279917,1
441,0,12.75,23,10.6912897279917,11.0759812294814,1
441,0,12.75,23,11.0759812294814,11.1578483527046,1
441,0,12.75,23,11.1578483527046,11.7606065516488,1
441,0,12.75,23,11.7606065516488,11.8995469603355,1
441,0,12.75,23,11.8995469603355,12.1687607370289,1
441,0,12.75,23,12.1687607370289,12.2266648819851,1
441,0,12.75,23,12.2266648819851,12.3448053641967,1
441,0,12.75,23,12.3448053641967,12.4627433816983,1
441,0,12.75,23,12.4627433816983,12.694899942073,1
441,0,12.75,23,12.694899942073,12.75,0
442,0,10.75,0,0,10.75,0
443,0,9.75,4,0,0.0412249950214474,1
443,0,9.75,4,0.0412249950214474,2.87071971917353,1
443,0,9.75,4,2.87071971917353,6.44089342788275,1
443,0,9.75,4,6.44089342788275,6.69427536415378,1
443,0,9.75,4,6.69427536415378,9.75,0
444,0,15.75,1,0,0.822172985688311,1
444,0,15.75,1,0.822172985688311,15.75,0
445,0,11.75,15,0,1.54383708324527,1
445,0,11.75,15,1.54383708324527,3.39308382525521,1
445,0,11.75,15,3.39308382525521,5.1206058297666,1
445,0,11.75,15,5.1206058297666,5.20330044893936,1
445,0,11.75,15,5.20330044893936,6.15565535561426,1
445,0,11.75,15,6.15565535561426,8.21626887373288,1
445,0,11.75,15,8.21626887373288,9.02151633236561,1
445,0,11.75,15,9.02151633236561,9.37820213148454,1
445,0,11.75,15,9.37820213148454,10.0140290351562,1
445,0,11.75,15,10.0140290351562,10.7022565160582,1
445,0,11.75,15,10.7022565160582,10.9017399134739,1
445,0,11.75,15,10.9017399134739,11.1431787806368,1
445,0,11.75,15,11.1431787806368,11.2368853436651,1
445,0,11.75,15,11.2368853436651,11.297337254003,1
445,0,11.75,15,11.297337254003,11.6078737345305,1
445,0,11.75,15,11.6078737345305,11.75,0
446,0,11.75,2,0,0.0237465508771718,1
446,0,11.75,2,0.0237465508771718,5.99991433301469,1
446,0,11.75,2,5.99991433301469,11.75,0
447,0,7.75,2,0,3.73262209056007,1
447,0,7.75,2,3.73262209056007,4.62740250601647,1
447,0,7.75,2,4.62740250601647,7.75,0
448,0,9.75,2,0,0.614177182334519,1
448,0,9.75,2,0.614177182334519,4.35485371813107,1
448,0,9.75,2,4.35485371813107,9.75,0
449,0,15.75,24,0,3.80182287841076,1
449,0,15.75,24,3.80182287841076,4.66851271457389,1
449,0,15.75,24,4.66851271457389,4.90602349847479,1
449,0,15.75,24,4.90602349847479,5.75102700637256,1
449,0,15.75,24,5.75102700637256,6.19221638535245,1
449,0,15.75,24,6.19221638535245,7.79934594708179,1
449,0,15.75,24,7.79934594708179,9.36485225683276,1
449,0,15.75,24,9.36485225683276,9.52942246205998,1
449,0,15.75,24,9.52942246205998,9.80753065820021,1
449,0,15.75,24,9.80753065820021,9.86656624741583,1
449,0,15.75,24,9.86656624741583,10.3786983417576,1
449,0,15.75,24,10.3786983417576,10.9579175968716,1
449,0,15.75,24,10.9579175968716,11.5953102554214,1
449,0,15.75,24,11.5953102554214,11.6697975823438,1
449,0,15.75,24,11.6697975823438,11.7462270278248,1
449,0,15.75,24,11.7462270278248,12.5893009041662,1
449,0,15.75,24,12.5893009041662,12.6739878441633,1
449,0,15.75,24,12.6739878441633,12.8073173693034,1
449,0,15.75,24,12.8073173693034,13.4909918231653,1
449,0,15.75,24,13.4909918231653,14.0001040229595,1
449,0,15.75,24,14.0001040229595,14.1241368124189,1
449,0,15.75,24,14.1241368124189,14.1284240518226,1
449,0,15.75,24,14.1284240518226,14.1857977376097,1
449,0,15.75,24,14.1857977376097,14.1871047953715,1
449,0,15.75,24,14.1871047953715,15.75,0
450,0,10.75,14,0,2.44185265098288,1
450,0,10.75,14,2.44185265098288,2.5805485476534,1
450,0,10.75,14,2.5805485476534,4.65021201030584,1
450,0,10.75,14,4.65021201030584,5.53213969992843,1
450,0,10.75,14,5.53213969992843,5.53837173009631,1
450,0,10.75,14,5.53837173009631,5.80898458021983,1
450,0,10.75,14,5.80898458021983,5.9849251819041,1
450,0,10.75,14,5.9849251819041,6.78451435056726,1
450,0,10.75,14,6.78451435056726,8.24787590064441,1
450,0,10.75,14,8.24787590064441,8.57229339099019,1
450,0,10.75,14,8.57229339099019,8.75805391725592,1
450,0,10.75,14,8.75805391725592,9.09031111578057,1
450,0,10.75,14,9.09031111578057,9.82137249780282,1
450,0,10.75,14,9.82137249780282,10.6775344218513,1
450,0,10.75,14,10.6775344218513,10.75,0
451,0,13.75,2,0,0.226372838698512,1
451,0,13.75,2,0.226372838698512,12.8732208650273,1
451,0,13.75,2,12.8732208650273,13.75,0
452,0,15.75,2,0,0.00596097903233896,1
452,0,15.75,2,0.00596097903233896,12.5604109854952,1
452,0,15.75,2,12.5604109854952,15.75,0
453,0,13.75,1,0,3.9873684342901,1
453,0,13.75,1,3.9873684342901,13.75,0
454,0,9.75,4,0,1.51998942789222,1
454,0,9.75,4,1.51998942789222,2.35977743631226,1
454,0,9.75,4,2.35977743631226,3.36416982153228,1
454,0,9.75,4,3.36416982153228,4.32649318319239,1
454,0,9.75,4,4.32649318319239,9.75,0
455,0,13.75,4,0,0.701605354274383,1
455,0,13.75,4,0.701605354274383,3.08015514181963,1
455,0,13.75,4,3.08015514181963,4.98289413638338,1
455,0,13.75,4,4.98289413638338,9.72007260271914,1
455,0,13.75,4,9.72007260271914,13.75,0
456,0,14.75,2,0,3.70828184029968,1
456,0,14.75,2,3.70828184029968,8.37674394397779,1
456,0,14.75,2,8.37674394397779,14.75,0
457,0,17.75,20,0,1.70074662390987,1
457,0,17.75,20,1.70074662390987,4.37891914111045,1
457,0,17.75,20,4.37891914111045,5.15575142084615,1
457,0,17.75,20,5.15575142084615,6.21995228676155,1
457,0,17.75,20,6.21995228676155,9.36579524183346,1
457,0,17.75,20,9.36579524183346,11.565819963138,1
457,0,17.75,20,11.565819963138,12.2521821728069,1
457,0,17.75,20,12.2521821728069,12.9325299315115,1
457,0,17.75,20,12.9325299315115,13.4000006351838,1
457,0,17.75,20,13.4000006351838,13.5804185475833,1
457,0,17.75,20,13.5804185475833,13.6602998484076,1
457,0,17.75,20,13.6602998484076,14.0534074911037,1
457,0,17.75,20,14.0534074911037,14.4471351924717,1
457,0,17.75,20,14.4471351924717,14.7244948143957,1
457,0,17.75,20,14.7244948143957,15.3374695631173,1
457,0,17.75,20,15.3374695631173,15.7649510331314,1
457,0,17.75,20,15.7649510331314,15.9336007549569,1
457,0,17.75,20,15.9336007549569,16.0048529493918,1
457,0,17.75,20,16.0048529493918,16.6293297074631,1
457,0,17.75,20,16.6293297074631,17.0921589014997,1
457,0,17.75,20,17.0921589014997,17.75,0
458,0,9.75,2,0,1.18365933408915e-06,1
458,0,9.75,2,1.18365933408915e-06,0.632733678630613,1
458,0,9.75,2,0.632733678630613,9.75,0
459,0,11.75,16,0,4.39141706982344,1
459,0,11.75,16,4.39141706982344,6.04446127179553,1
459,0,11.75,16,6.04446127179553,7.23770674757161,1
459,0,11.75,16,7.23770674757161,7.43238185921082,1
459,0,11.75,16,7.43238185921082,8.18780817223888,1
459,0,11.75,16,8.18780817223888,8.53694864899274,1
459,0,11.75,16,8.53694864899274,10.193509882643,1
459,0,11.75,16,10.193509882643,10.4587209924035,1
459,0,11.75,16,10.4587209924035,10.6150053889682,1
459,0,11.75,16,10.6150053889682,10.6319991147918,1
459,0,11.75,16,10.6319991147918,10.7893955907795,1
459,0,11.75,16,10.7893955907795,10.7941080379765,1
459,0,11.75,16,10.7941080379765,11.1104574432324,1
459,0,11.75,16,11.1104574432324,11.1302685605849,1
459,0,11.75,16,11.1302685605849,11.153857885672,1
459,0,11.75,16,11.153857885672,11.4177005989894,1
459,0,11.75,16,11.4177005989894,11.75,0
460,0,12.75,2,0,2.74804510375104,1
460,0,12.75,2,2.74804510375104,8.87683288005209,1
460,0,12.75,2,8.87683288005209,12.75,0
461,0,13.75,2,0,0.368642338909056,1
461,0,13.75,2,0.368642338909056,0.462282277163551,1
461,0,13.75,2,0.462282277163551,13.75,0
462,0,12.75,13,0,2.8528435670244,1
462,0,12.75,13,2.8528435670244,4.91214761845074,1
462,0,12.75,13,4.91214761845074,5.11359427653273,1
462,0,12.75,13,5.11359427653273,6.09694652157976,1
462,0,12.75,13,6.09694652157976,8.39938719783661,1
462,0,12.75,13,8.39938719783661,8.73383997739519,1
462,0,12.75,13,8.73383997739519,9.20882470844218,1
462,0,12.75,13,9.20882470844218,9.30927991983461,1
462,0,12.75,13,9.30927991983461,9.37403255004358,1
462,0,12.75,13,9.37403255004358,9.625796980458,1
462,0,12.75,13,9.625796980458,9.78936369045607,1
462,0,12.75,13,9.78936369045607,10.1233236218307,1
462,0,12.75,13,10.1233236218307,11.818820836823,1
462,0,12.75,13,11.818820836823,12.75,0
463,0,10.75,18,0,2.23577540736002,1
463,0,10.75,18,2.23577540736002,2.37967054949658,1
463,0,10.75,18,2.37967054949658,4.30982454883914,1
463,0,10.75,18,4.30982454883914,4.62135971846053,1
463,0,10.75,18,4.62135971846053,6.20298447822157,1
463,0,10.75,18,6.20298447822157,7.51443744067197,1
463,0,10.75,18,7.51443744067197,7.5157958951878,1
463,0,10.75,18,7.5157958951878,7.71394523243012,1
463,0,10.75,18,7.71394523243012,7.99484291342271,1
463,0,10.75,18,7.99484291342271,8.02049630598205,1
463,0,10.75,18,8.02049630598205,8.08471202323103,1
463,0,10.75,18,8.08471202323103,8.95274374278319,1
463,0,10.75,18,8.95274374278319,9.46579688789313,1
463,0,10.75,18,9.46579688789313,9.61044771797113,1
463,0,10.75,18,9.61044771797113,9.99436612837554,1
463,0,10.75,18,9.99436612837554,10.3575394509824,1
463,0,10.75,18,10.3575394509824,10.3976671567814,1
463,0,10.75,18,10.3976671567814,10.5766734484789,1
463,0,10.75,18,10.5766734484789,10.75,0
464,0,17.75,89,0,1.82137599866358,1
464,0,17.75,89,1.82137599866358,4.81681545729653,1
464,0,17.75,89,4.81681545729653,4.90176316836368,1
464,0,17.75,89,4.90176316836368,5.25675325084628,1
464,0,17.75,89,5.25675325084628,6.13553172173896,1
464,0,17.75,89,6.13553172173896,6.29322356679601,1
464,0,17.75,89,6.29322356679601,7.28831332078065,1
464,0,17.75,89,7.28831332078065,8.1794318685995,1
464,0,17.75,89,8.1794318685995,8.43280199164929,1
464,0,17.75,89,8.43280199164929,8.5222536952652,1
464,0,17.75,89,8.5222536952652,8.62897398639267,1
464,0,17.75,89,8.62897398639267,8.68078233348398,1
464,0,17.75,89,8.68078233348398,8.97639873372919,1
464,0,17.75,89,8.97639873372919,8.98433577046741,1
464,0,17.75,89,8.98433577046741,9.00013639401586,1
464,0,17.75,89,9.00013639401586,9.10819528393454,1
464,0,17.75,89,9.10819528393454,9.46869810469221,1
464,0,17.75,89,9.46869810469221,9.57924196611216,1
464,0,17.75,89,9.57924196611216,9.86535011068331,1
464,0,17.75,89,9.86535011068331,10.0171202757345,1
464,0,17.75,89,10.0171202757345,10.0716945559557,1
464,0,17.75,89,10.0716945559557,10.1333406740774,1
464,0,17.75,89,10.1333406740774,10.2464489085641,1
464,0,17.75,89,10.2464489085641,10.5830013292299,1
464,0,17.75,89,10.5830013292299,10.6724077849066,1
464,0,17.75,89,10.6724077849066,11.2606626850178,1
464,0,17.75,89,11.2606626850178,11.6101193762326,1
464,0,17.75,89,11.6101193762326,11.6185202263511,1
464,0,17.75,89,11.6185202263511,11.7046221909479,1
464,0,17.75,89,11.7046221909479,11.7359656949584,1
464,0,17.75,89,11.7359656949584,11.7405325680722,1
464,0,17.75,89,11.7405325680722,11.7678068484803,1
464,0,17.75,89,11.7678068484803,11.8061254748137,1
464,0,17.75,89,11.8061254748137,11.8593352279855,1
464,0,17.75,89,11.8593352279855,12.0047732583355,1
464,0,17.75,89,12.0047732583355,12.0961537661787,1
464,0,17.75,89,12.0961537661787,12.1343002568965,1
464,0,17.75,89,12.1343002568965,12.1509160307587,1
464,0,17.75,89,12.1509160307587,12.7998611181951,1
464,0,17.75,89,12.7998611181951,12.8957859825395,1
464,0,17.75,89,12.8957859825395,12.9125599279866,1
464,0,17.75,89,12.9125599279866,13.164158127941,1
464,0,17.75,89,13.164158127941,13.1729082008243,1
464,0,17.75,89,13.1729082008243,13.3722241027019,1
464,0,17.75,89,13.3722241027019,13.6896791221531,1
464,0,17.75,89,13.6896791221531,13.7746964378396,1
464,0,17.75,89,13.7746964378396,13.8326570789701,1
464,0,17.75,89,13.8326570789701,13.846477552266,1
464,0,17.75,89,13.846477552266,14.0196528551054,1
464,0,17.75,89,14.0196528551054,14.1341903655281,1
464,0,17.75,89,14.1341903655281,14.2011312349134,1
464,0,17.75,89,14.2011312349134,14.3549871495869,1
464,0,17.75,89,14.3549871495869,14.3794843424973,1
464,0,17.75,89,14.3794843424973,14.510878613209,1
464,0,17.75,89,14.510878613209,14.5265070447635,1
464,0,17.75,89,14.5265070447635,14.5445347262943,1
464,0,17.75,89,14.5445347262943,14.5479434457088,1
464,0,17.75,89,14.5479434457088,14.6186786015014,1
464,0,17.75,89,14.6186786015014,14.6492941436247,1
464,0,17.75,89,14.6492941436247,14.7164950782942,1
464,0,17.75,89,14.7164950782942,14.7466536417074,1
464,0,17.75,89,14.7466536417074,14.9585931465869,1
464,0,17.75,89,14.9585931465869,14.963918863338,1
464,0,17.75,89,14.963918863338,15.0949597435003,1
464,0,17.75,89,15.0949597435003,15.1520834629544,1
464,0,17.75,89,15.1520834629544,15.2227281917209,1
464,0,17.75,89,15.2227281917209,15.2403732177941,1
464,0,17.75,89,15.2403732177941,15.4045502412897,1
464,0,17.75,89,15.4045502412897,15.4131681291837,1
464,0,17.75,89,15.4131681291837,15.4509116381222,1
464,0,17.75,89,15.4509116381222,15.4742891027012,1
464,0,17.75,89,15.4742891027012,15.9560300403577,1
464,0,17.75,89,15.9560300403577,16.0483355057788,1
464,0,17.75,89,16.0483355057788,16.062139517356,1
464,0,17.75,89,16.062139517356,16.169790855214,1
464,0,17.75,89,16.169790855214,16.2617331773035,1
464,0,17.75,89,16.2617331773035,16.4368216279378,1
464,0,17.75,89,16.4368216279378,16.477718679729,1
464,0,17.75,89,16.477718679729,16.5370038350012,1
464,0,17.75,89,16.5370038350012,16.5842225866951,1
464,0,17.75,89,16.5842225866951,16.6508327365667,1
464,0,17.75,89,16.6508327365667,16.8626393291931,1
464,0,17.75,89,16.8626393291931,16.9735592675514,1
464,0,17.75,89,16.9735592675514,17.0024961790385,1
464,0,17.75,89,17.0024961790385,17.0245443466607,1
464,0,17.75,89,17.0245443466607,17.207823108414,1
464,0,17.75,89,17.207823108414,17.5450011386921,1
464,0,17.75,89,17.5450011386921,17.5471991886862,1
464,0,17.75,89,17.5471991886862,17.6954348831606,1
464,0,17.75,89,17.6954348831606,17.75,0
465,0,11.75,17,0,4.92745974138166,1
465,0,11.75,17,4.92745974138166,5.05458232551962,1
465,0,11.75,17,5.05458232551962,5.67054658563534,1
465,0,11.75,17,5.67054658563534,5.76654925979049,1
465,0,11.75,17,5.76654925979049,6.80087038034014,1
465,0,11.75,17,6.80087038034014,7.13366934181558,1
465,0,11.75,17,7.13366934181558,7.45887580416697,1
465,0,11.75,17,7.45887580416697,8.31803825476398,1
465,0,11.75,17,8.31803825476398,9.51501639908976,1
465,0,11.75,17,9.51501639908976,9.99903274244173,1
465,0,11.75,17,9.99903274244173,10.6358052205071,1
465,0,11.75,17,10.6358052205071,10.6687083707051,1
465,0,11.75,17,10.6687083707051,10.8758831079416,1
465,0,11.75,17,10.8758831079416,10.9057622007581,1
465,0,11.75,17,10.9057622007581,10.9800220540141,1
465,0,11.75,17,10.9800220540141,11.0986438412905,1
465,0,11.75,17,11.0986438412905,11.6723120830708,1
465,0,11.75,17,11.6723120830708,11.75,0
466,0,12.75,17,0,3.65738705973751,1
466,0,12.75,17,3.65738705973751,4.90417031664577,1
466,0,12.75,17,4.90417031664577,5.74179157351516,1
466,0,12.75,17,5.74179157351516,6.82868354839706,1
466,0,12.75,17,6.82868354839706,6.97801248437487,1
466,0,12.75,17,6.97801248437487,7.40226814553812,1
466,0,12.75,17,7.40226814553812,8.37157909656218,1
466,0,12.75,17,8.37157909656218,8.71184090346431,1
466,0,12.75,17,8.71184090346431,8.80099693088964,1
466,0,12.75,17,8.80099693088964,8.90708602519628,1
466,0,12.75,17,8.90708602519628,8.99633765437348,1
466,0,12.75,17,8.99633765437348,10.107737013219,1
466,0,12.75,17,10.107737013219,10.7116733247012,1
466,0,12.75,17,10.7116733247012,10.9195849220386,1
466,0,12.75,17,10.9195849220386,11.0494694153062,1
466,0,12.75,17,11.0494694153062,11.1911716535103,1
466,0,12.75,17,11.1911716535103,11.5868054769131,1
466,0,12.75,17,11.5868054769131,12.75,0
467,0,12.75,20,0,3.76254865515007,1
467,0,12.75,20,3.76254865515007,5.59107135569107,1
467,0,12.75,20,5.59107135569107,6.71826201661581,1
467,0,12.75,20,6.71826201661581,7.31111295098404,1
467,0,12.75,20,7.31111295098404,7.80115513641443,1
467,0,12.75,20,7.80115513641443,8.370140822542,1
467,0,12.75,20,8.370140822542,8.37555105899693,1
467,0,12.75,20,8.37555105899693,8.62886419152757,1
467,0,12.75,20,8.62886419152757,8.8322815620807,1
467,0,12.75,20,8.8322815620807,8.87138228596144,1
467,0,12.75,20,8.87138228596144,9.60571019159176,1
467,0,12.75,20,9.60571019159176,9.74300817830113,1
467,0,12.75,20,9.74300817830113,10.1642093897874,1
467,0,12.75,20,10.1642093897874,10.4947704577302,1
467,0,12.75,20,10.4947704577302,10.6279419029034,1
467,0,12.75,20,10.6279419029034,11.159842622079,1
467,0,12.75,20,11.159842622079,11.2578204583777,1
467,0,12.75,20,11.2578204583777,11.8806777232086,1
467,0,12.75,20,11.8806777232086,12.6582846596721,1
467,0,12.75,20,12.6582846596721,12.7114826063144,1
467,0,12.75,20,12.7114826063144,12.75,0
468,0,11.75,0,0,11.75,0
469,0,9.75,1,0,0.139228956024712,1
469,0,9.75,1,0.139228956024712,9.75,0
470,0,20.75,46,0,4.50006152526662,1
470,0,20.75,46,4.50006152526662,6.56891229314666,1
470,0,20.75,46,6.56891229314666,8.41005572418301,1
470,0,20.75,46,8.41005572418301,8.4614660387411,1
470,0,20.75,46,8.4614660387411,8.57907372809153,1
470,0,20.75,46,8.57907372809153,9.46107606746885,1
470,0,20.75,46,9.46107606746885,10.0322103522283,1
470,0,20.75,46,10.0322103522283,10.4957239510704,1
470,0,20.75,46,10.4957239510704,10.6748419623403,1
470,0,20.75,46,10.6748419623403,10.9229314161251,1
470,0,20.75,46,10.9229314161251,11.2226451603567,1
470,0,20.75,46,11.2226451603567,11.3672382645187,1
470,0,20.75,46,11.3672382645187,12.7682582350326,1
470,0,20.75,46,12.7682582350326,13.0897484343465,1
470,0,20.75,46,13.0897484343465,14.0672932847941,1
470,0,20.75,46,14.0672932847941,14.1822230517834,1
470,0,20.75,46,14.1822230517834,14.3092873275772,1
470,0,20.75,46,14.3092873275772,14.5235725332424,1
470,0,20.75,46,14.5235725332424,14.5290608887243,1
470,0,20.75,46,14.5290608887243,14.6147501920212,1
470,0,20.75,46,14.6147501920212,14.7317783808066,1
470,0,20.75,46,14.7317783808066,15.1218243764271,1
470,0,20.75,46,15.1218243764271,15.19629354418,1
470,0,20.75,46,15.19629354418,15.4214033956048,1
470,0,20.75,46,15.4214033956048,15.9427942199338,1
470,0,20.75,46,15.9427942199338,16.0791371861407,1
470,0,20.75,46,16.0791371861407,16.1695001498355,1
470,0,20.75,46,16.1695001498355,16.3287635639242,1
470,0,20.75,46,16.3287635639242,16.8327871625436,1
470,0,20.75,46,16.8327871625436,17.0622756756904,1
470,0,20.75,46,17.0622756756904,17.2519102977151,1
470,0,20.75,46,17.2519102977151,17.7598419767195,1
470,0,20.75,46,17.7598419767195,17.9145674734494,1
470,0,20.75,46,17.9145674734494,18.0170929940165,1
470,0,20.75,46,18.0170929940165,18.1974183112504,1
470,0,20.75,46,18.1974183112504,18.3556243315708,1
470,0,20.75,46,18.3556243315708,18.4031810581726,1
470,0,20.75,46,18.4031810581726,18.4064777896892,1
470,0,20.75,46,18.4064777896892,18.7749692652692,1
470,0,20.75,46,18.7749692652692,19.833147571001,1
470,0,20.75,46,19.833147571001,20.1459564426827,1
470,0,20.75,46,20.1459564426827,20.2323464300593,1
470,0,20.75,46,20.2323464300593,20.2391222900009,1
470,0,20.75,46,20.2391222900009,20.329783130218,1
470,0,20.75,46,20.329783130218,20.4848761100328,1
470,0,20.75,46,20.4848761100328,20.5032157074376,1
470,0,20.75,46,20.5032157074376,20.75,0
471,0,16.75,1,0,6.70154170294597,1
471,0,16.75,1,6.70154170294597,16.75,0
472,0,11.75,0,0,11.75,0
473,0,11.75,11,0,1.7968849145844,1
473,0,11.75,11,1.7968849145844,4.1530078862494,1
473,0,11.75,11,4.1530078862494,4.8591019745211,1
473,0,11.75,11,4.8591019745211,6.31996541504677,1
473,0,11.75,11,6.31996541504677,6.65755501013831,1
473,0,11.75,11,6.65755501013831,7.9822760357127,1
473,0,11.75,11,7.9822760357127,8.22780980133187,1
473,0,11.75,11,8.22780980133187,9.47074591699152,1
473,0,11.75,11,9.47074591699152,10.4683113561816,1
473,0,11.75,11,10.4683113561816,11.0807805528895,1
473,0,11.75,11,11.0807805528895,11.3113926916021,1
473,0,11.75,11,11.3113926916021,11.75,0
474,0,12.75,0,0,12.75,0
475,0,20.75,1,0,11.3070612787798,1
475,0,20.75,1,11.3070612787798,20.75,0
476,0,7.75,2,0,3.78994261221358,1
476,0,7.75,2,3.78994261221358,6.92412515481333,1
476,0,7.75,2,6.92412515481333,7.75,0
477,0,15.75,1,0,1.33255431667185,1
477,0,15.75,1,1.33255431667185,15.75,0
478,0,14.75,1,0,10.2163920583459,1
478,0,14.75,1,10.2163920583459,14.75,0
479,0,10.75,16,0,3.31511998587224,1
479,0,10.75,16,3.31511998587224,5.64772154295701,1
479,0,10.75,16,5.64772154295701,6.08542291641324,1
479,0,10.75,16,6.08542291641324,6.58141532275982,1
479,0,10.75,16,6.58141532275982,7.91324553385019,1
479,0,10.75,16,7.91324553385019,7.95209017056088,1
479,0,10.75,16,7.95209017056088,8.13531912692831,1
479,0,10.75,16,8.13531912692831,8.46761841361581,1
479,0,10.75,16,8.46761841361581,8.50602417840108,1
479,0,10.75,16,8.50602417840108,9.12602035379145,1
479,0,10.75,16,9.12602035379145,9.24470234340739,1
479,0,10.75,16,9.24470234340739,9.63281039486807,1
479,0,10.75,16,9.63281039486807,9.78153021512602,1
479,0,10.75,16,9.78153021512602,9.85047955770111,1
479,0,10.75,16,9.85047955770111,10.0527790667961,1
479,0,10.75,16,10.0527790667961,10.456062977035,1
479,0,10.75,16,10.456062977035,10.75,0
480,0,11.75,9,0,6.4710350390418,1
480,0,11.75,9,6.4710350390418,8.75991157332946,1
480,0,11.75,9,8.75991157332946,9.92557521759866,1
480,0,11.75,9,9.92557521759866,10.9977203966882,1
480,0,11.75,9,10.9977203966882,11.0743170662167,1
480,0,11.75,9,11.0743170662167,11.076794466706,1
480,0,11.75,9,11.076794466706,11.1184272085243,1
480,0,11.75,9,11.1184272085243,11.5116582240123,1
480,0,11.75,9,11.5116582240123,11.7116732431261,1
480,0,11.75,9,11.7116732431261,11.75,0
481,0,19.75,1,0,3.99630435166155,1
481,0,19.75,1,3.99630435166155,19.75,0
482,0,15.75,0,0,15.75,0
483,0,15.75,1,0,0.807634749353387,1
483,0,15.75,1,0.807634749353387,15.75,0
484,0,19.75,1,0,19.4302943197092,1
484,0,19.75,1,19.4302943197092,19.75,0
485,0,19.75,2,0,0.168491527202756,1
485,0,19.75,2,0.168491527202756,13.7490351734739,1
485,0,19.75,2,13.7490351734739,19.75,0
486,0,17.75,2,0,3.03036976460398,1
486,0,17.75,2,3.03036976460398,5.95899177030355,1
486,0,17.75,2,5.95899177030355,17.75,0
487,0,8.75,5,0,6.43912376698201,1
487,0,8.75,5,6.43912376698201,7.49359298209943,1
487,0,8.75,5,7.49359298209943,7.68541203283327,1
487,0,8.75,5,7.68541203283327,7.95670675231054,1
487,0,8.75,5,7.95670675231054,8.28447558843017,1
487,0,8.75,5,8.28447558843017,8.75,0
488,0,9.75,7,0,2.1625403664137,1
488,0,9.75,7,2.1625403664137,5.21880419469508,1
488,0,9.75,7,5.21880419469508,5.33839882350741,1
488,0,9.75,7,5.33839882350741,6.03914800604031,1
488,0,9.75,7,6.03914800604031,7.17567868732275,1
488,0,9.75,7,7.17567868732275,9.02998091168916,1
488,0,9.75,7,9.02998091168916,9.10919359692595,1
488,0,9.75,7,9.10919359692595,9.75,0
489,0,20.75,1,0,17.5169994839469,1
489,0,20.75,1,17.5169994839469,20.75,0
490,0,10.75,14,0,2.97134264632695,1
490,0,10.75,14,2.97134264632695,5.58324250163034,1
490,0,10.75,14,5.58324250163034,5.63736962780365,1
490,0,10.75,14,5.63736962780365,5.83568988734243,1
490,0,10.75,14,5.83568988734243,6.18404067601682,1
490,0,10.75,14,6.18404067601682,7.30846570986075,1
490,0,10.75,14,7.30846570986075,7.36745230328023,1
490,0,10.75,14,7.36745230328023,8.40103531176081,1
490,0,10.75,14,8.40103531176081,8.7764123222946,1
490,0,10.75,14,8.7764123222946,8.80781607789593,1
490,0,10.75,14,8.80781607789593,9.59101386359754,1
490,0,10.75,14,9.59101386359754,10.1107306044723,1
490,0,10.75,14,10.1107306044723,10.4679754534924,1
490,0,10.75,14,10.4679754534924,10.5505729146762,1
490,0,10.75,14,10.5505729146762,10.75,0
491,0,14.75,0,0,14.75,0
492,0,12.75,21,0,5.8748178906543,1
492,0,12.75,21,5.8748178906543,5.8782888637415,1
492,0,12.75,21,5.8782888637415,6.03412470873544,1
492,0,12.75,21,6.03412470873544,6.48878019219775,1
492,0,12.75,21,6.48878019219775,6.57935918637358,1
492,0,12.75,21,6.57935918637358,7.57252777396181,1
492,0,12.75,21,7.57252777396181,8.19948714810475,1
492,0,12.75,21,8.19948714810475,8.21876448304935,1
492,0,12.75,21,8.21876448304935,8.61056259888915,1
492,0,12.75,21,8.61056259888915,8.73317431820704,1
492,0,12.75,21,8.73317431820704,8.79603517588107,1
492,0,12.75,21,8.79603517588107,8.99957554410868,1
492,0,12.75,21,8.99957554410868,9.03184726269108,1
492,0,12.75,21,9.03184726269108,9.0915919310457,1
492,0,12.75,21,9.0915919310457,9.46838761555207,1
492,0,12.75,21,9.46838761555207,10.1470638457853,1
492,0,12.75,21,10.1470638457853,10.9633009896184,1
492,0,12.75,21,10.9633009896184,11.9588821320051,1
492,0,12.75,21,11.9588821320051,11.9797179580059,1
492,0,12.75,21,11.9797179580059,12.212288715193,1
492,0,12.75,21,12.212288715193,12.7232046672864,1
492,0,12.75,21,12.7232046672864,12.75,0
493,0,12.75,0,0,12.75,0
494,0,7.75,1,0,5.95863285342231,1
494,0,7.75,1,5.95863285342231,7.75,0
495,0,13.75,5,0,0.788138637450127,1
495,0,13.75,5,0.788138637450127,1.81854351888894,1
495,0,13.75,5,1.81854351888894,1.99227386580717,1
495,0,13.75,5,1.99227386580717,2.80905085354763,1
495,0,13.75,5,2.80905085354763,4.10656509805684,1
495,0,13.75,5,4.10656509805684,13.75,0
496,0,11.75,1,0,5.59996875950712,1
496,0,11.75,1,5.59996875950712,11.75,0
497,0,11.75,10,0,5.4048134384557,1
497,0,11.75,10,5.4048134384557,6.16195933684399,1
497,0,11.75,10,6.16195933684399,6.20751078661244,1
497,0,11.75,10,6.20751078661244,6.60250968986175,1
497,0,11.75,10,6.60250968986175,9.73537458610908,1
497,0,11.75,10,9.73537458610908,9.91806384754321,1
497,0,11.75,10,9.91806384754321,10.0003452778356,1
497,0,11.75,10,10.0003452778356,10.1769090652984,1
497,0,11.75,10,10.1769090652984,10.495356462018,1
497,0,11.75,10,10.495356462018,11.3990318585242,1
497,0,11.75,10,11.3990318585242,11.75,0
498,0,19.75,54,0,4.81508444051399,1
498,0,19.75,54,4.81508444051399,5.77965369229029,1
498,0,19.75,54,5.77965369229029,5.97592847159373,1
498,0,19.75,54,5.97592847159373,6.25960632714505,1
498,0,19.75,54,6.25960632714505,6.77781445946916,1
498,0,19.75,54,6.77781445946916,7.64037505196595,1
498,0,19.75,54,7.64037505196595,8.20920276319748,1
498,0,19.75,54,8.20920276319748,8.8738317180572,1
498,0,19.75,54,8.8738317180572,9.09187675091041,1
498,0,19.75,54,9.09187675091041,9.11706014586058,1
498,0,19.75,54,9.11706014586058,9.76312970895383,1
498,0,19.75,54,9.76312970895383,9.90602005228193,1
498,0,19.75,54,9.90602005228193,10.0448010223447,1
498,0,19.75,54,10.0448010223447,10.2758342811682,1
498,0,19.75,54,10.2758342811682,10.3202165371732,1
498,0,19.75,54,10.3202165371732,10.3477620039618,1
498,0,19.75,54,10.3477620039618,11.0401952972943,1
498,0,19.75,54,11.0401952972943,11.5389422247157,1
498,0,19.75,54,11.5389422247157,11.8270026295415,1
498,0,19.75,54,11.8270026295415,12.2963117952401,1
498,0,19.75,54,12.2963117952401,12.9237503992164,1
498,0,19.75,54,12.9237503992164,13.1819075304499,1
498,0,19.75,54,13.1819075304499,13.2691946156216,1
498,0,19.75,54,13.2691946156216,13.954250124736,1
498,0,19.75,54,13.954250124736,14.3005658275459,1
498,0,19.75,54,14.3005658275459,14.6917078230337,1
498,0,19.75,54,14.6917078230337,14.7191836654072,1
498,0,19.75,54,14.7191836654072,14.7520800394438,1
498,0,19.75,54,14.7520800394438,14.7999908330053,1
498,0,19.75,54,14.7999908330053,15.5739980070887,1
498,0,19.75,54,15.5739980070887,15.5997630017965,1
498,0,19.75,54,15.5997630017965,15.6721177116944,1
498,0,19.75,54,15.6721177116944,15.9969875105897,1
498,0,19.75,54,15.9969875105897,16.1894685928863,1
498,0,19.75,54,16.1894685928863,16.3013117320353,1
498,0,19.75,54,16.3013117320353,16.4500486551303,1
498,0,19.75,54,16.4500486551303,16.6374697197118,1
498,0,19.75,54,16.6374697197118,16.7186377408033,1
498,0,19.75,54,16.7186377408033,16.802477923465,1
498,0,19.75,54,16.802477923465,16.9196205484884,1
498,0,19.75,54,16.9196205484884,17.1106210291197,1
498,0,19.75,54,17.1106210291197,18.0381929507384,1
498,0,19.75,54,18.0381929507384,18.0591362215167,1
498,0,19.75,54,18.0591362215167,18.0788910226528,1
498,0,19.75,54,18.0788910226528,18.1387962773746,1
498,0,19.75,54,18.1387962773746,18.3988243606496,1
498,0,19.75,54,18.3988243606496,18.5056704958612,1
498,0,19.75,54,18.5056704958612,18.6335611823752,1
498,0,19.75,54,18.6335611823752,18.9299542565624,1
498,0,19.75,54,18.9299542565624,18.9396498561032,1
498,0,19.75,54,18.9396498561032,19.0463601838404,1
498,0,19.75,54,19.0463601838404,19.1950142932384,1
498,0,19.75,54,19.1950142932384,19.2908009889407,1
498,0,19.75,54,19.2908009889407,19.4598615693209,1
498,0,19.75,54,19.4598615693209,19.75,0
499,0,15.75,44,0,3.75567001792101,1
499,0,15.75,44,3.75567001792101,3.89943479667839,1
499,0,15.75,44,3.89943479667839,4.38420001786683,1
499,0,15.75,44,4.38420001786683,5.07919517652946,1
499,0,15.75,44,5.07919517652946,5.29882367102015,1
499,0,15.75,44,5.29882367102015,5.3154822256523,1
499,0,15.75,44,5.3154822256523,5.41734341075987,1
499,0,15.75,44,5.41734341075987,5.72259088667032,1
499,0,15.75,44,5.72259088667032,6.22315377387591,1
499,0,15.75,44,6.22315377387591,6.77024546809346,1
499,0,15.75,44,6.77024546809346,7.20834067247904,1
499,0,15.75,44,7.20834067247904,7.62473506717808,1
499,0,15.75,44,7.62473506717808,7.69476611700209,1
499,0,15.75,44,7.69476611700209,8.19152822920505,1
499,0,15.75,44,8.19152822920505,8.28716031395365,1
499,0,15.75,44,8.28716031395365,9.46480222748679,1
499,0,15.75,44,9.46480222748679,9.87509022753023,1
499,0,15.75,44,9.87509022753023,11.3211878152559,1
499,0,15.75,44,11.3211878152559,11.7702022330385,1
499,0,15.75,44,11.7702022330385,12.1266274919351,1
499,0,15.75,44,12.1266274919351,12.1304154557323,1
499,0,15.75,44,12.1304154557323,12.2038440059306,1
499,0,15.75,44,12.2038440059306,12.2351376572908,1
499,0,15.75,44,12.2351376572908,12.3034185663865,1
499,0,15.75,44,12.3034185663865,12.3066466682945,1
499,0,15.75,44,12.3066466682945,12.4549523558618,1
499,0,15.75,44,12.4549523558618,12.7755343412411,1
499,0,15.75,44,12.7755343412411,12.8575543648525,1
499,0,15.75,44,12.8575543648525,12.9601307048891,1
499,0,15.75,44,12.9601307048891,13.1696414578504,1
499,0,15.75,44,13.1696414578504,13.5966626537387,1
499,0,15.75,44,13.5966626537387,13.660446186174,1
499,0,15.75,44,13.660446186174,14.0861027467992,1
499,0,15.75,44,14.0861027467992,14.2214278531597,1
499,0,15.75,44,14.2214278531597,14.3436447038116,1
499,0,15.75,44,14.3436447038116,14.3576676546903,1
499,0,15.75,44,14.3576676546903,14.3913004575231,1
499,0,15.75,44,14.3913004575231,14.7147021346351,1
499,0,15.75,44,14.7147021346351,14.8501227120965,1
499,0,15.75,44,14.8501227120965,14.9101415148149,1
499,0,15.75,44,14.9101415148149,15.3089554961134,1
499,0,15.75,44,15.3089554961134,15.3565518603696,1
499,0,15.75,44,15.3565518603696,15.3696926424002,1
499,0,15.75,44,15.3696926424002,15.421581796897,1
499,0,15.75,44,15.421581796897,15.75,0
500,0,11.75,0,0,11.75,0
501,0,8.75,7,0,4.47139165133774,1
501,0,8.75,7,4.47139165133774,5.72113249919247,1
501,0,8.75,7,5.72113249919247,7.08373857497831,1
501,0,8.75,7,7.08373857497831,7.68753548197278,1
501,0,8.75,7,7.68753548197278,8.53130832496863,1
501,0,8.75,7,8.53130832496863,8.66134139201539,1
501,0,8.75,7,8.66134139201539,8.74139363691821,1
501,0,8.75,7,8.74139363691821,8.75,0
502,0,9.75,7,0,1.30276759632474,1
502,0,9.75,7,1.30276759632474,3.68716912071551,1
502,0,9.75,7,3.68716912071551,5.64692514743075,1
502,0,9.75,7,5.64692514743075,6.68253910508974,1
502,0,9.75,7,6.68253910508974,8.49862404775939,1
502,0,9.75,7,8.49862404775939,8.73261716217333,1
502,0,9.75,7,8.73261716217333,9.40488378563615,1
502,0,9.75,7,9.40488378563615,9.75,0
503,0,11.75,13,0,5.88026138708485,1
503,0,11.75,13,5.88026138708485,5.98165070723745,1
503,0,11.75,13,5.98165070723745,6.58852127450544,1
503,0,11.75,13,6.58852127450544,7.2434913988485,1
503,0,11.75,13,7.2434913988485,8.07925048205942,1
503,0,11.75,13,8.07925048205942,8.4606510276825,1
503,0,11.75,13,8.4606510276825,9.19045058737347,1
503,0,11.75,13,9.19045058737347,9.26601251334653,1
503,0,11.75,13,9.26601251334653,9.51882932062612,1
503,0,11.75,13,9.51882932062612,10.0872869452268,1
503,0,11.75,13,10.0872869452268,10.2292498804555,1
503,0,11.75,13,10.2292498804555,10.8579039158714,1
503,0,11.75,13,10.8579039158714,11.2579377536418,1
503,0,11.75,13,11.2579377536418,11.75,0
504,0,11.75,13,0,7.17260812311845,1
504,0,11.75,13,7.17260812311845,7.17395595863126,1
504,0,11.75,13,7.17395595863126,7.81160702537353,1
504,0,11.75,13,7.81160702537353,8.06545861830199,1
504,0,11.75,13,8.06545861830199,8.10379889945485,1
504,0,11.75,13,8.10379889945485,8.17104515541492,1
504,0,11.75,13,8.17104515541492,8.26414070834624,1
504,0,11.75,13,8.26414070834624,8.51231033403627,1
504,0,11.75,13,8.51231033403627,8.69159834741895,1
504,0,11.75,13,8.69159834741895,9.75224663334095,1
504,0,11.75,13,9.75224663334095,10.569328100551,1
504,0,11.75,13,10.569328100551,11.1029753912948,1
504,0,11.75,13,11.1029753912948,11.2539386541642,1
504,0,11.75,13,11.2539386541642,11.75,0
505,0,13.75,31,0,2.33746559720504,1
505,0,13.75,31,2.33746559720504,4.7358498708151,1
505,0,13.75,31,4.7358498708151,5.91438565429296,1
505,0,13.75,31,5.91438565429296,6.10470766850295,1
505,0,13.75,31,6.10470766850295,6.52596392665559,1
505,0,13.75,31,6.52596392665559,7.25290286339212,1
505,0,13.75,31,7.25290286339212,7.38211408252125,1
505,0,13.75,31,7.38211408252125,8.42598366946661,1
505,0,13.75,31,8.42598366946661,9.65449023330846,1
505,0,13.75,31,9.65449023330846,10.3657680616343,1
505,0,13.75,31,10.3657680616343,10.4971979891141,1
505,0,13.75,31,10.4971979891141,10.5759663916033,1
505,0,13.75,31,10.5759663916033,10.877309882498,1
505,0,13.75,31,10.877309882498,11.1515717353532,1
505,0,13.75,31,11.1515717353532,11.361752755991,1
505,0,13.75,31,11.361752755991,11.3637650800226,1
505,0,13.75,31,11.3637650800226,11.4780270819436,1
505,0,13.75,31,11.4780270819436,11.5787467435239,1
505,0,13.75,31,11.5787467435239,12.0145133751611,1
505,0,13.75,31,12.0145133751611,12.0824550895513,1
505,0,13.75,31,12.0824550895513,12.1733430592093,1
505,0,13.75,31,12.1733430592093,12.5588184818893,1
505,0,13.75,31,12.5588184818893,12.7531535446893,1
505,0,13.75,31,12.7531535446893,12.7828507096752,1
505,0,13.75,31,12.7828507096752,13.0848069070465,1
505,0,13.75,31,13.0848069070465,13.1160441547684,1
505,0,13.75,31,13.1160441547684,13.2275146915522,1
505,0,13.75,31,13.2275146915522,13.4430393930827,1
505,0,13.75,31,13.4430393930827,13.4684556810487,1
505,0,13.75,31,13.4684556810487,13.578894914946,1
505,0,13.75,31,13.578894914946,13.7050938405093,1
505,0,13.75,31,13.7050938405093,13.75,0
506,0,10.75,0,0,10.75,0
507,0,17.75,1,0,16.5068078161176,1
507,0,17.75,1,16.5068078161176,17.75,0
508,0,9.75,16,0,5.12125853392593,1
508,0,9.75,16,5.12125853392593,5.19053555674609,1
508,0,9.75,16,5.19053555674609,5.84128870582006,1
508,0,9.75,16,5.84128870582006,6.85437077347389,1
508,0,9.75,16,6.85437077347389,6.94400672052991,1
508,0,9.75,16,6.94400672052991,7.97551782642404,1
508,0,9.75,16,7.97551782642404,7.97734226103931,1
508,0,9.75,16,7.97734226103931,8.2036647608471,1
508,0,9.75,16,8.2036647608471,8.23901634448617,1
508,0,9.75,16,8.23901634448617,8.26946479403266,1
508,0,9.75,16,8.26946479403266,8.55612984017038,1
508,0,9.75,16,8.55612984017038,8.80322934984625,1
508,0,9.75,16,8.80322934984625,9.08257118247286,1
508,0,9.75,16,9.08257118247286,9.12496533630533,1
508,0,9.75,16,9.12496533630533,9.18102696667742,1
508,0,9.75,16,9.18102696667742,9.40769352543721,1
508,0,9.75,16,9.40769352543721,9.75,0
509,0,8.75,1,0,0.595059114102625,1
509,0,8.75,1,0.595059114102625,8.75,0
510,0,12.75,8,0,7.4966477262451,1
510,0,12.75,8,7.4966477262451,8.92207510639755,1
510,0,12.75,8,8.92207510639755,10.1364269819121,1
510,0,12.75,8,10.1364269819121,11.3920996505118,1
510,0,12.75,8,11.3920996505118,11.6406694588424,1
510,0,12.75,8,11.6406694588424,11.8721843080704,1
510,0,12.75,8,11.8721843080704,12.1477814402272,1
510,0,12.75,8,12.1477814402272,12.3615899755416,1
510,0,12.75,8,12.3615899755416,12.75,0
511,0,13.75,24,0,2.85674413228559,1
511,0,13.75,24,2.85674413228559,3.38044998023472,1
511,0,13.75,24,3.38044998023472,6.1290595368806,1
511,0,13.75,24,6.1290595368806,7.41418944646645,1
511,0,13.75,24,7.41418944646645,7.78350018504876,1
511,0,13.75,24,7.78350018504876,8.26080322794044,1
511,0,13.75,24,8.26080322794044,8.48573054450451,1
511,0,13.75,24,8.48573054450451,8.60878445847475,1
511,0,13.75,24,8.60878445847475,8.70282922490118,1
511,0,13.75,24,8.70282922490118,9.28521609792914,1
511,0,13.75,24,9.28521609792914,9.6615336665116,1
511,0,13.75,24,9.6615336665116,9.73300359990864,1
511,0,13.75,24,9.73300359990864,10.3117124538702,1
511,0,13.75,24,10.3117124538702,10.921330980267,1
511,0,13.75,24,10.921330980267,10.9983108443956,1
511,0,13.75,24,10.9983108443956,11.463465970035,1
511,0,13.75,24,11.463465970035,11.6160047048789,1
511,0,13.75,24,11.6160047048789,12.3019528275421,1
511,0,13.75,24,12.3019528275421,12.4565470130267,1
511,0,13.75,24,12.4565470130267,12.7532214358043,1
511,0,13.75,24,12.7532214358043,13.2587043427101,1
511,0,13.75,24,13.2587043427101,13.440235361301,1
511,0,13.75,24,13.440235361301,13.5999660648968,1
511,0,13.75,24,13.5999660648968,13.6569339738787,1
511,0,13.75,24,13.6569339738787,13.75,0
512,0,12.75,1,0,0.637209471212615,1
512,0,12.75,1,0.637209471212615,12.75,0
513,0,19.75,1,0,0.109841542089603,1
513,0,19.75,1,0.109841542089603,19.75,0
514,0,9.75,8,0,3.16539181160468,1
514,0,9.75,8,3.16539181160468,4.3001392101985,1
514,0,9.75,8,4.3001392101985,5.96632507881904,1
514,0,9.75,8,5.96632507881904,6.150324725537,1
514,0,9.75,8,6.150324725537,8.92891432732605,1
514,0,9.75,8,8.92891432732605,9.1753648603035,1
514,0,9.75,8,9.1753648603035,9.34290096133255,1
514,0,9.75,8,9.34290096133255,9.74673249301009,1
514,0,9.75,8,9.74673249301009,9.75,0
515,0,10.75,2,0,0.23342303511655,1
515,0,10.75,2,0.23342303511655,1.22554866402252,1
515,0,10.75,2,1.22554866402252,10.75,0
516,0,14.75,1,0,10.0206127995553,1
516,0,14.75,1,10.0206127995553,14.75,0
517,0,10.75,14,0,2.76054778029498,1
517,0,10.75,14,2.76054778029498,4.78176087517536,1
517,0,10.75,14,4.78176087517536,4.81312168617655,1
517,0,10.75,14,4.81312168617655,6.10053162688971,1
517,0,10.75,14,6.10053162688971,6.63709181313812,1
517,0,10.75,14,6.63709181313812,7.14097526648817,1
517,0,10.75,14,7.14097526648817,8.42570961993948,1
517,0,10.75,14,8.42570961993948,8.86414557998374,1
517,0,10.75,14,8.86414557998374,8.90552864504026,1
517,0,10.75,14,8.90552864504026,9.05132468315602,1
517,0,10.75,14,9.05132468315602,9.32900727423909,1
517,0,10.75,14,9.32900727423909,9.39615721378015,1
517,0,10.75,14,9.39615721378015,9.40749106818766,1
517,0,10.75,14,9.40749106818766,10.6128800309465,1
517,0,10.75,14,10.6128800309465,10.75,0
518,0,14.75,21,0,5.14337166965583,1
518,0,14.75,21,5.14337166965583,6.93963260751293,1
518,0,14.75,21,6.93963260751293,7.0956735478654,1
518,0,14.75,21,7.0956735478654,7.58313347426734,1
518,0,14.75,21,7.58313347426734,8.26079020906771,1
518,0,14.75,21,8.26079020906771,8.45398608172447,1
518,0,14.75,21,8.45398608172447,8.55285293259828,1
518,0,14.75,21,8.55285293259828,9.75567162148238,1
518,0,14.75,21,9.75567162148238,10.8258329070808,1
518,0,14.75,21,10.8258329070808,11.4023083684324,1
518,0,14.75,21,11.4023083684324,11.4368161667886,1
518,0,14.75,21,11.4368161667886,11.6363142370508,1
518,0,14.75,21,11.6363142370508,12.0319457237603,1
518,0,14.75,21,12.0319457237603,13.2773913338205,1
518,0,14.75,21,13.2773913338205,13.2854410169547,1
518,0,14.75,21,13.2854410169547,13.3944305873585,1
518,0,14.75,21,13.3944305873585,13.4344272921669,1
518,0,14.75,21,13.4344272921669,13.8136836264111,1
518,0,14.75,21,13.8136836264111,14.1076777802857,1
518,0,14.75,21,14.1076777802857,14.2000124280069,1
518,0,14.75,21,14.2000124280069,14.2451626410064,1
518,0,14.75,21,14.2451626410064,14.75,0
519,0,9.75,0,0,9.75,0
520,0,7.75,6,0,5.03361577120985,1
520,0,7.75,6,5.03361577120985,6.34927198749951,1
520,0,7.75,6,6.34927198749951,6.73526948620973,1
520,0,7.75,6,6.73526948620973,6.93818120018875,1
520,0,7.75,6,6.93818120018875,7.40232427296247,1
520,0,7.75,6,7.40232427296247,7.55423012957648,1
520,0,7.75,6,7.55423012957648,7.75,0
521,0,14.75,2,0,0.326522674001377,1
521,0,14.75,2,0.326522674001377,14.5152891247952,1
521,0,14.75,2,14.5152891247952,14.75,0
522,0,17.75,22,0,2.72899880957249,1
522,0,17.75,22,2.72899880957249,3.87819436805844,1
522,0,17.75,22,3.87819436805844,4.8039647220041,1
522,0,17.75,22,4.8039647220041,11.8254214622462,1
522,0,17.75,22,11.8254214622462,12.1469933188283,1
522,0,17.75,22,12.1469933188283,12.3778618212475,1
522,0,17.75,22,12.3778618212475,12.5724257572476,1
522,0,17.75,22,12.5724257572476,12.9644034698181,1
522,0,17.75,22,12.9644034698181,13.0073860312579,1
522,0,17.75,22,13.0073860312579,13.2988141587223,1
522,0,17.75,22,13.2988141587223,13.3323689642722,1
522,0,17.75,22,13.3323689642722,13.3419544335585,1
522,0,17.75,22,13.3419544335585,13.7758003396776,1
522,0,17.75,22,13.7758003396776,14.0851555470061,1
522,0,17.75,22,14.0851555470061,14.9871234845083,1
522,0,17.75,22,14.9871234845083,15.2039994316598,1
522,0,17.75,22,15.2039994316598,15.6843984951813,1
522,0,17.75,22,15.6843984951813,15.7351089453348,1
522,0,17.75,22,15.7351089453348,17.1736375474098,1
522,0,17.75,22,17.1736375474098,17.383956354694,1
522,0,17.75,22,17.383956354694,17.4997231976182,1
522,0,17.75,22,17.4997231976182,17.6714877487101,1
522,0,17.75,22,17.6714877487101,17.75,0
523,0,12.75,3,0,0.00610839444940875,1
523,0,12.75,3,0.00610839444940875,2.48798528067575,1
523,0,12.75,3,2.48798528067575,4.43564580948352,1
523,0,12.75,3,4.43564580948352,12.75,0
524,0,16.75,25,0,1.5866590283422,1
524,0,16.75,25,1.5866590283422,1.78517082136255,1
524,0,16.75,25,1.78517082136255,2.56005718147885,1
524,0,16.75,25,2.56005718147885,4.08963406224589,1
524,0,16.75,25,4.08963406224589,7.38069712384114,1
524,0,16.75,25,7.38069712384114,7.9219866877718,1
524,0,16.75,25,7.9219866877718,9.08329706169151,1
524,0,16.75,25,9.08329706169151,9.6836715601002,1
524,0,16.75,25,9.6836715601002,10.4204765441893,1
524,0,16.75,25,10.4204765441893,10.4762695047971,1
524,0,16.75,25,10.4762695047971,10.942954155313,1
524,0,16.75,25,10.942954155313,11.239545755177,1
524,0,16.75,25,11.239545755177,11.3469445711502,1
524,0,16.75,25,11.3469445711502,11.6760446395967,1
524,0,16.75,25,11.6760446395967,11.8914591698035,1
524,0,16.75,25,11.8914591698035,13.5768268633595,1
524,0,16.75,25,13.5768268633595,13.6844316706659,1
524,0,16.75,25,13.6844316706659,14.4223568810425,1
524,0,16.75,25,14.4223568810425,15.5751504236228,1
524,0,16.75,25,15.5751504236228,15.9679028579364,1
524,0,16.75,25,15.9679028579364,16.0331251898977,1
524,0,16.75,25,16.0331251898977,16.0527270767121,1
524,0,16.75,25,16.0527270767121,16.3010143459411,1
524,0,16.75,25,16.3010143459411,16.5555350081132,1
524,0,16.75,25,16.5555350081132,16.6908681496882,1
524,0,16.75,25,16.6908681496882,16.75,0
525,0,12.75,18,0,4.93886760532471,1
525,0,12.75,18,4.93886760532471,5.50470806246123,1
525,0,12.75,18,5.50470806246123,5.87647553812888,1
525,0,12.75,18,5.87647553812888,8.0907594921359,1
525,0,12.75,18,8.0907594921359,8.30925383133762,1
525,0,12.75,18,8.30925383133762,8.40022888975194,1
525,0,12.75,18,8.40022888975194,8.46656867284415,1
525,0,12.75,18,8.46656867284415,10.0956847632706,1
525,0,12.75,18,10.0956847632706,10.4040219986076,1
525,0,12.75,18,10.4040219986076,10.7191008254645,1
525,0,12.75,18,10.7191008254645,10.9992130905074,1
525,0,12.75,18,10.9992130905074,11.0512092422973,1
525,0,12.75,18,11.0512092422973,11.4732365600217,1
525,0,12.75,18,11.4732365600217,11.8011360432369,1
525,0,12.75,18,11.8011360432369,12.2101234665986,1
525,0,12.75,18,12.2101234665986,12.3740536870495,1
525,0,12.75,18,12.3740536870495,12.4915383782652,1
525,0,12.75,18,12.4915383782652,12.685489388626,1
525,0,12.75,18,12.685489388626,12.75,0
526,0,16.75,26,0,5.45514144872128,1
526,0,16.75,26,5.45514144872128,8.31115513106972,1
526,0,16.75,26,8.31115513106972,8.55745920273791,1
526,0,16.75,26,8.55745920273791,8.61285744364934,1
526,0,16.75,26,8.61285744364934,9.09339963924038,1
526,0,16.75,26,9.09339963924038,9.1135507493322,1
526,0,16.75,26,9.1135507493322,9.64793363566573,1
526,0,16.75,26,9.64793363566573,9.95999521174588,1
526,0,16.75,26,9.95999521174588,10.3393294463249,1
526,0,16.75,26,10.3393294463249,11.0997713297196,1
526,0,16.75,26,11.0997713297196,11.7569584188691,1
526,0,16.75,26,11.7569584188691,12.331832349286,1
526,0,16.75,26,12.331832349286,12.4839788806994,1
526,0,16.75,26,12.4839788806994,12.5545988568485,1
526,0,16.75,26,12.5545988568485,12.9621924797861,1
526,0,16.75,26,12.9621924797861,12.9966703164098,1
526,0,16.75,26,12.9966703164098,13.3526117117656,1
526,0,16.75,26,13.3526117117656,13.9450424353341,1
526,0,16.75,26,13.9450424353341,14.2717459437186,1
526,0,16.75,26,14.2717459437186,14.3044858472578,1
526,0,16.75,26,14.3044858472578,15.7691565710071,1
526,0,16.75,26,15.7691565710071,15.8413145094104,1
526,0,16.75,26,15.8413145094104,15.9085077811877,1
526,0,16.75,26,15.9085077811877,16.0006099389288,1
526,0,16.75,26,16.0006099389288,16.6384621446912,1
526,0,16.75,26,16.6384621446912,16.691835204989,1
526,0,16.75,26,16.691835204989,16.75,0
527,0,19.75,29,0,2.90686315172275,1
527,0,19.75,29,2.90686315172275,4.82758494759246,1
527,0,19.75,29,4.82758494759246,7.69266791022281,1
527,0,19.75,29,7.69266791022281,7.86980241031907,1
527,0,19.75,29,7.86980241031907,8.68681529685541,1
527,0,19.75,29,8.68681529685541,9.70391354649219,1
527,0,19.75,29,9.70391354649219,10.3132999537104,1
527,0,19.75,29,10.3132999537104,10.5874153092005,1
527,0,19.75,29,10.5874153092005,10.7204311813534,1
527,0,19.75,29,10.7204311813534,11.5496796948297,1
527,0,19.75,29,11.5496796948297,12.2436753078887,1
527,0,19.75,29,12.2436753078887,12.913009755767,1
527,0,19.75,29,12.913009755767,13.5074020340325,1
527,0,19.75,29,13.5074020340325,13.9565240005858,1
527,0,19.75,29,13.9565240005858,14.2034330815271,1
527,0,19.75,29,14.2034330815271,14.2868937952266,1
527,0,19.75,29,14.2868937952266,14.9819194382064,1
527,0,19.75,29,14.9819194382064,15.8488843702617,1
527,0,19.75,29,15.8488843702617,16.0162674467306,1
527,0,19.75,29,16.0162674467306,16.3030062930599,1
527,0,19.75,29,16.3030062930599,16.451881474869,1
527,0,19.75,29,16.451881474869,16.9833111961781,1
527,0,19.75,29,16.9833111961781,18.0540457322203,1
527,0,19.75,29,18.0540457322203,18.8332336604437,1
527,0,19.75,29,18.8332336604437,18.9699302242443,1
527,0,19.75,29,18.9699302242443,19.0527476829267,1
527,0,19.75,29,19.0527476829267,19.2452654343059,1
527,0,19.75,29,19.2452654343059,19.4210060728388,1
527,0,19.75,29,19.4210060728388,19.7241089854777,1
527,0,19.75,29,19.7241089854777,19.75,0
528,0,10.75,0,0,10.75,0
529,0,14.75,1,0,11.7732259661474,1
529,0,14.75,1,11.7732259661474,14.75,0
530,0,16.75,25,0,6.03469653658538,1
530,0,16.75,25,6.03469653658538,6.95439919178435,1
530,0,16.75,25,6.95439919178435,8.79938280272378,1
530,0,16.75,25,8.79938280272378,9.19676189652368,1
530,0,16.75,25,9.19676189652368,9.36136330339292,1
530,0,16.75,25,9.36136330339292,9.5216546968962,1
530,0,16.75,25,9.5216546968962,9.65929779555295,1
530,0,16.75,25,9.65929779555295,9.73929373681574,1
530,0,16.75,25,9.73929373681574,11.3765436594678,1
530,0,16.75,25,11.3765436594678,11.4185003349036,1
530,0,16.75,25,11.4185003349036,12.5927935089607,1
530,0,16.75,25,12.5927935089607,13.0888723131906,1
530,0,16.75,25,13.0888723131906,13.1029437879088,1
530,0,16.75,25,13.1029437879088,14.2664103407814,1
530,0,16.75,25,14.2664103407814,15.1759037318739,1
530,0,16.75,25,15.1759037318739,15.2043216496653,1
530,0,16.75,25,15.2043216496653,15.3114348973009,1
530,0,16.75,25,15.3114348973009,15.4159087217752,1
530,0,16.75,25,15.4159087217752,15.4725613316956,1
530,0,16.75,25,15.4725613316956,15.6481808232402,1
530,0,16.75,25,15.6481808232402,16.008127858892,1
530,0,16.75,25,16.008127858892,16.217467612473,1
530,0,16.75,25,16.217467612473,16.3785374990188,1
530,0,16.75,25,16.3785374990188,16.7013149042741,1
530,0,16.75,25,16.7013149042741,16.7312064816994,1
530,0,16.75,25,16.7312064816994,16.75,0
531,0,9.75,2,0,0.0194549842538121,1
531,0,9.75,2,0.0194549842538121,0.686587494234834,1
531,0,9.75,2,0.686587494234834,9.75,0
532,0,17.75,55,0,1.81730974452695,1
532,0,17.75,55,1.81730974452695,2.92220980110625,1
532,0,17.75,55,2.92220980110625,3.34289957952725,1
532,0,17.75,55,3.34289957952725,5.10647442620794,1
532,0,17.75,55,5.10647442620794,5.30958106852606,1
532,0,17.75,55,5.30958106852606,6.09882992509618,1
532,0,17.75,55,6.09882992509618,6.64272830295173,1
532,0,17.75,55,6.64272830295173,6.81420099211373,1
532,0,17.75,55,6.81420099211373,7.41678600096803,1
532,0,17.75,55,7.41678600096803,7.54130081146895,1
532,0,17.75,55,7.54130081146895,8.462142349458,1
532,0,17.75,55,8.462142349458,8.9010809440356,1
532,0,17.75,55,8.9010809440356,10.1917369985779,1
532,0,17.75,55,10.1917369985779,10.2966786720783,1
532,0,17.75,55,10.2966786720783,10.4036078509535,1
532,0,17.75,55,10.4036078509535,10.5973208879448,1
532,0,17.75,55,10.5973208879448,10.9406294016589,1
532,0,17.75,55,10.9406294016589,11.1103266177099,1
532,0,17.75,55,11.1103266177099,11.3412855951853,1
532,0,17.75,55,11.3412855951853,11.5461549087015,1
532,0,17.75,55,11.5461549087015,11.7339445481482,1
532,0,17.75,55,11.7339445481482,12.6376294769362,1
532,0,17.75,55,12.6376294769362,12.7904696882027,1
532,0,17.75,55,12.7904696882027,12.8391136352321,1
532,0,17.75,55,12.8391136352321,13.0746418928067,1
532,0,17.75,55,13.0746418928067,13.1330557961928,1
532,0,17.75,55,13.1330557961928,13.2319824255467,1
532,0,17.75,55,13.2319824255467,13.2963224278862,1
532,0,17.75,55,13.2963224278862,13.5089968481527,1
532,0,17.75,55,13.5089968481527,13.5745259738061,1
532,0,17.75,55,13.5745259738061,13.5854914467887,1
532,0,17.75,55,13.5854914467887,13.7633051207102,1
532,0,17.75,55,13.7633051207102,14.0068163182528,1
532,0,17.75,55,14.0068163182528,14.1718156584676,1
532,0,17.75,55,14.1718156584676,14.227174503119,1
532,0,17.75,55,14.227174503119,14.3225343764981,1
532,0,17.75,55,14.3225343764981,14.4356308954271,1
532,0,17.75,55,14.4356308954271,14.7627832193995,1
532,0,17.75,55,14.7627832193995,14.812022288401,1
532,0,17.75,55,14.812022288401,15.1293277210518,1
532,0,17.75,55,15.1293277210518,15.1563851845404,1
532,0,17.75,55,15.1563851845404,15.5756460922354,1
532,0,17.75,55,15.5756460922354,15.7671456321054,1
532,0,17.75,55,15.7671456321054,15.8618663952018,1
532,0,17.75,55,15.8618663952018,16.2254894327568,1
532,0,17.75,55,16.2254894327568,16.2713635569069,1
532,0,17.75,55,16.2713635569069,16.6766547421445,1
532,0,17.75,55,16.6766547421445,16.6948076328059,1
532,0,17.75,55,16.6948076328059,16.9051938198228,1
532,0,17.75,55,16.9051938198228,17.1307751005936,1
532,0,17.75,55,17.1307751005936,17.1795433937567,1
532,0,17.75,55,17.1795433937567,17.198997033886,1
532,0,17.75,55,17.198997033886,17.221112528828,1
532,0,17.75,55,17.221112528828,17.4326434467177,1
532,0,17.75,55,17.4326434467177,17.4560811460079,1
532,0,17.75,55,17.4560811460079,17.75,0
533,0,9.75,1,0,2.29158410663695,1
533,0,9.75,1,2.29158410663695,9.75,0
534,0,15.75,27,0,5.15371877465881,1
534,0,15.75,27,5.15371877465881,5.37723372472998,1
534,0,15.75,27,5.37723372472998,6.21983159449297,1
534,0,15.75,27,6.21983159449297,6.3799786144048,1
534,0,15.75,27,6.3799786144048,6.83548739363289,1
534,0,15.75,27,6.83548739363289,7.33798310078735,1
534,0,15.75,27,7.33798310078735,7.47346153741014,1
534,0,15.75,27,7.47346153741014,8.09459610020073,1
534,0,15.75,27,8.09459610020073,9.277170922678,1
534,0,15.75,27,9.277170922678,9.54725724195861,1
534,0,15.75,27,9.54725724195861,9.66234444988386,1
534,0,15.75,27,9.66234444988386,9.90055658546002,1
534,0,15.75,27,9.90055658546002,10.1233303268908,1
534,0,15.75,27,10.1233303268908,10.2358314741029,1
534,0,15.75,27,10.2358314741029,10.5519568886626,1
534,0,15.75,27,10.5519568886626,11.2859594181826,1
534,0,15.75,27,11.2859594181826,11.5790957878959,1
534,0,15.75,27,11.5790957878959,12.1457312269583,1
534,0,15.75,27,12.1457312269583,13.4915520978479,1
534,0,15.75,27,13.4915520978479,13.5319233921241,1
534,0,15.75,27,13.5319233921241,13.6320274689174,1
534,0,15.75,27,13.6320274689174,13.6553330477046,1
534,0,15.75,27,13.6553330477046,13.9608395972631,1
534,0,15.75,27,13.9608395972631,14.1541982611174,1
534,0,15.75,27,14.1541982611174,15.3094658580784,1
534,0,15.75,27,15.3094658580784,15.4929811125289,1
534,0,15.75,27,15.4929811125289,15.5288398418106,1
534,0,15.75,27,15.5288398418106,15.75,0
535,0,16.75,2,0,0.152236311322389,1
535,0,16.75,2,0.152236311322389,0.279375313465888,1
535,0,16.75,2,0.279375313465888,16.75,0
536,0,13.75,0,0,13.75,0
537,0,11.75,13,0,1.57000522377461,1
537,0,11.75,13,1.57000522377461,4.6778211087594,1
537,0,11.75,13,4.6778211087594,6.19889762048097,1
537,0,11.75,13,6.19889762048097,7.14476738144698,1
537,0,11.75,13,7.14476738144698,7.99563845676865,1
537,0,11.75,13,7.99563845676865,9.8729567902457,1
537,0,11.75,13,9.8729567902457,9.88013064855462,1
537,0,11.75,13,9.88013064855462,10.2882089085813,1
537,0,11.75,13,10.2882089085813,10.4068046434806,1
537,0,11.75,13,10.4068046434806,10.7860759186263,1
537,0,11.75,13,10.7860759186263,10.9353069580802,1
537,0,11.75,13,10.9353069580802,11.0615694831477,1
537,0,11.75,13,11.0615694831477,11.4254816540792,1
537,0,11.75,13,11.4254816540792,11.75,0
538,0,11.75,2,0,0.144647809072644,1
538,0,11.75,2,0.144647809072644,9.27931892564922,1
538,0,11.75,2,9.27931892564922,11.75,0
539,0,11.75,18,0,2.52581686114506,1
539,0,11.75,18,2.52581686114506,2.70132579731666,1
539,0,11.75,18,2.70132579731666,3.45805987946147,1
539,0,11.75,18,3.45805987946147,5.83731318917695,1
539,0,11.75,18,5.83731318917695,6.46206595345764,1
539,0,11.75,18,6.46206595345764,7.02720519755168,1
539,0,11.75,18,7.02720519755168,7.29620168538993,1
539,0,11.75,18,7.29620168538993,7.48957148370883,1
539,0,11.75,18,7.48957148370883,8.10097417022157,1
539,0,11.75,18,8.10097417022157,8.22053216510449,1
539,0,11.75,18,8.22053216510449,8.47317420404518,1
539,0,11.75,18,8.47317420404518,8.95999823112154,1
539,0,11.75,18,8.95999823112154,9.0718916774477,1
539,0,11.75,18,9.0718916774477,10.2949419175253,1
539,0,11.75,18,10.2949419175253,10.7159670171193,1
539,0,11.75,18,10.7159670171193,10.896474486148,1
539,0,11.75,18,10.896474486148,11.1528810401529,1
539,0,11.75,18,11.1528810401529,11.3918922438039,1
539,0,11.75,18,11.3918922438039,11.75,0
540,0,16.75,96,0,3.7368294549619,1
540,0,16.75,96,3.7368294549619,3.99430850717953,1
540,0,16.75,96,3.99430850717953,4.0643666640682,1
540,0,16.75,96,4.0643666640682,4.36798087187942,1
540,0,16.75,96,4.36798087187942,4.61163955771321,1
540,0,16.75,96,4.61163955771321,4.69884182911063,1
540,0,16.75,96,4.69884182911063,4.88792243782255,1
540,0,16.75,96,4.88792243782255,5.12046243598822,1
540,0,16.75,96,5.12046243598822,5.77682239504309,1
540,0,16.75,96,5.77682239504309,6.02078477169007,1
540,0,16.75,96,6.02078477169007,6.29513950794432,1
540,0,16.75,96,6.29513950794432,6.49857559910629,1
540,0,16.75,96,6.49857559910629,6.55411356726702,1
540,0,16.75,96,6.55411356726702,7.16495250180708,1
540,0,16.75,96,7.16495250180708,7.36520882008175,1
540,0,16.75,96,7.36520882008175,7.67662355710935,1
540,0,16.75,96,7.67662355710935,8.06421844814415,1
540,0,16.75,96,8.06421844814415,8.08124624426748,1
540,0,16.75,96,8.08124624426748,8.50681071697385,1
540,0,16.75,96,8.50681071697385,8.66524021765902,1
540,0,16.75,96,8.66524021765902,8.99375677010121,1
540,0,16.75,96,8.99375677010121,9.17778047799352,1
540,0,16.75,96,9.17778047799352,9.32652838129916,1
540,0,16.75,96,9.32652838129916,9.7536555236482,1
540,0,16.75,96,9.7536555236482,9.96595691860158,1
540,0,16.75,96,9.96595691860158,10.0985713507311,1
540,0,16.75,96,10.0985713507311,10.163370454947,1
540,0,16.75,96,10.163370454947,10.1718911286714,1
540,0,16.75,96,10.1718911286714,10.242181791341,1
540,0,16.75,96,10.242181791341,10.4852339379156,1
540,0,16.75,96,10.4852339379156,10.5123342892132,1
540,0,16.75,96,10.5123342892132,10.5318999169428,1
540,0,16.75,96,10.5318999169428,10.5401820605876,1
540,0,16.75,96,10.5401820605876,10.5450708939477,1
540,0,16.75,96,10.5450708939477,10.5972835322927,1
540,0,16.75,96,10.5972835322927,10.821613767062,1
540,0,16.75,96,10.821613767062,10.862856159931,1
540,0,16.75,96,10.862856159931,11.1612595231184,1
540,0,16.75,96,11.1612595231184,11.2610665455134,1
540,0,16.75,96,11.2610665455134,11.3843842385166,1
540,0,16.75,96,11.3843842385166,11.6141018716974,1
540,0,16.75,96,11.6141018716974,11.7202318318019,1
540,0,16.75,96,11.7202318318019,11.7301031597892,1
540,0,16.75,96,11.7301031597892,11.7497048458978,1
540,0,16.75,96,11.7497048458978,11.8848354142056,1
540,0,16.75,96,11.8848354142056,11.9068990793527,1
540,0,16.75,96,11.9068990793527,11.9113670623431,1
540,0,16.75,96,11.9113670623431,11.9740222903059,1
540,0,16.75,96,11.9740222903059,12.342191574059,1
540,0,16.75,96,12.342191574059,12.4476725276079,1
540,0,16.75,96,12.4476725276079,12.4811281804497,1
540,0,16.75,96,12.4811281804497,12.6897061624326,1
540,0,16.75,96,12.6897061624326,12.7421313701396,1
540,0,16.75,96,12.7421313701396,12.8219000870766,1
540,0,16.75,96,12.8219000870766,13.0022777586341,1
540,0,16.75,96,13.0022777586341,13.1806368330689,1
540,0,16.75,96,13.1806368330689,13.2624004370517,1
540,0,16.75,96,13.2624004370517,13.2663731936807,1
540,0,16.75,96,13.2663731936807,13.3981767345606,1
540,0,16.75,96,13.3981767345606,13.5196664005106,1
540,0,16.75,96,13.5196664005106,13.5224080896099,1
540,0,16.75,96,13.5224080896099,13.6716924193353,1
540,0,16.75,96,13.6716924193353,13.9816729539548,1
540,0,16.75,96,13.9816729539548,14.0117125152741,1
540,0,16.75,96,14.0117125152741,14.13995878184,1
540,0,16.75,96,14.13995878184,14.2177487994623,1
540,0,16.75,96,14.2177487994623,14.295615219819,1
540,0,16.75,96,14.295615219819,14.4893634751766,1
540,0,16.75,96,14.4893634751766,14.5113269810158,1
540,0,16.75,96,14.5113269810158,14.53104754509,1
540,0,16.75,96,14.53104754509,14.5373466086396,1
540,0,16.75,96,14.5373466086396,14.6422923721927,1
540,0,16.75,96,14.6422923721927,14.6609330442307,1
540,0,16.75,96,14.6609330442307,14.7141465401486,1
540,0,16.75,96,14.7141465401486,14.9505744800885,1
540,0,16.75,96,14.9505744800885,14.9691492410111,1
540,0,16.75,96,14.9691492410111,15.0414197879477,1
540,0,16.75,96,15.0414197879477,15.0518097988429,1
540,0,16.75,96,15.0518097988429,15.0560257199662,1
540,0,16.75,96,15.0560257199662,15.1738166946115,1
540,0,16.75,96,15.1738166946115,15.4230577386661,1
540,0,16.75,96,15.4230577386661,15.433058531344,1
540,0,16.75,96,15.433058531344,15.445875698017,1
540,0,16.75,96,15.445875698017,15.5332432459989,1
540,0,16.75,96,15.5332432459989,15.6325041992458,1
540,0,16.75,96,15.6325041992458,15.68523208747,1
540,0,16.75,96,15.68523208747,15.7149830843871,1
540,0,16.75,96,15.7149830843871,15.7931906095223,1
540,0,16.75,96,15.7931906095223,15.8410153206885,1
540,0,16.75,96,15.8410153206885,16.1216840281587,1
540,0,16.75,96,16.1216840281587,16.1980598126585,1
540,0,16.75,96,16.1980598126585,16.3677099884258,1
540,0,16.75,96,16.3677099884258,16.49612335601,1
540,0,16.75,96,16.49612335601,16.5072164375114,1
540,0,16.75,96,16.5072164375114,16.5536505966847,1
540,0,16.75,96,16.5536505966847,16.6679486468632,1
540,0,16.75,96,16.6679486468632,16.75,0
541,0,15.75,1,0,2.7823598722419,1
541,0,15.75,1,2.7823598722419,15.75,0
542,0,17.75,51,0,2.99799459707928,1
542,0,17.75,51,2.99799459707928,4.84570961458399,1
542,0,17.75,51,4.84570961458399,6.35128362909237,1
542,0,17.75,51,6.35128362909237,6.45790038102374,1
542,0,17.75,51,6.45790038102374,6.50797724090788,1
542,0,17.75,51,6.50797724090788,7.367663814591,1
542,0,17.75,51,7.367663814591,8.05903560018444,1
542,0,17.75,51,8.05903560018444,9.06603776306275,1
542,0,17.75,51,9.06603776306275,9.09580936093516,1
542,0,17.75,51,9.09580936093516,9.34232118586579,1
542,0,17.75,51,9.34232118586579,9.43903855399651,1
542,0,17.75,51,9.43903855399651,9.81226465785705,1
542,0,17.75,51,9.81226465785705,10.3043424158952,1
542,0,17.75,51,10.3043424158952,10.449389752869,1
542,0,17.75,51,10.449389752869,10.4728882802643,1
542,0,17.75,51,10.4728882802643,11.8066411728674,1
542,0,17.75,51,11.8066411728674,11.8781302486307,1
542,0,17.75,51,11.8781302486307,11.9798823370272,1
542,0,17.75,51,11.9798823370272,11.988395027274,1
542,0,17.75,51,11.988395027274,12.1328259321866,1
542,0,17.75,51,12.1328259321866,12.8189025711425,1
542,0,17.75,51,12.8189025711425,12.8336840362869,1
542,0,17.75,51,12.8336840362869,12.934704613012,1
542,0,17.75,51,12.934704613012,13.426681457463,1
542,0,17.75,51,13.426681457463,14.1871856992037,1
542,0,17.75,51,14.1871856992037,14.7804773538495,1
542,0,17.75,51,14.7804773538495,14.8303370474475,1
542,0,17.75,51,14.8303370474475,14.8332884099702,1
542,0,17.75,51,14.8332884099702,14.9332823992335,1
542,0,17.75,51,14.9332823992335,15.2456044207225,1
542,0,17.75,51,15.2456044207225,15.6433060953974,1
542,0,17.75,51,15.6433060953974,15.714017696216,1
542,0,17.75,51,15.714017696216,15.7501642111223,1
542,0,17.75,51,15.7501642111223,16.0086730857339,1
542,0,17.75,51,16.0086730857339,16.0312301472019,1
542,0,17.75,51,16.0312301472019,16.0684069407502,1
542,0,17.75,51,16.0684069407502,16.4354175178409,1
542,0,17.75,51,16.4354175178409,16.5053352852702,1
542,0,17.75,51,16.5053352852702,16.5138214710052,1
542,0,17.75,51,16.5138214710052,16.6514282547388,1
542,0,17.75,51,16.6514282547388,16.674832143199,1
542,0,17.75,51,16.674832143199,16.8056595714776,1
542,0,17.75,51,16.8056595714776,16.8548703652084,1
542,0,17.75,51,16.8548703652084,17.1123808944663,1
542,0,17.75,51,17.1123808944663,17.1721155414224,1
542,0,17.75,51,17.1721155414224,17.2198546688278,1
542,0,17.75,51,17.2198546688278,17.2370544524016,1
542,0,17.75,51,17.2370544524016,17.3572881325602,1
542,0,17.75,51,17.3572881325602,17.4750557893726,1
542,0,17.75,51,17.4750557893726,17.6127952037276,1
542,0,17.75,51,17.6127952037276,17.6215949929021,1
542,0,17.75,51,17.6215949929021,17.75,0
543,0,19.75,33,0,3.83520048045396,1
543,0,19.75,33,3.83520048045396,4.33740527932112,1
543,0,19.75,33,4.33740527932112,7.79342010922333,1
543,0,19.75,33,7.79342010922333,8.8942813876322,1
543,0,19.75,33,8.8942813876322,10.5813428489577,1
543,0,19.75,33,10.5813428489577,10.6474255218239,1
543,0,19.75,33,10.6474255218239,11.1278028698471,1
543,0,19.75,33,11.1278028698471,11.1534217955963,1
543,0,19.75,33,11.1534217955963,12.1097276456013,1
543,0,19.75,33,12.1097276456013,12.1217811440015,1
543,0,19.75,33,12.1217811440015,12.2835382009213,1
543,0,19.75,33,12.2835382009213,12.8680966065617,1
543,0,19.75,33,12.8680966065617,14.0363419141242,1
543,0,19.75,33,14.0363419141242,14.2309767663665,1
543,0,19.75,33,14.2309767663665,14.6192711865061,1
543,0,19.75,33,14.6192711865061,15.1560676072691,1
543,0,19.75,33,15.1560676072691,15.4509955752382,1
543,0,19.75,33,15.4509955752382,15.6408523553548,1
543,0,19.75,33,15.6408523553548,15.6983357029999,1
543,0,19.75,33,15.6983357029999,16.9615925139167,1
543,0,19.75,33,16.9615925139167,17.1321304868218,1
543,0,19.75,33,17.1321304868218,17.1957961432454,1
543,0,19.75,33,17.1957961432454,17.3992355881592,1
543,0,19.75,33,17.3992355881592,17.5225598705422,1
543,0,19.75,33,17.5225598705422,17.874244402718,1
543,0,19.75,33,17.874244402718,17.9431109680652,1
543,0,19.75,33,17.9431109680652,18.0647281631244,1
543,0,19.75,33,18.0647281631244,18.6276103602057,1
543,0,19.75,33,18.6276103602057,18.7049348474398,1
543,0,19.75,33,18.7049348474398,18.7868868081944,1
543,0,19.75,33,18.7868868081944,19.0116429030261,1
543,0,19.75,33,19.0116429030261,19.2159757472485,1
543,0,19.75,33,19.2159757472485,19.244466986112,1
543,0,19.75,33,19.244466986112,19.75,0
544,0,11.75,9,0,5.41750813434669,1
544,0,11.75,9,5.41750813434669,5.56501191315307,1
544,0,11.75,9,5.56501191315307,5.75461392945313,1
544,0,11.75,9,5.75461392945313,5.99766192419778,1
544,0,11.75,9,5.99766192419778,7.23467035592123,1
544,0,11.75,9,7.23467035592123,8.84826746644284,1
544,0,11.75,9,8.84826746644284,9.79499890033238,1
544,0,11.75,9,9.79499890033238,9.91192327097466,1
544,0,11.75,9,9.91192327097466,10.6413566412127,1
544,0,11.75,9,10.6413566412127,11.75,0
545,0,8.75,4,0,0.774573370108748,1
545,0,8.75,4,0.774573370108748,2.88720735994746,1
545,0,8.75,4,2.88720735994746,5.96369084091701,1
545,0,8.75,4,5.96369084091701,6.08523544487197,1
545,0,8.75,4,6.08523544487197,8.75,0
546,0,15.75,35,0,2.7809293032609,1
546,0,15.75,35,2.7809293032609,3.22063482912181,1
546,0,15.75,35,3.22063482912181,3.97022143768203,1
546,0,15.75,35,3.97022143768203,4.42329214351993,1
546,0,15.75,35,4.42329214351993,6.04883362950025,1
546,0,15.75,35,6.04883362950025,6.16423661059609,1
546,0,15.75,35,6.16423661059609,6.18193813543055,1
546,0,15.75,35,6.18193813543055,7.7949941875596,1
546,0,15.75,35,7.7949941875596,8.2832976706193,1
546,0,15.75,35,8.2832976706193,8.45269079024551,1
546,0,15.75,35,8.45269079024551,8.98780479755933,1
546,0,15.75,35,8.98780479755933,9.09790581883916,1
546,0,15.75,35,9.09790581883916,9.40729565832753,1
546,0,15.75,35,9.40729565832753,9.56748677082719,1
546,0,15.75,35,9.56748677082719,9.60295507735191,1
546,0,15.75,35,9.60295507735191,10.5294441028517,1
546,0,15.75,35,10.5294441028517,10.643411739438,1
546,0,15.75,35,10.643411739438,12.2421789547509,1
546,0,15.75,35,12.2421789547509,12.5792760739922,1
546,0,15.75,35,12.5792760739922,12.7092897369852,1
546,0,15.75,35,12.7092897369852,12.7114007845624,1
546,0,15.75,35,12.7114007845624,13.0012686560408,1
546,0,15.75,35,13.0012686560408,13.438641449927,1
546,0,15.75,35,13.438641449927,13.7547672366896,1
546,0,15.75,35,13.7547672366896,13.8387604518365,1
546,0,15.75,35,13.8387604518365,13.9908178535121,1
546,0,15.75,35,13.9908178535121,14.3025920066333,1
546,0,15.75,35,14.3025920066333,14.782811796757,1
546,0,15.75,35,14.782811796757,14.8547861404964,1
546,0,15.75,35,14.8547861404964,14.9399274387243,1
546,0,15.75,35,14.9399274387243,15.1731874106825,1
546,0,15.75,35,15.1731874106825,15.2484933554039,1
546,0,15.75,35,15.2484933554039,15.310283569345,1
546,0,15.75,35,15.310283569345,15.4647240180215,1
546,0,15.75,35,15.4647240180215,15.7017393860904,1
546,0,15.75,35,15.7017393860904,15.75,0
547,0,15.75,32,0,2.4489999435366,1
547,0,15.75,32,2.4489999435366,3.99971530438977,1
547,0,15.75,32,3.99971530438977,4.1540654471615,1
547,0,15.75,32,4.1540654471615,5.76700924263552,1
547,0,15.75,32,5.76700924263552,5.78484355335091,1
547,0,15.75,32,5.78484355335091,6.76901076226194,1
547,0,15.75,32,6.76901076226194,7.0161717056347,1
547,0,15.75,32,7.0161717056347,7.04258191075082,1
547,0,15.75,32,7.04258191075082,7.35004482905148,1
547,0,15.75,32,7.35004482905148,7.38960028459084,1
547,0,15.75,32,7.38960028459084,8.95660520851522,1
547,0,15.75,32,8.95660520851522,9.40703474980599,1
547,0,15.75,32,9.40703474980599,9.43213924983726,1
547,0,15.75,32,9.43213924983726,10.1658773403918,1
547,0,15.75,32,10.1658773403918,10.4567956590168,1
547,0,15.75,32,10.4567956590168,11.4906680167028,1
547,0,15.75,32,11.4906680167028,11.8123810873671,1
547,0,15.75,32,11.8123810873671,11.9947980174746,1
547,0,15.75,32,11.9947980174746,12.2299148711732,1
547,0,15.75,32,12.2299148711732,12.3692168422101,1
547,0,15.75,32,12.3692168422101,12.4235956637563,1
547,0,15.75,32,12.4235956637563,12.7536338983009,1
547,0,15.75,32,12.7536338983009,13.0272899929311,1
547,0,15.75,32,13.0272899929311,13.3543072229216,1
547,0,15.75,32,13.3543072229216,13.445783137354,1
547,0,15.75,32,13.445783137354,13.5892146342714,1
547,0,15.75,32,13.5892146342714,13.9830121477694,1
547,0,15.75,32,13.9830121477694,14.1529366076054,1
547,0,15.75,32,14.1529366076054,15.2672290420693,1
547,0,15.75,32,15.2672290420693,15.4348160161006,1
547,0,15.75,32,15.4348160161006,15.5304512005489,1
547,0,15.75,32,15.5304512005489,15.6548996525264,1
547,0,15.75,32,15.6548996525264,15.75,0
548,0,19.75,45,0,2.28104271108242,1
548,0,19.75,45,2.28104271108242,3.50773355548907,1
548,0,19.75,45,3.50773355548907,3.80779471899321,1
548,0,19.75,45,3.80779471899321,5.10816168002423,1
548,0,19.75,45,5.10816168002423,5.23156857458216,1
548,0,19.75,45,5.23156857458216,5.30526787422764,1
548,0,19.75,45,5.30526787422764,8.84332936171912,1
548,0,19.75,45,8.84332936171912,9.10925376933893,1
548,0,19.75,45,9.10925376933893,9.53644685317117,1
548,0,19.75,45,9.53644685317117,9.64553328508677,1
548,0,19.75,45,9.64553328508677,9.83032014050231,1
548,0,19.75,45,9.83032014050231,10.9596664533966,1
548,0,19.75,45,10.9596664533966,12.0270069685347,1
548,0,19.75,45,12.0270069685347,12.3389084535567,1
548,0,19.75,45,12.3389084535567,12.4548856721421,1
548,0,19.75,45,12.4548856721421,13.3520228968414,1
548,0,19.75,45,13.3520228968414,13.4235697907673,1
548,0,19.75,45,13.4235697907673,13.5072739014875,1
548,0,19.75,45,13.5072739014875,13.6491089779658,1
548,0,19.75,45,13.6491089779658,14.0681579959307,1
548,0,19.75,45,14.0681579959307,14.4878297555409,1
548,0,19.75,45,14.4878297555409,14.6887203856495,1
548,0,19.75,45,14.6887203856495,15.0091672021879,1
548,0,19.75,45,15.0091672021879,15.9532943415525,1
548,0,19.75,45,15.9532943415525,16.0055296614182,1
548,0,19.75,45,16.0055296614182,16.0576516892913,1
548,0,19.75,45,16.0576516892913,16.2027316779082,1
548,0,19.75,45,16.2027316779082,16.5538772213731,1
548,0,19.75,45,16.5538772213731,16.645257060799,1
548,0,19.75,45,16.645257060799,16.6772603600688,1
548,0,19.75,45,16.6772603600688,17.1913319895527,1
548,0,19.75,45,17.1913319895527,17.2767816255901,1
548,0,19.75,45,17.2767816255901,17.3336323696284,1
548,0,19.75,45,17.3336323696284,17.3540198259898,1
548,0,19.75,45,17.3540198259898,17.5950285384036,1
548,0,19.75,45,17.5950285384036,17.7245717824802,1
548,0,19.75,45,17.7245717824802,17.8755073488142,1
548,0,19.75,45,17.8755073488142,17.9340518056611,1
548,0,19.75,45,17.9340518056611,18.6753629394492,1
548,0,19.75,45,18.6753629394492,18.7874327415843,1
548,0,19.75,45,18.7874327415843,18.8328859199126,1
548,0,19.75,45,18.8328859199126,18.841558225077,1
548,0,19.75,45,18.841558225077,19.0848443540371,1
548,0,19.75,45,19.0848443540371,19.2497257337377,1
548,0,19.75,45,19.2497257337377,19.742702066958,1
548,0,19.75,45,19.742702066958,19.75,0
549,0,15.75,23,0,3.96900484517509,1
549,0,15.75,23,3.96900484517509,5.936904176426,1
549,0,15.75,23,5.936904176426,6.94801638430738,1
549,0,15.75,23,6.94801638430738,7.06245803557578,1
549,0,15.75,23,7.06245803557578,7.37198592375356,1
549,0,15.75,23,7.37198592375356,8.86385481620311,1
549,0,15.75,23,8.86385481620311,10.3799085740831,1
549,0,15.75,23,10.3799085740831,11.4079985457701,1
549,0,15.75,23,11.4079985457701,11.6209195493504,1
549,0,15.75,23,11.6209195493504,11.705920377075,1
549,0,15.75,23,11.705920377075,12.2904358700241,1
549,0,15.75,23,12.2904358700241,12.6477083257095,1
549,0,15.75,23,12.6477083257095,13.0606359220276,1
549,0,15.75,23,13.0606359220276,13.4215142687264,1
549,0,15.75,23,13.4215142687264,14.0240988639134,1
549,0,15.75,23,14.0240988639134,14.2860799512508,1
549,0,15.75,23,14.2860799512508,14.2923043527989,1
549,0,15.75,23,14.2923043527989,14.895378849255,1
549,0,15.75,23,14.895378849255,14.9620607724696,1
549,0,15.75,23,14.9620607724696,15.0704365882663,1
549,0,15.75,23,15.0704365882663,15.1818034423219,1
549,0,15.75,23,15.1818034423219,15.4203348523889,1
549,0,15.75,23,15.4203348523889,15.6428843371747,1
549,0,15.75,23,15.6428843371747,15.75,0
550,0,12.75,17,0,3.59579214280919,1
550,0,12.75,17,3.59579214280919,8.32711993723403,1
550,0,12.75,17,8.32711993723403,8.77566781164132,1
550,0,12.75,17,8.77566781164132,9.19655119077991,1
550,0,12.75,17,9.19655119077991,9.51503881869712,1
550,0,12.75,17,9.51503881869712,9.74355510569636,1
550,0,12.75,17,9.74355510569636,9.77773290095563,1
550,0,12.75,17,9.77773290095563,9.90977536626757,1
550,0,12.75,17,9.90977536626757,10.4098817845422,1
550,0,12.75,17,10.4098817845422,10.8515552751398,1
550,0,12.75,17,10.8515552751398,10.9702625427128,1
550,0,12.75,17,10.9702625427128,11.2624924249898,1
550,0,12.75,17,11.2624924249898,11.4550287079883,1
550,0,12.75,17,11.4550287079883,11.5357896875417,1
550,0,12.75,17,11.5357896875417,12.0482675300483,1
550,0,12.75,17,12.0482675300483,12.3625087816069,1
550,0,12.75,17,12.3625087816069,12.6003017853287,1
550,0,12.75,17,12.6003017853287,12.75,0
551,0,17.75,0,0,17.75,0
552,0,7.75,1,0,0.11324347701499,1
552,0,7.75,1,0.11324347701499,7.75,0
553,0,12.75,0,0,12.75,0
554,0,16.75,2,0,5.63829761840814,1
554,0,16.75,2,5.63829761840814,11.6143381652472,1
554,0,16.75,2,11.6143381652472,16.75,0
555,0,13.75,33,0,1.51366515749899,1
555,0,13.75,33,1.51366515749899,2.9217235613604,1
555,0,13.75,33,2.9217235613604,3.13916840727498,1
555,0,13.75,33,3.13916840727498,3.4453514384586,1
555,0,13.75,33,3.4453514384586,4.74036878090269,1
555,0,13.75,33,4.74036878090269,5.98535170428758,1
555,0,13.75,33,5.98535170428758,6.42738299070358,1
555,0,13.75,33,6.42738299070358,6.73302852898528,1
555,0,13.75,33,6.73302852898528,7.3684508439979,1
555,0,13.75,33,7.3684508439979,7.68286327626922,1
555,0,13.75,33,7.68286327626922,8.26452563265255,1
555,0,13.75,33,8.26452563265255,8.32647923243288,1
555,0,13.75,33,8.32647923243288,8.5743264596805,1
555,0,13.75,33,8.5743264596805,8.93647858766345,1
555,0,13.75,33,8.93647858766345,9.65191991051315,1
555,0,13.75,33,9.65191991051315,9.67115382667367,1
555,0,13.75,33,9.67115382667367,9.95301468907405,1
555,0,13.75,33,9.95301468907405,10.7950241554549,1
555,0,13.75,33,10.7950241554549,10.923285339437,1
555,0,13.75,33,10.923285339437,11.0135104584432,1
555,0,13.75,33,11.0135104584432,11.3343952104698,1
555,0,13.75,33,11.3343952104698,11.4804102517296,1
555,0,13.75,33,11.4804102517296,11.498890863877,1
555,0,13.75,33,11.498890863877,11.5725546418486,1
555,0,13.75,33,11.5725546418486,11.9793362737392,1
555,0,13.75,33,11.9793362737392,12.354530184124,1
555,0,13.75,33,12.354530184124,12.5898975701601,1
555,0,13.75,33,12.5898975701601,12.8733414998982,1
555,0,13.75,33,12.8733414998982,12.895551839521,1
555,0,13.75,33,12.895551839521,12.9903781459125,1
555,0,13.75,33,12.9903781459125,13.1700660505721,1
555,0,13.75,33,13.1700660505721,13.2253985759305,1
555,0,13.75,33,13.2253985759305,13.5416980106804,1
555,0,13.75,33,13.5416980106804,13.75,0
556,0,17.75,3,0,5.4227689351702,1
556,0,17.75,3,5.4227689351702,6.08325631352778,1
556,0,17.75,3,6.08325631352778,10.9546436434902,1
556,0,17.75,3,10.9546436434902,17.75,0
557,0,15.75,0,0,15.75,0
558,0,12.75,22,0,5.62978123384402,1
558,0,12.75,22,5.62978123384402,6.10505967139034,1
558,0,12.75,22,6.10505967139034,6.19387472799499,1
558,0,12.75,22,6.19387472799499,7.44206405938326,1
558,0,12.75,22,7.44206405938326,8.63934055377027,1
558,0,12.75,22,8.63934055377027,9.09141914831009,1
558,0,12.75,22,9.09141914831009,9.35399857605407,1
558,0,12.75,22,9.35399857605407,9.38903966072963,1
558,0,12.75,22,9.38903966072963,9.45137865133838,1
558,0,12.75,22,9.45137865133838,9.57275868722888,1
558,0,12.75,22,9.57275868722888,9.6229219234704,1
558,0,12.75,22,9.6229219234704,10.7751190138551,1
558,0,12.75,22,10.7751190138551,10.8296556050514,1
558,0,12.75,22,10.8296556050514,10.9693672554036,1
558,0,12.75,22,10.9693672554036,11.1675425807309,1
558,0,12.75,22,11.1675425807309,11.2347479486743,1
558,0,12.75,22,11.2347479486743,11.3217768796863,1
558,0,12.75,22,11.3217768796863,11.3778320046341,1
558,0,12.75,22,11.3778320046341,11.782250822353,1
558,0,12.75,22,11.782250822353,12.42672787727,1
558,0,12.75,22,12.42672787727,12.4343949870499,1
558,0,12.75,22,12.4343949870499,12.467898042324,1
558,0,12.75,22,12.467898042324,12.75,0
559,0,8.75,2,0,6.84675404888886,1
559,0,8.75,2,6.84675404888886,6.94209050594699,1
559,0,8.75,2,6.94209050594699,8.75,0
560,0,9.75,1,0,7.91496188520881,1
560,0,9.75,1,7.91496188520881,9.75,0
561,0,18.75,0,0,18.75,0
562,0,15.75,1,0,8.8903985239276,1
562,0,15.75,1,8.8903985239276,15.75,0
563,0,18.75,1,0,0.054660366183926,1
563,0,18.75,1,0.054660366183926,18.75,0
564,0,15.75,3,0,0.309363970240956,1
564,0,15.75,3,0.309363970240956,0.318059357149652,1
564,0,15.75,3,0.318059357149652,0.359817345653317,1
564,0,15.75,3,0.359817345653317,15.75,0
565,0,15.75,25,0,2.88199260908883,1
565,0,15.75,25,2.88199260908883,3.58095024270112,1
565,0,15.75,25,3.58095024270112,5.56389867957401,1
565,0,15.75,25,5.56389867957401,5.89027638721063,1
565,0,15.75,25,5.89027638721063,8.03207659717789,1
565,0,15.75,25,8.03207659717789,9.77315306530673,1
565,0,15.75,25,9.77315306530673,9.89976750678771,1
565,0,15.75,25,9.89976750678771,9.91357921512002,1
565,0,15.75,25,9.91357921512002,10.2896353510693,1
565,0,15.75,25,10.2896353510693,10.8444181141111,1
565,0,15.75,25,10.8444181141111,12.4577722687674,1
565,0,15.75,25,12.4577722687674,12.5301687791366,1
565,0,15.75,25,12.5301687791366,12.7030641552927,1
565,0,15.75,25,12.7030641552927,13.604162871038,1
565,0,15.75,25,13.604162871038,13.8410804566419,1
565,0,15.75,25,13.8410804566419,14.0039122201869,1
565,0,15.75,25,14.0039122201869,14.0641924217316,1
565,0,15.75,25,14.0641924217316,14.1448870840854,1
565,0,15.75,25,14.1448870840854,14.562508199273,1
565,0,15.75,25,14.562508199273,14.9305160159272,1
565,0,15.75,25,14.9305160159272,15.106960297418,1
565,0,15.75,25,15.106960297418,15.1206159716713,1
565,0,15.75,25,15.1206159716713,15.2458602267339,1
565,0,15.75,25,15.2458602267339,15.3981776108616,1
565,0,15.75,25,15.3981776108616,15.4241808744863,1
565,0,15.75,25,15.4241808744863,15.75,0
566,0,15.75,2,0,0.18105162109486,1
566,0,15.75,2,0.18105162109486,0.915963502066864,1
566,0,15.75,2,0.915963502066864,15.75,0
567,0,15.75,31,0,5.14207372350039,1
567,0,15.75,31,5.14207372350039,5.94947638327044,1
567,0,15.75,31,5.94947638327044,6.07380101981936,1
567,0,15.75,31,6.07380101981936,6.61808144600454,1
567,0,15.75,31,6.61808144600454,6.6752319477943,1
567,0,15.75,31,6.6752319477943,6.89727160944172,1
567,0,15.75,31,6.89727160944172,7.29224688486806,1
567,0,15.75,31,7.29224688486806,7.47729789268819,1
567,0,15.75,31,7.47729789268819,7.69160502982657,1
567,0,15.75,31,7.69160502982657,7.85782334745679,1
567,0,15.75,31,7.85782334745679,7.96839388210048,1
567,0,15.75,31,7.96839388210048,8.42156235047982,1
567,0,15.75,31,8.42156235047982,8.7071705136244,1
567,0,15.75,31,8.7071705136244,8.95704501405255,1
567,0,15.75,31,8.95704501405255,9.39812471137495,1
567,0,15.75,31,9.39812471137495,9.9239602353097,1
567,0,15.75,31,9.9239602353097,11.0053844022458,1
567,0,15.75,31,11.0053844022458,11.7590434482173,1
567,0,15.75,31,11.7590434482173,12.502857687617,1
567,0,15.75,31,12.502857687617,12.7340777981178,1
567,0,15.75,31,12.7340777981178,12.7689844541843,1
567,0,15.75,31,12.7689844541843,12.782492879305,1
567,0,15.75,31,12.782492879305,12.8462959021389,1
567,0,15.75,31,12.8462959021389,12.8691066217794,1
567,0,15.75,31,12.8691066217794,13.3313739887349,1
567,0,15.75,31,13.3313739887349,13.7900928699385,1
567,0,15.75,31,13.7900928699385,14.9263533028341,1
567,0,15.75,31,14.9263533028341,15.108067566541,1
567,0,15.75,31,15.108067566541,15.2797847384832,1
567,0,15.75,31,15.2797847384832,15.2830442922615,1
567,0,15.75,31,15.2830442922615,15.3911698172804,1
567,0,15.75,31,15.3911698172804,15.75,0
568,0,12.75,18,0,3.49581680722707,1
568,0,12.75,18,3.49581680722707,5.78808573347552,1
568,0,12.75,18,5.78808573347552,7.33485066203348,1
568,0,12.75,18,7.33485066203348,8.19705528213305,1
568,0,12.75,18,8.19705528213305,8.1986326338975,1
568,0,12.75,18,8.1986326338975,8.53001787180208,1
568,0,12.75,18,8.53001787180208,9.35546981985182,1
568,0,12.75,18,9.35546981985182,9.66154488620886,1
568,0,12.75,18,9.66154488620886,9.84766470451008,1
568,0,12.75,18,9.84766470451008,10.0094543079235,1
568,0,12.75,18,10.0094543079235,11.1134734120435,1
568,0,12.75,18,11.1134734120435,11.4155893466421,1
568,0,12.75,18,11.4155893466421,11.516293288334,1
568,0,12.75,18,11.516293288334,11.6638589428737,1
568,0,12.75,18,11.6638589428737,11.8932519740318,1
568,0,12.75,18,11.8932519740318,11.9797589267106,1
568,0,12.75,18,11.9797589267106,12.1356558363793,1
568,0,12.75,18,12.1356558363793,12.5841786575414,1
568,0,12.75,18,12.5841786575414,12.75,0
569,0,15.75,2,0,11.7507647762707,1
569,0,15.75,2,11.7507647762707,14.7437367731139,1
569,0,15.75,2,14.7437367731139,15.75,0
570,0,14.75,1,0,2.26779214815879,1
570,0,14.75,1,2.26779214815879,14.75,0
571,0,11.75,1,0,7.13773582353752,1
571,0,11.75,1,7.13773582353752,11.75,0
572,0,17.75,0,0,17.75,0
573,0,10.75,1,0,2.34426214865625,1
573,0,10.75,1,2.34426214865625,10.75,0
574,0,8.75,2,0,0.0548170131619208,1
574,0,8.75,2,0.0548170131619208,0.350348950194306,1
574,0,8.75,2,0.350348950194306,8.75,0
575,0,9.75,0,0,9.75,0
576,0,19.75,2,0,13.485744731341,1
576,0,19.75,2,13.485744731341,18.3198311147438,1
576,0,19.75,2,18.3198311147438,19.75,0
577,0,10.75,0,0,10.75,0
578,0,13.75,1,0,0.586742292258918,1
578,0,13.75,1,0.586742292258918,13.75,0
579,0,10.75,12,0,4.12662758071079,1
579,0,10.75,12,4.12662758071079,6.66030739277261,1
579,0,10.75,12,6.66030739277261,7.02859914465898,1
579,0,10.75,12,7.02859914465898,7.98592302933565,1
579,0,10.75,12,7.98592302933565,8.6394434361843,1
579,0,10.75,12,8.6394434361843,9.55399342989141,1
579,0,10.75,12,9.55399342989141,9.72470319962776,1
579,0,10.75,12,9.72470319962776,10.0748050359747,1
579,0,10.75,12,10.0748050359747,10.0933227801658,1
579,0,10.75,12,10.0933227801658,10.249216305232,1
579,0,10.75,12,10.249216305232,10.4778262131509,1
579,0,10.75,12,10.4778262131509,10.6387305539318,1
579,0,10.75,12,10.6387305539318,10.75,0
580,0,9.75,1,0,0.35883111053536,1
580,0,9.75,1,0.35883111053536,9.75,0
581,0,9.75,1,0,8.90713930871781,1
581,0,9.75,1,8.90713930871781,9.75,0
582,0,9.75,0,0,9.75,0
583,0,15.75,1,0,12.4855268904193,1
583,0,15.75,1,12.4855268904193,15.75,0
584,0,12.75,0,0,12.75,0
585,0,10.75,2,0,2.34875606437825,1
585,0,10.75,2,2.34875606437825,8.41064370209801,1
585,0,10.75,2,8.41064370209801,10.75,0
586,0,12.75,3,0,0.0887667686999951,1
586,0,12.75,3,0.0887667686999951,1.56158059344213,1
586,0,12.75,3,1.56158059344213,2.28825708945365,1
586,0,12.75,3,2.28825708945365,12.75,0
587,0,8.75,3,0,1.11122741664666,1
587,0,8.75,3,1.11122741664666,2.32835830220208,1
587,0,8.75,3,2.32835830220208,5.2852817047871,1
587,0,8.75,3,5.2852817047871,8.75,0
588,0,10.75,0,0,10.75,0
589,0,16.75,5,0,0.810692106388818,1
589,0,16.75,5,0.810692106388818,2.10947608315522,1
589,0,16.75,5,2.10947608315522,4.19621261627905,1
589,0,16.75,5,4.19621261627905,5.97219200184235,1
589,0,16.75,5,5.97219200184235,9.87137082025339,1
589,0,16.75,5,9.87137082025339,16.75,0
590,0,11.75,1,0,0.32026557372638,1
590,0,11.75,1,0.32026557372638,11.75,0
591,0,17.75,0,0,17.75,0
592,0,20.75,3,0,0.164347887534374,1
592,0,20.75,3,0.164347887534374,3.40605423935336,1
592,0,20.75,3,3.40605423935336,11.3673458353193,1
592,0,20.75,3,11.3673458353193,20.75,0
593,0,7.75,0,0,7.75,0
594,0,10.75,8,0,4.55344130898634,1
594,0,10.75,8,4.55344130898634,6.45028857203064,1
594,0,10.75,8,6.45028857203064,7.53252252491453,1
594,0,10.75,8,7.53252252491453,8.46231850736781,1
594,0,10.75,8,8.46231850736781,8.83926177814374,1
594,0,10.75,8,8.83926177814374,8.95068333080606,1
594,0,10.75,8,8.95068333080606,9.03027192969327,1
594,0,10.75,8,9.03027192969327,10.6061901657401,1
594,0,10.75,8,10.6061901657401,10.75,0
595,0,16.75,1,0,4.15409545106124,1
595,0,16.75,1,4.15409545106124,16.75,0
596,0,14.75,51,0,3.73322536264842,1
596,0,14.75,51,3.73322536264842,4.42055174062882,1
596,0,14.75,51,4.42055174062882,5.66183611224568,1
596,0,14.75,51,5.66183611224568,5.80659397513614,1
596,0,14.75,51,5.80659397513614,5.81192984528015,1
596,0,14.75,51,5.81192984528015,5.82746921370378,1
596,0,14.75,51,5.82746921370378,6.02426674405098,1
596,0,14.75,51,6.02426674405098,6.09356271657832,1
596,0,14.75,51,6.09356271657832,6.27267213733586,1
596,0,14.75,51,6.27267213733586,6.85577446238789,1
596,0,14.75,51,6.85577446238789,6.99857222654405,1
596,0,14.75,51,6.99857222654405,7.7252943697972,1
596,0,14.75,51,7.7252943697972,8.34635882064747,1
596,0,14.75,51,8.34635882064747,8.59274608282237,1
596,0,14.75,51,8.59274608282237,8.6450838052548,1
596,0,14.75,51,8.6450838052548,8.70460193866584,1
596,0,14.75,51,8.70460193866584,9.0088556216048,1
596,0,14.75,51,9.0088556216048,9.16825076577148,1
596,0,14.75,51,9.16825076577148,9.35476938499809,1
596,0,14.75,51,9.35476938499809,9.62228553439752,1
596,0,14.75,51,9.62228553439752,10.1377205275753,1
596,0,14.75,51,10.1377205275753,10.2714193405718,1
596,0,14.75,51,10.2714193405718,11.1896684532526,1
596,0,14.75,51,11.1896684532526,11.3846340971923,1
596,0,14.75,51,11.3846340971923,11.4222057591113,1
596,0,14.75,51,11.4222057591113,11.5658308228512,1
596,0,14.75,51,11.5658308228512,11.5971201391081,1
596,0,14.75,51,11.5971201391081,12.2041638967608,1
596,0,14.75,51,12.2041638967608,12.2811351396,1
596,0,14.75,51,12.2811351396,12.4895544610413,1
596,0,14.75,51,12.4895544610413,12.5917357245807,1
596,0,14.75,51,12.5917357245807,12.619968323973,1
596,0,14.75,51,12.619968323973,13.1042171021277,1
596,0,14.75,51,13.1042171021277,13.1226342469509,1
596,0,14.75,51,13.1226342469509,13.1550245357208,1
596,0,14.75,51,13.1550245357208,13.2770575183956,1
596,0,14.75,51,13.2770575183956,13.5291914931831,1
596,0,14.75,51,13.5291914931831,13.7028446690173,1
596,0,14.75,51,13.7028446690173,13.708431132178,1
596,0,14.75,51,13.708431132178,13.8611088230181,1
596,0,14.75,51,13.8611088230181,13.9901631892299,1
596,0,14.75,51,13.9901631892299,14.0247418031307,1
596,0,14.75,51,14.0247418031307,14.1235463461908,1
596,0,14.75,51,14.1235463461908,14.142390341314,1
596,0,14.75,51,14.142390341314,14.168828321661,1
596,0,14.75,51,14.168828321661,14.3582463067406,1
596,0,14.75,51,14.3582463067406,14.4654295397267,1
596,0,14.75,51,14.4654295397267,14.4824398752642,1
596,0,14.75,51,14.4824398752642,14.5204382765119,1
596,0,14.75,51,14.5204382765119,14.5600938408361,1
596,0,14.75,51,14.5600938408361,14.5988771097095,1
596,0,14.75,51,14.5988771097095,14.75,0
597,0,13.75,1,0,4.77530916125603,1
597,0,13.75,1,4.77530916125603,13.75,0
598,0,17.75,15,0,4.72156815918269,1
598,0,17.75,15,4.72156815918269,6.0728494222622,1
598,0,17.75,15,6.0728494222622,9.10511012976305,1
598,0,17.75,15,9.10511012976305,9.11304208746791,1
598,0,17.75,15,9.11304208746791,10.5272586603652,1
598,0,17.75,15,10.5272586603652,10.5330118775851,1
598,0,17.75,15,10.5330118775851,11.1084877200053,1
598,0,17.75,15,11.1084877200053,12.2894449228109,1
598,0,17.75,15,12.2894449228109,12.5312573128623,1
598,0,17.75,15,12.5312573128623,12.8882644315848,1
598,0,17.75,15,12.8882644315848,15.3352932930994,1
598,0,17.75,15,15.3352932930994,15.5918340102323,1
598,0,17.75,15,15.5918340102323,15.8430831574979,1
598,0,17.75,15,15.8430831574979,16.0282935432352,1
598,0,17.75,15,16.0282935432352,16.3751086277284,1
598,0,17.75,15,16.3751086277284,17.75,0
599,0,13.75,30,0,1.18900329472424,1
599,0,13.75,30,1.18900329472424,3.78406409097082,1
599,0,13.75,30,3.78406409097082,4.53117173671609,1
599,0,13.75,30,4.53117173671609,5.57012257515569,1
599,0,13.75,30,5.57012257515569,6.58291432798231,1
599,0,13.75,30,6.58291432798231,7.01030624538754,1
599,0,13.75,30,7.01030624538754,7.70946279720867,1
599,0,13.75,30,7.70946279720867,7.87311119037692,1
599,0,13.75,30,7.87311119037692,8.00439177341614,1
599,0,13.75,30,8.00439177341614,8.05746838196298,1
599,0,13.75,30,8.05746838196298,8.30953795877382,1
599,0,13.75,30,8.30953795877382,8.37469181391061,1
599,0,13.75,30,8.37469181391061,8.88193616002338,1
599,0,13.75,30,8.88193616002338,9.53058430881518,1
599,0,13.75,30,9.53058430881518,9.67606987014614,1
599,0,13.75,30,9.67606987014614,10.1819302785263,1
599,0,13.75,30,10.1819302785263,10.5645319609599,1
599,0,13.75,30,10.5645319609599,11.2065878030409,1
599,0,13.75,30,11.2065878030409,11.2392017326573,1
599,0,13.75,30,11.2392017326573,11.4590012736874,1
599,0,13.75,30,11.4590012736874,11.6832055604657,1
599,0,13.75,30,11.6832055604657,12.175283198006,1
599,0,13.75,30,12.175283198006,12.240289183345,1
599,0,13.75,30,12.240289183345,12.6938263009202,1
599,0,13.75,30,12.6938263009202,12.7138815932138,1
599,0,13.75,30,12.7138815932138,13.1797974639145,1
599,0,13.75,30,13.1797974639145,13.2721419041382,1
599,0,13.75,30,13.2721419041382,13.3126051159259,1
599,0,13.75,30,13.3126051159259,13.3861670327543,1
599,0,13.75,30,13.3861670327543,13.6009574359256,1
599,0,13.75,30,13.6009574359256,13.75,0
600,0,15.75,0,0,15.75,0
