"id","xi","Tei","n.rec","start","stop","status"
1,1,17.75,5,0,0.0235928189906028,1
1,1,17.75,5,0.0235928189906028,0.385986434792589,1
1,1,17.75,5,0.385986434792589,2.20130547538847,1
1,1,17.75,5,2.20130547538847,7.05454059975858,1
1,1,17.75,5,7.05454059975858,7.53944556068509,1
1,1,17.75,5,7.53944556068509,17.75,0
2,1,11.75,4,0,0.220976693820793,1
2,1,11.75,4,0.220976693820793,0.725881639215845,1
2,1,11.75,4,0.725881639215845,5.05793300891062,1
2,1,11.75,4,5.05793300891062,10.4346156297316,1
2,1,11.75,4,10.4346156297316,11.75,0
3,1,11.75,24,0,2.00770355190074,1
3,1,11.75,24,2.00770355190074,2.67789141333941,1
3,1,11.75,24,2.67789141333941,4.69644400315062,1
3,1,11.75,24,4.69644400315062,5.49390976470487,1
3,1,11.75,24,5.49390976470487,5.83091889301816,1
3,1,11.75,24,5.83091889301816,6.20288543707137,1
3,1,11.75,24,6.20288543707137,7.31666024398039,1
3,1,11.75,24,7.31666024398039,7.78580409865199,1
3,1,11.75,24,7.78580409865199,7.88298755035215,1
3,1,11.75,24,7.88298755035215,8.16262358615713,1
3,1,11.75,24,8.16262358615713,8.30795774720149,1
3,1,11.75,24,8.30795774720149,8.81007752797716,1
3,1,11.75,24,8.81007752797716,8.88229352262454,1
3,1,11.75,24,8.88229352262454,9.10995945441708,1
3,1,11.75,24,9.10995945441708,9.41514430778481,1
3,1,11.75,24,9.41514430778481,9.62961393610361,1
3,1,11.75,24,9.62961393610361,9.72879717142175,1
3,1,11.75,24,9.72879717142175,9.90748225332163,1
3,1,11.75,24,9.90748225332163,10.5612834037735,1
3,1,11.75,24,10.5612834037735,10.7036453465779,1
3,1,11.75,24,10.7036453465779,10.9219262765926,1
3,1,11.75,24,10.9219262765926,10.9494265634759,1
3,1,11.75,24,10.9494265634759,11.2311178551354,1
3,1,11.75,24,11.2311178551354,11.5594841717623,1
3,1,11.75,24,11.5594841717623,11.75,0
4,1,17.75,0,0,17.75,0
5,1,9.75,8,0,2.65063485711263,1
5,1,9.75,8,2.65063485711263,4.20183413062179,1
5,1,9.75,8,4.20183413062179,4.91216106491139,1
5,1,9.75,8,4.91216106491139,6.49854267193284,1
5,1,9.75,8,6.49854267193284,7.19011060866448,1
5,1,9.75,8,7.19011060866448,8.92144329960176,1
5,1,9.75,8,8.92144329960176,9.02492359558591,1
5,1,9.75,8,9.02492359558591,9.21044551909447,1
5,1,9.75,8,9.21044551909447,9.75,0
6,1,17.75,2,0,0.398206906181426,1
6,1,17.75,2,0.398206906181426,6.11658043257176,1
6,1,17.75,2,6.11658043257176,17.75,0
7,1,17.75,98,0,1.66174887485677,1
7,1,17.75,98,1.66174887485677,1.99000718474508,1
7,1,17.75,98,1.99000718474508,2.07903426031205,1
7,1,17.75,98,2.07903426031205,3.24867815812075,1
7,1,17.75,98,3.24867815812075,3.54149239333141,1
7,1,17.75,98,3.54149239333141,5.015099751282,1
7,1,17.75,98,5.015099751282,5.15043302683067,1
7,1,17.75,98,5.15043302683067,5.42563232175867,1
7,1,17.75,98,5.42563232175867,5.99194456280534,1
7,1,17.75,98,5.99194456280534,6.14243462674599,1
7,1,17.75,98,6.14243462674599,6.32298017197811,1
7,1,17.75,98,6.32298017197811,6.68682276909737,1
7,1,17.75,98,6.68682276909737,6.74765660699393,1
7,1,17.75,98,6.74765660699393,6.94577303829526,1
7,1,17.75,98,6.94577303829526,6.96403144090406,1
7,1,17.75,98,6.96403144090406,7.68520977223705,1
7,1,17.75,98,7.68520977223705,7.78065458849693,1
7,1,17.75,98,7.78065458849693,8.09808681140846,1
7,1,17.75,98,8.09808681140846,8.50034550966023,1
7,1,17.75,98,8.50034550966023,8.64641870353962,1
7,1,17.75,98,8.64641870353962,8.98760546964219,1
7,1,17.75,98,8.98760546964219,9.15622219536098,1
7,1,17.75,98,9.15622219536098,9.28260179993198,1
7,1,17.75,98,9.28260179993198,9.47031451938365,1
7,1,17.75,98,9.47031451938365,9.75107517106462,1
7,1,17.75,98,9.75107517106462,9.80125196788418,1
7,1,17.75,98,9.80125196788418,9.81715607945131,1
7,1,17.75,98,9.81715607945131,10.3044540314163,1
7,1,17.75,98,10.3044540314163,10.3369725215186,1
7,1,17.75,98,10.3369725215186,10.8295734576571,1
7,1,17.75,98,10.8295734576571,11.0109462287936,1
7,1,17.75,98,11.0109462287936,11.1073717727051,1
7,1,17.75,98,11.1073717727051,11.1251176674365,1
7,1,17.75,98,11.1251176674365,11.2150400236485,1
7,1,17.75,98,11.2150400236485,11.327450231889,1
7,1,17.75,98,11.327450231889,11.4445100471912,1
7,1,17.75,98,11.4445100471912,11.62006375217,1
7,1,17.75,98,11.62006375217,11.6875789482192,1
7,1,17.75,98,11.6875789482192,11.9208241327235,1
7,1,17.75,98,11.9208241327235,11.9911938346158,1
7,1,17.75,98,11.9911938346158,12.0159568157059,1
7,1,17.75,98,12.0159568157059,12.1166860769036,1
7,1,17.75,98,12.1166860769036,12.202289565976,1
7,1,17.75,98,12.202289565976,12.314745720815,1
7,1,17.75,98,12.314745720815,12.3170682748253,1
7,1,17.75,98,12.3170682748253,12.3830352940443,1
7,1,17.75,98,12.3830352940443,12.598196250109,1
7,1,17.75,98,12.598196250109,12.6008689071771,1
7,1,17.75,98,12.6008689071771,12.6486807178244,1
7,1,17.75,98,12.6486807178244,12.7728755817016,1
7,1,17.75,98,12.7728755817016,12.9919068705069,1
7,1,17.75,98,12.9919068705069,13.4085179187688,1
7,1,17.75,98,13.4085179187688,13.5009031121924,1
7,1,17.75,98,13.5009031121924,13.632898121037,1
7,1,17.75,98,13.632898121037,13.7237575160367,1
7,1,17.75,98,13.7237575160367,13.8346575253297,1
7,1,17.75,98,13.8346575253297,14.0266003763129,1
7,1,17.75,98,14.0266003763129,14.0399920574933,1
7,1,17.75,98,14.0399920574933,14.3004825073039,1
7,1,17.75,98,14.3004825073039,14.4480760377793,1
7,1,17.75,98,14.4480760377793,14.6003830007181,1
7,1,17.75,98,14.6003830007181,14.8163893514463,1
7,1,17.75,98,14.8163893514463,14.9547062030315,1
7,1,17.75,98,14.9547062030315,14.9936679652183,1
7,1,17.75,98,14.9936679652183,15.1002959357445,1
7,1,17.75,98,15.1002959357445,15.1293441486086,1
7,1,17.75,98,15.1293441486086,15.242333544268,1
7,1,17.75,98,15.242333544268,15.4631467785403,1
7,1,17.75,98,15.4631467785403,15.4941059002923,1
7,1,17.75,98,15.4941059002923,15.5207685718486,1
7,1,17.75,98,15.5207685718486,15.8543014704838,1
7,1,17.75,98,15.8543014704838,15.9489610086819,1
7,1,17.75,98,15.9489610086819,15.9997387445821,1
7,1,17.75,98,15.9997387445821,16.0636627348281,1
7,1,17.75,98,16.0636627348281,16.0737025588832,1
7,1,17.75,98,16.0737025588832,16.0815320917002,1
7,1,17.75,98,16.0815320917002,16.1048308307608,1
7,1,17.75,98,16.1048308307608,16.2309384673011,1
7,1,17.75,98,16.2309384673011,16.2578933660349,1
7,1,17.75,98,16.2578933660349,16.5262807677846,1
7,1,17.75,98,16.5262807677846,16.5308087266379,1
7,1,17.75,98,16.5308087266379,16.7235888931437,1
7,1,17.75,98,16.7235888931437,16.759336431458,1
7,1,17.75,98,16.759336431458,16.817668637154,1
7,1,17.75,98,16.817668637154,16.8283922660289,1
7,1,17.75,98,16.8283922660289,16.8386105457745,1
7,1,17.75,98,16.8386105457745,16.9782583531625,1
7,1,17.75,98,16.9782583531625,16.9858061770027,1
7,1,17.75,98,16.9858061770027,17.0057836826175,1
7,1,17.75,98,17.0057836826175,17.0211929228122,1
7,1,17.75,98,17.0211929228122,17.0475106246122,1
7,1,17.75,98,17.0475106246122,17.141754672573,1
7,1,17.75,98,17.141754672573,17.1751659821184,1
7,1,17.75,98,17.1751659821184,17.2881143246339,1
7,1,17.75,98,17.2881143246339,17.373672058742,1
7,1,17.75,98,17.373672058742,17.4324712470303,1
7,1,17.75,98,17.4324712470303,17.5360420325245,1
7,1,17.75,98,17.5360420325245,17.6980910644181,1
7,1,17.75,98,17.6980910644181,17.75,0
8,1,18.75,5,0,0.137873235899101,1
8,1,18.75,5,0.137873235899101,0.224298085546075,1
8,1,18.75,5,0.224298085546075,0.504374047357268,1
8,1,18.75,5,0.504374047357268,1.87642876882652,1
8,1,18.75,5,1.87642876882652,2.41279236869968,1
8,1,18.75,5,2.41279236869968,18.75,0
9,1,15.75,1,0,2.60303679998836,1
9,1,15.75,1,2.60303679998836,15.75,0
10,1,13.75,3,0,2.15096713127979,1
10,1,13.75,3,2.15096713127979,2.18078256082809,1
10,1,13.75,3,2.18078256082809,12.6012234448097,1
10,1,13.75,3,12.6012234448097,13.75,0
11,1,12.75,18,0,2.344461822973,1
11,1,12.75,18,2.344461822973,3.91485709570616,1
11,1,12.75,18,3.91485709570616,4.73418864072708,1
11,1,12.75,18,4.73418864072708,5.29960551193479,1
11,1,12.75,18,5.29960551193479,5.35379534543909,1
11,1,12.75,18,5.35379534543909,5.61425525209546,1
11,1,12.75,18,5.61425525209546,6.22676380069623,1
11,1,12.75,18,6.22676380069623,6.6654614654666,1
11,1,12.75,18,6.6654614654666,6.9975193606824,1
11,1,12.75,18,6.9975193606824,7.10640940582739,1
11,1,12.75,18,7.10640940582739,7.7759358843439,1
11,1,12.75,18,7.7759358843439,9.02779159421546,1
11,1,12.75,18,9.02779159421546,9.7889167603395,1
11,1,12.75,18,9.7889167603395,10.2917357928136,1
11,1,12.75,18,10.2917357928136,11.1981140578419,1
11,1,12.75,18,11.1981140578419,12.3367883350616,1
11,1,12.75,18,12.3367883350616,12.6043188386919,1
11,1,12.75,18,12.6043188386919,12.744131877848,1
11,1,12.75,18,12.744131877848,12.75,0
12,1,20.75,3,0,1.52344858644472,1
12,1,20.75,3,1.52344858644472,2.78404823753938,1
12,1,20.75,3,2.78404823753938,10.8581058081474,1
12,1,20.75,3,10.8581058081474,20.75,0
13,1,10.75,1,0,0.248166615617465,1
13,1,10.75,1,0.248166615617465,10.75,0
14,1,18.75,93,0,3.65916682967776,1
14,1,18.75,93,3.65916682967776,3.73795801112285,1
14,1,18.75,93,3.73795801112285,3.88673057490478,1
14,1,18.75,93,3.88673057490478,4.65359092210576,1
14,1,18.75,93,4.65359092210576,4.70061377326763,1
14,1,18.75,93,4.70061377326763,4.80087091529148,1
14,1,18.75,93,4.80087091529148,5.17957414644098,1
14,1,18.75,93,5.17957414644098,5.41202386615775,1
14,1,18.75,93,5.41202386615775,6.03164391361346,1
14,1,18.75,93,6.03164391361346,6.09534674271067,1
14,1,18.75,93,6.09534674271067,6.32355191267191,1
14,1,18.75,93,6.32355191267191,7.31163305935243,1
14,1,18.75,93,7.31163305935243,7.31425165467022,1
14,1,18.75,93,7.31425165467022,7.72289590362664,1
14,1,18.75,93,7.72289590362664,7.73860979665534,1
14,1,18.75,93,7.73860979665534,7.82196901992198,1
14,1,18.75,93,7.82196901992198,7.94259558866356,1
14,1,18.75,93,7.94259558866356,8.12721169564292,1
14,1,18.75,93,8.12721169564292,8.81514745830607,1
14,1,18.75,93,8.81514745830607,8.83397744268924,1
14,1,18.75,93,8.83397744268924,9.35462360402545,1
14,1,18.75,93,9.35462360402545,9.67762601512365,1
14,1,18.75,93,9.67762601512365,9.91279387457884,1
14,1,18.75,93,9.91279387457884,10.1343437267299,1
14,1,18.75,93,10.1343437267299,10.2777733627597,1
14,1,18.75,93,10.2777733627597,10.7777429503965,1
14,1,18.75,93,10.7777429503965,10.9156201321987,1
14,1,18.75,93,10.9156201321987,11.1866430829965,1
14,1,18.75,93,11.1866430829965,11.2938229129687,1
14,1,18.75,93,11.2938229129687,11.5641736868948,1
14,1,18.75,93,11.5641736868948,11.8318503440103,1
14,1,18.75,93,11.8318503440103,11.8467703253424,1
14,1,18.75,93,11.8467703253424,11.9605429662971,1
14,1,18.75,93,11.9605429662971,12.0258454635214,1
14,1,18.75,93,12.0258454635214,12.1498064599059,1
14,1,18.75,93,12.1498064599059,12.2724320904943,1
14,1,18.75,93,12.2724320904943,12.4081172905759,1
14,1,18.75,93,12.4081172905759,12.451159137089,1
14,1,18.75,93,12.451159137089,12.5487059208996,1
14,1,18.75,93,12.5487059208996,12.7007422355468,1
14,1,18.75,93,12.7007422355468,12.8925115725378,1
14,1,18.75,93,12.8925115725378,13.0395008682259,1
14,1,18.75,93,13.0395008682259,13.0624476748908,1
14,1,18.75,93,13.0624476748908,13.2207263330202,1
14,1,18.75,93,13.2207263330202,13.2495315167373,1
14,1,18.75,93,13.2495315167373,13.4749742818014,1
14,1,18.75,93,13.4749742818014,13.5209253403081,1
14,1,18.75,93,13.5209253403081,13.6559897676844,1
14,1,18.75,93,13.6559897676844,13.8482746169587,1
14,1,18.75,93,13.8482746169587,14.0645613783605,1
14,1,18.75,93,14.0645613783605,14.5531351306424,1
14,1,18.75,93,14.5531351306424,14.5533094849313,1
14,1,18.75,93,14.5533094849313,14.5629342177487,1
14,1,18.75,93,14.5629342177487,14.8015275914395,1
14,1,18.75,93,14.8015275914395,14.8769978125967,1
14,1,18.75,93,14.8769978125967,15.0115743028326,1
14,1,18.75,93,15.0115743028326,15.0680811396634,1
14,1,18.75,93,15.0680811396634,15.4716064807726,1
14,1,18.75,93,15.4716064807726,15.6416143771807,1
14,1,18.75,93,15.6416143771807,15.7354377385824,1
14,1,18.75,93,15.7354377385824,15.8259883527909,1
14,1,18.75,93,15.8259883527909,15.891989809729,1
14,1,18.75,93,15.891989809729,15.9240584567257,1
14,1,18.75,93,15.9240584567257,15.9633142285838,1
14,1,18.75,93,15.9633142285838,16.0099320280944,1
14,1,18.75,93,16.0099320280944,16.1000621482963,1
14,1,18.75,93,16.1000621482963,16.2853012145297,1
14,1,18.75,93,16.2853012145297,16.3201445040431,1
14,1,18.75,93,16.3201445040431,16.3447355351683,1
14,1,18.75,93,16.3447355351683,16.3518634506251,1
14,1,18.75,93,16.3518634506251,16.3916303124307,1
14,1,18.75,93,16.3916303124307,16.5002915609836,1
14,1,18.75,93,16.5002915609836,16.5380959386518,1
14,1,18.75,93,16.5380959386518,16.8427219213453,1
14,1,18.75,93,16.8427219213453,16.9055733331709,1
14,1,18.75,93,16.9055733331709,16.9475859436666,1
14,1,18.75,93,16.9475859436666,16.9588535758428,1
14,1,18.75,93,16.9588535758428,17.0646589252996,1
14,1,18.75,93,17.0646589252996,17.2914232749847,1
14,1,18.75,93,17.2914232749847,17.3986492096236,1
14,1,18.75,93,17.3986492096236,17.5515721048342,1
14,1,18.75,93,17.5515721048342,17.5992578176461,1
14,1,18.75,93,17.5992578176461,17.6681062205913,1
14,1,18.75,93,17.6681062205913,17.7765000804483,1
14,1,18.75,93,17.7765000804483,17.8060096247666,1
14,1,18.75,93,17.8060096247666,17.9652722000472,1
14,1,18.75,93,17.9652722000472,17.9939169018003,1
14,1,18.75,93,17.9939169018003,18.0215657998041,1
14,1,18.75,93,18.0215657998041,18.0907111307678,1
14,1,18.75,93,18.0907111307678,18.0973634787434,1
14,1,18.75,93,18.0973634787434,18.2084658615799,1
14,1,18.75,93,18.2084658615799,18.2828467106055,1
14,1,18.75,93,18.2828467106055,18.545294196837,1
14,1,18.75,93,18.545294196837,18.75,0
15,1,15.75,25,0,3.33513605800933,1
15,1,15.75,25,3.33513605800933,3.45471086762278,1
15,1,15.75,25,3.45471086762278,6.68687834331269,1
15,1,15.75,25,6.68687834331269,7.16201992105702,1
15,1,15.75,25,7.16201992105702,7.81193975948076,1
15,1,15.75,25,7.81193975948076,8.11630313930387,1
15,1,15.75,25,8.11630313930387,9.12639858147176,1
15,1,15.75,25,9.12639858147176,9.1510481421476,1
15,1,15.75,25,9.1510481421476,10.6357310256414,1
15,1,15.75,25,10.6357310256414,11.2648018546566,1
15,1,15.75,25,11.2648018546566,11.3579205253094,1
15,1,15.75,25,11.3579205253094,11.5574743171366,1
15,1,15.75,25,11.5574743171366,11.6457346170146,1
15,1,15.75,25,11.6457346170146,12.0219931856629,1
15,1,15.75,25,12.0219931856629,12.117246298098,1
15,1,15.75,25,12.117246298098,12.1541183253484,1
15,1,15.75,25,12.1541183253484,12.819223314675,1
15,1,15.75,25,12.819223314675,13.4158263926284,1
15,1,15.75,25,13.4158263926284,13.6996671941909,1
15,1,15.75,25,13.6996671941909,13.945661202469,1
15,1,15.75,25,13.945661202469,15.1108138470765,1
15,1,15.75,25,15.1108138470765,15.4606705840489,1
15,1,15.75,25,15.4606705840489,15.4981347964173,1
15,1,15.75,25,15.4981347964173,15.5894721457929,1
15,1,15.75,25,15.5894721457929,15.7165534037653,1
15,1,15.75,25,15.7165534037653,15.75,0
16,1,10.75,1,0,8.88365159168472,1
16,1,10.75,1,8.88365159168472,10.75,0
17,1,20.75,1,0,6.51801044464965,1
17,1,20.75,1,6.51801044464965,20.75,0
18,1,15.75,35,0,6.70981954879878,1
18,1,15.75,35,6.70981954879878,7.6358669191762,1
18,1,15.75,35,7.6358669191762,8.40282290936547,1
18,1,15.75,35,8.40282290936547,8.8129783247091,1
18,1,15.75,35,8.8129783247091,8.85273331239772,1
18,1,15.75,35,8.85273331239772,9.20791726939093,1
18,1,15.75,35,9.20791726939093,9.7892667485446,1
18,1,15.75,35,9.7892667485446,9.81965318162116,1
18,1,15.75,35,9.81965318162116,9.82021118839219,1
18,1,15.75,35,9.82021118839219,10.5792764285685,1
18,1,15.75,35,10.5792764285685,10.5816275745281,1
18,1,15.75,35,10.5816275745281,10.8870590567062,1
18,1,15.75,35,10.8870590567062,11.9027541658777,1
18,1,15.75,35,11.9027541658777,12.1681496177521,1
18,1,15.75,35,12.1681496177521,12.3546174268696,1
18,1,15.75,35,12.3546174268696,12.3729687393072,1
18,1,15.75,35,12.3729687393072,12.7286353846271,1
18,1,15.75,35,12.7286353846271,12.7912539301333,1
18,1,15.75,35,12.7912539301333,12.9673575085907,1
18,1,15.75,35,12.9673575085907,13.2822527006971,1
18,1,15.75,35,13.2822527006971,13.7055190860239,1
18,1,15.75,35,13.7055190860239,13.7758922372799,1
18,1,15.75,35,13.7758922372799,13.8228566845191,1
18,1,15.75,35,13.8228566845191,13.8353882505805,1
18,1,15.75,35,13.8353882505805,13.9235951196203,1
18,1,15.75,35,13.9235951196203,14.2018229223341,1
18,1,15.75,35,14.2018229223341,14.2468917597659,1
18,1,15.75,35,14.2468917597659,14.4305691480366,1
18,1,15.75,35,14.4305691480366,14.6468943245893,1
18,1,15.75,35,14.6468943245893,14.9460597869784,1
18,1,15.75,35,14.9460597869784,15.0380980726171,1
18,1,15.75,35,15.0380980726171,15.4372403131535,1
18,1,15.75,35,15.4372403131535,15.5586452451366,1
18,1,15.75,35,15.5586452451366,15.6461029390862,1
18,1,15.75,35,15.6461029390862,15.6942816102971,1
18,1,15.75,35,15.6942816102971,15.75,0
19,1,11.75,0,0,11.75,0
20,1,13.75,1,0,11.640518130832,1
20,1,13.75,1,11.640518130832,13.75,0
21,1,14.75,63,0,1.0933839270755,1
21,1,14.75,63,1.0933839270755,1.40707076174697,1
21,1,14.75,63,1.40707076174697,2.19142689947211,1
21,1,14.75,63,2.19142689947211,3.08116712840599,1
21,1,14.75,63,3.08116712840599,4.52175687446563,1
21,1,14.75,63,4.52175687446563,4.93296078848615,1
21,1,14.75,63,4.93296078848615,5.2675086743628,1
21,1,14.75,63,5.2675086743628,5.4726529707221,1
21,1,14.75,63,5.4726529707221,5.69179425721576,1
21,1,14.75,63,5.69179425721576,5.76622252733416,1
21,1,14.75,63,5.76622252733416,6.35018360559026,1
21,1,14.75,63,6.35018360559026,6.4796231872685,1
21,1,14.75,63,6.4796231872685,7.29799246005526,1
21,1,14.75,63,7.29799246005526,7.58070846160535,1
21,1,14.75,63,7.58070846160535,7.86222431242881,1
21,1,14.75,63,7.86222431242881,8.22144179373987,1
21,1,14.75,63,8.22144179373987,8.82614225119995,1
21,1,14.75,63,8.82614225119995,8.89907436313854,1
21,1,14.75,63,8.89907436313854,8.90028315361896,1
21,1,14.75,63,8.90028315361896,9.11414252580458,1
21,1,14.75,63,9.11414252580458,9.12622779604869,1
21,1,14.75,63,9.12622779604869,9.35926696385812,1
21,1,14.75,63,9.35926696385812,9.64538187053094,1
21,1,14.75,63,9.64538187053094,9.6619460861057,1
21,1,14.75,63,9.6619460861057,9.952095898762,1
21,1,14.75,63,9.952095898762,10.2281212094797,1
21,1,14.75,63,10.2281212094797,10.3387395106486,1
21,1,14.75,63,10.3387395106486,10.4789416217611,1
21,1,14.75,63,10.4789416217611,10.6303091495364,1
21,1,14.75,63,10.6303091495364,10.7332505381848,1
21,1,14.75,63,10.7332505381848,10.7872982113012,1
21,1,14.75,63,10.7872982113012,10.7876375556606,1
21,1,14.75,63,10.7876375556606,10.805798787145,1
21,1,14.75,63,10.805798787145,10.9623901437216,1
21,1,14.75,63,10.9623901437216,11.1816280896864,1
21,1,14.75,63,11.1816280896864,11.4813530197326,1
21,1,14.75,63,11.4813530197326,11.5161950521004,1
21,1,14.75,63,11.5161950521004,11.543654655752,1
21,1,14.75,63,11.543654655752,11.6175142245133,1
21,1,14.75,63,11.6175142245133,11.8215677066887,1
21,1,14.75,63,11.8215677066887,11.8426018417054,1
21,1,14.75,63,11.8426018417054,12.0093117463608,1
21,1,14.75,63,12.0093117463608,12.0728610147573,1
21,1,14.75,63,12.0728610147573,12.2143719152184,1
21,1,14.75,63,12.2143719152184,12.635717706968,1
21,1,14.75,63,12.635717706968,12.6882825811706,1
21,1,14.75,63,12.6882825811706,12.7272824097613,1
21,1,14.75,63,12.7272824097613,12.7340205680581,1
21,1,14.75,63,12.7340205680581,12.7469576870736,1
21,1,14.75,63,12.7469576870736,12.7690750012074,1
21,1,14.75,63,12.7690750012074,12.9946081142715,1
21,1,14.75,63,12.9946081142715,13.1232704487274,1
21,1,14.75,63,13.1232704487274,13.1341773343901,1
21,1,14.75,63,13.1341773343901,13.1900274530626,1
21,1,14.75,63,13.1900274530626,13.3664204397381,1
21,1,14.75,63,13.3664204397381,13.4337413147184,1
21,1,14.75,63,13.4337413147184,13.4522102702668,1
21,1,14.75,63,13.4522102702668,13.6323379191465,1
21,1,14.75,63,13.6323379191465,13.8102778253005,1
21,1,14.75,63,13.8102778253005,13.8433775217423,1
21,1,14.75,63,13.8433775217423,13.9531142346752,1
21,1,14.75,63,13.9531142346752,14.1548175627716,1
21,1,14.75,63,14.1548175627716,14.1882512750727,1
21,1,14.75,63,14.1882512750727,14.75,0
22,1,14.75,24,0,1.83031229638044,1
22,1,14.75,24,1.83031229638044,4.45582181665443,1
22,1,14.75,24,4.45582181665443,4.9334045942691,1
22,1,14.75,24,4.9334045942691,5.74123298173702,1
22,1,14.75,24,5.74123298173702,8.8217842472358,1
22,1,14.75,24,8.8217842472358,9.37111076236704,1
22,1,14.75,24,9.37111076236704,9.69712934574544,1
22,1,14.75,24,9.69712934574544,10.282745535495,1
22,1,14.75,24,10.282745535495,10.3435912016006,1
22,1,14.75,24,10.3435912016006,10.561951992497,1
22,1,14.75,24,10.561951992497,10.6408241644492,1
22,1,14.75,24,10.6408241644492,10.8436447199256,1
22,1,14.75,24,10.8436447199256,11.04276767829,1
22,1,14.75,24,11.04276767829,11.6974013675075,1
22,1,14.75,24,11.6974013675075,11.756549042047,1
22,1,14.75,24,11.756549042047,12.1970368282991,1
22,1,14.75,24,12.1970368282991,12.4239714042879,1
22,1,14.75,24,12.4239714042879,13.9639118248215,1
22,1,14.75,24,13.9639118248215,14.2089197315575,1
22,1,14.75,24,14.2089197315575,14.26999355873,1
22,1,14.75,24,14.26999355873,14.4109510863925,1
22,1,14.75,24,14.4109510863925,14.4171585918206,1
22,1,14.75,24,14.4171585918206,14.4334239183015,1
22,1,14.75,24,14.4334239183015,14.6337833073492,1
22,1,14.75,24,14.6337833073492,14.75,0
23,1,14.75,1,0,0.268531528267041,1
23,1,14.75,1,0.268531528267041,14.75,0
24,1,15.75,1,0,0.396936497838994,1
24,1,15.75,1,0.396936497838994,15.75,0
25,1,9.75,8,0,4.72482555056273,1
25,1,9.75,8,4.72482555056273,6.54583038283975,1
25,1,9.75,8,6.54583038283975,7.2313866511478,1
25,1,9.75,8,7.2313866511478,7.5925524416831,1
25,1,9.75,8,7.5925524416831,8.09127139575783,1
25,1,9.75,8,8.09127139575783,8.13527377843188,1
25,1,9.75,8,8.13527377843188,8.57360685025853,1
25,1,9.75,8,8.57360685025853,9.15105836178452,1
25,1,9.75,8,9.15105836178452,9.75,0
26,1,15.75,1,0,4.46932708213459,1
26,1,15.75,1,4.46932708213459,15.75,0
27,1,13.75,1,0,11.4650415378777,1
27,1,13.75,1,11.4650415378777,13.75,0
28,1,19.75,71,0,3.63882368320302,1
28,1,19.75,71,3.63882368320302,4.30110727679241,1
28,1,19.75,71,4.30110727679241,4.68347551307381,1
28,1,19.75,71,4.68347551307381,7.03505813493731,1
28,1,19.75,71,7.03505813493731,7.32469683066923,1
28,1,19.75,71,7.32469683066923,8.21926867074109,1
28,1,19.75,71,8.21926867074109,8.37238914708139,1
28,1,19.75,71,8.37238914708139,8.79925207534581,1
28,1,19.75,71,8.79925207534581,9.08194123029399,1
28,1,19.75,71,9.08194123029399,9.82390263546338,1
28,1,19.75,71,9.82390263546338,10.1363584047802,1
28,1,19.75,71,10.1363584047802,10.1871946456031,1
28,1,19.75,71,10.1871946456031,10.5776190666614,1
28,1,19.75,71,10.5776190666614,10.854487904264,1
28,1,19.75,71,10.854487904264,10.9128118080285,1
28,1,19.75,71,10.9128118080285,10.9354798254737,1
28,1,19.75,71,10.9354798254737,11.0170909070117,1
28,1,19.75,71,11.0170909070117,11.0674711990165,1
28,1,19.75,71,11.0674711990165,11.3724044288047,1
28,1,19.75,71,11.3724044288047,11.6894291374514,1
28,1,19.75,71,11.6894291374514,12.0771111621508,1
28,1,19.75,71,12.0771111621508,12.1865147873819,1
28,1,19.75,71,12.1865147873819,12.4724292112176,1
28,1,19.75,71,12.4724292112176,12.7262459758066,1
28,1,19.75,71,12.7262459758066,12.8489050880592,1
28,1,19.75,71,12.8489050880592,12.8506369539575,1
28,1,19.75,71,12.8506369539575,12.8566028121265,1
28,1,19.75,71,12.8566028121265,12.967625435139,1
28,1,19.75,71,12.967625435139,13.0659940495442,1
28,1,19.75,71,13.0659940495442,13.354175768919,1
28,1,19.75,71,13.354175768919,13.4296318352935,1
28,1,19.75,71,13.4296318352935,13.6631705036101,1
28,1,19.75,71,13.6631705036101,14.0764465759761,1
28,1,19.75,71,14.0764465759761,14.48993247702,1
28,1,19.75,71,14.48993247702,14.6416981693215,1
28,1,19.75,71,14.6416981693215,14.6654398552514,1
28,1,19.75,71,14.6654398552514,14.7207486928375,1
28,1,19.75,71,14.7207486928375,14.776949016981,1
28,1,19.75,71,14.776949016981,14.8620108766095,1
28,1,19.75,71,14.8620108766095,15.0987131914131,1
28,1,19.75,71,15.0987131914131,15.1120625869016,1
28,1,19.75,71,15.1120625869016,15.233557309513,1
28,1,19.75,71,15.233557309513,15.3168132556778,1
28,1,19.75,71,15.3168132556778,15.7659059029466,1
28,1,19.75,71,15.7659059029466,15.8971111507552,1
28,1,19.75,71,15.8971111507552,15.9194904227249,1
28,1,19.75,71,15.9194904227249,16.1992135524077,1
28,1,19.75,71,16.1992135524077,16.3071201773905,1
28,1,19.75,71,16.3071201773905,16.4368176430305,1
28,1,19.75,71,16.4368176430305,16.4500503997562,1
28,1,19.75,71,16.4500503997562,16.7612891339319,1
28,1,19.75,71,16.7612891339319,16.8478888504977,1
28,1,19.75,71,16.8478888504977,16.902897603317,1
28,1,19.75,71,16.902897603317,17.1710259700703,1
28,1,19.75,71,17.1710259700703,17.18900497675,1
28,1,19.75,71,17.18900497675,17.4703101914174,1
28,1,19.75,71,17.4703101914174,17.813480601402,1
28,1,19.75,71,17.813480601402,17.9237342342619,1
28,1,19.75,71,17.9237342342619,17.9764705685273,1
28,1,19.75,71,17.9764705685273,18.0639161925534,1
28,1,19.75,71,18.0639161925534,18.5573532146374,1
28,1,19.75,71,18.5573532146374,18.6736088994436,1
28,1,19.75,71,18.6736088994436,18.727772982891,1
28,1,19.75,71,18.727772982891,18.7306634681707,1
28,1,19.75,71,18.7306634681707,18.9724939446543,1
28,1,19.75,71,18.9724939446543,19.0255622055967,1
28,1,19.75,71,19.0255622055967,19.02980902002,1
28,1,19.75,71,19.02980902002,19.1069896507781,1
28,1,19.75,71,19.1069896507781,19.386474566582,1
28,1,19.75,71,19.386474566582,19.4533230300591,1
28,1,19.75,71,19.4533230300591,19.5601472819897,1
28,1,19.75,71,19.5601472819897,19.75,0
29,1,13.75,24,0,1.928206157643,1
29,1,13.75,24,1.928206157643,3.9100314630572,1
29,1,13.75,24,3.9100314630572,4.09441229335116,1
29,1,13.75,24,4.09441229335116,6.45737574927383,1
29,1,13.75,24,6.45737574927383,7.79783407846971,1
29,1,13.75,24,7.79783407846971,8.3497575439638,1
29,1,13.75,24,8.3497575439638,8.44346118584172,1
29,1,13.75,24,8.44346118584172,8.71772528712785,1
29,1,13.75,24,8.71772528712785,8.75561264453926,1
29,1,13.75,24,8.75561264453926,9.03389235279105,1
29,1,13.75,24,9.03389235279105,9.325751795246,1
29,1,13.75,24,9.325751795246,9.76812711989871,1
29,1,13.75,24,9.76812711989871,9.77235930902411,1
29,1,13.75,24,9.77235930902411,10.095535857919,1
29,1,13.75,24,10.095535857919,10.5658751054423,1
29,1,13.75,24,10.5658751054423,11.359967931734,1
29,1,13.75,24,11.359967931734,11.7642907797982,1
29,1,13.75,24,11.7642907797982,11.8033491005037,1
29,1,13.75,24,11.8033491005037,12.5090006742692,1
29,1,13.75,24,12.5090006742692,13.3108325209207,1
29,1,13.75,24,13.3108325209207,13.5590814452756,1
29,1,13.75,24,13.5590814452756,13.5891851705643,1
29,1,13.75,24,13.5891851705643,13.6980952103021,1
29,1,13.75,24,13.6980952103021,13.7453071401594,1
29,1,13.75,24,13.7453071401594,13.75,0
30,1,8.75,3,0,0.280444665056568,1
30,1,8.75,3,0.280444665056568,6.99575941966001,1
30,1,8.75,3,6.99575941966001,8.38379822241292,1
30,1,8.75,3,8.38379822241292,8.75,0
31,1,20.75,7,0,0.00468410209630934,1
31,1,20.75,7,0.00468410209630934,0.315616290803181,1
31,1,20.75,7,0.315616290803181,1.02426523603795,1
31,1,20.75,7,1.02426523603795,1.30144483847903,1
31,1,20.75,7,1.30144483847903,6.56201961789469,1
31,1,20.75,7,6.56201961789469,9.61803763860927,1
31,1,20.75,7,9.61803763860927,14.2324109500464,1
31,1,20.75,7,14.2324109500464,20.75,0
32,1,15.75,23,0,5.98648544116797,1
32,1,15.75,23,5.98648544116797,6.87405301276093,1
32,1,15.75,23,6.87405301276093,7.5015579846394,1
32,1,15.75,23,7.5015579846394,7.68407863085565,1
32,1,15.75,23,7.68407863085565,7.74876274710067,1
32,1,15.75,23,7.74876274710067,8.41912700384287,1
32,1,15.75,23,8.41912700384287,8.75742092446518,1
32,1,15.75,23,8.75742092446518,8.82921444478971,1
32,1,15.75,23,8.82921444478971,9.63591559453156,1
32,1,15.75,23,9.63591559453156,10.0515382990853,1
32,1,15.75,23,10.0515382990853,11.2706246885936,1
32,1,15.75,23,11.2706246885936,11.6652162680172,1
32,1,15.75,23,11.6652162680172,12.2423725684423,1
32,1,15.75,23,12.2423725684423,12.3083991360023,1
32,1,15.75,23,12.3083991360023,12.540318459911,1
32,1,15.75,23,12.540318459911,13.4994166640038,1
32,1,15.75,23,13.4994166640038,13.960223672649,1
32,1,15.75,23,13.960223672649,14.0639846816905,1
32,1,15.75,23,14.0639846816905,14.3792638181515,1
32,1,15.75,23,14.3792638181515,14.7103953628761,1
32,1,15.75,23,14.7103953628761,14.9035587946475,1
32,1,15.75,23,14.9035587946475,15.2412599545015,1
32,1,15.75,23,15.2412599545015,15.4588253891461,1
32,1,15.75,23,15.4588253891461,15.75,0
33,1,10.75,2,0,4.08524233238908,1
33,1,10.75,2,4.08524233238908,8.62145718338512,1
33,1,10.75,2,8.62145718338512,10.75,0
34,1,14.75,22,0,5.24280797268952,1
34,1,14.75,22,5.24280797268952,5.6788389951567,1
34,1,14.75,22,5.6788389951567,5.75821974256797,1
34,1,14.75,22,5.75821974256797,7.50554595991179,1
34,1,14.75,22,7.50554595991179,8.31140214804068,1
34,1,14.75,22,8.31140214804068,8.48697082237095,1
34,1,14.75,22,8.48697082237095,8.64568775984266,1
34,1,14.75,22,8.64568775984266,9.01502860993418,1
34,1,14.75,22,9.01502860993418,10.0561020611433,1
34,1,14.75,22,10.0561020611433,10.640008734352,1
34,1,14.75,22,10.640008734352,11.4318807654625,1
34,1,14.75,22,11.4318807654625,11.4430118224076,1
34,1,14.75,22,11.4430118224076,11.9709474506103,1
34,1,14.75,22,11.9709474506103,12.170299407675,1
34,1,14.75,22,12.170299407675,12.2165173204172,1
34,1,14.75,22,12.2165173204172,12.3793907839635,1
34,1,14.75,22,12.3793907839635,13.3936137615969,1
34,1,14.75,22,13.3936137615969,13.5614748535756,1
34,1,14.75,22,13.5614748535756,13.7591771088797,1
34,1,14.75,22,13.7591771088797,14.1917469306244,1
34,1,14.75,22,14.1917469306244,14.3379092588391,1
34,1,14.75,22,14.3379092588391,14.436124213757,1
34,1,14.75,22,14.436124213757,14.75,0
35,1,12.75,26,0,1.77605774825903,1
35,1,12.75,26,1.77605774825903,2.86472121014513,1
35,1,12.75,26,2.86472121014513,3.61758420207145,1
35,1,12.75,26,3.61758420207145,3.92806211675519,1
35,1,12.75,26,3.92806211675519,5.83245170571456,1
35,1,12.75,26,5.83245170571456,6.11569634238784,1
35,1,12.75,26,6.11569634238784,7.07025109992248,1
35,1,12.75,26,7.07025109992248,7.73790995853982,1
35,1,12.75,26,7.73790995853982,7.76353228743617,1
35,1,12.75,26,7.76353228743617,7.76667123081442,1
35,1,12.75,26,7.76667123081442,8.33590600048399,1
35,1,12.75,26,8.33590600048399,8.47139121402452,1
35,1,12.75,26,8.47139121402452,8.50069318126919,1
35,1,12.75,26,8.50069318126919,8.81111606379295,1
35,1,12.75,26,8.81111606379295,9.38428478850091,1
35,1,12.75,26,9.38428478850091,10.3344544068838,1
35,1,12.75,26,10.3344544068838,10.4051810610688,1
35,1,12.75,26,10.4051810610688,11.070196418583,1
35,1,12.75,26,11.070196418583,11.3112370068731,1
35,1,12.75,26,11.3112370068731,11.6949298023511,1
35,1,12.75,26,11.6949298023511,11.8724165028511,1
35,1,12.75,26,11.8724165028511,11.9754632080296,1
35,1,12.75,26,11.9754632080296,12.0071603411046,1
35,1,12.75,26,12.0071603411046,12.2021340453816,1
35,1,12.75,26,12.2021340453816,12.2268506225554,1
35,1,12.75,26,12.2268506225554,12.635056322901,1
35,1,12.75,26,12.635056322901,12.75,0
36,1,11.75,21,0,2.30157941045862,1
36,1,11.75,21,2.30157941045862,3.18311569118976,1
36,1,11.75,21,3.18311569118976,5.3795051540429,1
36,1,11.75,21,5.3795051540429,5.44080946698719,1
36,1,11.75,21,5.44080946698719,5.71243310610434,1
36,1,11.75,21,5.71243310610434,5.76525277991869,1
36,1,11.75,21,5.76525277991869,6.365325905926,1
36,1,11.75,21,6.365325905926,6.6946742959235,1
36,1,11.75,21,6.6946742959235,7.01617082090714,1
36,1,11.75,21,7.01617082090714,7.15079479992491,1
36,1,11.75,21,7.15079479992491,7.88202334543287,1
36,1,11.75,21,7.88202334543287,7.97162765535632,1
36,1,11.75,21,7.97162765535632,8.23234522045531,1
36,1,11.75,21,8.23234522045531,8.53386246230653,1
36,1,11.75,21,8.53386246230653,9.57174550873599,1
36,1,11.75,21,9.57174550873599,9.57320984112753,1
36,1,11.75,21,9.57320984112753,10.5513913815631,1
36,1,11.75,21,10.5513913815631,10.6903335716816,1
36,1,11.75,21,10.6903335716816,10.9205825071753,1
36,1,11.75,21,10.9205825071753,10.9486937838254,1
36,1,11.75,21,10.9486937838254,11.1819389640769,1
36,1,11.75,21,11.1819389640769,11.75,0
37,1,8.75,6,0,2.13579164491769,1
37,1,8.75,6,2.13579164491769,5.84850426656903,1
37,1,8.75,6,5.84850426656903,6.32888614037513,1
37,1,8.75,6,6.32888614037513,6.87377936470438,1
37,1,8.75,6,6.87377936470438,7.73275861029437,1
37,1,8.75,6,7.73275861029437,7.885617932931,1
37,1,8.75,6,7.885617932931,8.75,0
38,1,10.75,2,0,0.00996331368927599,1
38,1,10.75,2,0.00996331368927599,9.4985056812347,1
38,1,10.75,2,9.4985056812347,10.75,0
39,1,10.75,1,0,2.08784195926595,1
39,1,10.75,1,2.08784195926595,10.75,0
40,1,15.75,3,0,0.125987277177796,1
40,1,15.75,3,0.125987277177796,2.84719627479076,1
40,1,15.75,3,2.84719627479076,6.9494233551476,1
40,1,15.75,3,6.9494233551476,15.75,0
41,1,12.75,14,0,2.01132877876018,1
41,1,12.75,14,2.01132877876018,5.4641643847487,1
41,1,12.75,14,5.4641643847487,6.43661760875279,1
41,1,12.75,14,6.43661760875279,6.89788448799948,1
41,1,12.75,14,6.89788448799948,7.51058814786202,1
41,1,12.75,14,7.51058814786202,8.809294621826,1
41,1,12.75,14,8.809294621826,9.10690941834049,1
41,1,12.75,14,9.10690941834049,9.24824836633731,1
41,1,12.75,14,9.24824836633731,10.6774456815806,1
41,1,12.75,14,10.6774456815806,10.8896379891602,1
41,1,12.75,14,10.8896379891602,11.6903163749865,1
41,1,12.75,14,11.6903163749865,12.2339020942582,1
41,1,12.75,14,12.2339020942582,12.3876790549221,1
41,1,12.75,14,12.3876790549221,12.6796236716544,1
41,1,12.75,14,12.6796236716544,12.75,0
42,1,19.75,4,0,2.96699638923191,1
42,1,19.75,4,2.96699638923191,3.06548422803724,1
42,1,19.75,4,3.06548422803724,4.35612824285559,1
42,1,19.75,4,4.35612824285559,17.1119033313462,1
42,1,19.75,4,17.1119033313462,19.75,0
43,1,17.75,3,0,0.0299572483804628,1
43,1,17.75,3,0.0299572483804628,2.99993318388096,1
43,1,17.75,3,2.99993318388096,5.69611688856683,1
43,1,17.75,3,5.69611688856683,17.75,0
44,1,14.75,3,0,0.127404926964564,1
44,1,14.75,3,0.127404926964564,0.506986910462828,1
44,1,14.75,3,0.506986910462828,10.5131104069348,1
44,1,14.75,3,10.5131104069348,14.75,0
45,1,19.75,1,0,0.860742352065431,1
45,1,19.75,1,0.860742352065431,19.75,0
46,1,16.75,16,0,1.96978887249478,1
46,1,16.75,16,1.96978887249478,6.00820260020834,1
46,1,16.75,16,6.00820260020834,6.7204706794544,1
46,1,16.75,16,6.7204706794544,8.11194189287919,1
46,1,16.75,16,8.11194189287919,8.22373206624294,1
46,1,16.75,16,8.22373206624294,8.22451739774887,1
46,1,16.75,16,8.22451739774887,9.73083192468343,1
46,1,16.75,16,9.73083192468343,10.743325170467,1
46,1,16.75,16,10.743325170467,11.4383570988615,1
46,1,16.75,16,11.4383570988615,11.8494853720265,1
46,1,16.75,16,11.8494853720265,12.5238046892582,1
46,1,16.75,16,12.5238046892582,13.9103485270295,1
46,1,16.75,16,13.9103485270295,14.3635496660483,1
46,1,16.75,16,14.3635496660483,14.5944372742116,1
46,1,16.75,16,14.5944372742116,15.6657997111503,1
46,1,16.75,16,15.6657997111503,16.7452787825111,1
46,1,16.75,16,16.7452787825111,16.75,0
47,1,10.75,1,0,0.851583699066822,1
47,1,10.75,1,0.851583699066822,10.75,0
48,1,20.75,2,0,2.59148150429407,1
48,1,20.75,2,2.59148150429407,3.7251614457898,1
48,1,20.75,2,3.7251614457898,20.75,0
49,1,11.75,29,0,3.38771950081123,1
49,1,11.75,29,3.38771950081123,3.68063954370864,1
49,1,11.75,29,3.68063954370864,4.22617447506898,1
49,1,11.75,29,4.22617447506898,4.73106566655668,1
49,1,11.75,29,4.73106566655668,5.24509805593637,1
49,1,11.75,29,5.24509805593637,5.28595184938545,1
49,1,11.75,29,5.28595184938545,6.35182178847719,1
49,1,11.75,29,6.35182178847719,6.47977710704019,1
49,1,11.75,29,6.47977710704019,6.78759999448236,1
49,1,11.75,29,6.78759999448236,6.84091962498248,1
49,1,11.75,29,6.84091962498248,7.16188163355652,1
49,1,11.75,29,7.16188163355652,7.47526518561908,1
49,1,11.75,29,7.47526518561908,7.85217547726693,1
49,1,11.75,29,7.85217547726693,7.86791580505336,1
49,1,11.75,29,7.86791580505336,8.11865825936284,1
49,1,11.75,29,8.11865825936284,8.47395107754027,1
49,1,11.75,29,8.47395107754027,8.62377579240364,1
49,1,11.75,29,8.62377579240364,8.71337740988663,1
49,1,11.75,29,8.71337740988663,9.94284135403504,1
49,1,11.75,29,9.94284135403504,10.1240398581788,1
49,1,11.75,29,10.1240398581788,10.5006842089211,1
49,1,11.75,29,10.5006842089211,10.7067213960471,1
49,1,11.75,29,10.7067213960471,10.7405729188688,1
49,1,11.75,29,10.7405729188688,10.9130279947674,1
49,1,11.75,29,10.9130279947674,11.3145286164109,1
49,1,11.75,29,11.3145286164109,11.3593777806536,1
49,1,11.75,29,11.3593777806536,11.5794464683495,1
49,1,11.75,29,11.5794464683495,11.6267317357322,1
49,1,11.75,29,11.6267317357322,11.7302233370619,1
49,1,11.75,29,11.7302233370619,11.75,0
50,1,19.75,3,0,1.53272140806872,1
50,1,19.75,3,1.53272140806872,8.5738260399984,1
50,1,19.75,3,8.5738260399984,14.8454195810232,1
50,1,19.75,3,14.8454195810232,19.75,0
51,1,8.75,3,0,0.0222694922179832,1
51,1,8.75,3,0.0222694922179832,0.0247317061380505,1
51,1,8.75,3,0.0247317061380505,3.15641816547999,1
51,1,8.75,3,3.15641816547999,8.75,0
52,1,13.75,5,0,0.556432388059206,1
52,1,13.75,5,0.556432388059206,1.88933987474448,1
52,1,13.75,5,1.88933987474448,3.51212847151366,1
52,1,13.75,5,3.51212847151366,9.22619325713755,1
52,1,13.75,5,9.22619325713755,11.8388802150741,1
52,1,13.75,5,11.8388802150741,13.75,0
53,1,15.75,33,0,4.29555599742392,1
53,1,15.75,33,4.29555599742392,4.50232158950355,1
53,1,15.75,33,4.50232158950355,6.13588094572154,1
53,1,15.75,33,6.13588094572154,7.40480956422694,1
53,1,15.75,33,7.40480956422694,7.54713390375655,1
53,1,15.75,33,7.54713390375655,8.23272450898988,1
53,1,15.75,33,8.23272450898988,8.56676696349906,1
53,1,15.75,33,8.56676696349906,8.880014387316,1
53,1,15.75,33,8.880014387316,9.04317727686226,1
53,1,15.75,33,9.04317727686226,9.20760872126924,1
53,1,15.75,33,9.20760872126924,9.27904310647317,1
53,1,15.75,33,9.27904310647317,9.79867390357531,1
53,1,15.75,33,9.79867390357531,10.0302065733547,1
53,1,15.75,33,10.0302065733547,11.3039752363166,1
53,1,15.75,33,11.3039752363166,11.6939751753573,1
53,1,15.75,33,11.6939751753573,11.79892822195,1
53,1,15.75,33,11.79892822195,11.891303913517,1
53,1,15.75,33,11.891303913517,13.1736282786194,1
53,1,15.75,33,13.1736282786194,13.3723657869037,1
53,1,15.75,33,13.3723657869037,13.6173629880267,1
53,1,15.75,33,13.6173629880267,13.9922609908551,1
53,1,15.75,33,13.9922609908551,14.1614503280214,1
53,1,15.75,33,14.1614503280214,14.2492389092172,1
53,1,15.75,33,14.2492389092172,14.2655537941397,1
53,1,15.75,33,14.2655537941397,14.3504283439748,1
53,1,15.75,33,14.3504283439748,14.6749040506736,1
53,1,15.75,33,14.6749040506736,14.8085485789775,1
53,1,15.75,33,14.8085485789775,14.866526961217,1
53,1,15.75,33,14.866526961217,14.8922743193803,1
53,1,15.75,33,14.8922743193803,14.9538628120429,1
53,1,15.75,33,14.9538628120429,15.4650385272677,1
53,1,15.75,33,15.4650385272677,15.4962023766263,1
53,1,15.75,33,15.4962023766263,15.5394186403739,1
53,1,15.75,33,15.5394186403739,15.75,0
54,1,12.75,0,0,12.75,0
55,1,14.75,2,0,7.03866416911986,1
55,1,14.75,2,7.03866416911986,11.5338506750124,1
55,1,14.75,2,11.5338506750124,14.75,0
56,1,15.75,45,0,0.727614371662634,1
56,1,15.75,45,0.727614371662634,1.84188468961389,1
56,1,15.75,45,1.84188468961389,3.80956099336127,1
56,1,15.75,45,3.80956099336127,4.031699600582,1
56,1,15.75,45,4.031699600582,6.24309675081076,1
56,1,15.75,45,6.24309675081076,6.26966878043724,1
56,1,15.75,45,6.26966878043724,6.32415278945328,1
56,1,15.75,45,6.32415278945328,6.53162004914204,1
56,1,15.75,45,6.53162004914204,6.86106201141676,1
56,1,15.75,45,6.86106201141676,7.02856684981263,1
56,1,15.75,45,7.02856684981263,8.04209739279255,1
56,1,15.75,45,8.04209739279255,8.13004396087559,1
56,1,15.75,45,8.13004396087559,8.6893151859369,1
56,1,15.75,45,8.6893151859369,9.0324203263979,1
56,1,15.75,45,9.0324203263979,9.20699048562204,1
56,1,15.75,45,9.20699048562204,9.5102669720922,1
56,1,15.75,45,9.5102669720922,9.81704273519993,1
56,1,15.75,45,9.81704273519993,10.0423892125607,1
56,1,15.75,45,10.0423892125607,10.1477805092469,1
56,1,15.75,45,10.1477805092469,10.6740861919123,1
56,1,15.75,45,10.6740861919123,10.7007352443363,1
56,1,15.75,45,10.7007352443363,11.1714762767553,1
56,1,15.75,45,11.1714762767553,11.2842337605986,1
56,1,15.75,45,11.2842337605986,11.4018929426882,1
56,1,15.75,45,11.4018929426882,11.4976764989997,1
56,1,15.75,45,11.4976764989997,11.5891127524968,1
56,1,15.75,45,11.5891127524968,12.1223898329253,1
56,1,15.75,45,12.1223898329253,12.3438348550945,1
56,1,15.75,45,12.3438348550945,12.3691636841478,1
56,1,15.75,45,12.3691636841478,12.4771854346842,1
56,1,15.75,45,12.4771854346842,12.515584343582,1
56,1,15.75,45,12.515584343582,12.7544676551362,1
56,1,15.75,45,12.7544676551362,13.1180207509557,1
56,1,15.75,45,13.1180207509557,13.5711373349008,1
56,1,15.75,45,13.5711373349008,13.9136279434968,1
56,1,15.75,45,13.9136279434968,13.9368782815828,1
56,1,15.75,45,13.9368782815828,14.2841554390019,1
56,1,15.75,45,14.2841554390019,14.3966385027265,1
56,1,15.75,45,14.3966385027265,14.9076581213113,1
56,1,15.75,45,14.9076581213113,15.1997631408764,1
56,1,15.75,45,15.1997631408764,15.4225356351397,1
56,1,15.75,45,15.4225356351397,15.4674177469844,1
56,1,15.75,45,15.4674177469844,15.6357664104417,1
56,1,15.75,45,15.6357664104417,15.6445591204568,1
56,1,15.75,45,15.6445591204568,15.6593118444827,1
56,1,15.75,45,15.6593118444827,15.75,0
57,1,14.75,58,0,4.02220608697244,1
57,1,14.75,58,4.02220608697244,5.42884383550232,1
57,1,14.75,58,5.42884383550232,5.89874563592153,1
57,1,14.75,58,5.89874563592153,6.24845647594794,1
57,1,14.75,58,6.24845647594794,6.49472611512836,1
57,1,14.75,58,6.49472611512836,6.62350086598229,1
57,1,14.75,58,6.62350086598229,7.28178111215772,1
57,1,14.75,58,7.28178111215772,7.43156611339012,1
57,1,14.75,58,7.43156611339012,7.68981999786263,1
57,1,14.75,58,7.68981999786263,8.32306146802243,1
57,1,14.75,58,8.32306146802243,8.59128474063876,1
57,1,14.75,58,8.59128474063876,8.96842095144852,1
57,1,14.75,58,8.96842095144852,9.46942720478216,1
57,1,14.75,58,9.46942720478216,9.4838771577753,1
57,1,14.75,58,9.4838771577753,9.77080128339245,1
57,1,14.75,58,9.77080128339245,9.7873725972625,1
57,1,14.75,58,9.7873725972625,9.99623617903706,1
57,1,14.75,58,9.99623617903706,10.2283576640754,1
57,1,14.75,58,10.2283576640754,10.2417763050909,1
57,1,14.75,58,10.2417763050909,10.5458983473271,1
57,1,14.75,58,10.5458983473271,10.6780120246097,1
57,1,14.75,58,10.6780120246097,10.7791701154287,1
57,1,14.75,58,10.7791701154287,10.7826318566015,1
57,1,14.75,58,10.7826318566015,10.8653125912054,1
57,1,14.75,58,10.8653125912054,10.9077483220387,1
57,1,14.75,58,10.9077483220387,10.928742708741,1
57,1,14.75,58,10.928742708741,11.0269081868976,1
57,1,14.75,58,11.0269081868976,11.0369896295793,1
57,1,14.75,58,11.0369896295793,11.0526110701611,1
57,1,14.75,58,11.0526110701611,11.3679874811507,1
57,1,14.75,58,11.3679874811507,11.4459422819666,1
57,1,14.75,58,11.4459422819666,11.462381594522,1
57,1,14.75,58,11.462381594522,11.5427475814546,1
57,1,14.75,58,11.5427475814546,11.565303890639,1
57,1,14.75,58,11.565303890639,11.7200862622504,1
57,1,14.75,58,11.7200862622504,11.9443047932223,1
57,1,14.75,58,11.9443047932223,12.0216055542439,1
57,1,14.75,58,12.0216055542439,12.1637157619144,1
57,1,14.75,58,12.1637157619144,12.2522727702345,1
57,1,14.75,58,12.2522727702345,12.2998380188097,1
57,1,14.75,58,12.2998380188097,12.4189707841876,1
57,1,14.75,58,12.4189707841876,12.481572417641,1
57,1,14.75,58,12.481572417641,12.5401757328384,1
57,1,14.75,58,12.5401757328384,12.6805631827614,1
57,1,14.75,58,12.6805631827614,12.9460348275012,1
57,1,14.75,58,12.9460348275012,13.053347980355,1
57,1,14.75,58,13.053347980355,13.1864189537902,1
57,1,14.75,58,13.1864189537902,13.2900982914043,1
57,1,14.75,58,13.2900982914043,13.3213261652668,1
57,1,14.75,58,13.3213261652668,13.3375562089386,1
57,1,14.75,58,13.3375562089386,13.3627415335297,1
57,1,14.75,58,13.3627415335297,13.5546342086414,1
57,1,14.75,58,13.5546342086414,13.6985059775061,1
57,1,14.75,58,13.6985059775061,13.7127262079772,1
57,1,14.75,58,13.7127262079772,14.0131110749103,1
57,1,14.75,58,14.0131110749103,14.0294577000988,1
57,1,14.75,58,14.0294577000988,14.6846879606265,1
57,1,14.75,58,14.6846879606265,14.7231192539255,1
57,1,14.75,58,14.7231192539255,14.75,0
58,1,18.75,1,0,11.9030852505993,1
58,1,18.75,1,11.9030852505993,18.75,0
59,1,19.75,5,0,0.101668901044307,1
59,1,19.75,5,0.101668901044307,0.539371055919434,1
59,1,19.75,5,0.539371055919434,0.970517867743255,1
59,1,19.75,5,0.970517867743255,1.49897097066312,1
59,1,19.75,5,1.49897097066312,5.69823825213152,1
59,1,19.75,5,5.69823825213152,19.75,0
60,1,16.75,0,0,16.75,0
61,1,20.75,3,0,5.23469604365022,1
61,1,20.75,3,5.23469604365022,6.68120145060731,1
61,1,20.75,3,6.68120145060731,7.0794509843035,1
61,1,20.75,3,7.0794509843035,20.75,0
62,1,9.75,1,0,0.0236078091104844,1
62,1,9.75,1,0.0236078091104844,9.75,0
63,1,8.75,0,0,8.75,0
64,1,10.75,1,0,2.2772793413094,1
64,1,10.75,1,2.2772793413094,10.75,0
65,1,15.75,36,0,2.61178675899227,1
65,1,15.75,36,2.61178675899227,5.93486331598227,1
65,1,15.75,36,5.93486331598227,6.78645004651347,1
65,1,15.75,36,6.78645004651347,6.96251939069471,1
65,1,15.75,36,6.96251939069471,7.13036739090147,1
65,1,15.75,36,7.13036739090147,7.24926410897379,1
65,1,15.75,36,7.24926410897379,7.51211671618218,1
65,1,15.75,36,7.51211671618218,8.41105656978549,1
65,1,15.75,36,8.41105656978549,8.42147584246658,1
65,1,15.75,36,8.42147584246658,8.42909142759869,1
65,1,15.75,36,8.42909142759869,8.82386980690666,1
65,1,15.75,36,8.82386980690666,8.84732750120834,1
65,1,15.75,36,8.84732750120834,9.28336384252143,1
65,1,15.75,36,9.28336384252143,9.3768621211635,1
65,1,15.75,36,9.3768621211635,9.63888599447164,1
65,1,15.75,36,9.63888599447164,10.0957153303756,1
65,1,15.75,36,10.0957153303756,10.3270001654594,1
65,1,15.75,36,10.3270001654594,11.3577973119551,1
65,1,15.75,36,11.3577973119551,11.7286298597878,1
65,1,15.75,36,11.7286298597878,11.9085628797278,1
65,1,15.75,36,11.9085628797278,12.1875446444342,1
65,1,15.75,36,12.1875446444342,12.878135040179,1
65,1,15.75,36,12.878135040179,13.0039891598382,1
65,1,15.75,36,13.0039891598382,13.3554237497686,1
65,1,15.75,36,13.3554237497686,13.4047616422042,1
65,1,15.75,36,13.4047616422042,13.4869812088991,1
65,1,15.75,36,13.4869812088991,13.5100080944093,1
65,1,15.75,36,13.5100080944093,14.0359292558871,1
65,1,15.75,36,14.0359292558871,14.2694650783648,1
65,1,15.75,36,14.2694650783648,14.406900330908,1
65,1,15.75,36,14.406900330908,14.6090765105135,1
65,1,15.75,36,14.6090765105135,14.756656223935,1
65,1,15.75,36,14.756656223935,14.808625858024,1
65,1,15.75,36,14.808625858024,15.1007612986032,1
65,1,15.75,36,15.1007612986032,15.5212179853937,1
65,1,15.75,36,15.5212179853937,15.5839019389571,1
65,1,15.75,36,15.5839019389571,15.75,0
66,1,14.75,3,0,0.654665740169771,1
66,1,14.75,3,0.654665740169771,1.89269891084889,1
66,1,14.75,3,1.89269891084889,7.47543078793342,1
66,1,14.75,3,7.47543078793342,14.75,0
67,1,15.75,0,0,15.75,0
68,1,10.75,12,0,3.11002264655058,1
68,1,10.75,12,3.11002264655058,3.21200223911558,1
68,1,10.75,12,3.21200223911558,5.16290387060178,1
68,1,10.75,12,5.16290387060178,5.22995621659293,1
68,1,10.75,12,5.22995621659293,6.53672931860713,1
68,1,10.75,12,6.53672931860713,6.80403146932265,1
68,1,10.75,12,6.80403146932265,6.805563349078,1
68,1,10.75,12,6.805563349078,7.01438897627063,1
68,1,10.75,12,7.01438897627063,9.57087015413633,1
68,1,10.75,12,9.57087015413633,9.78171124826419,1
68,1,10.75,12,9.78171124826419,9.93508741631481,1
68,1,10.75,12,9.93508741631481,10.5942779010581,1
68,1,10.75,12,10.5942779010581,10.75,0
69,1,14.75,41,0,5.45636032871058,1
69,1,14.75,41,5.45636032871058,6.11961292698682,1
69,1,14.75,41,6.11961292698682,6.31909454748278,1
69,1,14.75,41,6.31909454748278,6.35544142165559,1
69,1,14.75,41,6.35544142165559,6.76396102179779,1
69,1,14.75,41,6.76396102179779,6.82110612978564,1
69,1,14.75,41,6.82110612978564,7.74208889530929,1
69,1,14.75,41,7.74208889530929,8.5714232044031,1
69,1,14.75,41,8.5714232044031,8.57321232125951,1
69,1,14.75,41,8.57321232125951,8.80133335662227,1
69,1,14.75,41,8.80133335662227,8.9918934576621,1
69,1,14.75,41,8.9918934576621,9.04612921684755,1
69,1,14.75,41,9.04612921684755,9.13181834215346,1
69,1,14.75,41,9.13181834215346,9.22874908767166,1
69,1,14.75,41,9.22874908767166,9.73374914871684,1
69,1,14.75,41,9.73374914871684,9.78444018649213,1
69,1,14.75,41,9.78444018649213,9.98866800674614,1
69,1,14.75,41,9.98866800674614,10.020366674319,1
69,1,14.75,41,10.020366674319,10.3034617852266,1
69,1,14.75,41,10.3034617852266,10.5045239050003,1
69,1,14.75,41,10.5045239050003,10.8747968863835,1
69,1,14.75,41,10.8747968863835,10.9618118852048,1
69,1,14.75,41,10.9618118852048,11.2779583799248,1
69,1,14.75,41,11.2779583799248,11.2782210274074,1
69,1,14.75,41,11.2782210274074,11.5147266664702,1
69,1,14.75,41,11.5147266664702,11.9141721736336,1
69,1,14.75,41,11.9141721736336,12.436315031834,1
69,1,14.75,41,12.436315031834,12.5375154795477,1
69,1,14.75,41,12.5375154795477,12.7779189553736,1
69,1,14.75,41,12.7779189553736,12.8344615717667,1
69,1,14.75,41,12.8344615717667,12.9867075235031,1
69,1,14.75,41,12.9867075235031,13.0370916997393,1
69,1,14.75,41,13.0370916997393,13.4663919341921,1
69,1,14.75,41,13.4663919341921,13.5436420903021,1
69,1,14.75,41,13.5436420903021,13.5847691525093,1
69,1,14.75,41,13.5847691525093,13.8340625141047,1
69,1,14.75,41,13.8340625141047,13.8772467931387,1
69,1,14.75,41,13.8772467931387,14.0185403389309,1
69,1,14.75,41,14.0185403389309,14.0659125159779,1
69,1,14.75,41,14.0659125159779,14.1592743919122,1
69,1,14.75,41,14.1592743919122,14.7431548609657,1
69,1,14.75,41,14.7431548609657,14.75,0
70,1,13.75,15,0,5.28549523819988,1
70,1,13.75,15,5.28549523819988,7.24976999584162,1
70,1,13.75,15,7.24976999584162,8.86055912542704,1
70,1,13.75,15,8.86055912542704,9.34218773661523,1
70,1,13.75,15,9.34218773661523,9.67120674426863,1
70,1,13.75,15,9.67120674426863,9.76415293531871,1
70,1,13.75,15,9.76415293531871,10.6736236769259,1
70,1,13.75,15,10.6736236769259,10.8369121867919,1
70,1,13.75,15,10.8369121867919,11.3504099881434,1
70,1,13.75,15,11.3504099881434,11.5221419638053,1
70,1,13.75,15,11.5221419638053,12.1550439597764,1
70,1,13.75,15,12.1550439597764,12.5434769016256,1
70,1,13.75,15,12.5434769016256,12.9819277908444,1
70,1,13.75,15,12.9819277908444,13.3325312966284,1
70,1,13.75,15,13.3325312966284,13.4146355974792,1
70,1,13.75,15,13.4146355974792,13.75,0
71,1,10.75,1,0,1.62894361748889,1
71,1,10.75,1,1.62894361748889,10.75,0
72,1,11.75,0,0,11.75,0
73,1,10.75,2,0,8.76911829577133,1
73,1,10.75,2,8.76911829577133,9.22446962968507,1
73,1,10.75,2,9.22446962968507,10.75,0
74,1,20.75,17,0,4.79402020061443,1
74,1,20.75,17,4.79402020061443,8.65020019218432,1
74,1,20.75,17,8.65020019218432,9.5316027245702,1
74,1,20.75,17,9.5316027245702,14.6888593871637,1
74,1,20.75,17,14.6888593871637,15.0694919813031,1
74,1,20.75,17,15.0694919813031,15.2032163426548,1
74,1,20.75,17,15.2032163426548,15.875983782177,1
74,1,20.75,17,15.875983782177,16.7232189646322,1
74,1,20.75,17,16.7232189646322,17.0736799250528,1
74,1,20.75,17,17.0736799250528,17.1298773684406,1
74,1,20.75,17,17.1298773684406,17.2758841569778,1
74,1,20.75,17,17.2758841569778,17.6143034998557,1
74,1,20.75,17,17.6143034998557,17.79519583222,1
74,1,20.75,17,17.79519583222,18.9224268736396,1
74,1,20.75,17,18.9224268736396,18.9305426369767,1
74,1,20.75,17,18.9305426369767,19.6078423621789,1
74,1,20.75,17,19.6078423621789,19.8720324088618,1
74,1,20.75,17,19.8720324088618,20.75,0
75,1,15.75,44,0,3.85022043849725,1
75,1,15.75,44,3.85022043849725,6.0940546282061,1
75,1,15.75,44,6.0940546282061,6.37544557964348,1
75,1,15.75,44,6.37544557964348,6.41268195388735,1
75,1,15.75,44,6.41268195388735,6.52221274212211,1
75,1,15.75,44,6.52221274212211,6.53499928437164,1
75,1,15.75,44,6.53499928437164,6.54586607898754,1
75,1,15.75,44,6.54586607898754,7.71864578361412,1
75,1,15.75,44,7.71864578361412,7.82604072160281,1
75,1,15.75,44,7.82604072160281,8.08482971583466,1
75,1,15.75,44,8.08482971583466,8.22086428610942,1
75,1,15.75,44,8.22086428610942,8.26053825027288,1
75,1,15.75,44,8.26053825027288,8.4590119564582,1
75,1,15.75,44,8.4590119564582,8.51523743131634,1
75,1,15.75,44,8.51523743131634,8.53468512241558,1
75,1,15.75,44,8.53468512241558,9.04238243966644,1
75,1,15.75,44,9.04238243966644,9.33897636561241,1
75,1,15.75,44,9.33897636561241,10.9098275580285,1
75,1,15.75,44,10.9098275580285,11.3280068080844,1
75,1,15.75,44,11.3280068080844,11.3981926315526,1
75,1,15.75,44,11.3981926315526,11.439074215462,1
75,1,15.75,44,11.439074215462,12.0810893902239,1
75,1,15.75,44,12.0810893902239,12.1734300898515,1
75,1,15.75,44,12.1734300898515,12.1855521602626,1
75,1,15.75,44,12.1855521602626,12.2497570024139,1
75,1,15.75,44,12.2497570024139,12.3073878783266,1
75,1,15.75,44,12.3073878783266,12.5004391913142,1
75,1,15.75,44,12.5004391913142,12.5649669547268,1
75,1,15.75,44,12.5649669547268,12.565787457177,1
75,1,15.75,44,12.565787457177,12.7035283298044,1
75,1,15.75,44,12.7035283298044,12.801749986454,1
75,1,15.75,44,12.801749986454,13.1885581580032,1
75,1,15.75,44,13.1885581580032,13.4200612370021,1
75,1,15.75,44,13.4200612370021,13.8154950107196,1
75,1,15.75,44,13.8154950107196,13.8632984614984,1
75,1,15.75,44,13.8632984614984,14.1548019163584,1
75,1,15.75,44,14.1548019163584,14.4098393643119,1
75,1,15.75,44,14.4098393643119,14.4386255907783,1
75,1,15.75,44,14.4386255907783,14.5602440955493,1
75,1,15.75,44,14.5602440955493,14.5795284504252,1
75,1,15.75,44,14.5795284504252,15.3206335865701,1
75,1,15.75,44,15.3206335865701,15.4158274122669,1
75,1,15.75,44,15.4158274122669,15.5433614994614,1
75,1,15.75,44,15.5433614994614,15.6516954107868,1
75,1,15.75,44,15.6516954107868,15.75,0
76,1,16.75,82,0,1.4994419028526,1
76,1,16.75,82,1.4994419028526,1.83335239166484,1
76,1,16.75,82,1.83335239166484,1.88639411668386,1
76,1,16.75,82,1.88639411668386,3.16301952988489,1
76,1,16.75,82,3.16301952988489,4.9906943512803,1
76,1,16.75,82,4.9906943512803,5.76012018672731,1
76,1,16.75,82,5.76012018672731,6.55744343251591,1
76,1,16.75,82,6.55744343251591,7.07367680190304,1
76,1,16.75,82,7.07367680190304,7.41753587923722,1
76,1,16.75,82,7.41753587923722,7.71029590203119,1
76,1,16.75,82,7.71029590203119,7.72704770475121,1
76,1,16.75,82,7.72704770475121,7.75101964300108,1
76,1,16.75,82,7.75101964300108,8.14891373755359,1
76,1,16.75,82,8.14891373755359,8.31053532487843,1
76,1,16.75,82,8.31053532487843,8.32747336050384,1
76,1,16.75,82,8.32747336050384,8.44961218688641,1
76,1,16.75,82,8.44961218688641,8.53496726014355,1
76,1,16.75,82,8.53496726014355,8.55272998808606,1
76,1,16.75,82,8.55272998808606,8.670943275746,1
76,1,16.75,82,8.670943275746,8.98406392781259,1
76,1,16.75,82,8.98406392781259,9.39995774508759,1
76,1,16.75,82,9.39995774508759,9.50396175038663,1
76,1,16.75,82,9.50396175038663,9.55529967408942,1
76,1,16.75,82,9.55529967408942,9.75199301002806,1
76,1,16.75,82,9.75199301002806,9.81194722804412,1
76,1,16.75,82,9.81194722804412,10.1433231492171,1
76,1,16.75,82,10.1433231492171,10.3281512735924,1
76,1,16.75,82,10.3281512735924,10.4045899558417,1
76,1,16.75,82,10.4045899558417,10.5053309367455,1
76,1,16.75,82,10.5053309367455,10.5194078501301,1
76,1,16.75,82,10.5194078501301,10.6449488424079,1
76,1,16.75,82,10.6449488424079,10.8074441744664,1
76,1,16.75,82,10.8074441744664,10.8682451173169,1
76,1,16.75,82,10.8682451173169,11.0687187030872,1
76,1,16.75,82,11.0687187030872,11.1500163642392,1
76,1,16.75,82,11.1500163642392,11.2598568756931,1
76,1,16.75,82,11.2598568756931,11.290159646696,1
76,1,16.75,82,11.290159646696,11.4339032569529,1
76,1,16.75,82,11.4339032569529,11.4632451046673,1
76,1,16.75,82,11.4632451046673,11.7394728151771,1
76,1,16.75,82,11.7394728151771,11.8526226632963,1
76,1,16.75,82,11.8526226632963,12.0620152894,1
76,1,16.75,82,12.0620152894,12.0638682382151,1
76,1,16.75,82,12.0638682382151,12.1465280370647,1
76,1,16.75,82,12.1465280370647,12.1737079760984,1
76,1,16.75,82,12.1737079760984,12.1887126549003,1
76,1,16.75,82,12.1887126549003,12.5225112557034,1
76,1,16.75,82,12.5225112557034,12.5493455354013,1
76,1,16.75,82,12.5493455354013,12.6428603908917,1
76,1,16.75,82,12.6428603908917,13.0114221337103,1
76,1,16.75,82,13.0114221337103,13.4250860681265,1
76,1,16.75,82,13.4250860681265,13.5260430905851,1
76,1,16.75,82,13.5260430905851,13.6696198651902,1
76,1,16.75,82,13.6696198651902,13.7886097410595,1
76,1,16.75,82,13.7886097410595,13.9344963194045,1
76,1,16.75,82,13.9344963194045,14.063459681505,1
76,1,16.75,82,14.063459681505,14.4004960412775,1
76,1,16.75,82,14.4004960412775,14.4195157096885,1
76,1,16.75,82,14.4195157096885,14.6565900895698,1
76,1,16.75,82,14.6565900895698,14.6967824785957,1
76,1,16.75,82,14.6967824785957,14.7519855105817,1
76,1,16.75,82,14.7519855105817,14.7834730219684,1
76,1,16.75,82,14.7834730219684,14.8022769099273,1
76,1,16.75,82,14.8022769099273,14.8116973327302,1
76,1,16.75,82,14.8116973327302,14.9005719084059,1
76,1,16.75,82,14.9005719084059,15.19396496031,1
76,1,16.75,82,15.19396496031,15.3787175316318,1
76,1,16.75,82,15.3787175316318,15.4161250427676,1
76,1,16.75,82,15.4161250427676,15.4520298351656,1
76,1,16.75,82,15.4520298351656,15.62564347347,1
76,1,16.75,82,15.62564347347,15.6556152879986,1
76,1,16.75,82,15.6556152879986,15.7432151505785,1
76,1,16.75,82,15.7432151505785,15.7843406584147,1
76,1,16.75,82,15.7843406584147,16.0016673968029,1
76,1,16.75,82,16.0016673968029,16.0383553254517,1
76,1,16.75,82,16.0383553254517,16.2845212432864,1
76,1,16.75,82,16.2845212432864,16.3131437551622,1
76,1,16.75,82,16.3131437551622,16.3641510470997,1
76,1,16.75,82,16.3641510470997,16.4084686935647,1
76,1,16.75,82,16.4084686935647,16.4338931264334,1
76,1,16.75,82,16.4338931264334,16.614608182197,1
76,1,16.75,82,16.614608182197,16.6966540046116,1
76,1,16.75,82,16.6966540046116,16.75,0
77,1,9.75,9,0,6.1347305358651,1
77,1,9.75,9,6.1347305358651,7.11337957817262,1
77,1,9.75,9,7.11337957817262,7.57089708775264,1
77,1,9.75,9,7.57089708775264,7.58522507562301,1
77,1,9.75,9,7.58522507562301,7.78487217777906,1
77,1,9.75,9,7.78487217777906,8.06597614333671,1
77,1,9.75,9,8.06597614333671,8.76102693889943,1
77,1,9.75,9,8.76102693889943,9.34245728552535,1
77,1,9.75,9,9.34245728552535,9.68952635703738,1
77,1,9.75,9,9.68952635703738,9.75,0
78,1,14.75,2,0,8.75027608370476,1
78,1,14.75,2,8.75027608370476,11.875220777347,1
78,1,14.75,2,11.875220777347,14.75,0
79,1,14.75,3,0,1.18913778918084,1
79,1,14.75,3,1.18913778918084,8.52227039173022,1
79,1,14.75,3,8.52227039173022,10.5856971462886,1
79,1,14.75,3,10.5856971462886,14.75,0
80,1,11.75,0,0,11.75,0
81,1,20.75,78,0,5.06730288172492,1
81,1,20.75,78,5.06730288172492,5.26882061305478,1
81,1,20.75,78,5.26882061305478,5.60064514183955,1
81,1,20.75,78,5.60064514183955,5.6333550697668,1
81,1,20.75,78,5.6333550697668,8.94322782135356,1
81,1,20.75,78,8.94322782135356,9.25278291777669,1
81,1,20.75,78,9.25278291777669,9.54876891703579,1
81,1,20.75,78,9.54876891703579,9.80445674292992,1
81,1,20.75,78,9.80445674292992,9.93614184101267,1
81,1,20.75,78,9.93614184101267,10.5547792360708,1
81,1,20.75,78,10.5547792360708,10.6299956337351,1
81,1,20.75,78,10.6299956337351,11.2056105010026,1
81,1,20.75,78,11.2056105010026,11.3937124055247,1
81,1,20.75,78,11.3937124055247,11.7706323525729,1
81,1,20.75,78,11.7706323525729,12.1042615903277,1
81,1,20.75,78,12.1042615903277,12.4828758930318,1
81,1,20.75,78,12.4828758930318,12.5136193783626,1
81,1,20.75,78,12.5136193783626,12.7835454174453,1
81,1,20.75,78,12.7835454174453,12.9517816290925,1
81,1,20.75,78,12.9517816290925,13.0355664616698,1
81,1,20.75,78,13.0355664616698,13.1629995579738,1
81,1,20.75,78,13.1629995579738,13.3909358971206,1
81,1,20.75,78,13.3909358971206,13.6081808111959,1
81,1,20.75,78,13.6081808111959,13.6264400651172,1
81,1,20.75,78,13.6264400651172,13.8246386499514,1
81,1,20.75,78,13.8246386499514,13.8857683838311,1
81,1,20.75,78,13.8857683838311,13.8986294565879,1
81,1,20.75,78,13.8986294565879,14.1157977076064,1
81,1,20.75,78,14.1157977076064,14.1414756037172,1
81,1,20.75,78,14.1414756037172,14.358051523719,1
81,1,20.75,78,14.358051523719,14.4878319188748,1
81,1,20.75,78,14.4878319188748,14.5489203122604,1
81,1,20.75,78,14.5489203122604,14.6710744784761,1
81,1,20.75,78,14.6710744784761,14.6938035693106,1
81,1,20.75,78,14.6938035693106,14.8703335090714,1
81,1,20.75,78,14.8703335090714,15.0702008025034,1
81,1,20.75,78,15.0702008025034,15.1342777962996,1
81,1,20.75,78,15.1342777962996,15.5745865566938,1
81,1,20.75,78,15.5745865566938,15.694945846171,1
81,1,20.75,78,15.694945846171,15.7331665660295,1
81,1,20.75,78,15.7331665660295,15.7658283472745,1
81,1,20.75,78,15.7658283472745,16.3560170805455,1
81,1,20.75,78,16.3560170805455,16.3764258711033,1
81,1,20.75,78,16.3764258711033,16.5241960917892,1
81,1,20.75,78,16.5241960917892,16.6143572100171,1
81,1,20.75,78,16.6143572100171,16.7307473204604,1
81,1,20.75,78,16.7307473204604,16.8513340522555,1
81,1,20.75,78,16.8513340522555,16.9759576586818,1
81,1,20.75,78,16.9759576586818,16.9761474652381,1
81,1,20.75,78,16.9761474652381,16.9794376473976,1
81,1,20.75,78,16.9794376473976,17.2756753717414,1
81,1,20.75,78,17.2756753717414,17.5322614246651,1
81,1,20.75,78,17.5322614246651,17.5566713427981,1
81,1,20.75,78,17.5566713427981,17.5959497680475,1
81,1,20.75,78,17.5959497680475,17.6801622743868,1
81,1,20.75,78,17.6801622743868,17.7545338472092,1
81,1,20.75,78,17.7545338472092,18.0875524588864,1
81,1,20.75,78,18.0875524588864,18.1098217234769,1
81,1,20.75,78,18.1098217234769,18.1232840083594,1
81,1,20.75,78,18.1232840083594,18.2430247497559,1
81,1,20.75,78,18.2430247497559,18.3958075179833,1
81,1,20.75,78,18.3958075179833,18.8276620364279,1
81,1,20.75,78,18.8276620364279,18.8533510407539,1
81,1,20.75,78,18.8533510407539,19.0696041314878,1
81,1,20.75,78,19.0696041314878,19.1429297201557,1
81,1,20.75,78,19.1429297201557,19.2936398728744,1
81,1,20.75,78,19.2936398728744,19.3992962843897,1
81,1,20.75,78,19.3992962843897,19.4024971384787,1
81,1,20.75,78,19.4024971384787,19.4836605132336,1
81,1,20.75,78,19.4836605132336,19.6456145473638,1
81,1,20.75,78,19.6456145473638,19.7687624806029,1
81,1,20.75,78,19.7687624806029,19.7951299965262,1
81,1,20.75,78,19.7951299965262,19.8052778802053,1
81,1,20.75,78,19.8052778802053,19.9489336537482,1
81,1,20.75,78,19.9489336537482,20.4941158750762,1
81,1,20.75,78,20.4941158750762,20.6130906539052,1
81,1,20.75,78,20.6130906539052,20.6181782701332,1
81,1,20.75,78,20.6181782701332,20.6878097495574,1
81,1,20.75,78,20.6878097495574,20.75,0
82,1,19.75,2,0,1.26997502698823,1
82,1,19.75,2,1.26997502698823,15.1222051946162,1
82,1,19.75,2,15.1222051946162,19.75,0
83,1,17.75,3,0,3.81448391785665,1
83,1,17.75,3,3.81448391785665,12.6652899498185,1
83,1,17.75,3,12.6652899498185,17.5158085798028,1
83,1,17.75,3,17.5158085798028,17.75,0
84,1,9.75,0,0,9.75,0
85,1,14.75,5,0,0.91745614659341,1
85,1,14.75,5,0.91745614659341,2.08153488458549,1
85,1,14.75,5,2.08153488458549,3.93458646200211,1
85,1,14.75,5,3.93458646200211,5.39240985501235,1
85,1,14.75,5,5.39240985501235,6.69287566968213,1
85,1,14.75,5,6.69287566968213,14.75,0
86,1,10.75,5,0,4.44860576010421,1
86,1,10.75,5,4.44860576010421,5.62634564317008,1
86,1,10.75,5,5.62634564317008,5.65247721750999,1
86,1,10.75,5,5.65247721750999,7.36334735356454,1
86,1,10.75,5,7.36334735356454,10.2546422960899,1
86,1,10.75,5,10.2546422960899,10.75,0
87,1,13.75,1,0,5.47145286698035,1
87,1,13.75,1,5.47145286698035,13.75,0
88,1,8.75,0,0,8.75,0
89,1,8.75,1,0,6.42034644631639,1
89,1,8.75,1,6.42034644631639,8.75,0
90,1,11.75,1,0,1.27808696767274,1
90,1,11.75,1,1.27808696767274,11.75,0
91,1,14.75,38,0,2.02064716748346,1
91,1,14.75,38,2.02064716748346,2.44884721416778,1
91,1,14.75,38,2.44884721416778,2.61712411841095,1
91,1,14.75,38,2.61712411841095,3.38249811119536,1
91,1,14.75,38,3.38249811119536,3.73027546856458,1
91,1,14.75,38,3.73027546856458,5.26475244129547,1
91,1,14.75,38,5.26475244129547,5.62178863361442,1
91,1,14.75,38,5.62178863361442,7.42780224133517,1
91,1,14.75,38,7.42780224133517,7.55771450710402,1
91,1,14.75,38,7.55771450710402,8.12463728461056,1
91,1,14.75,38,8.12463728461056,8.64820493837637,1
91,1,14.75,38,8.64820493837637,9.67938010448701,1
91,1,14.75,38,9.67938010448701,9.88614730375255,1
91,1,14.75,38,9.88614730375255,10.4309312412197,1
91,1,14.75,38,10.4309312412197,10.434030076989,1
91,1,14.75,38,10.434030076989,10.5108044392387,1
91,1,14.75,38,10.5108044392387,10.5280289491665,1
91,1,14.75,38,10.5280289491665,10.6034827522384,1
91,1,14.75,38,10.6034827522384,11.1625684190436,1
91,1,14.75,38,11.1625684190436,11.3795035944829,1
91,1,14.75,38,11.3795035944829,11.3821306803686,1
91,1,14.75,38,11.3821306803686,11.4306726367366,1
91,1,14.75,38,11.4306726367366,11.8730959686461,1
91,1,14.75,38,11.8730959686461,12.1719458287438,1
91,1,14.75,38,12.1719458287438,12.2784480213622,1
91,1,14.75,38,12.2784480213622,12.4364904506567,1
91,1,14.75,38,12.4364904506567,12.4556551948706,1
91,1,14.75,38,12.4556551948706,12.781862885211,1
91,1,14.75,38,12.781862885211,12.9210476062822,1
91,1,14.75,38,12.9210476062822,12.9541221988384,1
91,1,14.75,38,12.9541221988384,12.9634990898581,1
91,1,14.75,38,12.9634990898581,13.0978673818145,1
91,1,14.75,38,13.0978673818145,14.0403208157853,1
91,1,14.75,38,14.0403208157853,14.3670947144202,1
91,1,14.75,38,14.3670947144202,14.3835684131355,1
91,1,14.75,38,14.3835684131355,14.4466930408649,1
91,1,14.75,38,14.4466930408649,14.5552275160413,1
91,1,14.75,38,14.5552275160413,14.6323712831711,1
91,1,14.75,38,14.6323712831711,14.75,0
92,1,13.75,3,0,0.16487253298143,1
92,1,13.75,3,0.16487253298143,1.65257492495,1
92,1,13.75,3,1.65257492495,6.98519488064793,1
92,1,13.75,3,6.98519488064793,13.75,0
93,1,10.75,2,0,4.68865439135269,1
93,1,10.75,2,4.68865439135269,8.45744396608294,1
93,1,10.75,2,8.45744396608294,10.75,0
94,1,12.75,0,0,12.75,0
95,1,11.75,23,0,5.92266744880075,1
95,1,11.75,23,5.92266744880075,5.99410453954616,1
95,1,11.75,23,5.99410453954616,6.23561774838661,1
95,1,11.75,23,6.23561774838661,6.23761922601126,1
95,1,11.75,23,6.23761922601126,6.33401966195313,1
95,1,11.75,23,6.33401966195313,8.05912531295061,1
95,1,11.75,23,8.05912531295061,8.72357568434581,1
95,1,11.75,23,8.72357568434581,8.93636269037848,1
95,1,11.75,23,8.93636269037848,8.94705672287166,1
95,1,11.75,23,8.94705672287166,9.07792266842752,1
95,1,11.75,23,9.07792266842752,9.08909054104958,1
95,1,11.75,23,9.08909054104958,9.11868878289634,1
95,1,11.75,23,9.11868878289634,9.81321650243131,1
95,1,11.75,23,9.81321650243131,9.93569572794901,1
95,1,11.75,23,9.93569572794901,9.98782236171008,1
95,1,11.75,23,9.98782236171008,10.2335117434149,1
95,1,11.75,23,10.2335117434149,10.3558001895163,1
95,1,11.75,23,10.3558001895163,10.5399971462067,1
95,1,11.75,23,10.5399971462067,10.9793272453667,1
95,1,11.75,23,10.9793272453667,11.0513422646536,1
95,1,11.75,23,11.0513422646536,11.1625629573586,1
95,1,11.75,23,11.1625629573586,11.6102002917209,1
95,1,11.75,23,11.6102002917209,11.6320130034287,1
95,1,11.75,23,11.6320130034287,11.75,0
96,1,11.75,1,0,8.1927544033714,1
96,1,11.75,1,8.1927544033714,11.75,0
97,1,18.75,2,0,2.54702963553231,1
97,1,18.75,2,2.54702963553231,9.95795116502766,1
97,1,18.75,2,9.95795116502766,18.75,0
98,1,19.75,1,0,17.18232009782,1
98,1,19.75,1,17.18232009782,19.75,0
99,1,14.75,50,0,1.47122252049166,1
99,1,14.75,50,1.47122252049166,2.60683569289373,1
99,1,14.75,50,2.60683569289373,4.25687456617037,1
99,1,14.75,50,4.25687456617037,4.52342739491081,1
99,1,14.75,50,4.52342739491081,4.93682438333061,1
99,1,14.75,50,4.93682438333061,6.6089012337058,1
99,1,14.75,50,6.6089012337058,6.80609575233256,1
99,1,14.75,50,6.80609575233256,6.8130875607309,1
99,1,14.75,50,6.8130875607309,6.94821558958687,1
99,1,14.75,50,6.94821558958687,7.23751239843263,1
99,1,14.75,50,7.23751239843263,7.60514642341526,1
99,1,14.75,50,7.60514642341526,8.35054642165216,1
99,1,14.75,50,8.35054642165216,8.52284848028955,1
99,1,14.75,50,8.52284848028955,8.83289005310593,1
99,1,14.75,50,8.83289005310593,9.52087944091105,1
99,1,14.75,50,9.52087944091105,9.54034244913326,1
99,1,14.75,50,9.54034244913326,9.92633192019695,1
99,1,14.75,50,9.92633192019695,10.0363408965411,1
99,1,14.75,50,10.0363408965411,10.1067498613166,1
99,1,14.75,50,10.1067498613166,10.1308070816494,1
99,1,14.75,50,10.1308070816494,10.3045533313885,1
99,1,14.75,50,10.3045533313885,10.80739708934,1
99,1,14.75,50,10.80739708934,11.1362675418734,1
99,1,14.75,50,11.1362675418734,11.8533761020108,1
99,1,14.75,50,11.8533761020108,11.9359130269439,1
99,1,14.75,50,11.9359130269439,12.4779254228146,1
99,1,14.75,50,12.4779254228146,12.6447763784497,1
99,1,14.75,50,12.6447763784497,12.6731159616687,1
99,1,14.75,50,12.6731159616687,12.6811319090228,1
99,1,14.75,50,12.6811319090228,12.6858068808098,1
99,1,14.75,50,12.6858068808098,12.7635152619388,1
99,1,14.75,50,12.7635152619388,12.9048380563833,1
99,1,14.75,50,12.9048380563833,12.9533405577669,1
99,1,14.75,50,12.9533405577669,12.9688444727024,1
99,1,14.75,50,12.9688444727024,13.2398888732858,1
99,1,14.75,50,13.2398888732858,13.3475841928177,1
99,1,14.75,50,13.3475841928177,13.5993970089953,1
99,1,14.75,50,13.5993970089953,13.6045725223483,1
99,1,14.75,50,13.6045725223483,13.6120260891416,1
99,1,14.75,50,13.6120260891416,13.6642441609595,1
99,1,14.75,50,13.6642441609595,14.048698320116,1
99,1,14.75,50,14.048698320116,14.063641945254,1
99,1,14.75,50,14.063641945254,14.1497931389077,1
99,1,14.75,50,14.1497931389077,14.2984835973883,1
99,1,14.75,50,14.2984835973883,14.3741208278987,1
99,1,14.75,50,14.3741208278987,14.4295426226755,1
99,1,14.75,50,14.4295426226755,14.4385089076682,1
99,1,14.75,50,14.4385089076682,14.625818663883,1
99,1,14.75,50,14.625818663883,14.6297299002858,1
99,1,14.75,50,14.6297299002858,14.7495559672922,1
99,1,14.75,50,14.7495559672922,14.75,0
100,1,14.75,4,0,0.0645928999523542,1
100,1,14.75,4,0.0645928999523542,3.31094677382994,1
100,1,14.75,4,3.31094677382994,4.73563912630769,1
100,1,14.75,4,4.73563912630769,7.9710803836132,1
100,1,14.75,4,7.9710803836132,14.75,0
101,1,12.75,17,0,8.24557593386838,1
101,1,12.75,17,8.24557593386838,8.7691591369315,1
101,1,12.75,17,8.7691591369315,8.87708694337039,1
101,1,12.75,17,8.87708694337039,8.95043958751334,1
101,1,12.75,17,8.95043958751334,9.24158335982878,1
101,1,12.75,17,9.24158335982878,9.30856581198286,1
101,1,12.75,17,9.30856581198286,9.40378121337909,1
101,1,12.75,17,9.40378121337909,9.74248171125157,1
101,1,12.75,17,9.74248171125157,9.75223252156511,1
101,1,12.75,17,9.75223252156511,10.6044980272343,1
101,1,12.75,17,10.6044980272343,10.7489724006572,1
101,1,12.75,17,10.7489724006572,10.7734292638795,1
101,1,12.75,17,10.7734292638795,11.3219170285394,1
101,1,12.75,17,11.3219170285394,11.5321962009697,1
101,1,12.75,17,11.5321962009697,12.1085122269142,1
101,1,12.75,17,12.1085122269142,12.1820051732671,1
101,1,12.75,17,12.1820051732671,12.502508998886,1
101,1,12.75,17,12.502508998886,12.75,0
102,1,12.75,29,0,1.33454927099539,1
102,1,12.75,29,1.33454927099539,1.75801157059705,1
102,1,12.75,29,1.75801157059705,5.4387181014628,1
102,1,12.75,29,5.4387181014628,5.53836021408873,1
102,1,12.75,29,5.53836021408873,6.10325863031148,1
102,1,12.75,29,6.10325863031148,6.43000448091474,1
102,1,12.75,29,6.43000448091474,6.70981844128481,1
102,1,12.75,29,6.70981844128481,6.83229145787273,1
102,1,12.75,29,6.83229145787273,6.84379750788776,1
102,1,12.75,29,6.84379750788776,7.43258271404883,1
102,1,12.75,29,7.43258271404883,7.89957763676885,1
102,1,12.75,29,7.89957763676885,8.300779272082,1
102,1,12.75,29,8.300779272082,9.33674222050731,1
102,1,12.75,29,9.33674222050731,9.79867211940945,1
102,1,12.75,29,9.79867211940945,9.87540787641351,1
102,1,12.75,29,9.87540787641351,9.90352990239907,1
102,1,12.75,29,9.90352990239907,10.3458190973486,1
102,1,12.75,29,10.3458190973486,10.5151972361087,1
102,1,12.75,29,10.5151972361087,10.7626456046969,1
102,1,12.75,29,10.7626456046969,11.0112542268829,1
102,1,12.75,29,11.0112542268829,11.2970801413137,1
102,1,12.75,29,11.2970801413137,11.3590484272897,1
102,1,12.75,29,11.3590484272897,11.5955032097512,1
102,1,12.75,29,11.5955032097512,11.8293624904006,1
102,1,12.75,29,11.8293624904006,11.9158586552294,1
102,1,12.75,29,11.9158586552294,12.0323198802202,1
102,1,12.75,29,12.0323198802202,12.0724119284644,1
102,1,12.75,29,12.0724119284644,12.2097348730573,1
102,1,12.75,29,12.2097348730573,12.4027344168764,1
102,1,12.75,29,12.4027344168764,12.75,0
103,1,13.75,20,0,3.51309723614342,1
103,1,13.75,20,3.51309723614342,7.11028667787691,1
103,1,13.75,20,7.11028667787691,7.37023923792945,1
103,1,13.75,20,7.37023923792945,7.79305020251111,1
103,1,13.75,20,7.79305020251111,7.93060352673963,1
103,1,13.75,20,7.93060352673963,8.05770477649864,1
103,1,13.75,20,8.05770477649864,8.23733032636405,1
103,1,13.75,20,8.23733032636405,9.08693862625881,1
103,1,13.75,20,9.08693862625881,9.15941711465296,1
103,1,13.75,20,9.15941711465296,10.155635269262,1
103,1,13.75,20,10.155635269262,10.3403853602306,1
103,1,13.75,20,10.3403853602306,10.6818104648265,1
103,1,13.75,20,10.6818104648265,11.198778178666,1
103,1,13.75,20,11.198778178666,11.2266668465067,1
103,1,13.75,20,11.2266668465067,11.3537102480637,1
103,1,13.75,20,11.3537102480637,11.4883462369074,1
103,1,13.75,20,11.4883462369074,12.6897485593731,1
103,1,13.75,20,12.6897485593731,12.9776334731586,1
103,1,13.75,20,12.9776334731586,13.0163067669479,1
103,1,13.75,20,13.0163067669479,13.4326346512687,1
103,1,13.75,20,13.4326346512687,13.75,0
104,1,12.75,15,0,4.79078227248755,1
104,1,12.75,15,4.79078227248755,6.04460176224042,1
104,1,12.75,15,6.04460176224042,7.66629536620697,1
104,1,12.75,15,7.66629536620697,7.70241558053844,1
104,1,12.75,15,7.70241558053844,8.36160781283352,1
104,1,12.75,15,8.36160781283352,8.3626897206975,1
104,1,12.75,15,8.3626897206975,8.79893558098541,1
104,1,12.75,15,8.79893558098541,9.93529632801823,1
104,1,12.75,15,9.93529632801823,10.0311494922355,1
104,1,12.75,15,10.0311494922355,10.49393983072,1
104,1,12.75,15,10.49393983072,11.2191693104231,1
104,1,12.75,15,11.2191693104231,11.7499096536274,1
104,1,12.75,15,11.7499096536274,11.9793154279692,1
104,1,12.75,15,11.9793154279692,12.1798592469934,1
104,1,12.75,15,12.1798592469934,12.7417019676219,1
104,1,12.75,15,12.7417019676219,12.75,0
105,1,19.75,42,0,5.24282208567608,1
105,1,19.75,42,5.24282208567608,6.0290446497288,1
105,1,19.75,42,6.0290446497288,6.10235328014606,1
105,1,19.75,42,6.10235328014606,6.5783932424258,1
105,1,19.75,42,6.5783932424258,7.17377234067648,1
105,1,19.75,42,7.17377234067648,7.43825406326676,1
105,1,19.75,42,7.43825406326676,9.96332152283307,1
105,1,19.75,42,9.96332152283307,10.1422140159012,1
105,1,19.75,42,10.1422140159012,10.6726739650386,1
105,1,19.75,42,10.6726739650386,11.2823907318174,1
105,1,19.75,42,11.2823907318174,11.4994959220545,1
105,1,19.75,42,11.4994959220545,11.54742610993,1
105,1,19.75,42,11.54742610993,11.629001548114,1
105,1,19.75,42,11.629001548114,11.6518222040093,1
105,1,19.75,42,11.6518222040093,12.0567012540877,1
105,1,19.75,42,12.0567012540877,12.2305172533108,1
105,1,19.75,42,12.2305172533108,12.6259453247061,1
105,1,19.75,42,12.6259453247061,12.6384035607178,1
105,1,19.75,42,12.6384035607178,12.6463119914154,1
105,1,19.75,42,12.6463119914154,12.7219037998207,1
105,1,19.75,42,12.7219037998207,13.2374130420962,1
105,1,19.75,42,13.2374130420962,13.5871622300695,1
105,1,19.75,42,13.5871622300695,14.2909658240742,1
105,1,19.75,42,14.2909658240742,14.8069605273404,1
105,1,19.75,42,14.8069605273404,15.1023836509289,1
105,1,19.75,42,15.1023836509289,15.4528272574725,1
105,1,19.75,42,15.4528272574725,15.4684050063814,1
105,1,19.75,42,15.4684050063814,15.6010328308847,1
105,1,19.75,42,15.6010328308847,15.885443045739,1
105,1,19.75,42,15.885443045739,16.6276848802729,1
105,1,19.75,42,16.6276848802729,17.5496380808744,1
105,1,19.75,42,17.5496380808744,17.5999473117354,1
105,1,19.75,42,17.5999473117354,17.7206677984793,1
105,1,19.75,42,17.7206677984793,18.1613769529501,1
105,1,19.75,42,18.1613769529501,18.4145666347535,1
105,1,19.75,42,18.4145666347535,18.507629227639,1
105,1,19.75,42,18.507629227639,18.7325112576962,1
105,1,19.75,42,18.7325112576962,19.0078982354755,1
105,1,19.75,42,19.0078982354755,19.4249105226467,1
105,1,19.75,42,19.4249105226467,19.5499366841736,1
105,1,19.75,42,19.5499366841736,19.5512761596484,1
105,1,19.75,42,19.5512761596484,19.6506094355335,1
105,1,19.75,42,19.6506094355335,19.75,0
106,1,8.75,5,0,4.26558859601144,1
106,1,8.75,5,4.26558859601144,5.43688090945123,1
106,1,8.75,5,5.43688090945123,6.39302644917528,1
106,1,8.75,5,6.39302644917528,6.5301943073742,1
106,1,8.75,5,6.5301943073742,7.05719133909836,1
106,1,8.75,5,7.05719133909836,8.75,0
107,1,14.75,1,0,5.21106164254636,1
107,1,14.75,1,5.21106164254636,14.75,0
108,1,16.75,4,0,0.00897188269176157,1
108,1,16.75,4,0.00897188269176157,1.2063832884626,1
108,1,16.75,4,1.2063832884626,1.30718548439541,1
108,1,16.75,4,1.30718548439541,12.8941982119802,1
108,1,16.75,4,12.8941982119802,16.75,0
109,1,11.75,17,0,3.06382369450537,1
109,1,11.75,17,3.06382369450537,3.39984952805043,1
109,1,11.75,17,3.39984952805043,3.57326693225472,1
109,1,11.75,17,3.57326693225472,4.34324325363001,1
109,1,11.75,17,4.34324325363001,5.43885406750639,1
109,1,11.75,17,5.43885406750639,6.40115420994542,1
109,1,11.75,17,6.40115420994542,6.68621896576419,1
109,1,11.75,17,6.68621896576419,6.90228071322437,1
109,1,11.75,17,6.90228071322437,6.96658280658813,1
109,1,11.75,17,6.96658280658813,7.39295378755372,1
109,1,11.75,17,7.39295378755372,9.8518186102893,1
109,1,11.75,17,9.8518186102893,10.5465819696164,1
109,1,11.75,17,10.5465819696164,10.6626255976814,1
109,1,11.75,17,10.6626255976814,10.8023496312929,1
109,1,11.75,17,10.8023496312929,11.0924353893877,1
109,1,11.75,17,11.0924353893877,11.2513390113046,1
109,1,11.75,17,11.2513390113046,11.4995296805976,1
109,1,11.75,17,11.4995296805976,11.75,0
110,1,17.75,4,0,0.366034237282635,1
110,1,17.75,4,0.366034237282635,0.401768186869202,1
110,1,17.75,4,0.401768186869202,1.80786446232839,1
110,1,17.75,4,1.80786446232839,14.0789910597975,1
110,1,17.75,4,14.0789910597975,17.75,0
111,1,8.75,2,0,0.318616433370632,1
111,1,8.75,2,0.318616433370632,1.57235151224055,1
111,1,8.75,2,1.57235151224055,8.75,0
112,1,12.75,25,0,1.82767989061057,1
112,1,12.75,25,1.82767989061057,2.98247211987147,1
112,1,12.75,25,2.98247211987147,4.33840082814637,1
112,1,12.75,25,4.33840082814637,4.39185930265767,1
112,1,12.75,25,4.39185930265767,5.21461937750273,1
112,1,12.75,25,5.21461937750273,6.22371887372086,1
112,1,12.75,25,6.22371887372086,6.31402329873512,1
112,1,12.75,25,6.31402329873512,6.706877993901,1
112,1,12.75,25,6.706877993901,6.80195805279897,1
112,1,12.75,25,6.80195805279897,8.45371689807754,1
112,1,12.75,25,8.45371689807754,9.18421526878856,1
112,1,12.75,25,9.18421526878856,9.48420652127186,1
112,1,12.75,25,9.48420652127186,9.56414196830557,1
112,1,12.75,25,9.56414196830557,9.99384818420676,1
112,1,12.75,25,9.99384818420676,10.095765037707,1
112,1,12.75,25,10.095765037707,10.243430166447,1
112,1,12.75,25,10.243430166447,11.2118423441,1
112,1,12.75,25,11.2118423441,11.3771146208821,1
112,1,12.75,25,11.3771146208821,11.7151354597094,1
112,1,12.75,25,11.7151354597094,12.1252273235939,1
112,1,12.75,25,12.1252273235939,12.2076521705358,1
112,1,12.75,25,12.2076521705358,12.262354915538,1
112,1,12.75,25,12.262354915538,12.5317862640762,1
112,1,12.75,25,12.5317862640762,12.5363674731449,1
112,1,12.75,25,12.5363674731449,12.5842068988436,1
112,1,12.75,25,12.5842068988436,12.75,0
113,1,8.75,9,0,4.53282263621352,1
113,1,8.75,9,4.53282263621352,4.53730233587454,1
113,1,8.75,9,4.53730233587454,4.62401539578152,1
113,1,8.75,9,4.62401539578152,6.04728959774674,1
113,1,8.75,9,6.04728959774674,6.84210684150377,1
113,1,8.75,9,6.84210684150377,6.87378858377814,1
113,1,8.75,9,6.87378858377814,6.91204833898927,1
113,1,8.75,9,6.91204833898927,7.58376101095177,1
113,1,8.75,9,7.58376101095177,7.71056996129026,1
113,1,8.75,9,7.71056996129026,8.75,0
114,1,8.75,13,0,3.00492499367352,1
114,1,8.75,13,3.00492499367352,4.44405070951621,1
114,1,8.75,13,4.44405070951621,5.30341165731389,1
114,1,8.75,13,5.30341165731389,5.62035862402248,1
114,1,8.75,13,5.62035862402248,5.71987095540442,1
114,1,8.75,13,5.71987095540442,5.73746279555623,1
114,1,8.75,13,5.73746279555623,5.77999421327257,1
114,1,8.75,13,5.77999421327257,6.0126926464226,1
114,1,8.75,13,6.0126926464226,6.51995015959019,1
114,1,8.75,13,6.51995015959019,6.56862368344048,1
114,1,8.75,13,6.56862368344048,6.99475369655833,1
114,1,8.75,13,6.99475369655833,8.55493890392642,1
114,1,8.75,13,8.55493890392642,8.57240994635906,1
114,1,8.75,13,8.57240994635906,8.75,0
115,1,12.75,2,0,0.264505115020843,1
115,1,12.75,2,0.264505115020843,3.90975858665738,1
115,1,12.75,2,3.90975858665738,12.75,0
116,1,8.75,2,0,1.05843826365856,1
116,1,8.75,2,1.05843826365856,3.07638149409403,1
116,1,8.75,2,3.07638149409403,8.75,0
117,1,16.75,3,0,1.74306365901957,1
117,1,16.75,3,1.74306365901957,3.92081244304359,1
117,1,16.75,3,3.92081244304359,7.81607964209229,1
117,1,16.75,3,7.81607964209229,16.75,0
118,1,14.75,69,0,4.75321873950109,1
118,1,14.75,69,4.75321873950109,4.77894814344272,1
118,1,14.75,69,4.77894814344272,4.81677891413638,1
118,1,14.75,69,4.81677891413638,5.21839010856065,1
118,1,14.75,69,5.21839010856065,5.57503598661301,1
118,1,14.75,69,5.57503598661301,6.16745382489378,1
118,1,14.75,69,6.16745382489378,6.19042156519368,1
118,1,14.75,69,6.19042156519368,6.86911575658704,1
118,1,14.75,69,6.86911575658704,7.22900696466563,1
118,1,14.75,69,7.22900696466563,7.45080960585045,1
118,1,14.75,69,7.45080960585045,8.40198646566562,1
118,1,14.75,69,8.40198646566562,8.42880483319658,1
118,1,14.75,69,8.42880483319658,8.54964070593994,1
118,1,14.75,69,8.54964070593994,8.59516640853731,1
118,1,14.75,69,8.59516640853731,8.63304550568869,1
118,1,14.75,69,8.63304550568869,8.64232130713345,1
118,1,14.75,69,8.64232130713345,8.85094504281884,1
118,1,14.75,69,8.85094504281884,8.88521935797595,1
118,1,14.75,69,8.88521935797595,9.16521491728719,1
118,1,14.75,69,9.16521491728719,9.72674910446183,1
118,1,14.75,69,9.72674910446183,9.97718691271364,1
118,1,14.75,69,9.97718691271364,9.98974845900724,1
118,1,14.75,69,9.98974845900724,10.1381724691917,1
118,1,14.75,69,10.1381724691917,10.2359791896503,1
118,1,14.75,69,10.2359791896503,10.4047325376114,1
118,1,14.75,69,10.4047325376114,10.4142630830842,1
118,1,14.75,69,10.4142630830842,10.429080570141,1
118,1,14.75,69,10.429080570141,10.4323971697821,1
118,1,14.75,69,10.4323971697821,10.970878764391,1
118,1,14.75,69,10.970878764391,11.0908909292895,1
118,1,14.75,69,11.0908909292895,11.2234327818722,1
118,1,14.75,69,11.2234327818722,11.3333049519384,1
118,1,14.75,69,11.3333049519384,11.3895315594294,1
118,1,14.75,69,11.3895315594294,11.4121792826338,1
118,1,14.75,69,11.4121792826338,11.7593180132626,1
118,1,14.75,69,11.7593180132626,11.9422243864499,1
118,1,14.75,69,11.9422243864499,11.9634994307147,1
118,1,14.75,69,11.9634994307147,12.0615254709024,1
118,1,14.75,69,12.0615254709024,12.1246156158598,1
118,1,14.75,69,12.1246156158598,12.1291577053021,1
118,1,14.75,69,12.1291577053021,12.1754087518955,1
118,1,14.75,69,12.1754087518955,12.3724590986348,1
118,1,14.75,69,12.3724590986348,12.5083182383383,1
118,1,14.75,69,12.5083182383383,12.5586313562626,1
118,1,14.75,69,12.5586313562626,12.6269139515984,1
118,1,14.75,69,12.6269139515984,12.6622547191648,1
118,1,14.75,69,12.6622547191648,12.6645929006988,1
118,1,14.75,69,12.6645929006988,12.9402158377707,1
118,1,14.75,69,12.9402158377707,13.0199331091221,1
118,1,14.75,69,13.0199331091221,13.2692509707904,1
118,1,14.75,69,13.2692509707904,13.3806398519384,1
118,1,14.75,69,13.3806398519384,13.3858617118222,1
118,1,14.75,69,13.3858617118222,13.4657527247705,1
118,1,14.75,69,13.4657527247705,13.4703042196122,1
118,1,14.75,69,13.4703042196122,13.690210245509,1
118,1,14.75,69,13.690210245509,13.7618132812896,1
118,1,14.75,69,13.7618132812896,13.7713182102275,1
118,1,14.75,69,13.7713182102275,13.7846624919662,1
118,1,14.75,69,13.7846624919662,13.8901185621337,1
118,1,14.75,69,13.8901185621337,14.1340184961104,1
118,1,14.75,69,14.1340184961104,14.1365650701602,1
118,1,14.75,69,14.1365650701602,14.1837433702692,1
118,1,14.75,69,14.1837433702692,14.2637794101202,1
118,1,14.75,69,14.2637794101202,14.3528862742298,1
118,1,14.75,69,14.3528862742298,14.3875655295184,1
118,1,14.75,69,14.3875655295184,14.5794323088692,1
118,1,14.75,69,14.5794323088692,14.6029956665176,1
118,1,14.75,69,14.6029956665176,14.6413557085847,1
118,1,14.75,69,14.6413557085847,14.7367378042478,1
118,1,14.75,69,14.7367378042478,14.75,0
119,1,15.75,3,0,1.83337401316457,1
119,1,15.75,3,1.83337401316457,3.05712871573114,1
119,1,15.75,3,3.05712871573114,4.14746271087497,1
119,1,15.75,3,4.14746271087497,15.75,0
120,1,11.75,37,0,4.59417160987908,1
120,1,11.75,37,4.59417160987908,4.99491944758098,1
120,1,11.75,37,4.99491944758098,5.09137593203057,1
120,1,11.75,37,5.09137593203057,5.29384577278977,1
120,1,11.75,37,5.29384577278977,6.11656436312748,1
120,1,11.75,37,6.11656436312748,6.49282224469803,1
120,1,11.75,37,6.49282224469803,6.94033757828106,1
120,1,11.75,37,6.94033757828106,7.10493147750407,1
120,1,11.75,37,7.10493147750407,7.1623777508233,1
120,1,11.75,37,7.1623777508233,7.84769754130509,1
120,1,11.75,37,7.84769754130509,8.34377100067175,1
120,1,11.75,37,8.34377100067175,8.35666409545352,1
120,1,11.75,37,8.35666409545352,8.65791375895992,1
120,1,11.75,37,8.65791375895992,8.87457235000917,1
120,1,11.75,37,8.87457235000917,9.16305492565692,1
120,1,11.75,37,9.16305492565692,9.20907215271075,1
120,1,11.75,37,9.20907215271075,9.24995602439469,1
120,1,11.75,37,9.24995602439469,9.55910003693675,1
120,1,11.75,37,9.55910003693675,9.56401708912076,1
120,1,11.75,37,9.56401708912076,9.70565747735169,1
120,1,11.75,37,9.70565747735169,9.79720547530814,1
120,1,11.75,37,9.79720547530814,9.90920546657346,1
120,1,11.75,37,9.90920546657346,9.9450878469113,1
120,1,11.75,37,9.9450878469113,9.99298938381283,1
120,1,11.75,37,9.99298938381283,10.2052216982895,1
120,1,11.75,37,10.2052216982895,10.3996712311944,1
120,1,11.75,37,10.3996712311944,10.5875227041634,1
120,1,11.75,37,10.5875227041634,10.6196098598068,1
120,1,11.75,37,10.6196098598068,10.6684196303308,1
120,1,11.75,37,10.6684196303308,10.790013821284,1
120,1,11.75,37,10.790013821284,10.8412640386782,1
120,1,11.75,37,10.8412640386782,10.8635037393507,1
120,1,11.75,37,10.8635037393507,11.1369410223393,1
120,1,11.75,37,11.1369410223393,11.5462390325919,1
120,1,11.75,37,11.5462390325919,11.5532577291072,1
120,1,11.75,37,11.5532577291072,11.5746127290051,1
120,1,11.75,37,11.5746127290051,11.7045266431044,1
120,1,11.75,37,11.7045266431044,11.75,0
121,1,11.75,9,0,6.85551028366475,1
121,1,11.75,9,6.85551028366475,7.38428538648776,1
121,1,11.75,9,7.38428538648776,7.80399249891425,1
121,1,11.75,9,7.80399249891425,8.8371976340788,1
121,1,11.75,9,8.8371976340788,9.59052234352256,1
121,1,11.75,9,9.59052234352256,10.577705380329,1
121,1,11.75,9,10.577705380329,10.8056839528678,1
121,1,11.75,9,10.8056839528678,10.8853146446935,1
121,1,11.75,9,10.8853146446935,11.6158904778394,1
121,1,11.75,9,11.6158904778394,11.75,0
122,1,16.75,55,0,3.07455948425111,1
122,1,16.75,55,3.07455948425111,4.63837533667042,1
122,1,16.75,55,4.63837533667042,4.99647974479317,1
122,1,16.75,55,4.99647974479317,5.08735256066512,1
122,1,16.75,55,5.08735256066512,5.55059397750068,1
122,1,16.75,55,5.55059397750068,6.4050603441416,1
122,1,16.75,55,6.4050603441416,7.27941412383988,1
122,1,16.75,55,7.27941412383988,7.70348564069237,1
122,1,16.75,55,7.70348564069237,8.76713157949409,1
122,1,16.75,55,8.76713157949409,8.91237775743363,1
122,1,16.75,55,8.91237775743363,9.19228224490761,1
122,1,16.75,55,9.19228224490761,9.48895431989695,1
122,1,16.75,55,9.48895431989695,10.0967769749163,1
122,1,16.75,55,10.0967769749163,10.2266495453267,1
122,1,16.75,55,10.2266495453267,10.4337440930791,1
122,1,16.75,55,10.4337440930791,10.4761772097144,1
122,1,16.75,55,10.4761772097144,10.9595922959775,1
122,1,16.75,55,10.9595922959775,10.9810668731057,1
122,1,16.75,55,10.9810668731057,11.0108406932698,1
122,1,16.75,55,11.0108406932698,11.0547156107057,1
122,1,16.75,55,11.0547156107057,11.7405441349313,1
122,1,16.75,55,11.7405441349313,11.8005286327302,1
122,1,16.75,55,11.8005286327302,11.8663675857412,1
122,1,16.75,55,11.8663675857412,12.2240864400646,1
122,1,16.75,55,12.2240864400646,12.2757406218046,1
122,1,16.75,55,12.2757406218046,12.5560154547326,1
122,1,16.75,55,12.5560154547326,12.6651325223178,1
122,1,16.75,55,12.6651325223178,13.1566666415312,1
122,1,16.75,55,13.1566666415312,13.2576314578776,1
122,1,16.75,55,13.2576314578776,13.3619143356171,1
122,1,16.75,55,13.3619143356171,13.4612662956029,1
122,1,16.75,55,13.4612662956029,13.5484884599447,1
122,1,16.75,55,13.5484884599447,14.0503120422869,1
122,1,16.75,55,14.0503120422869,14.2456293947543,1
122,1,16.75,55,14.2456293947543,14.3612500828229,1
122,1,16.75,55,14.3612500828229,14.3725766791297,1
122,1,16.75,55,14.3725766791297,14.4304799203972,1
122,1,16.75,55,14.4304799203972,14.8807861373191,1
122,1,16.75,55,14.8807861373191,14.9032346248074,1
122,1,16.75,55,14.9032346248074,14.9345071104479,1
122,1,16.75,55,14.9345071104479,15.1038958963157,1
122,1,16.75,55,15.1038958963157,15.2069187817933,1
122,1,16.75,55,15.2069187817933,15.213538051629,1
122,1,16.75,55,15.213538051629,15.2351038183602,1
122,1,16.75,55,15.2351038183602,15.3433140646217,1
122,1,16.75,55,15.3433140646217,15.3517558054505,1
122,1,16.75,55,15.3517558054505,15.6257792332328,1
122,1,16.75,55,15.6257792332328,15.6983261277742,1
122,1,16.75,55,15.6983261277742,15.8817535753226,1
122,1,16.75,55,15.8817535753226,16.1129273204106,1
122,1,16.75,55,16.1129273204106,16.2043918404803,1
122,1,16.75,55,16.2043918404803,16.3479024919618,1
122,1,16.75,55,16.3479024919618,16.5619999666478,1
122,1,16.75,55,16.5619999666478,16.5757978941401,1
122,1,16.75,55,16.5757978941401,16.7330634518413,1
122,1,16.75,55,16.7330634518413,16.75,0
123,1,17.75,1,0,1.12581051114556,1
123,1,17.75,1,1.12581051114556,17.75,0
124,1,14.75,1,0,10.1158578827912,1
124,1,14.75,1,10.1158578827912,14.75,0
125,1,10.75,9,0,3.50757572223404,1
125,1,10.75,9,3.50757572223404,5.48522290077806,1
125,1,10.75,9,5.48522290077806,6.71236305222198,1
125,1,10.75,9,6.71236305222198,7.80771087523438,1
125,1,10.75,9,7.80771087523438,7.8342486889431,1
125,1,10.75,9,7.8342486889431,9.36760459342342,1
125,1,10.75,9,9.36760459342342,9.8412885389513,1
125,1,10.75,9,9.8412885389513,10.4750153263433,1
125,1,10.75,9,10.4750153263433,10.6523374859921,1
125,1,10.75,9,10.6523374859921,10.75,0
126,1,14.75,1,0,4.91148453247699,1
126,1,14.75,1,4.91148453247699,14.75,0
127,1,15.75,26,0,4.0398271904141,1
127,1,15.75,26,4.0398271904141,5.12622015694502,1
127,1,15.75,26,5.12622015694502,6.45979261987426,1
127,1,15.75,26,6.45979261987426,6.51792904359679,1
127,1,15.75,26,6.51792904359679,6.87321714373132,1
127,1,15.75,26,6.87321714373132,8.89120793073072,1
127,1,15.75,26,8.89120793073072,9.24336411170689,1
127,1,15.75,26,9.24336411170689,9.9114158664976,1
127,1,15.75,26,9.9114158664976,9.9970149477584,1
127,1,15.75,26,9.9970149477584,10.2549652196258,1
127,1,15.75,26,10.2549652196258,10.7779323589226,1
127,1,15.75,26,10.7779323589226,10.954079656681,1
127,1,15.75,26,10.954079656681,11.9295583098093,1
127,1,15.75,26,11.9295583098093,12.2670187281877,1
127,1,15.75,26,12.2670187281877,12.363245391809,1
127,1,15.75,26,12.363245391809,12.3821547534717,1
127,1,15.75,26,12.3821547534717,12.9778916981541,1
127,1,15.75,26,12.9778916981541,13.1209530162506,1
127,1,15.75,26,13.1209530162506,13.2833403324112,1
127,1,15.75,26,13.2833403324112,13.6654012519798,1
127,1,15.75,26,13.6654012519798,13.7660840651245,1
127,1,15.75,26,13.7660840651245,14.6104346831459,1
127,1,15.75,26,14.6104346831459,14.7420412478827,1
127,1,15.75,26,14.7420412478827,15.1774782968619,1
127,1,15.75,26,15.1774782968619,15.239602364837,1
127,1,15.75,26,15.239602364837,15.7059389752172,1
127,1,15.75,26,15.7059389752172,15.75,0
128,1,15.75,2,0,1.90646643108459,1
128,1,15.75,2,1.90646643108459,2.07971157546764,1
128,1,15.75,2,2.07971157546764,15.75,0
129,1,16.75,2,0,5.26020113047649,1
129,1,16.75,2,5.26020113047649,8.69260772175467,1
129,1,16.75,2,8.69260772175467,16.75,0
130,1,13.75,1,0,2.15359036618112,1
130,1,13.75,1,2.15359036618112,13.75,0
131,1,15.75,1,0,1.54251902259066,1
131,1,15.75,1,1.54251902259066,15.75,0
132,1,14.75,1,0,9.14411220754546,1
132,1,14.75,1,9.14411220754546,14.75,0
133,1,19.75,1,0,9.92658385588456,1
133,1,19.75,1,9.92658385588456,19.75,0
134,1,17.75,4,0,0.313795449863761,1
134,1,17.75,4,0.313795449863761,0.962453627124465,1
134,1,17.75,4,0.962453627124465,1.89799267771145,1
134,1,17.75,4,1.89799267771145,16.6349925682889,1
134,1,17.75,4,16.6349925682889,17.75,0
135,1,13.75,0,0,13.75,0
136,1,11.75,0,0,11.75,0
137,1,11.75,23,0,2.61842718534934,1
137,1,11.75,23,2.61842718534934,3.18524900270217,1
137,1,11.75,23,3.18524900270217,3.26895806745494,1
137,1,11.75,23,3.26895806745494,3.62756996164987,1
137,1,11.75,23,3.62756996164987,4.83395613981598,1
137,1,11.75,23,4.83395613981598,4.98623782830431,1
137,1,11.75,23,4.98623782830431,8.13733878421382,1
137,1,11.75,23,8.13733878421382,8.48976030975319,1
137,1,11.75,23,8.48976030975319,8.57253288486471,1
137,1,11.75,23,8.57253288486471,9.42457646601789,1
137,1,11.75,23,9.42457646601789,9.65729086770786,1
137,1,11.75,23,9.65729086770786,9.69921686759461,1
137,1,11.75,23,9.69921686759461,9.80426638386058,1
137,1,11.75,23,9.80426638386058,10.0996692273793,1
137,1,11.75,23,10.0996692273793,10.1203700306504,1
137,1,11.75,23,10.1203700306504,10.1582562051222,1
137,1,11.75,23,10.1582562051222,10.2250111145923,1
137,1,11.75,23,10.2250111145923,10.2403368015665,1
137,1,11.75,23,10.2403368015665,10.3705368628247,1
137,1,11.75,23,10.3705368628247,10.6022608735572,1
137,1,11.75,23,10.6022608735572,10.7029051118447,1
137,1,11.75,23,10.7029051118447,10.9948575841119,1
137,1,11.75,23,10.9948575841119,11.0355245456125,1
137,1,11.75,23,11.0355245456125,11.75,0
138,1,17.75,63,0,3.74090103068208,1
138,1,17.75,63,3.74090103068208,4.38904938792033,1
138,1,17.75,63,4.38904938792033,5.04287544532803,1
138,1,17.75,63,5.04287544532803,6.28225763836058,1
138,1,17.75,63,6.28225763836058,6.75130015900405,1
138,1,17.75,63,6.75130015900405,7.16418650531539,1
138,1,17.75,63,7.16418650531539,7.81963850860893,1
138,1,17.75,63,7.81963850860893,7.82282875897524,1
138,1,17.75,63,7.82282875897524,8.24030649532693,1
138,1,17.75,63,8.24030649532693,8.56543791804826,1
138,1,17.75,63,8.56543791804826,8.68663215949894,1
138,1,17.75,63,8.68663215949894,9.1037668006266,1
138,1,17.75,63,9.1037668006266,9.43348281881178,1
138,1,17.75,63,9.43348281881178,9.57204026095543,1
138,1,17.75,63,9.57204026095543,9.80178969137086,1
138,1,17.75,63,9.80178969137086,9.97650117592669,1
138,1,17.75,63,9.97650117592669,9.98960120348304,1
138,1,17.75,63,9.98960120348304,10.0338577181111,1
138,1,17.75,63,10.0338577181111,10.0783854866989,1
138,1,17.75,63,10.0783854866989,10.3428616561622,1
138,1,17.75,63,10.3428616561622,10.8836573525686,1
138,1,17.75,63,10.8836573525686,11.0358175346601,1
138,1,17.75,63,11.0358175346601,11.0567278834169,1
138,1,17.75,63,11.0567278834169,11.1487697883727,1
138,1,17.75,63,11.1487697883727,11.3021157206782,1
138,1,17.75,63,11.3021157206782,11.3084676267605,1
138,1,17.75,63,11.3084676267605,11.5598585237106,1
138,1,17.75,63,11.5598585237106,12.1920362475555,1
138,1,17.75,63,12.1920362475555,12.3977655376341,1
138,1,17.75,63,12.3977655376341,12.445155469749,1
138,1,17.75,63,12.445155469749,12.6800472296407,1
138,1,17.75,63,12.6800472296407,12.7120181255924,1
138,1,17.75,63,12.7120181255924,12.7402030893494,1
138,1,17.75,63,12.7402030893494,12.9549938846759,1
138,1,17.75,63,12.9549938846759,13.0230463901786,1
138,1,17.75,63,13.0230463901786,13.0443364301091,1
138,1,17.75,63,13.0443364301091,13.3438757485154,1
138,1,17.75,63,13.3438757485154,13.4180443254419,1
138,1,17.75,63,13.4180443254419,13.7071742190465,1
138,1,17.75,63,13.7071742190465,13.7765658105411,1
138,1,17.75,63,13.7765658105411,14.0301671468679,1
138,1,17.75,63,14.0301671468679,14.3022882092062,1
138,1,17.75,63,14.3022882092062,14.3375084615853,1
138,1,17.75,63,14.3375084615853,14.4278887880372,1
138,1,17.75,63,14.4278887880372,14.5555246143607,1
138,1,17.75,63,14.5555246143607,15.0002558626692,1
138,1,17.75,63,15.0002558626692,15.0611301050825,1
138,1,17.75,63,15.0611301050825,15.7169237748111,1
138,1,17.75,63,15.7169237748111,15.8881087916838,1
138,1,17.75,63,15.8881087916838,16.3813383258778,1
138,1,17.75,63,16.3813383258778,16.5015710423825,1
138,1,17.75,63,16.5015710423825,16.5768997449922,1
138,1,17.75,63,16.5768997449922,16.6258495722274,1
138,1,17.75,63,16.6258495722274,16.6481457375058,1
138,1,17.75,63,16.6481457375058,16.9668083576509,1
138,1,17.75,63,16.9668083576509,17.1701717292044,1
138,1,17.75,63,17.1701717292044,17.2143723382514,1
138,1,17.75,63,17.2143723382514,17.5428337877707,1
138,1,17.75,63,17.5428337877707,17.6277592162938,1
138,1,17.75,63,17.6277592162938,17.6279125726226,1
138,1,17.75,63,17.6279125726226,17.6844519437593,1
138,1,17.75,63,17.6844519437593,17.684874531973,1
138,1,17.75,63,17.684874531973,17.7497581658854,1
138,1,17.75,63,17.7497581658854,17.75,0
139,1,13.75,3,0,2.91011397245806,1
139,1,13.75,3,2.91011397245806,3.12471948324738,1
139,1,13.75,3,3.12471948324738,9.61786161907327,1
139,1,13.75,3,9.61786161907327,13.75,0
140,1,16.75,3,0,0.588804066170211,1
140,1,16.75,3,0.588804066170211,10.6215068037688,1
140,1,16.75,3,10.6215068037688,10.9375169005558,1
140,1,16.75,3,10.9375169005558,16.75,0
141,1,14.75,2,0,0.646143772319652,1
141,1,14.75,2,0.646143772319652,4.13545766616407,1
141,1,14.75,2,4.13545766616407,14.75,0
142,1,8.75,1,0,0.376290023381922,1
142,1,8.75,1,0.376290023381922,8.75,0
143,1,19.75,95,0,3.71980565317715,1
143,1,19.75,95,3.71980565317715,4.64806440394419,1
143,1,19.75,95,4.64806440394419,5.33290400007625,1
143,1,19.75,95,5.33290400007625,6.40002955626663,1
143,1,19.75,95,6.40002955626663,6.76100758978465,1
143,1,19.75,95,6.76100758978465,7.07999435951141,1
143,1,19.75,95,7.07999435951141,7.53572287843318,1
143,1,19.75,95,7.53572287843318,9.2217792272106,1
143,1,19.75,95,9.2217792272106,9.22246245728358,1
143,1,19.75,95,9.22246245728358,9.29687091097351,1
143,1,19.75,95,9.29687091097351,9.45923700801642,1
143,1,19.75,95,9.45923700801642,9.4613621763439,1
143,1,19.75,95,9.4613621763439,9.54436413928477,1
143,1,19.75,95,9.54436413928477,9.71515884062821,1
143,1,19.75,95,9.71515884062821,9.96060834168432,1
143,1,19.75,95,9.96060834168432,10.0922597291347,1
143,1,19.75,95,10.0922597291347,10.5256486213484,1
143,1,19.75,95,10.5256486213484,10.9594188729432,1
143,1,19.75,95,10.9594188729432,11.1132462731878,1
143,1,19.75,95,11.1132462731878,11.1265328938562,1
143,1,19.75,95,11.1265328938562,11.5348750337485,1
143,1,19.75,95,11.5348750337485,11.5671775755908,1
143,1,19.75,95,11.5671775755908,11.9448192035381,1
143,1,19.75,95,11.9448192035381,11.9623722432336,1
143,1,19.75,95,11.9623722432336,12.0257302715484,1
143,1,19.75,95,12.0257302715484,12.1260513992166,1
143,1,19.75,95,12.1260513992166,12.4320272878042,1
143,1,19.75,95,12.4320272878042,12.7583991332738,1
143,1,19.75,95,12.7583991332738,12.7602496350481,1
143,1,19.75,95,12.7602496350481,12.8532467791313,1
143,1,19.75,95,12.8532467791313,12.8711791725476,1
143,1,19.75,95,12.8711791725476,12.9623815805249,1
143,1,19.75,95,12.9623815805249,13.0860909090362,1
143,1,19.75,95,13.0860909090362,13.3985670283302,1
143,1,19.75,95,13.3985670283302,13.6091566244334,1
143,1,19.75,95,13.6091566244334,13.6966811597223,1
143,1,19.75,95,13.6966811597223,14.127431158427,1
143,1,19.75,95,14.127431158427,14.1629471617759,1
143,1,19.75,95,14.1629471617759,14.327127834824,1
143,1,19.75,95,14.327127834824,14.3293743589437,1
143,1,19.75,95,14.3293743589437,14.496557489593,1
143,1,19.75,95,14.496557489593,14.6823555879358,1
143,1,19.75,95,14.6823555879358,14.9863161791992,1
143,1,19.75,95,14.9863161791992,15.093886383859,1
143,1,19.75,95,15.093886383859,15.1172149759332,1
143,1,19.75,95,15.1172149759332,15.2835732991455,1
143,1,19.75,95,15.2835732991455,15.4315664231198,1
143,1,19.75,95,15.4315664231198,15.5286496801266,1
143,1,19.75,95,15.5286496801266,15.7293265095949,1
143,1,19.75,95,15.7293265095949,15.9647283570977,1
143,1,19.75,95,15.9647283570977,16.1474450119839,1
143,1,19.75,95,16.1474450119839,16.1798656751015,1
143,1,19.75,95,16.1798656751015,16.2571564401611,1
143,1,19.75,95,16.2571564401611,16.5988456794679,1
143,1,19.75,95,16.5988456794679,16.7359551902618,1
143,1,19.75,95,16.7359551902618,16.7964482696558,1
143,1,19.75,95,16.7964482696558,16.8776346229382,1
143,1,19.75,95,16.8776346229382,17.0234928164446,1
143,1,19.75,95,17.0234928164446,17.0492000152473,1
143,1,19.75,95,17.0492000152473,17.1143594866904,1
143,1,19.75,95,17.1143594866904,17.2344938652794,1
143,1,19.75,95,17.2344938652794,17.2414610601247,1
143,1,19.75,95,17.2414610601247,17.2447737496743,1
143,1,19.75,95,17.2447737496743,17.3391747201476,1
143,1,19.75,95,17.3391747201476,17.365633627633,1
143,1,19.75,95,17.365633627633,17.5232984173213,1
143,1,19.75,95,17.5232984173213,17.5309713095987,1
143,1,19.75,95,17.5309713095987,17.6951221645194,1
143,1,19.75,95,17.6951221645194,17.7128690143235,1
143,1,19.75,95,17.7128690143235,17.9182165161843,1
143,1,19.75,95,17.9182165161843,17.9883886118924,1
143,1,19.75,95,17.9883886118924,18.0605174712144,1
143,1,19.75,95,18.0605174712144,18.1347487899938,1
143,1,19.75,95,18.1347487899938,18.1742711786878,1
143,1,19.75,95,18.1742711786878,18.3238238203643,1
143,1,19.75,95,18.3238238203643,18.3684370965818,1
143,1,19.75,95,18.3684370965818,18.4520160085933,1
143,1,19.75,95,18.4520160085933,18.4802312210219,1
143,1,19.75,95,18.4802312210219,18.4865424322148,1
143,1,19.75,95,18.4865424322148,18.5236033765583,1
143,1,19.75,95,18.5236033765583,18.5400224364045,1
143,1,19.75,95,18.5400224364045,18.7648005618842,1
143,1,19.75,95,18.7648005618842,18.8177181906718,1
143,1,19.75,95,18.8177181906718,18.8889681861064,1
143,1,19.75,95,18.8889681861064,19.0615051868992,1
143,1,19.75,95,19.0615051868992,19.1136770070962,1
143,1,19.75,95,19.1136770070962,19.1659797535013,1
143,1,19.75,95,19.1659797535013,19.1767409186395,1
143,1,19.75,95,19.1767409186395,19.2226108946857,1
143,1,19.75,95,19.2226108946857,19.3070679021376,1
143,1,19.75,95,19.3070679021376,19.3900200950838,1
143,1,19.75,95,19.3900200950838,19.4318427424962,1
143,1,19.75,95,19.4318427424962,19.4946440881319,1
143,1,19.75,95,19.4946440881319,19.5190979366841,1
143,1,19.75,95,19.5190979366841,19.5452522577479,1
143,1,19.75,95,19.5452522577479,19.75,0
144,1,12.75,3,0,0.256261300136702,1
144,1,12.75,3,0.256261300136702,1.26760649318692,1
144,1,12.75,3,1.26760649318692,5.41506658155293,1
144,1,12.75,3,5.41506658155293,12.75,0
145,1,11.75,1,0,8.25440179372678,1
145,1,11.75,1,8.25440179372678,11.75,0
146,1,17.75,52,0,4.44142520829747,1
146,1,17.75,52,4.44142520829747,4.52205666695383,1
146,1,17.75,52,4.52205666695383,4.59135577194559,1
146,1,17.75,52,4.59135577194559,5.67178278150076,1
146,1,17.75,52,5.67178278150076,7.1333925008081,1
146,1,17.75,52,7.1333925008081,7.23917063920794,1
146,1,17.75,52,7.23917063920794,7.42635936378388,1
146,1,17.75,52,7.42635936378388,7.57190724322554,1
146,1,17.75,52,7.57190724322554,7.71553118413244,1
146,1,17.75,52,7.71553118413244,7.94622702898794,1
146,1,17.75,52,7.94622702898794,8.15447673343416,1
146,1,17.75,52,8.15447673343416,8.33274021623645,1
146,1,17.75,52,8.33274021623645,8.8624250753858,1
146,1,17.75,52,8.8624250753858,9.34104711836861,1
146,1,17.75,52,9.34104711836861,9.59107821777883,1
146,1,17.75,52,9.59107821777883,9.7032574700364,1
146,1,17.75,52,9.7032574700364,9.71687792047686,1
146,1,17.75,52,9.71687792047686,10.1092102774533,1
146,1,17.75,52,10.1092102774533,10.6380789568399,1
146,1,17.75,52,10.6380789568399,11.1889318275349,1
146,1,17.75,52,11.1889318275349,11.3510811223714,1
146,1,17.75,52,11.3510811223714,11.4031307634233,1
146,1,17.75,52,11.4031307634233,11.6241832102535,1
146,1,17.75,52,11.6241832102535,11.9297770596428,1
146,1,17.75,52,11.9297770596428,11.9557174343635,1
146,1,17.75,52,11.9557174343635,12.1514343319615,1
146,1,17.75,52,12.1514343319615,12.2282225301603,1
146,1,17.75,52,12.2282225301603,12.4242380077569,1
146,1,17.75,52,12.4242380077569,12.6879180502659,1
146,1,17.75,52,12.6879180502659,13.0196823729422,1
146,1,17.75,52,13.0196823729422,13.9692624261969,1
146,1,17.75,52,13.9692624261969,13.9728481901528,1
146,1,17.75,52,13.9728481901528,14.2112351333352,1
146,1,17.75,52,14.2112351333352,14.2717043244893,1
146,1,17.75,52,14.2717043244893,14.4621218406289,1
146,1,17.75,52,14.4621218406289,14.7046193868047,1
146,1,17.75,52,14.7046193868047,14.9601070538592,1
146,1,17.75,52,14.9601070538592,14.9941775672464,1
146,1,17.75,52,14.9941775672464,15.1679312161203,1
146,1,17.75,52,15.1679312161203,15.2419892581926,1
146,1,17.75,52,15.2419892581926,15.6259397390055,1
146,1,17.75,52,15.6259397390055,15.6304770833937,1
146,1,17.75,52,15.6304770833937,15.8946611789357,1
146,1,17.75,52,15.8946611789357,15.9764982219966,1
146,1,17.75,52,15.9764982219966,16.057933785268,1
146,1,17.75,52,16.057933785268,16.1139611713646,1
146,1,17.75,52,16.1139611713646,16.3206444121962,1
146,1,17.75,52,16.3206444121962,16.3382880892854,1
146,1,17.75,52,16.3382880892854,16.8981731256188,1
146,1,17.75,52,16.8981731256188,16.9270662316909,1
146,1,17.75,52,16.9270662316909,17.3340640189944,1
146,1,17.75,52,17.3340640189944,17.4273081204348,1
146,1,17.75,52,17.4273081204348,17.75,0
147,1,19.75,0,0,19.75,0
148,1,19.75,50,0,1.63528582021026,1
148,1,19.75,50,1.63528582021026,4.26944453409667,1
148,1,19.75,50,4.26944453409667,5.57844060782486,1
148,1,19.75,50,5.57844060782486,6.94371025613531,1
148,1,19.75,50,6.94371025613531,7.01370083175208,1
148,1,19.75,50,7.01370083175208,7.64160363338633,1
148,1,19.75,50,7.64160363338633,7.98717756366731,1
148,1,19.75,50,7.98717756366731,8.14946177835386,1
148,1,19.75,50,8.14946177835386,8.35964853818497,1
148,1,19.75,50,8.35964853818497,9.26669311079575,1
148,1,19.75,50,9.26669311079575,9.77482754720007,1
148,1,19.75,50,9.77482754720007,9.80703415571868,1
148,1,19.75,50,9.80703415571868,10.045662351331,1
148,1,19.75,50,10.045662351331,10.0995791388203,1
148,1,19.75,50,10.0995791388203,10.5358662858893,1
148,1,19.75,50,10.5358662858893,10.6377602687603,1
148,1,19.75,50,10.6377602687603,11.6109747620293,1
148,1,19.75,50,11.6109747620293,11.8715318301025,1
148,1,19.75,50,11.8715318301025,12.0233149126295,1
148,1,19.75,50,12.0233149126295,12.1669455647767,1
148,1,19.75,50,12.1669455647767,12.7809303788747,1
148,1,19.75,50,12.7809303788747,13.3157023226014,1
148,1,19.75,50,13.3157023226014,13.3427238191949,1
148,1,19.75,50,13.3427238191949,13.929304344828,1
148,1,19.75,50,13.929304344828,14.9197016743459,1
148,1,19.75,50,14.9197016743459,14.9566821255568,1
148,1,19.75,50,14.9566821255568,15.1406603112805,1
148,1,19.75,50,15.1406603112805,15.3114373699076,1
148,1,19.75,50,15.3114373699076,15.3599743271298,1
148,1,19.75,50,15.3599743271298,15.4628357131856,1
148,1,19.75,50,15.4628357131856,15.8333685435546,1
148,1,19.75,50,15.8333685435546,16.5257692978031,1
148,1,19.75,50,16.5257692978031,16.6831873019546,1
148,1,19.75,50,16.6831873019546,16.6996930028213,1
148,1,19.75,50,16.6996930028213,17.0360751058983,1
148,1,19.75,50,17.0360751058983,17.0611486587656,1
148,1,19.75,50,17.0611486587656,17.0647333584271,1
148,1,19.75,50,17.0647333584271,18.0584071539757,1
148,1,19.75,50,18.0584071539757,18.4489482927972,1
148,1,19.75,50,18.4489482927972,18.5000409775621,1
148,1,19.75,50,18.5000409775621,18.7305055025275,1
148,1,19.75,50,18.7305055025275,18.7377334026194,1
148,1,19.75,50,18.7377334026194,18.7446288452876,1
148,1,19.75,50,18.7446288452876,18.7480384902787,1
148,1,19.75,50,18.7480384902787,18.7721910782122,1
148,1,19.75,50,18.7721910782122,18.8785549564062,1
148,1,19.75,50,18.8785549564062,18.9736429258277,1
148,1,19.75,50,18.9736429258277,19.0233736012109,1
148,1,19.75,50,19.0233736012109,19.1146698239258,1
148,1,19.75,50,19.1146698239258,19.3145799506384,1
148,1,19.75,50,19.3145799506384,19.75,0
149,1,18.75,85,0,2.43121075329691,1
149,1,18.75,85,2.43121075329691,3.29199970262875,1
149,1,18.75,85,3.29199970262875,4.1247518475014,1
149,1,18.75,85,4.1247518475014,5.60976893836476,1
149,1,18.75,85,5.60976893836476,5.97156644998138,1
149,1,18.75,85,5.97156644998138,6.47395176573141,1
149,1,18.75,85,6.47395176573141,6.72991948801357,1
149,1,18.75,85,6.72991948801357,7.19660536671381,1
149,1,18.75,85,7.19660536671381,7.21888476612702,1
149,1,18.75,85,7.21888476612702,7.84807692851946,1
149,1,18.75,85,7.84807692851946,8.69610744599984,1
149,1,18.75,85,8.69610744599984,8.8464413050693,1
149,1,18.75,85,8.8464413050693,9.48626956213496,1
149,1,18.75,85,9.48626956213496,9.81043728108062,1
149,1,18.75,85,9.81043728108062,10.014034963418,1
149,1,18.75,85,10.014034963418,10.1892835081889,1
149,1,18.75,85,10.1892835081889,10.356853889287,1
149,1,18.75,85,10.356853889287,10.5854418586184,1
149,1,18.75,85,10.5854418586184,10.6480688836819,1
149,1,18.75,85,10.6480688836819,11.0056178166362,1
149,1,18.75,85,11.0056178166362,11.0444579121151,1
149,1,18.75,85,11.0444579121151,11.6033134906708,1
149,1,18.75,85,11.6033134906708,11.6949853044341,1
149,1,18.75,85,11.6949853044341,12.1087981940736,1
149,1,18.75,85,12.1087981940736,12.3632944364003,1
149,1,18.75,85,12.3632944364003,12.636327224804,1
149,1,18.75,85,12.636327224804,12.7541901275635,1
149,1,18.75,85,12.7541901275635,12.7569476350009,1
149,1,18.75,85,12.7569476350009,12.8255224379998,1
149,1,18.75,85,12.8255224379998,12.9999646451553,1
149,1,18.75,85,12.9999646451553,13.0043245781761,1
149,1,18.75,85,13.0043245781761,13.1499647940041,1
149,1,18.75,85,13.1499647940041,13.5782366679821,1
149,1,18.75,85,13.5782366679821,13.6932821457946,1
149,1,18.75,85,13.6932821457946,14.0110302390137,1
149,1,18.75,85,14.0110302390137,14.257382243321,1
149,1,18.75,85,14.257382243321,14.2807638479599,1
149,1,18.75,85,14.2807638479599,14.2941919687388,1
149,1,18.75,85,14.2941919687388,14.3196102941154,1
149,1,18.75,85,14.3196102941154,14.6302885853963,1
149,1,18.75,85,14.6302885853963,14.7604091470684,1
149,1,18.75,85,14.7604091470684,14.9570075996154,1
149,1,18.75,85,14.9570075996154,15.0508045264892,1
149,1,18.75,85,15.0508045264892,15.0540194455951,1
149,1,18.75,85,15.0540194455951,15.166345411566,1
149,1,18.75,85,15.166345411566,15.5295139175355,1
149,1,18.75,85,15.5295139175355,15.5461841340467,1
149,1,18.75,85,15.5461841340467,15.619813404708,1
149,1,18.75,85,15.619813404708,15.641117220936,1
149,1,18.75,85,15.641117220936,15.6796508213635,1
149,1,18.75,85,15.6796508213635,15.7326869597826,1
149,1,18.75,85,15.7326869597826,15.7838144050928,1
149,1,18.75,85,15.7838144050928,15.8970186103029,1
149,1,18.75,85,15.8970186103029,16.0133892906044,1
149,1,18.75,85,16.0133892906044,16.0904538229855,1
149,1,18.75,85,16.0904538229855,16.1957044240718,1
149,1,18.75,85,16.1957044240718,16.2202304518493,1
149,1,18.75,85,16.2202304518493,16.2430167685141,1
149,1,18.75,85,16.2430167685141,16.3118581181462,1
149,1,18.75,85,16.3118581181462,16.5060484782178,1
149,1,18.75,85,16.5060484782178,16.5954478730487,1
149,1,18.75,85,16.5954478730487,16.770270308215,1
149,1,18.75,85,16.770270308215,16.7960101046928,1
149,1,18.75,85,16.7960101046928,16.850908015664,1
149,1,18.75,85,16.850908015664,16.9952606413012,1
149,1,18.75,85,16.9952606413012,17.0174246747034,1
149,1,18.75,85,17.0174246747034,17.1366246229113,1
149,1,18.75,85,17.1366246229113,17.158008991635,1
149,1,18.75,85,17.158008991635,17.2079461173111,1
149,1,18.75,85,17.2079461173111,17.5065104244895,1
149,1,18.75,85,17.5065104244895,17.5195641370227,1
149,1,18.75,85,17.5195641370227,17.5341863712305,1
149,1,18.75,85,17.5341863712305,17.5562424932803,1
149,1,18.75,85,17.5562424932803,17.6434049653774,1
149,1,18.75,85,17.6434049653774,17.7280115547921,1
149,1,18.75,85,17.7280115547921,17.8160826562208,1
149,1,18.75,85,17.8160826562208,17.8491877283763,1
149,1,18.75,85,17.8491877283763,18.0448262962201,1
149,1,18.75,85,18.0448262962201,18.0521665939381,1
149,1,18.75,85,18.0521665939381,18.0813984817555,1
149,1,18.75,85,18.0813984817555,18.1956327129761,1
149,1,18.75,85,18.1956327129761,18.205522176532,1
149,1,18.75,85,18.205522176532,18.223162639638,1
149,1,18.75,85,18.223162639638,18.4282967116259,1
149,1,18.75,85,18.4282967116259,18.6872110755867,1
149,1,18.75,85,18.6872110755867,18.75,0
150,1,18.75,1,0,4.65736546360454,1
150,1,18.75,1,4.65736546360454,18.75,0
151,1,12.75,1,0,6.00416198388251,1
151,1,12.75,1,6.00416198388251,12.75,0
152,1,16.75,1,0,4.71926493413932,1
152,1,16.75,1,4.71926493413932,16.75,0
153,1,18.75,1,0,5.89330475657308,1
153,1,18.75,1,5.89330475657308,18.75,0
154,1,8.75,1,0,4.55058064764316,1
154,1,8.75,1,4.55058064764316,8.75,0
155,1,14.75,2,0,0.256714288755367,1
155,1,14.75,2,0.256714288755367,14.1040902217633,1
155,1,14.75,2,14.1040902217633,14.75,0
156,1,8.75,18,0,1.95477565062345,1
156,1,8.75,18,1.95477565062345,2.63412609729184,1
156,1,8.75,18,2.63412609729184,3.76595039264229,1
156,1,8.75,18,3.76595039264229,4.87893662490932,1
156,1,8.75,18,4.87893662490932,5.27165497346532,1
156,1,8.75,18,5.27165497346532,5.56899941682491,1
156,1,8.75,18,5.56899941682491,5.70208473505422,1
156,1,8.75,18,5.70208473505422,5.80018519678916,1
156,1,8.75,18,5.80018519678916,7.18390043971736,1
156,1,8.75,18,7.18390043971736,7.19189802498978,1
156,1,8.75,18,7.19189802498978,7.59301960794267,1
156,1,8.75,18,7.59301960794267,7.74058401162754,1
156,1,8.75,18,7.74058401162754,7.86176675069077,1
156,1,8.75,18,7.86176675069077,8.50460710129651,1
156,1,8.75,18,8.50460710129651,8.55034545744189,1
156,1,8.75,18,8.55034545744189,8.62158837987385,1
156,1,8.75,18,8.62158837987385,8.70431676628051,1
156,1,8.75,18,8.70431676628051,8.7146638093538,1
156,1,8.75,18,8.7146638093538,8.75,0
157,1,8.75,2,0,2.71691392385309,1
157,1,8.75,2,2.71691392385309,5.84535703022241,1
157,1,8.75,2,5.84535703022241,8.75,0
158,1,16.75,32,0,2.72389807358958,1
158,1,16.75,32,2.72389807358958,2.89025453671516,1
158,1,16.75,32,2.89025453671516,4.62808650387956,1
158,1,16.75,32,4.62808650387956,5.36403152035555,1
158,1,16.75,32,5.36403152035555,6.11460560401989,1
158,1,16.75,32,6.11460560401989,6.60298574964012,1
158,1,16.75,32,6.60298574964012,8.20120797413403,1
158,1,16.75,32,8.20120797413403,9.18708127437275,1
158,1,16.75,32,9.18708127437275,9.35563766748869,1
158,1,16.75,32,9.35563766748869,9.61371804862529,1
158,1,16.75,32,9.61371804862529,9.65434992376787,1
158,1,16.75,32,9.65434992376787,9.76450295681576,1
158,1,16.75,32,9.76450295681576,10.4496563114032,1
158,1,16.75,32,10.4496563114032,11.2123456949418,1
158,1,16.75,32,11.2123456949418,11.381031186008,1
158,1,16.75,32,11.381031186008,11.9676946129876,1
158,1,16.75,32,11.9676946129876,12.1463661118359,1
158,1,16.75,32,12.1463661118359,12.6234554431535,1
158,1,16.75,32,12.6234554431535,13.1258240436946,1
158,1,16.75,32,13.1258240436946,13.1364895996221,1
158,1,16.75,32,13.1364895996221,13.3176783097619,1
158,1,16.75,32,13.3176783097619,14.2366955969408,1
158,1,16.75,32,14.2366955969408,14.2772234324285,1
158,1,16.75,32,14.2772234324285,14.693848788839,1
158,1,16.75,32,14.693848788839,14.7193069989928,1
158,1,16.75,32,14.7193069989928,14.7845662943654,1
158,1,16.75,32,14.7845662943654,15.1510481724748,1
158,1,16.75,32,15.1510481724748,15.2212126449765,1
158,1,16.75,32,15.2212126449765,15.9424012277978,1
158,1,16.75,32,15.9424012277978,15.9740544769034,1
158,1,16.75,32,15.9740544769034,16.3798523392742,1
158,1,16.75,32,16.3798523392742,16.6917149839403,1
158,1,16.75,32,16.6917149839403,16.75,0
159,1,15.75,74,0,2.71533879330195,1
159,1,15.75,74,2.71533879330195,2.87216251854823,1
159,1,15.75,74,2.87216251854823,3.57920916459794,1
159,1,15.75,74,3.57920916459794,5.14571233122281,1
159,1,15.75,74,5.14571233122281,5.43241499387485,1
159,1,15.75,74,5.43241499387485,5.45509048072037,1
159,1,15.75,74,5.45509048072037,5.75235267099796,1
159,1,15.75,74,5.75235267099796,6.04246624563146,1
159,1,15.75,74,6.04246624563146,6.06815899210117,1
159,1,15.75,74,6.06815899210117,6.13722114931906,1
159,1,15.75,74,6.13722114931906,6.37746189011169,1
159,1,15.75,74,6.37746189011169,6.54042735154834,1
159,1,15.75,74,6.54042735154834,6.71560133844823,1
159,1,15.75,74,6.71560133844823,7.99928925897806,1
159,1,15.75,74,7.99928925897806,8.14768474465918,1
159,1,15.75,74,8.14768474465918,8.2619193941359,1
159,1,15.75,74,8.2619193941359,8.28337654921701,1
159,1,15.75,74,8.28337654921701,8.50552579479821,1
159,1,15.75,74,8.50552579479821,9.02741646096544,1
159,1,15.75,74,9.02741646096544,9.21571859246807,1
159,1,15.75,74,9.21571859246807,9.23054022092562,1
159,1,15.75,74,9.23054022092562,9.26184592396143,1
159,1,15.75,74,9.26184592396143,9.40902305102811,1
159,1,15.75,74,9.40902305102811,9.89443091805193,1
159,1,15.75,74,9.89443091805193,9.89843568594106,1
159,1,15.75,74,9.89843568594106,10.0419595496981,1
159,1,15.75,74,10.0419595496981,10.269283514489,1
159,1,15.75,74,10.269283514489,10.3617980987118,1
159,1,15.75,74,10.3617980987118,10.4407452772279,1
159,1,15.75,74,10.4407452772279,10.602019609963,1
159,1,15.75,74,10.602019609963,10.797311825967,1
159,1,15.75,74,10.797311825967,10.8018615385533,1
159,1,15.75,74,10.8018615385533,11.0387557766579,1
159,1,15.75,74,11.0387557766579,11.0710033665164,1
159,1,15.75,74,11.0710033665164,11.1982969595537,1
159,1,15.75,74,11.1982969595537,11.2010673560291,1
159,1,15.75,74,11.2010673560291,11.7472566483386,1
159,1,15.75,74,11.7472566483386,11.8308563130339,1
159,1,15.75,74,11.8308563130339,12.1438936054228,1
159,1,15.75,74,12.1438936054228,12.4520646346869,1
159,1,15.75,74,12.4520646346869,12.58847009755,1
159,1,15.75,74,12.58847009755,12.7601078715635,1
159,1,15.75,74,12.7601078715635,12.7604869483693,1
159,1,15.75,74,12.7604869483693,12.8013189289532,1
159,1,15.75,74,12.8013189289532,12.829618098071,1
159,1,15.75,74,12.829618098071,12.9933447780644,1
159,1,15.75,74,12.9933447780644,13.1114112366825,1
159,1,15.75,74,13.1114112366825,13.3109631814545,1
159,1,15.75,74,13.3109631814545,13.4557449140473,1
159,1,15.75,74,13.4557449140473,13.5337468367325,1
159,1,15.75,74,13.5337468367325,13.6902144288207,1
159,1,15.75,74,13.6902144288207,13.9834808179718,1
159,1,15.75,74,13.9834808179718,14.0418192475511,1
159,1,15.75,74,14.0418192475511,14.1967692303801,1
159,1,15.75,74,14.1967692303801,14.2736934811185,1
159,1,15.75,74,14.2736934811185,14.3143267762933,1
159,1,15.75,74,14.3143267762933,14.3304988576959,1
159,1,15.75,74,14.3304988576959,14.4852998371919,1
159,1,15.75,74,14.4852998371919,14.6453757922794,1
159,1,15.75,74,14.6453757922794,14.736014280699,1
159,1,15.75,74,14.736014280699,14.8875659134375,1
159,1,15.75,74,14.8875659134375,14.9835483897707,1
159,1,15.75,74,14.9835483897707,15.0161131525426,1
159,1,15.75,74,15.0161131525426,15.0543383904349,1
159,1,15.75,74,15.0543383904349,15.0612037684096,1
159,1,15.75,74,15.0612037684096,15.1429905687858,1
159,1,15.75,74,15.1429905687858,15.1574812545213,1
159,1,15.75,74,15.1574812545213,15.2303925656762,1
159,1,15.75,74,15.2303925656762,15.2967358480367,1
159,1,15.75,74,15.2967358480367,15.3011660408686,1
159,1,15.75,74,15.3011660408686,15.4155265350197,1
159,1,15.75,74,15.4155265350197,15.6419437613119,1
159,1,15.75,74,15.6419437613119,15.6503532519404,1
159,1,15.75,74,15.6503532519404,15.7078719749842,1
159,1,15.75,74,15.7078719749842,15.75,0
160,1,12.75,4,0,0.784810621925626,1
160,1,12.75,4,0.784810621925626,2.01255879813861,1
160,1,12.75,4,2.01255879813861,4.82350685667137,1
160,1,12.75,4,4.82350685667137,7.65862950212861,1
160,1,12.75,4,7.65862950212861,12.75,0
161,1,11.75,0,0,11.75,0
162,1,18.75,39,0,3.62365853841134,1
162,1,18.75,39,3.62365853841134,4.22589327212104,1
162,1,18.75,39,4.22589327212104,4.82976373718836,1
162,1,18.75,39,4.82976373718836,6.13017700516707,1
162,1,18.75,39,6.13017700516707,6.58920218472948,1
162,1,18.75,39,6.58920218472948,6.87191068170933,1
162,1,18.75,39,6.87191068170933,7.21293724290092,1
162,1,18.75,39,7.21293724290092,7.83103713637191,1
162,1,18.75,39,7.83103713637191,9.07888240620531,1
162,1,18.75,39,9.07888240620531,9.10653492985995,1
162,1,18.75,39,9.10653492985995,9.84395731797259,1
162,1,18.75,39,9.84395731797259,11.3174742812041,1
162,1,18.75,39,11.3174742812041,11.3832147588114,1
162,1,18.75,39,11.3832147588114,12.7235046946237,1
162,1,18.75,39,12.7235046946237,12.8622405591713,1
162,1,18.75,39,12.8622405591713,13.8576849348955,1
162,1,18.75,39,13.8576849348955,14.1420388575345,1
162,1,18.75,39,14.1420388575345,14.173747789964,1
162,1,18.75,39,14.173747789964,14.2627394089425,1
162,1,18.75,39,14.2627394089425,14.4969426037714,1
162,1,18.75,39,14.4969426037714,14.7784160325234,1
162,1,18.75,39,14.7784160325234,14.8850728959284,1
162,1,18.75,39,14.8850728959284,15.1486449217335,1
162,1,18.75,39,15.1486449217335,15.5758195035571,1
162,1,18.75,39,15.5758195035571,15.8502409681715,1
162,1,18.75,39,15.8502409681715,16.1914847547,1
162,1,18.75,39,16.1914847547,16.2324904252856,1
162,1,18.75,39,16.2324904252856,16.3771544920871,1
162,1,18.75,39,16.3771544920871,16.7766907107089,1
162,1,18.75,39,16.7766907107089,16.8626502057571,1
162,1,18.75,39,16.8626502057571,17.1378091950167,1
162,1,18.75,39,17.1378091950167,17.7613609885641,1
162,1,18.75,39,17.7613609885641,17.8663971721597,1
162,1,18.75,39,17.8663971721597,18.2410095590145,1
162,1,18.75,39,18.2410095590145,18.3394718144479,1
162,1,18.75,39,18.3394718144479,18.397925294479,1
162,1,18.75,39,18.397925294479,18.509802160198,1
162,1,18.75,39,18.509802160198,18.6072162775681,1
162,1,18.75,39,18.6072162775681,18.6630713676397,1
162,1,18.75,39,18.6630713676397,18.75,0
163,1,18.75,3,0,0.0218501319584446,1
163,1,18.75,3,0.0218501319584446,0.11107952513256,1
163,1,18.75,3,0.11107952513256,1.47226867462851,1
163,1,18.75,3,1.47226867462851,18.75,0
164,1,10.75,0,0,10.75,0
165,1,14.75,0,0,14.75,0
166,1,17.75,5,0,7.26076940719502,1
166,1,17.75,5,7.26076940719502,10.471418627868,1
166,1,17.75,5,10.471418627868,12.1883310647448,1
166,1,17.75,5,12.1883310647448,13.2518037986541,1
166,1,17.75,5,13.2518037986541,17.4418629211282,1
166,1,17.75,5,17.4418629211282,17.75,0
167,1,11.75,1,0,10.1929173235706,1
167,1,11.75,1,10.1929173235706,11.75,0
168,1,10.75,2,0,0.913349392912837,1
168,1,10.75,2,0.913349392912837,4.03523424717069,1
168,1,10.75,2,4.03523424717069,10.75,0
169,1,17.75,0,0,17.75,0
170,1,15.75,56,0,1.27271134158847,1
170,1,15.75,56,1.27271134158847,5.14553365419978,1
170,1,15.75,56,5.14553365419978,5.86676086840558,1
170,1,15.75,56,5.86676086840558,6.12670780903712,1
170,1,15.75,56,6.12670780903712,6.19335380182048,1
170,1,15.75,56,6.19335380182048,6.26090926833133,1
170,1,15.75,56,6.26090926833133,6.58574143804602,1
170,1,15.75,56,6.58574143804602,7.32647179985524,1
170,1,15.75,56,7.32647179985524,7.37681667259943,1
170,1,15.75,56,7.37681667259943,7.39465696731092,1
170,1,15.75,56,7.39465696731092,7.50487525873347,1
170,1,15.75,56,7.50487525873347,7.59911414071095,1
170,1,15.75,56,7.59911414071095,8.02545912194524,1
170,1,15.75,56,8.02545912194524,8.28960321850481,1
170,1,15.75,56,8.28960321850481,8.54013244965338,1
170,1,15.75,56,8.54013244965338,8.84966304010129,1
170,1,15.75,56,8.84966304010129,8.87002966304768,1
170,1,15.75,56,8.87002966304768,8.8885685807796,1
170,1,15.75,56,8.8885685807796,9.79593732844565,1
170,1,15.75,56,9.79593732844565,9.88822437233724,1
170,1,15.75,56,9.88822437233724,10.2810779094243,1
170,1,15.75,56,10.2810779094243,10.3720163474776,1
170,1,15.75,56,10.3720163474776,10.6982820915481,1
170,1,15.75,56,10.6982820915481,10.8883877408719,1
170,1,15.75,56,10.8883877408719,10.9981489023094,1
170,1,15.75,56,10.9981489023094,11.1996460236433,1
170,1,15.75,56,11.1996460236433,11.5840347978585,1
170,1,15.75,56,11.5840347978585,11.6886265963001,1
170,1,15.75,56,11.6886265963001,12.1912291777598,1
170,1,15.75,56,12.1912291777598,12.3247841431413,1
170,1,15.75,56,12.3247841431413,12.452205303809,1
170,1,15.75,56,12.452205303809,12.5023093680275,1
170,1,15.75,56,12.5023093680275,12.7826367179241,1
170,1,15.75,56,12.7826367179241,12.8729999061602,1
170,1,15.75,56,12.8729999061602,12.9972355645892,1
170,1,15.75,56,12.9972355645892,13.1577626202274,1
170,1,15.75,56,13.1577626202274,13.3417039816757,1
170,1,15.75,56,13.3417039816757,13.3421706995456,1
170,1,15.75,56,13.3421706995456,13.6388033732878,1
170,1,15.75,56,13.6388033732878,13.6770909798314,1
170,1,15.75,56,13.6770909798314,13.7586217470959,1
170,1,15.75,56,13.7586217470959,13.7628192952525,1
170,1,15.75,56,13.7628192952525,14.0280355052597,1
170,1,15.75,56,14.0280355052597,14.2830409782783,1
170,1,15.75,56,14.2830409782783,14.3436629080389,1
170,1,15.75,56,14.3436629080389,14.3596874265778,1
170,1,15.75,56,14.3596874265778,14.3724229591616,1
170,1,15.75,56,14.3724229591616,14.4569826743854,1
170,1,15.75,56,14.4569826743854,14.4841835739225,1
170,1,15.75,56,14.4841835739225,14.5152667941728,1
170,1,15.75,56,14.5152667941728,14.6425375365737,1
170,1,15.75,56,14.6425375365737,14.665729862478,1
170,1,15.75,56,14.665729862478,14.9888069686484,1
170,1,15.75,56,14.9888069686484,15.5540045933475,1
170,1,15.75,56,15.5540045933475,15.560793784063,1
170,1,15.75,56,15.560793784063,15.6774309783794,1
170,1,15.75,56,15.6774309783794,15.75,0
171,1,17.75,29,0,1.27354828114574,1
171,1,17.75,29,1.27354828114574,2.62691189303104,1
171,1,17.75,29,2.62691189303104,2.69021622615682,1
171,1,17.75,29,2.69021622615682,3.71535380859247,1
171,1,17.75,29,3.71535380859247,4.87579017294195,1
171,1,17.75,29,4.87579017294195,7.48482058378616,1
171,1,17.75,29,7.48482058378616,7.48584099247931,1
171,1,17.75,29,7.48584099247931,8.17414750845434,1
171,1,17.75,29,8.17414750845434,9.26050303766229,1
171,1,17.75,29,9.26050303766229,9.42798342612257,1
171,1,17.75,29,9.42798342612257,9.76310117829286,1
171,1,17.75,29,9.76310117829286,10.0464145634727,1
171,1,17.75,29,10.0464145634727,10.2929315643892,1
171,1,17.75,29,10.2929315643892,11.3060679001447,1
171,1,17.75,29,11.3060679001447,12.4487717047101,1
171,1,17.75,29,12.4487717047101,12.7287085190473,1
171,1,17.75,29,12.7287085190473,13.6731704311787,1
171,1,17.75,29,13.6731704311787,13.9275328174529,1
171,1,17.75,29,13.9275328174529,14.252029532702,1
171,1,17.75,29,14.252029532702,14.6849326905662,1
171,1,17.75,29,14.6849326905662,14.8148468764899,1
171,1,17.75,29,14.8148468764899,15.6256531692829,1
171,1,17.75,29,15.6256531692829,15.6555036876824,1
171,1,17.75,29,15.6555036876824,15.886177347775,1
171,1,17.75,29,15.886177347775,16.667016091952,1
171,1,17.75,29,16.667016091952,16.8488969161693,1
171,1,17.75,29,16.8488969161693,17.3925247830646,1
171,1,17.75,29,17.3925247830646,17.3926022136393,1
171,1,17.75,29,17.3926022136393,17.7397292965014,1
171,1,17.75,29,17.7397292965014,17.75,0
172,1,18.75,40,0,1.7024425431602,1
172,1,18.75,40,1.7024425431602,2.05898355407882,1
172,1,18.75,40,2.05898355407882,3.53979859676775,1
172,1,18.75,40,3.53979859676775,3.86639636465222,1
172,1,18.75,40,3.86639636465222,4.4996141139863,1
172,1,18.75,40,4.4996141139863,7.34228156864416,1
172,1,18.75,40,7.34228156864416,7.97636646770901,1
172,1,18.75,40,7.97636646770901,8.60465320924613,1
172,1,18.75,40,8.60465320924613,8.62812214679866,1
172,1,18.75,40,8.62812214679866,9.36701656772302,1
172,1,18.75,40,9.36701656772302,10.2926047576536,1
172,1,18.75,40,10.2926047576536,10.4643372541302,1
172,1,18.75,40,10.4643372541302,10.4667140416261,1
172,1,18.75,40,10.4667140416261,10.9884962475178,1
172,1,18.75,40,10.9884962475178,11.7741541696644,1
172,1,18.75,40,11.7741541696644,12.5895799968059,1
172,1,18.75,40,12.5895799968059,12.9720305707714,1
172,1,18.75,40,12.9720305707714,14.1558059698522,1
172,1,18.75,40,14.1558059698522,14.2057200846041,1
172,1,18.75,40,14.2057200846041,14.5282140596412,1
172,1,18.75,40,14.5282140596412,14.6117196161965,1
172,1,18.75,40,14.6117196161965,14.6800863727263,1
172,1,18.75,40,14.6800863727263,14.7219098825029,1
172,1,18.75,40,14.7219098825029,14.7829699946965,1
172,1,18.75,40,14.7829699946965,14.9598572472293,1
172,1,18.75,40,14.9598572472293,15.2800248835086,1
172,1,18.75,40,15.2800248835086,15.5975416861136,1
172,1,18.75,40,15.5975416861136,15.6787795704531,1
172,1,18.75,40,15.6787795704531,15.7156594447809,1
172,1,18.75,40,15.7156594447809,15.8847577240888,1
172,1,18.75,40,15.8847577240888,16.6929699078987,1
172,1,18.75,40,16.6929699078987,17.4499091047823,1
172,1,18.75,40,17.4499091047823,17.5226831542518,1
172,1,18.75,40,17.5226831542518,17.7409019774426,1
172,1,18.75,40,17.7409019774426,17.8231802097663,1
172,1,18.75,40,17.8231802097663,18.1328129148186,1
172,1,18.75,40,18.1328129148186,18.5088042267686,1
172,1,18.75,40,18.5088042267686,18.5118484199734,1
172,1,18.75,40,18.5118484199734,18.5331030813153,1
172,1,18.75,40,18.5331030813153,18.6711122893754,1
172,1,18.75,40,18.6711122893754,18.75,0
173,1,17.75,3,0,4.17737089514517,1
173,1,17.75,3,4.17737089514517,8.94573581276664,1
173,1,17.75,3,8.94573581276664,14.1695253632,1
173,1,17.75,3,14.1695253632,17.75,0
174,1,10.75,14,0,5.0357728995086,1
174,1,10.75,14,5.0357728995086,5.07184735958014,1
174,1,10.75,14,5.07184735958014,5.88137493399723,1
174,1,10.75,14,5.88137493399723,7.20904127171957,1
174,1,10.75,14,7.20904127171957,7.32392639212995,1
174,1,10.75,14,7.32392639212995,7.88283552209726,1
174,1,10.75,14,7.88283552209726,8.31081448535517,1
174,1,10.75,14,8.31081448535517,8.81774664161689,1
174,1,10.75,14,8.81774664161689,9.04383992396175,1
174,1,10.75,14,9.04383992396175,9.22024719719555,1
174,1,10.75,14,9.22024719719555,9.753657081845,1
174,1,10.75,14,9.753657081845,10.147549286457,1
174,1,10.75,14,10.147549286457,10.3479614393161,1
174,1,10.75,14,10.3479614393161,10.642422565596,1
174,1,10.75,14,10.642422565596,10.75,0
175,1,13.75,11,0,5.06140335836667,1
175,1,13.75,11,5.06140335836667,7.18139879574897,1
175,1,13.75,11,7.18139879574897,7.52943756463103,1
175,1,13.75,11,7.52943756463103,8.95237438397271,1
175,1,13.75,11,8.95237438397271,9.55946205115291,1
175,1,13.75,11,9.55946205115291,11.3761590470612,1
175,1,13.75,11,11.3761590470612,11.4924646241842,1
175,1,13.75,11,11.4924646241842,13.2238826692837,1
175,1,13.75,11,13.2238826692837,13.2831452363754,1
175,1,13.75,11,13.2831452363754,13.3229748290078,1
175,1,13.75,11,13.3229748290078,13.6406974173345,1
175,1,13.75,11,13.6406974173345,13.75,0
176,1,16.75,65,0,1.827894389538,1
176,1,16.75,65,1.827894389538,2.01578696545436,1
176,1,16.75,65,2.01578696545436,3.4454260331392,1
176,1,16.75,65,3.4454260331392,3.68390407762642,1
176,1,16.75,65,3.68390407762642,4.53573080064666,1
176,1,16.75,65,4.53573080064666,5.61941430861053,1
176,1,16.75,65,5.61941430861053,5.97215362711751,1
176,1,16.75,65,5.97215362711751,7.76210981313923,1
176,1,16.75,65,7.76210981313923,7.7945051547563,1
176,1,16.75,65,7.7945051547563,7.99783338592093,1
176,1,16.75,65,7.99783338592093,8.01638492225645,1
176,1,16.75,65,8.01638492225645,8.09627097671916,1
176,1,16.75,65,8.09627097671916,8.52796694968739,1
176,1,16.75,65,8.52796694968739,8.99923209008527,1
176,1,16.75,65,8.99923209008527,9.75807572578176,1
176,1,16.75,65,9.75807572578176,9.96724904024851,1
176,1,16.75,65,9.96724904024851,10.0139838708299,1
176,1,16.75,65,10.0139838708299,10.1260429700682,1
176,1,16.75,65,10.1260429700682,10.2183761382621,1
176,1,16.75,65,10.2183761382621,10.5126211009974,1
176,1,16.75,65,10.5126211009974,11.0516595662717,1
176,1,16.75,65,11.0516595662717,11.2176382147392,1
176,1,16.75,65,11.2176382147392,11.4916067090685,1
176,1,16.75,65,11.4916067090685,11.5171939328799,1
176,1,16.75,65,11.5171939328799,11.6927277852543,1
176,1,16.75,65,11.6927277852543,11.7109125454814,1
176,1,16.75,65,11.7109125454814,11.7439280664043,1
176,1,16.75,65,11.7439280664043,11.7517319803791,1
176,1,16.75,65,11.7517319803791,11.9800129835928,1
176,1,16.75,65,11.9800129835928,12.0749542332691,1
176,1,16.75,65,12.0749542332691,12.0843800955894,1
176,1,16.75,65,12.0843800955894,12.2144973897998,1
176,1,16.75,65,12.2144973897998,12.6012286377811,1
176,1,16.75,65,12.6012286377811,12.6040550556285,1
176,1,16.75,65,12.6040550556285,12.6684170724744,1
176,1,16.75,65,12.6684170724744,12.871498998083,1
176,1,16.75,65,12.871498998083,13.0161620796318,1
176,1,16.75,65,13.0161620796318,13.3049625544753,1
176,1,16.75,65,13.3049625544753,13.7321634035074,1
176,1,16.75,65,13.7321634035074,14.2157369850303,1
176,1,16.75,65,14.2157369850303,14.2297105974592,1
176,1,16.75,65,14.2297105974592,14.4291111607685,1
176,1,16.75,65,14.4291111607685,14.5866468544061,1
176,1,16.75,65,14.5866468544061,14.6646667957465,1
176,1,16.75,65,14.6646667957465,14.7198959359805,1
176,1,16.75,65,14.7198959359805,14.9724230655571,1
176,1,16.75,65,14.9724230655571,14.9851472594263,1
176,1,16.75,65,14.9851472594263,15.0294791764112,1
176,1,16.75,65,15.0294791764112,15.0961696314206,1
176,1,16.75,65,15.0961696314206,15.1912675968256,1
176,1,16.75,65,15.1912675968256,15.2082222444383,1
176,1,16.75,65,15.2082222444383,15.3609048143474,1
176,1,16.75,65,15.3609048143474,15.3832903899985,1
176,1,16.75,65,15.3832903899985,15.4431445397054,1
176,1,16.75,65,15.4431445397054,15.596559230429,1
176,1,16.75,65,15.596559230429,15.6265540397236,1
176,1,16.75,65,15.6265540397236,15.9885773921451,1
176,1,16.75,65,15.9885773921451,16.1504019564191,1
176,1,16.75,65,16.1504019564191,16.2261076472856,1
176,1,16.75,65,16.2261076472856,16.3937630022523,1
176,1,16.75,65,16.3937630022523,16.4230850527781,1
176,1,16.75,65,16.4230850527781,16.5153965082807,1
176,1,16.75,65,16.5153965082807,16.6328835630553,1
176,1,16.75,65,16.6328835630553,16.6586159996331,1
176,1,16.75,65,16.6586159996331,16.6762835200314,1
176,1,16.75,65,16.6762835200314,16.75,0
177,1,14.75,1,0,4.54964757873208,1
177,1,14.75,1,4.54964757873208,14.75,0
178,1,14.75,60,0,1.72938833851224,1
178,1,14.75,60,1.72938833851224,2.6162523062547,1
178,1,14.75,60,2.6162523062547,3.44201139262744,1
178,1,14.75,60,3.44201139262744,6.42869848134624,1
178,1,14.75,60,6.42869848134624,6.43767581265372,1
178,1,14.75,60,6.43767581265372,6.48263491762319,1
178,1,14.75,60,6.48263491762319,7.01238596267645,1
178,1,14.75,60,7.01238596267645,7.8861748832999,1
178,1,14.75,60,7.8861748832999,8.00039903897416,1
178,1,14.75,60,8.00039903897416,8.06836925009402,1
178,1,14.75,60,8.06836925009402,8.11820856942832,1
178,1,14.75,60,8.11820856942832,8.14483379166134,1
178,1,14.75,60,8.14483379166134,8.1947473006879,1
178,1,14.75,60,8.1947473006879,8.39275343005835,1
178,1,14.75,60,8.39275343005835,8.55089388929139,1
178,1,14.75,60,8.55089388929139,8.98864055389497,1
178,1,14.75,60,8.98864055389497,9.00239976746382,1
178,1,14.75,60,9.00239976746382,9.21698994196395,1
178,1,14.75,60,9.21698994196395,9.53365439346856,1
178,1,14.75,60,9.53365439346856,10.0207686858366,1
178,1,14.75,60,10.0207686858366,10.0426366285445,1
178,1,14.75,60,10.0426366285445,10.3286376295163,1
178,1,14.75,60,10.3286376295163,10.3653392010307,1
178,1,14.75,60,10.3653392010307,10.4098773296305,1
178,1,14.75,60,10.4098773296305,10.5802863945545,1
178,1,14.75,60,10.5802863945545,10.8276717117972,1
178,1,14.75,60,10.8276717117972,10.9423863474608,1
178,1,14.75,60,10.9423863474608,10.9551214404251,1
178,1,14.75,60,10.9551214404251,10.9690821958142,1
178,1,14.75,60,10.9690821958142,11.1168836925658,1
178,1,14.75,60,11.1168836925658,11.3340710139334,1
178,1,14.75,60,11.3340710139334,11.4657027309638,1
178,1,14.75,60,11.4657027309638,11.5675220518981,1
178,1,14.75,60,11.5675220518981,11.6921614591504,1
178,1,14.75,60,11.6921614591504,11.8697663794052,1
178,1,14.75,60,11.8697663794052,12.1198848403008,1
178,1,14.75,60,12.1198848403008,12.2555999046301,1
178,1,14.75,60,12.2555999046301,12.3385718512902,1
178,1,14.75,60,12.3385718512902,12.4812324935307,1
178,1,14.75,60,12.4812324935307,12.7427684048807,1
178,1,14.75,60,12.7427684048807,12.822491367763,1
178,1,14.75,60,12.822491367763,12.8742307529891,1
178,1,14.75,60,12.8742307529891,12.952626148771,1
178,1,14.75,60,12.952626148771,13.0362459313887,1
178,1,14.75,60,13.0362459313887,13.0828145050598,1
178,1,14.75,60,13.0828145050598,13.1024506027936,1
178,1,14.75,60,13.1024506027936,13.1714234943011,1
178,1,14.75,60,13.1714234943011,13.2002138816041,1
178,1,14.75,60,13.2002138816041,13.2951244619459,1
178,1,14.75,60,13.2951244619459,13.4943483161911,1
178,1,14.75,60,13.4943483161911,13.777792509518,1
178,1,14.75,60,13.777792509518,13.8332243389493,1
178,1,14.75,60,13.8332243389493,13.9055913668366,1
178,1,14.75,60,13.9055913668366,14.1871607599799,1
178,1,14.75,60,14.1871607599799,14.205408332513,1
178,1,14.75,60,14.205408332513,14.2636608346733,1
178,1,14.75,60,14.2636608346733,14.3751875311666,1
178,1,14.75,60,14.3751875311666,14.4276552636281,1
178,1,14.75,60,14.4276552636281,14.634274666627,1
178,1,14.75,60,14.634274666627,14.6668850666286,1
178,1,14.75,60,14.6668850666286,14.75,0
179,1,13.75,1,0,9.39137541327934,1
179,1,13.75,1,9.39137541327934,13.75,0
180,1,11.75,2,0,0.769357324099921,1
180,1,11.75,2,0.769357324099921,6.06817896790066,1
180,1,11.75,2,6.06817896790066,11.75,0
181,1,20.75,2,0,3.8267264590391,1
181,1,20.75,2,3.8267264590391,9.4910138870169,1
181,1,20.75,2,9.4910138870169,20.75,0
182,1,16.75,21,0,2.88266150054351,1
182,1,16.75,21,2.88266150054351,6.33330286349607,1
182,1,16.75,21,6.33330286349607,8.15442490130246,1
182,1,16.75,21,8.15442490130246,9.49609706980778,1
182,1,16.75,21,9.49609706980778,9.74148822154798,1
182,1,16.75,21,9.74148822154798,10.0785517785895,1
182,1,16.75,21,10.0785517785895,10.2575500388759,1
182,1,16.75,21,10.2575500388759,10.6132663823069,1
182,1,16.75,21,10.6132663823069,10.9758512775714,1
182,1,16.75,21,10.9758512775714,12.4765173455954,1
182,1,16.75,21,12.4765173455954,13.0033651412681,1
182,1,16.75,21,13.0033651412681,13.0383527610183,1
182,1,16.75,21,13.0383527610183,13.4597215265871,1
182,1,16.75,21,13.4597215265871,13.5783176874166,1
182,1,16.75,21,13.5783176874166,13.5853067824426,1
182,1,16.75,21,13.5853067824426,13.6891347687266,1
182,1,16.75,21,13.6891347687266,13.8973734585077,1
182,1,16.75,21,13.8973734585077,14.9842679141077,1
182,1,16.75,21,14.9842679141077,15.1374147957709,1
182,1,16.75,21,15.1374147957709,15.4153616614118,1
182,1,16.75,21,15.4153616614118,16.0916293185546,1
182,1,16.75,21,16.0916293185546,16.75,0
183,1,17.75,3,0,1.45633704196617,1
183,1,17.75,3,1.45633704196617,4.6432539642742,1
183,1,17.75,3,4.6432539642742,6.51092772955259,1
183,1,17.75,3,6.51092772955259,17.75,0
184,1,19.75,0,0,19.75,0
185,1,15.75,3,0,0.287059569281964,1
185,1,15.75,3,0.287059569281964,0.505065725673409,1
185,1,15.75,3,0.505065725673409,4.77986429748254,1
185,1,15.75,3,4.77986429748254,15.75,0
186,1,15.75,60,0,1.30301585858926,1
186,1,15.75,60,1.30301585858926,4.06399647878963,1
186,1,15.75,60,4.06399647878963,4.10214007943703,1
186,1,15.75,60,4.10214007943703,5.25942474012798,1
186,1,15.75,60,5.25942474012798,5.47925935495577,1
186,1,15.75,60,5.47925935495577,5.93618089747807,1
186,1,15.75,60,5.93618089747807,6.06573844264253,1
186,1,15.75,60,6.06573844264253,6.31101696929643,1
186,1,15.75,60,6.31101696929643,8.38456208693787,1
186,1,15.75,60,8.38456208693787,8.53961925729645,1
186,1,15.75,60,8.53961925729645,9.13358280414525,1
186,1,15.75,60,9.13358280414525,9.26434718537884,1
186,1,15.75,60,9.26434718537884,9.64110378582703,1
186,1,15.75,60,9.64110378582703,9.91461055304135,1
186,1,15.75,60,9.91461055304135,10.0370285318073,1
186,1,15.75,60,10.0370285318073,10.2725383807475,1
186,1,15.75,60,10.2725383807475,10.4604456198361,1
186,1,15.75,60,10.4604456198361,10.6381717502291,1
186,1,15.75,60,10.6381717502291,10.7453691244035,1
186,1,15.75,60,10.7453691244035,11.1857965384207,1
186,1,15.75,60,11.1857965384207,11.5515795361622,1
186,1,15.75,60,11.5515795361622,11.5541871781057,1
186,1,15.75,60,11.5541871781057,11.624890991451,1
186,1,15.75,60,11.624890991451,11.6979656032009,1
186,1,15.75,60,11.6979656032009,11.9316619206649,1
186,1,15.75,60,11.9316619206649,12.0993140978811,1
186,1,15.75,60,12.0993140978811,12.371348265192,1
186,1,15.75,60,12.371348265192,12.4833626681915,1
186,1,15.75,60,12.4833626681915,12.5721083337983,1
186,1,15.75,60,12.5721083337983,12.5726317368802,1
186,1,15.75,60,12.5726317368802,12.6022175734321,1
186,1,15.75,60,12.6022175734321,12.6754171088517,1
186,1,15.75,60,12.6754171088517,12.7932300148904,1
186,1,15.75,60,12.7932300148904,12.900910724854,1
186,1,15.75,60,12.900910724854,13.1434922313488,1
186,1,15.75,60,13.1434922313488,13.3475985086164,1
186,1,15.75,60,13.3475985086164,13.3739705301861,1
186,1,15.75,60,13.3739705301861,13.4739690665731,1
186,1,15.75,60,13.4739690665731,13.6298851747658,1
186,1,15.75,60,13.6298851747658,13.8781500485503,1
186,1,15.75,60,13.8781500485503,13.9702948152506,1
186,1,15.75,60,13.9702948152506,14.0233969456739,1
186,1,15.75,60,14.0233969456739,14.2155290639457,1
186,1,15.75,60,14.2155290639457,14.2773844721196,1
186,1,15.75,60,14.2773844721196,14.2862958364453,1
186,1,15.75,60,14.2862958364453,14.2923084948536,1
186,1,15.75,60,14.2923084948536,14.3211221438941,1
186,1,15.75,60,14.3211221438941,14.3244377516413,1
186,1,15.75,60,14.3244377516413,14.4231552932845,1
186,1,15.75,60,14.4231552932845,14.6825541537862,1
186,1,15.75,60,14.6825541537862,15.0264877754117,1
186,1,15.75,60,15.0264877754117,15.041262402745,1
186,1,15.75,60,15.041262402745,15.1013972617774,1
186,1,15.75,60,15.1013972617774,15.3305947354885,1
186,1,15.75,60,15.3305947354885,15.4222749725169,1
186,1,15.75,60,15.4222749725169,15.4634859326576,1
186,1,15.75,60,15.4634859326576,15.5340136967191,1
186,1,15.75,60,15.5340136967191,15.5391692084118,1
186,1,15.75,60,15.5391692084118,15.6837302002177,1
186,1,15.75,60,15.6837302002177,15.7437297430149,1
186,1,15.75,60,15.7437297430149,15.75,0
187,1,11.75,1,0,2.8149086482328,1
187,1,11.75,1,2.8149086482328,11.75,0
188,1,10.75,0,0,10.75,0
189,1,13.75,19,0,4.16179326652844,1
189,1,13.75,19,4.16179326652844,8.21951033256079,1
189,1,13.75,19,8.21951033256079,9.05955583125812,1
189,1,13.75,19,9.05955583125812,9.62210118412975,1
189,1,13.75,19,9.62210118412975,10.5307689873574,1
189,1,13.75,19,10.5307689873574,10.7409289341613,1
189,1,13.75,19,10.7409289341613,11.0560558481468,1
189,1,13.75,19,11.0560558481468,11.548906290596,1
189,1,13.75,19,11.548906290596,11.6502139235384,1
189,1,13.75,19,11.6502139235384,11.8291403552736,1
189,1,13.75,19,11.8291403552736,11.8531391444537,1
189,1,13.75,19,11.8531391444537,12.3878511279421,1
189,1,13.75,19,12.3878511279421,12.5983686876956,1
189,1,13.75,19,12.5983686876956,12.6220616660973,1
189,1,13.75,19,12.6220616660973,12.9353557630242,1
189,1,13.75,19,12.9353557630242,12.9498495981607,1
189,1,13.75,19,12.9498495981607,13.234577376735,1
189,1,13.75,19,13.234577376735,13.3561058569928,1
189,1,13.75,19,13.3561058569928,13.6527749275957,1
189,1,13.75,19,13.6527749275957,13.75,0
190,1,17.75,3,0,0.16639583402866,1
190,1,17.75,3,0.16639583402866,2.16905008093469,1
190,1,17.75,3,2.16905008093469,8.9000317784109,1
190,1,17.75,3,8.9000317784109,17.75,0
191,1,15.75,1,0,5.71368442846207,1
191,1,15.75,1,5.71368442846207,15.75,0
192,1,14.75,2,0,0.00904071211406827,1
192,1,14.75,2,0.00904071211406827,0.0189517995856078,1
192,1,14.75,2,0.0189517995856078,14.75,0
193,1,12.75,4,0,4.77415053419791,1
193,1,12.75,4,4.77415053419791,5.24697293522609,1
193,1,12.75,4,5.24697293522609,7.15180866357056,1
193,1,12.75,4,7.15180866357056,12.6083081557811,1
193,1,12.75,4,12.6083081557811,12.75,0
194,1,9.75,9,0,6.3919389286034,1
194,1,9.75,9,6.3919389286034,6.78299899035762,1
194,1,9.75,9,6.78299899035762,8.11839732560157,1
194,1,9.75,9,8.11839732560157,8.18766156667751,1
194,1,9.75,9,8.18766156667751,8.58812808722866,1
194,1,9.75,9,8.58812808722866,8.62126194132552,1
194,1,9.75,9,8.62126194132552,9.0307713819335,1
194,1,9.75,9,9.0307713819335,9.177961285954,1
194,1,9.75,9,9.177961285954,9.73858413739924,1
194,1,9.75,9,9.73858413739924,9.75,0
195,1,14.75,5,0,0.786377623655309,1
195,1,14.75,5,0.786377623655309,4.39398971705968,1
195,1,14.75,5,4.39398971705968,4.93115251615775,1
195,1,14.75,5,4.93115251615775,7.8779526770342,1
195,1,14.75,5,7.8779526770342,10.4212265243488,1
195,1,14.75,5,10.4212265243488,14.75,0
196,1,18.75,2,0,2.40289787640988,1
196,1,18.75,2,2.40289787640988,11.9402380794064,1
196,1,18.75,2,11.9402380794064,18.75,0
197,1,9.75,1,0,7.21492198865807,1
197,1,9.75,1,7.21492198865807,9.75,0
198,1,9.75,2,0,1.25909804404846,1
198,1,9.75,2,1.25909804404846,1.30436877955877,1
198,1,9.75,2,1.30436877955877,9.75,0
199,1,16.75,47,0,2.08781376670228,1
199,1,16.75,47,2.08781376670228,2.35340120555617,1
199,1,16.75,47,2.35340120555617,3.63639220989325,1
199,1,16.75,47,3.63639220989325,5.47124195758289,1
199,1,16.75,47,5.47124195758289,6.91332166192176,1
199,1,16.75,47,6.91332166192176,7.13412498528579,1
199,1,16.75,47,7.13412498528579,8.05646856664726,1
199,1,16.75,47,8.05646856664726,8.76621100359188,1
199,1,16.75,47,8.76621100359188,9.0437242562729,1
199,1,16.75,47,9.0437242562729,9.24727613941501,1
199,1,16.75,47,9.24727613941501,9.2732715168403,1
199,1,16.75,47,9.2732715168403,10.1560665024228,1
199,1,16.75,47,10.1560665024228,10.1661579278602,1
199,1,16.75,47,10.1661579278602,10.4681460306999,1
199,1,16.75,47,10.4681460306999,10.5485727552346,1
199,1,16.75,47,10.5485727552346,10.7428771969448,1
199,1,16.75,47,10.7428771969448,10.8969586304588,1
199,1,16.75,47,10.8969586304588,11.2151351046244,1
199,1,16.75,47,11.2151351046244,11.5870855084689,1
199,1,16.75,47,11.5870855084689,11.7107976246211,1
199,1,16.75,47,11.7107976246211,11.8687291025571,1
199,1,16.75,47,11.8687291025571,11.9112571763788,1
199,1,16.75,47,11.9112571763788,12.0721737575894,1
199,1,16.75,47,12.0721737575894,12.1050053113524,1
199,1,16.75,47,12.1050053113524,12.1692893392745,1
199,1,16.75,47,12.1692893392745,12.4475644893416,1
199,1,16.75,47,12.4475644893416,13.0589826083719,1
199,1,16.75,47,13.0589826083719,13.1463884523267,1
199,1,16.75,47,13.1463884523267,13.4382730555619,1
199,1,16.75,47,13.4382730555619,13.8928099671046,1
199,1,16.75,47,13.8928099671046,13.993959054575,1
199,1,16.75,47,13.993959054575,13.997269038312,1
199,1,16.75,47,13.997269038312,14.0010753864554,1
199,1,16.75,47,14.0010753864554,14.1841342930815,1
199,1,16.75,47,14.1841342930815,14.96979276561,1
199,1,16.75,47,14.96979276561,15.0138052801556,1
199,1,16.75,47,15.0138052801556,15.1920762502942,1
199,1,16.75,47,15.1920762502942,15.232471098259,1
199,1,16.75,47,15.232471098259,15.3548424268879,1
199,1,16.75,47,15.3548424268879,15.3673919730494,1
199,1,16.75,47,15.3673919730494,15.4761752333991,1
199,1,16.75,47,15.4761752333991,15.4849959645104,1
199,1,16.75,47,15.4849959645104,15.7213561087554,1
199,1,16.75,47,15.7213561087554,15.9115566669506,1
199,1,16.75,47,15.9115566669506,16.1311436900735,1
199,1,16.75,47,16.1311436900735,16.2905890111269,1
199,1,16.75,47,16.2905890111269,16.4739912807215,1
199,1,16.75,47,16.4739912807215,16.75,0
200,1,14.75,21,0,2.29266088155519,1
200,1,14.75,21,2.29266088155519,4.05621515262745,1
200,1,14.75,21,4.05621515262745,6.29867081255708,1
200,1,14.75,21,6.29867081255708,6.61957883098144,1
200,1,14.75,21,6.61957883098144,8.2677846747306,1
200,1,14.75,21,8.2677846747306,8.35958883175936,1
200,1,14.75,21,8.35958883175936,8.84591709978026,1
200,1,14.75,21,8.84591709978026,9.94089891245341,1
200,1,14.75,21,9.94089891245341,10.1660132061726,1
200,1,14.75,21,10.1660132061726,11.0812233366605,1
200,1,14.75,21,11.0812233366605,12.3898939284273,1
200,1,14.75,21,12.3898939284273,12.4375716828155,1
200,1,14.75,21,12.4375716828155,12.849379235996,1
200,1,14.75,21,12.849379235996,12.9823124877224,1
200,1,14.75,21,12.9823124877224,12.9979276174142,1
200,1,14.75,21,12.9979276174142,13.0434938163351,1
200,1,14.75,21,13.0434938163351,13.2660630500595,1
200,1,14.75,21,13.2660630500595,13.6587018808677,1
200,1,14.75,21,13.6587018808677,13.7164516695003,1
200,1,14.75,21,13.7164516695003,13.8898969464302,1
200,1,14.75,21,13.8898969464302,14.6322873963586,1
200,1,14.75,21,14.6322873963586,14.75,0
201,1,14.75,18,0,3.68912295878345,1
201,1,14.75,18,3.68912295878345,7.11125681139192,1
201,1,14.75,18,7.11125681139192,7.87022422814233,1
201,1,14.75,18,7.87022422814233,7.93654441700018,1
201,1,14.75,18,7.93654441700018,8.21071612099337,1
201,1,14.75,18,8.21071612099337,8.31083921463914,1
201,1,14.75,18,8.31083921463914,8.90573766597761,1
201,1,14.75,18,8.90573766597761,8.99068352759947,1
201,1,14.75,18,8.99068352759947,10.4326835788716,1
201,1,14.75,18,10.4326835788716,10.5650549542116,1
201,1,14.75,18,10.5650549542116,11.2679048180475,1
201,1,14.75,18,11.2679048180475,11.3414788974275,1
201,1,14.75,18,11.3414788974275,12.4772486102563,1
201,1,14.75,18,12.4772486102563,12.9678098395379,1
201,1,14.75,18,12.9678098395379,13.1529217051979,1
201,1,14.75,18,13.1529217051979,13.3660917439463,1
201,1,14.75,18,13.3660917439463,13.6928555693415,1
201,1,14.75,18,13.6928555693415,14.3434464572746,1
201,1,14.75,18,14.3434464572746,14.75,0
202,1,14.75,2,0,1.93328082484882,1
202,1,14.75,2,1.93328082484882,2.61912633585693,1
202,1,14.75,2,2.61912633585693,14.75,0
203,1,15.75,0,0,15.75,0
204,1,12.75,28,0,3.60603931293208,1
204,1,12.75,28,3.60603931293208,3.89406784332211,1
204,1,12.75,28,3.89406784332211,5.01202025047414,1
204,1,12.75,28,5.01202025047414,5.18710688476172,1
204,1,12.75,28,5.18710688476172,5.35068477956922,1
204,1,12.75,28,5.35068477956922,5.35436164063212,1
204,1,12.75,28,5.35436164063212,6.31361783902732,1
204,1,12.75,28,6.31361783902732,6.70737508453642,1
204,1,12.75,28,6.70737508453642,6.9968187670828,1
204,1,12.75,28,6.9968187670828,7.3053536322177,1
204,1,12.75,28,7.3053536322177,7.92339952817414,1
204,1,12.75,28,7.92339952817414,7.94689542773622,1
204,1,12.75,28,7.94689542773622,8.94886942437286,1
204,1,12.75,28,8.94886942437286,9.29837069471919,1
204,1,12.75,28,9.29837069471919,9.65504717673414,1
204,1,12.75,28,9.65504717673414,10.3505628148816,1
204,1,12.75,28,10.3505628148816,10.4932208076687,1
204,1,12.75,28,10.4932208076687,10.6063875286445,1
204,1,12.75,28,10.6063875286445,10.648149667911,1
204,1,12.75,28,10.648149667911,10.8051174056349,1
204,1,12.75,28,10.8051174056349,11.1282774203462,1
204,1,12.75,28,11.1282774203462,11.376771067819,1
204,1,12.75,28,11.376771067819,11.5483065737007,1
204,1,12.75,28,11.5483065737007,11.5737704569891,1
204,1,12.75,28,11.5737704569891,12.3372986078769,1
204,1,12.75,28,12.3372986078769,12.4729361224619,1
204,1,12.75,28,12.4729361224619,12.5126238417485,1
204,1,12.75,28,12.5126238417485,12.5799913281204,1
204,1,12.75,28,12.5799913281204,12.75,0
205,1,13.75,4,0,0.569720037808744,1
205,1,13.75,4,0.569720037808744,5.23261684766671,1
205,1,13.75,4,5.23261684766671,5.90893386604558,1
205,1,13.75,4,5.90893386604558,10.7141071749536,1
205,1,13.75,4,10.7141071749536,13.75,0
206,1,17.75,40,0,4.01318848226827,1
206,1,17.75,40,4.01318848226827,4.83046011994984,1
206,1,17.75,40,4.83046011994984,4.91062781945892,1
206,1,17.75,40,4.91062781945892,6.03735419185026,1
206,1,17.75,40,6.03735419185026,6.12570781334838,1
206,1,17.75,40,6.12570781334838,6.90977165140185,1
206,1,17.75,40,6.90977165140185,7.28319116839258,1
206,1,17.75,40,7.28319116839258,8.11532692471127,1
206,1,17.75,40,8.11532692471127,8.26807115038352,1
206,1,17.75,40,8.26807115038352,10.3113676608518,1
206,1,17.75,40,10.3113676608518,10.6002667907012,1
206,1,17.75,40,10.6002667907012,10.8296134076919,1
206,1,17.75,40,10.8296134076919,11.0010990084512,1
206,1,17.75,40,11.0010990084512,11.1568211463309,1
206,1,17.75,40,11.1568211463309,11.164004345176,1
206,1,17.75,40,11.164004345176,11.5501825191149,1
206,1,17.75,40,11.5501825191149,11.9208591451687,1
206,1,17.75,40,11.9208591451687,12.3313870762133,1
206,1,17.75,40,12.3313870762133,12.6150445500055,1
206,1,17.75,40,12.6150445500055,12.6844935988295,1
206,1,17.75,40,12.6844935988295,13.4611432930679,1
206,1,17.75,40,13.4611432930679,13.4877720300092,1
206,1,17.75,40,13.4877720300092,13.5496554517192,1
206,1,17.75,40,13.5496554517192,13.8829891485787,1
206,1,17.75,40,13.8829891485787,14.3595525942059,1
206,1,17.75,40,14.3595525942059,14.4013823593718,1
206,1,17.75,40,14.4013823593718,14.5764607489617,1
206,1,17.75,40,14.5764607489617,14.6320328387947,1
206,1,17.75,40,14.6320328387947,15.0858226324697,1
206,1,17.75,40,15.0858226324697,15.4767253534021,1
206,1,17.75,40,15.4767253534021,15.8253821513306,1
206,1,17.75,40,15.8253821513306,16.4250728511763,1
206,1,17.75,40,16.4250728511763,16.5902140612853,1
206,1,17.75,40,16.5902140612853,16.6895492153504,1
206,1,17.75,40,16.6895492153504,16.9206544860609,1
206,1,17.75,40,16.9206544860609,17.093357373705,1
206,1,17.75,40,17.093357373705,17.2163039574566,1
206,1,17.75,40,17.2163039574566,17.3552524189124,1
206,1,17.75,40,17.3552524189124,17.7252834831151,1
206,1,17.75,40,17.7252834831151,17.7391252820743,1
206,1,17.75,40,17.7391252820743,17.75,0
207,1,10.75,0,0,10.75,0
208,1,15.75,18,0,2.47875433237276,1
208,1,15.75,18,2.47875433237276,6.64616596114189,1
208,1,15.75,18,6.64616596114189,7.53126841419197,1
208,1,15.75,18,7.53126841419197,10.3814835110805,1
208,1,15.75,18,10.3814835110805,10.9218275424662,1
208,1,15.75,18,10.9218275424662,10.9923981704647,1
208,1,15.75,18,10.9923981704647,11.0166776423273,1
208,1,15.75,18,11.0166776423273,11.3449004107754,1
208,1,15.75,18,11.3449004107754,12.5920936168615,1
208,1,15.75,18,12.5920936168615,12.7494363555003,1
208,1,15.75,18,12.7494363555003,12.7842708472265,1
208,1,15.75,18,12.7842708472265,13.9229801474337,1
208,1,15.75,18,13.9229801474337,14.1769651115169,1
208,1,15.75,18,14.1769651115169,14.4466407224119,1
208,1,15.75,18,14.4466407224119,14.6500552170248,1
208,1,15.75,18,14.6500552170248,14.6653809869815,1
208,1,15.75,18,14.6653809869815,15.3326293465383,1
208,1,15.75,18,15.3326293465383,15.3670585999418,1
208,1,15.75,18,15.3670585999418,15.75,0
209,1,17.75,6,0,0.0360689463300398,1
209,1,17.75,6,0.0360689463300398,0.775869567068151,1
209,1,17.75,6,0.775869567068151,0.778149700311033,1
209,1,17.75,6,0.778149700311033,1.53087583341861,1
209,1,17.75,6,1.53087583341861,5.83613208728147,1
209,1,17.75,6,5.83613208728147,5.93897701900577,1
209,1,17.75,6,5.93897701900577,17.75,0
210,1,8.75,4,0,1.10374848085383,1
210,1,8.75,4,1.10374848085383,1.41486525325565,1
210,1,8.75,4,1.41486525325565,3.02864025802552,1
210,1,8.75,4,3.02864025802552,4.07168622809657,1
210,1,8.75,4,4.07168622809657,8.75,0
211,1,20.75,3,0,0.862566875550021,1
211,1,20.75,3,0.862566875550021,7.55119919484103,1
211,1,20.75,3,7.55119919484103,20.2657287887765,1
211,1,20.75,3,20.2657287887765,20.75,0
212,1,11.75,1,0,9.82165497948635,1
212,1,11.75,1,9.82165497948635,11.75,0
213,1,8.75,1,0,7.18688018677352,1
213,1,8.75,1,7.18688018677352,8.75,0
214,1,9.75,3,0,0.416348227087104,1
214,1,9.75,3,0.416348227087104,0.972898237689602,1
214,1,9.75,3,0.972898237689602,6.4569215819375,1
214,1,9.75,3,6.4569215819375,9.75,0
215,1,14.75,47,0,2.12040484360011,1
215,1,14.75,47,2.12040484360011,3.68029903434869,1
215,1,14.75,47,3.68029903434869,4.05341320037674,1
215,1,14.75,47,4.05341320037674,5.50347347533039,1
215,1,14.75,47,5.50347347533039,5.59088890352955,1
215,1,14.75,47,5.59088890352955,5.77860923871638,1
215,1,14.75,47,5.77860923871638,6.28729399442692,1
215,1,14.75,47,6.28729399442692,6.34265197162878,1
215,1,14.75,47,6.34265197162878,6.51142895526464,1
215,1,14.75,47,6.51142895526464,7.74529358785029,1
215,1,14.75,47,7.74529358785029,7.86362836682141,1
215,1,14.75,47,7.86362836682141,7.89439026370077,1
215,1,14.75,47,7.89439026370077,7.9056385369391,1
215,1,14.75,47,7.9056385369391,8.03127287168161,1
215,1,14.75,47,8.03127287168161,8.75686860304769,1
215,1,14.75,47,8.75686860304769,9.19772815537619,1
215,1,14.75,47,9.19772815537619,9.6297747833526,1
215,1,14.75,47,9.6297747833526,9.68196492186109,1
215,1,14.75,47,9.68196492186109,9.79834925635278,1
215,1,14.75,47,9.79834925635278,10.0667324128668,1
215,1,14.75,47,10.0667324128668,10.0931121710794,1
215,1,14.75,47,10.0931121710794,10.0967477449789,1
215,1,14.75,47,10.0967477449789,10.3536266552793,1
215,1,14.75,47,10.3536266552793,10.3576217999615,1
215,1,14.75,47,10.3576217999615,10.7404782589526,1
215,1,14.75,47,10.7404782589526,10.7557073946104,1
215,1,14.75,47,10.7557073946104,10.793889861442,1
215,1,14.75,47,10.793889861442,10.8633293053393,1
215,1,14.75,47,10.8633293053393,11.1226087058631,1
215,1,14.75,47,11.1226087058631,11.6044039850934,1
215,1,14.75,47,11.6044039850934,11.6741922762266,1
215,1,14.75,47,11.6741922762266,11.9910539116892,1
215,1,14.75,47,11.9910539116892,12.1754097886389,1
215,1,14.75,47,12.1754097886389,12.2341617848548,1
215,1,14.75,47,12.2341617848548,12.9519014284256,1
215,1,14.75,47,12.9519014284256,12.9959894942837,1
215,1,14.75,47,12.9959894942837,13.0120806780839,1
215,1,14.75,47,13.0120806780839,13.4633804718399,1
215,1,14.75,47,13.4633804718399,13.4851257286393,1
215,1,14.75,47,13.4851257286393,13.5012471454463,1
215,1,14.75,47,13.5012471454463,13.6039783520353,1
215,1,14.75,47,13.6039783520353,13.8353687358478,1
215,1,14.75,47,13.8353687358478,13.9723695842745,1
215,1,14.75,47,13.9723695842745,14.1957554045927,1
215,1,14.75,47,14.1957554045927,14.2565590511584,1
215,1,14.75,47,14.2565590511584,14.3585868229568,1
215,1,14.75,47,14.3585868229568,14.7261641298817,1
215,1,14.75,47,14.7261641298817,14.75,0
216,1,14.75,3,0,0.0175977734111069,1
216,1,14.75,3,0.0175977734111069,1.76087676327936,1
216,1,14.75,3,1.76087676327936,13.238182439284,1
216,1,14.75,3,13.238182439284,14.75,0
217,1,13.75,24,0,3.58138502784604,1
217,1,13.75,24,3.58138502784604,4.10688793579526,1
217,1,13.75,24,4.10688793579526,5.23627233194427,1
217,1,13.75,24,5.23627233194427,5.55391184072578,1
217,1,13.75,24,5.55391184072578,7.08503350895228,1
217,1,13.75,24,7.08503350895228,8.32347460125812,1
217,1,13.75,24,8.32347460125812,8.34326581844893,1
217,1,13.75,24,8.34326581844893,8.6338604472176,1
217,1,13.75,24,8.6338604472176,9.16432045283791,1
217,1,13.75,24,9.16432045283791,9.29311961375913,1
217,1,13.75,24,9.29311961375913,10.4617570767265,1
217,1,13.75,24,10.4617570767265,10.527138184124,1
217,1,13.75,24,10.527138184124,10.6223557598347,1
217,1,13.75,24,10.6223557598347,10.9615346478201,1
217,1,13.75,24,10.9615346478201,11.03700443783,1
217,1,13.75,24,11.03700443783,11.1334768171388,1
217,1,13.75,24,11.1334768171388,11.1438840958417,1
217,1,13.75,24,11.1438840958417,11.1846558686452,1
217,1,13.75,24,11.1846558686452,11.9109922128288,1
217,1,13.75,24,11.9109922128288,12.0988064570757,1
217,1,13.75,24,12.0988064570757,12.3991448212685,1
217,1,13.75,24,12.3991448212685,12.7713519343926,1
217,1,13.75,24,12.7713519343926,12.9065818536362,1
217,1,13.75,24,12.9065818536362,12.9214282481287,1
217,1,13.75,24,12.9214282481287,13.75,0
218,1,14.75,25,0,2.66238438049271,1
218,1,14.75,25,2.66238438049271,2.73511327137838,1
218,1,14.75,25,2.73511327137838,3.26404760044983,1
218,1,14.75,25,3.26404760044983,5.67621601671402,1
218,1,14.75,25,5.67621601671402,6.66149111234595,1
218,1,14.75,25,6.66149111234595,9.43372850017267,1
218,1,14.75,25,9.43372850017267,9.73869279202242,1
218,1,14.75,25,9.73869279202242,9.77122460314122,1
218,1,14.75,25,9.77122460314122,9.92943068460116,1
218,1,14.75,25,9.92943068460116,10.0023236400479,1
218,1,14.75,25,10.0023236400479,10.0126895615465,1
218,1,14.75,25,10.0126895615465,11.184851118375,1
218,1,14.75,25,11.184851118375,11.2561337243087,1
218,1,14.75,25,11.2561337243087,11.2626800574692,1
218,1,14.75,25,11.2626800574692,11.9187158851017,1
218,1,14.75,25,11.9187158851017,12.5132990022897,1
218,1,14.75,25,12.5132990022897,12.6234572442686,1
218,1,14.75,25,12.6234572442686,12.6304284224751,1
218,1,14.75,25,12.6304284224751,12.6403863787658,1
218,1,14.75,25,12.6403863787658,13.478275484699,1
218,1,14.75,25,13.478275484699,13.6459328499782,1
218,1,14.75,25,13.6459328499782,13.7704704317889,1
218,1,14.75,25,13.7704704317889,14.0937278262136,1
218,1,14.75,25,14.0937278262136,14.6646361595374,1
218,1,14.75,25,14.6646361595374,14.7176499535045,1
218,1,14.75,25,14.7176499535045,14.75,0
219,1,18.75,3,0,1.40354089110393,1
219,1,18.75,3,1.40354089110393,6.71504999270115,1
219,1,18.75,3,6.71504999270115,8.85314587770088,1
219,1,18.75,3,8.85314587770088,18.75,0
220,1,8.75,14,0,1.47326492065677,1
220,1,8.75,14,1.47326492065677,3.29922188750493,1
220,1,8.75,14,3.29922188750493,4.10671516422723,1
220,1,8.75,14,4.10671516422723,4.28558185012084,1
220,1,8.75,14,4.28558185012084,5.3490079816452,1
220,1,8.75,14,5.3490079816452,5.71367004762468,1
220,1,8.75,14,5.71367004762468,5.84415372095366,1
220,1,8.75,14,5.84415372095366,5.93810058530209,1
220,1,8.75,14,5.93810058530209,6.66445994604056,1
220,1,8.75,14,6.66445994604056,6.90703531995078,1
220,1,8.75,14,6.90703531995078,6.95278237088478,1
220,1,8.75,14,6.95278237088478,7.01900666430439,1
220,1,8.75,14,7.01900666430439,7.39853304372413,1
220,1,8.75,14,7.39853304372413,8.13380336691196,1
220,1,8.75,14,8.13380336691196,8.75,0
221,1,11.75,17,0,6.93545533560898,1
221,1,11.75,17,6.93545533560898,8.00867669027948,1
221,1,11.75,17,8.00867669027948,8.65343961434295,1
221,1,11.75,17,8.65343961434295,8.67125046797006,1
221,1,11.75,17,8.67125046797006,8.76238583022985,1
221,1,11.75,17,8.76238583022985,8.86571487749356,1
221,1,11.75,17,8.86571487749356,9.62977261964202,1
221,1,11.75,17,9.62977261964202,9.64140077246918,1
221,1,11.75,17,9.64140077246918,10.0981571291016,1
221,1,11.75,17,10.0981571291016,10.1555026450008,1
221,1,11.75,17,10.1555026450008,10.5107792737353,1
221,1,11.75,17,10.5107792737353,10.5436022765055,1
221,1,11.75,17,10.5436022765055,10.8217180304844,1
221,1,11.75,17,10.8217180304844,11.0908673976633,1
221,1,11.75,17,11.0908673976633,11.0926143274785,1
221,1,11.75,17,11.0926143274785,11.1380004138945,1
221,1,11.75,17,11.1380004138945,11.3410174852385,1
221,1,11.75,17,11.3410174852385,11.75,0
222,1,8.75,3,0,5.49989500152394,1
222,1,8.75,3,5.49989500152394,6.90305389455404,1
222,1,8.75,3,6.90305389455404,7.47921832805161,1
222,1,8.75,3,7.47921832805161,8.75,0
223,1,14.75,46,0,3.51494224127718,1
223,1,14.75,46,3.51494224127718,5.13015770498562,1
223,1,14.75,46,5.13015770498562,5.3467025030169,1
223,1,14.75,46,5.3467025030169,5.34780752583897,1
223,1,14.75,46,5.34780752583897,6.03972662026304,1
223,1,14.75,46,6.03972662026304,6.36363535099871,1
223,1,14.75,46,6.36363535099871,6.50870094498155,1
223,1,14.75,46,6.50870094498155,6.53244930778195,1
223,1,14.75,46,6.53244930778195,6.63102512645814,1
223,1,14.75,46,6.63102512645814,6.81424222306162,1
223,1,14.75,46,6.81424222306162,7.62843097804157,1
223,1,14.75,46,7.62843097804157,7.65764771470716,1
223,1,14.75,46,7.65764771470716,8.06041610811959,1
223,1,14.75,46,8.06041610811959,8.11848613751596,1
223,1,14.75,46,8.11848613751596,8.28930611409261,1
223,1,14.75,46,8.28930611409261,8.31900581484788,1
223,1,14.75,46,8.31900581484788,8.42858344788396,1
223,1,14.75,46,8.42858344788396,8.78340154983383,1
223,1,14.75,46,8.78340154983383,9.461772775029,1
223,1,14.75,46,9.461772775029,9.84751159961074,1
223,1,14.75,46,9.84751159961074,9.85591931878684,1
223,1,14.75,46,9.85591931878684,10.0372861570553,1
223,1,14.75,46,10.0372861570553,10.4780291311449,1
223,1,14.75,46,10.4780291311449,10.5095789644779,1
223,1,14.75,46,10.5095789644779,10.9960851468456,1
223,1,14.75,46,10.9960851468456,11.0131585205008,1
223,1,14.75,46,11.0131585205008,11.0945704080061,1
223,1,14.75,46,11.0945704080061,11.2689051833675,1
223,1,14.75,46,11.2689051833675,11.7205886474518,1
223,1,14.75,46,11.7205886474518,11.8448423440095,1
223,1,14.75,46,11.8448423440095,12.1104241399589,1
223,1,14.75,46,12.1104241399589,12.3930815397179,1
223,1,14.75,46,12.3930815397179,12.550692775487,1
223,1,14.75,46,12.550692775487,12.7745319438068,1
223,1,14.75,46,12.7745319438068,12.8584789701541,1
223,1,14.75,46,12.8584789701541,13.0631472290702,1
223,1,14.75,46,13.0631472290702,13.1301013369464,1
223,1,14.75,46,13.1301013369464,13.2162143874901,1
223,1,14.75,46,13.2162143874901,13.6404797100368,1
223,1,14.75,46,13.6404797100368,13.8195508793047,1
223,1,14.75,46,13.8195508793047,13.847838266253,1
223,1,14.75,46,13.847838266253,13.9786584248656,1
223,1,14.75,46,13.9786584248656,13.9941277416123,1
223,1,14.75,46,13.9941277416123,14.1831241807439,1
223,1,14.75,46,14.1831241807439,14.1834937200917,1
223,1,14.75,46,14.1834937200917,14.5928704375239,1
223,1,14.75,46,14.5928704375239,14.75,0
224,1,15.75,1,0,3.02129968548851,1
224,1,15.75,1,3.02129968548851,15.75,0
225,1,13.75,0,0,13.75,0
226,1,14.75,2,0,0.000193748026204384,1
226,1,14.75,2,0.000193748026204384,0.45233585605897,1
226,1,14.75,2,0.45233585605897,14.75,0
227,1,16.75,57,0,5.62639239637614,1
227,1,16.75,57,5.62639239637614,6.0413483175624,1
227,1,16.75,57,6.0413483175624,6.18931603259261,1
227,1,16.75,57,6.18931603259261,6.22627035827388,1
227,1,16.75,57,6.22627035827388,6.7536471615344,1
227,1,16.75,57,6.7536471615344,6.94522298795953,1
227,1,16.75,57,6.94522298795953,6.96492194886912,1
227,1,16.75,57,6.96492194886912,7.69377893284304,1
227,1,16.75,57,7.69377893284304,7.72034194331797,1
227,1,16.75,57,7.72034194331797,7.8730179440621,1
227,1,16.75,57,7.8730179440621,8.17743823614562,1
227,1,16.75,57,8.17743823614562,8.6617351640623,1
227,1,16.75,57,8.6617351640623,10.0484058828244,1
227,1,16.75,57,10.0484058828244,10.092656059463,1
227,1,16.75,57,10.092656059463,10.3792653477818,1
227,1,16.75,57,10.3792653477818,10.5224957750146,1
227,1,16.75,57,10.5224957750146,10.6586610327629,1
227,1,16.75,57,10.6586610327629,10.9663857810906,1
227,1,16.75,57,10.9663857810906,11.0000048947021,1
227,1,16.75,57,11.0000048947021,11.1857962642415,1
227,1,16.75,57,11.1857962642415,11.3443965929861,1
227,1,16.75,57,11.3443965929861,11.6887367641643,1
227,1,16.75,57,11.6887367641643,11.945184253422,1
227,1,16.75,57,11.945184253422,12.1031503526208,1
227,1,16.75,57,12.1031503526208,12.2330884102925,1
227,1,16.75,57,12.2330884102925,12.7661605442985,1
227,1,16.75,57,12.7661605442985,13.0551576519787,1
227,1,16.75,57,13.0551576519787,13.1320333689664,1
227,1,16.75,57,13.1320333689664,13.1624175108014,1
227,1,16.75,57,13.1624175108014,13.17046571998,1
227,1,16.75,57,13.17046571998,13.2419577763293,1
227,1,16.75,57,13.2419577763293,13.2484720821751,1
227,1,16.75,57,13.2484720821751,13.3229852473001,1
227,1,16.75,57,13.3229852473001,13.5013898919685,1
227,1,16.75,57,13.5013898919685,13.5970259055497,1
227,1,16.75,57,13.5970259055497,13.8970388603351,1
227,1,16.75,57,13.8970388603351,14.1253253398108,1
227,1,16.75,57,14.1253253398108,14.1288911186773,1
227,1,16.75,57,14.1288911186773,14.1358439589062,1
227,1,16.75,57,14.1358439589062,14.1403332480794,1
227,1,16.75,57,14.1403332480794,14.2197740715472,1
227,1,16.75,57,14.2197740715472,14.7356828911385,1
227,1,16.75,57,14.7356828911385,14.8929995848463,1
227,1,16.75,57,14.8929995848463,14.9643475032367,1
227,1,16.75,57,14.9643475032367,14.9723188975327,1
227,1,16.75,57,14.9723188975327,15.0138092709627,1
227,1,16.75,57,15.0138092709627,15.1585732283382,1
227,1,16.75,57,15.1585732283382,15.3321254631232,1
227,1,16.75,57,15.3321254631232,15.8084123170931,1
227,1,16.75,57,15.8084123170931,15.8256415466796,1
227,1,16.75,57,15.8256415466796,16.0959501317205,1
227,1,16.75,57,16.0959501317205,16.3764727371112,1
227,1,16.75,57,16.3764727371112,16.626392314871,1
227,1,16.75,57,16.626392314871,16.649666799857,1
227,1,16.75,57,16.649666799857,16.650154592523,1
227,1,16.75,57,16.650154592523,16.7148227946385,1
227,1,16.75,57,16.7148227946385,16.7307891533622,1
227,1,16.75,57,16.7307891533622,16.75,0
228,1,20.75,1,0,20.3565876539331,1
228,1,20.75,1,20.3565876539331,20.75,0
229,1,18.75,37,0,2.78773274130843,1
229,1,18.75,37,2.78773274130843,7.5555287862137,1
229,1,18.75,37,7.5555287862137,8.45276248051254,1
229,1,18.75,37,8.45276248051254,9.30056874003494,1
229,1,18.75,37,9.30056874003494,9.34191111374915,1
229,1,18.75,37,9.34191111374915,9.68466619988867,1
229,1,18.75,37,9.68466619988867,9.91953449888434,1
229,1,18.75,37,9.91953449888434,10.4946743910234,1
229,1,18.75,37,10.4946743910234,10.7472963233925,1
229,1,18.75,37,10.7472963233925,12.4594665625413,1
229,1,18.75,37,12.4594665625413,12.7767961778865,1
229,1,18.75,37,12.7767961778865,12.9145937701526,1
229,1,18.75,37,12.9145937701526,13.3962248673943,1
229,1,18.75,37,13.3962248673943,13.6322629027571,1
229,1,18.75,37,13.6322629027571,13.814929798444,1
229,1,18.75,37,13.814929798444,13.9765047672242,1
229,1,18.75,37,13.9765047672242,14.4855633841762,1
229,1,18.75,37,14.4855633841762,14.4928593998656,1
229,1,18.75,37,14.4928593998656,14.5150437864225,1
229,1,18.75,37,14.5150437864225,14.5715212500181,1
229,1,18.75,37,14.5715212500181,14.9980561406541,1
229,1,18.75,37,14.9980561406541,15.2040964075963,1
229,1,18.75,37,15.2040964075963,15.2576080441459,1
229,1,18.75,37,15.2576080441459,15.4775953189717,1
229,1,18.75,37,15.4775953189717,15.714299137829,1
229,1,18.75,37,15.714299137829,15.7500697968875,1
229,1,18.75,37,15.7500697968875,15.8647694597228,1
229,1,18.75,37,15.8647694597228,15.9783108501503,1
229,1,18.75,37,15.9783108501503,16.431764959424,1
229,1,18.75,37,16.431764959424,16.7326509816181,1
229,1,18.75,37,16.7326509816181,16.7486180619477,1
229,1,18.75,37,16.7486180619477,16.8702007266672,1
229,1,18.75,37,16.8702007266672,16.8890095334196,1
229,1,18.75,37,16.8890095334196,17.1145710478604,1
229,1,18.75,37,17.1145710478604,17.7652365546362,1
229,1,18.75,37,17.7652365546362,17.9642092480186,1
229,1,18.75,37,17.9642092480186,18.6845081516702,1
229,1,18.75,37,18.6845081516702,18.75,0
230,1,13.75,3,0,0.0291319232991071,1
230,1,13.75,3,0.0291319232991071,5.0018445492577,1
230,1,13.75,3,5.0018445492577,12.721069349776,1
230,1,13.75,3,12.721069349776,13.75,0
231,1,14.75,2,0,0.217958875461513,1
231,1,14.75,2,0.217958875461513,12.0422872164496,1
231,1,14.75,2,12.0422872164496,14.75,0
232,1,10.75,24,0,2.99555002165703,1
232,1,10.75,24,2.99555002165703,4.64514230594052,1
232,1,10.75,24,4.64514230594052,5.22210791004288,1
232,1,10.75,24,5.22210791004288,5.24225745749948,1
232,1,10.75,24,5.24225745749948,5.59279444390485,1
232,1,10.75,24,5.59279444390485,6.26086168356781,1
232,1,10.75,24,6.26086168356781,6.42045376731041,1
232,1,10.75,24,6.42045376731041,6.43588974321901,1
232,1,10.75,24,6.43588974321901,6.64005811693016,1
232,1,10.75,24,6.64005811693016,6.7066398197579,1
232,1,10.75,24,6.7066398197579,6.71244304760788,1
232,1,10.75,24,6.71244304760788,8.10296246519963,1
232,1,10.75,24,8.10296246519963,8.12591693888484,1
232,1,10.75,24,8.12591693888484,8.57001911680457,1
232,1,10.75,24,8.57001911680457,8.84452840402962,1
232,1,10.75,24,8.84452840402962,8.94627151932786,1
232,1,10.75,24,8.94627151932786,9.10279528723086,1
232,1,10.75,24,9.10279528723086,9.3865981672072,1
232,1,10.75,24,9.3865981672072,9.41404071781455,1
232,1,10.75,24,9.41404071781455,9.48262340543894,1
232,1,10.75,24,9.48262340543894,9.50488858463697,1
232,1,10.75,24,9.50488858463697,9.94878026137927,1
232,1,10.75,24,9.94878026137927,9.9766556021745,1
232,1,10.75,24,9.9766556021745,10.5827992147913,1
232,1,10.75,24,10.5827992147913,10.75,0
233,1,11.75,1,0,1.35583190198416,1
233,1,11.75,1,1.35583190198416,11.75,0
234,1,13.75,3,0,0.00144108109232874,1
234,1,13.75,3,0.00144108109232874,5.08485577148047,1
234,1,13.75,3,5.08485577148047,7.79688051541623,1
234,1,13.75,3,7.79688051541623,13.75,0
235,1,17.75,91,0,4.22506876652832,1
235,1,17.75,91,4.22506876652832,4.27765477941046,1
235,1,17.75,91,4.27765477941046,4.37575613834023,1
235,1,17.75,91,4.37575613834023,4.77607971016834,1
235,1,17.75,91,4.77607971016834,4.95824504171253,1
235,1,17.75,91,4.95824504171253,5.33211111973965,1
235,1,17.75,91,5.33211111973965,5.49926702392525,1
235,1,17.75,91,5.49926702392525,5.63830136769411,1
235,1,17.75,91,5.63830136769411,5.79976142334869,1
235,1,17.75,91,5.79976142334869,6.14514738708878,1
235,1,17.75,91,6.14514738708878,6.45629205180609,1
235,1,17.75,91,6.45629205180609,7.36434968958339,1
235,1,17.75,91,7.36434968958339,7.3815741069415,1
235,1,17.75,91,7.3815741069415,8.02874584717269,1
235,1,17.75,91,8.02874584717269,8.05357440757119,1
235,1,17.75,91,8.05357440757119,8.24831202439557,1
235,1,17.75,91,8.24831202439557,8.34584375891611,1
235,1,17.75,91,8.34584375891611,8.38571502132714,1
235,1,17.75,91,8.38571502132714,8.71071689704643,1
235,1,17.75,91,8.71071689704643,8.7162430600288,1
235,1,17.75,91,8.7162430600288,8.8782408918768,1
235,1,17.75,91,8.8782408918768,9.51248580988493,1
235,1,17.75,91,9.51248580988493,9.57214526595975,1
235,1,17.75,91,9.57214526595975,9.80869801705852,1
235,1,17.75,91,9.80869801705852,10.2626083884111,1
235,1,17.75,91,10.2626083884111,10.5411581222313,1
235,1,17.75,91,10.5411581222313,10.699608699807,1
235,1,17.75,91,10.699608699807,10.9564810166045,1
235,1,17.75,91,10.9564810166045,10.9574882296437,1
235,1,17.75,91,10.9574882296437,11.1341810167141,1
235,1,17.75,91,11.1341810167141,11.1447463773746,1
235,1,17.75,91,11.1447463773746,11.2301280637734,1
235,1,17.75,91,11.2301280637734,11.4294484522658,1
235,1,17.75,91,11.4294484522658,11.5260275538152,1
235,1,17.75,91,11.5260275538152,11.6587612811377,1
235,1,17.75,91,11.6587612811377,11.674970287479,1
235,1,17.75,91,11.674970287479,11.7765571750875,1
235,1,17.75,91,11.7765571750875,11.7842866506733,1
235,1,17.75,91,11.7842866506733,12.0897651762354,1
235,1,17.75,91,12.0897651762354,12.1531187423783,1
235,1,17.75,91,12.1531187423783,12.1964364889207,1
235,1,17.75,91,12.1964364889207,12.254417394672,1
235,1,17.75,91,12.254417394672,12.3826028966743,1
235,1,17.75,91,12.3826028966743,12.4481404908305,1
235,1,17.75,91,12.4481404908305,12.8321439981056,1
235,1,17.75,91,12.8321439981056,13.0012178228414,1
235,1,17.75,91,13.0012178228414,13.0259806598284,1
235,1,17.75,91,13.0259806598284,13.2623649444086,1
235,1,17.75,91,13.2623649444086,13.6142291647946,1
235,1,17.75,91,13.6142291647946,14.2895722178966,1
235,1,17.75,91,14.2895722178966,14.3212138251064,1
235,1,17.75,91,14.3212138251064,14.324131311927,1
235,1,17.75,91,14.324131311927,14.389358675474,1
235,1,17.75,91,14.389358675474,14.4029314408936,1
235,1,17.75,91,14.4029314408936,14.4249163811625,1
235,1,17.75,91,14.4249163811625,14.4794946533579,1
235,1,17.75,91,14.4794946533579,14.5587901571489,1
235,1,17.75,91,14.5587901571489,14.7041461068431,1
235,1,17.75,91,14.7041461068431,14.7363807148536,1
235,1,17.75,91,14.7363807148536,14.7456253922223,1
235,1,17.75,91,14.7456253922223,14.7980371055868,1
235,1,17.75,91,14.7980371055868,14.8609082785082,1
235,1,17.75,91,14.8609082785082,14.9559138110132,1
235,1,17.75,91,14.9559138110132,15.1784610512672,1
235,1,17.75,91,15.1784610512672,15.4776165645963,1
235,1,17.75,91,15.4776165645963,15.5889828738629,1
235,1,17.75,91,15.5889828738629,15.655176728876,1
235,1,17.75,91,15.655176728876,15.7803247652784,1
235,1,17.75,91,15.7803247652784,15.7943114828173,1
235,1,17.75,91,15.7943114828173,15.8240461819233,1
235,1,17.75,91,15.8240461819233,15.8445082941742,1
235,1,17.75,91,15.8445082941742,15.8915547957738,1
235,1,17.75,91,15.8915547957738,16.1623530525918,1
235,1,17.75,91,16.1623530525918,16.2123740293098,1
235,1,17.75,91,16.2123740293098,16.263251017862,1
235,1,17.75,91,16.263251017862,16.2921266023786,1
235,1,17.75,91,16.2921266023786,16.3836055440082,1
235,1,17.75,91,16.3836055440082,16.4327879915093,1
235,1,17.75,91,16.4327879915093,16.447702694054,1
235,1,17.75,91,16.447702694054,16.4799049417269,1
235,1,17.75,91,16.4799049417269,16.6646164914682,1
235,1,17.75,91,16.6646164914682,16.8718354493633,1
235,1,17.75,91,16.8718354493633,16.9716367688329,1
235,1,17.75,91,16.9716367688329,17.0834181824913,1
235,1,17.75,91,17.0834181824913,17.1359435138173,1
235,1,17.75,91,17.1359435138173,17.1919372837918,1
235,1,17.75,91,17.1919372837918,17.5683825540393,1
235,1,17.75,91,17.5683825540393,17.6199012625697,1
235,1,17.75,91,17.6199012625697,17.6567644308788,1
235,1,17.75,91,17.6567644308788,17.6652303457132,1
235,1,17.75,91,17.6652303457132,17.7022769759496,1
235,1,17.75,91,17.7022769759496,17.75,0
236,1,18.75,37,0,2.75754873921949,1
236,1,18.75,37,2.75754873921949,4.71694710847913,1
236,1,18.75,37,4.71694710847913,5.96307481638874,1
236,1,18.75,37,5.96307481638874,6.69892783190482,1
236,1,18.75,37,6.69892783190482,7.83809101667501,1
236,1,18.75,37,7.83809101667501,9.26624690737597,1
236,1,18.75,37,9.26624690737597,9.9560714773901,1
236,1,18.75,37,9.9560714773901,10.0869858003228,1
236,1,18.75,37,10.0869858003228,10.8077957004985,1
236,1,18.75,37,10.8077957004985,11.0632891652749,1
236,1,18.75,37,11.0632891652749,11.917452517834,1
236,1,18.75,37,11.917452517834,11.9792951229331,1
236,1,18.75,37,11.9792951229331,12.2390006918218,1
236,1,18.75,37,12.2390006918218,12.3977203042808,1
236,1,18.75,37,12.3977203042808,12.4694256366369,1
236,1,18.75,37,12.4694256366369,12.6957288258737,1
236,1,18.75,37,12.6957288258737,12.9816164553558,1
236,1,18.75,37,12.9816164553558,13.1605982542791,1
236,1,18.75,37,13.1605982542791,14.7394939117854,1
236,1,18.75,37,14.7394939117854,15.2777713207658,1
236,1,18.75,37,15.2777713207658,15.3218881046856,1
236,1,18.75,37,15.3218881046856,15.5565789523693,1
236,1,18.75,37,15.5565789523693,15.7798798797572,1
236,1,18.75,37,15.7798798797572,15.8179640018864,1
236,1,18.75,37,15.8179640018864,16.0206428046869,1
236,1,18.75,37,16.0206428046869,16.0288477523226,1
236,1,18.75,37,16.0288477523226,16.0387378854407,1
236,1,18.75,37,16.0387378854407,16.1292960742673,1
236,1,18.75,37,16.1292960742673,16.1679819296039,1
236,1,18.75,37,16.1679819296039,16.6375216612142,1
236,1,18.75,37,16.6375216612142,16.871842425634,1
236,1,18.75,37,16.871842425634,17.0942623769421,1
236,1,18.75,37,17.0942623769421,17.5606140934794,1
236,1,18.75,37,17.5606140934794,18.0283401593994,1
236,1,18.75,37,18.0283401593994,18.0901177129498,1
236,1,18.75,37,18.0901177129498,18.1338319913996,1
236,1,18.75,37,18.1338319913996,18.2997050140924,1
236,1,18.75,37,18.2997050140924,18.75,0
237,1,18.75,103,0,2.13441900631004,1
237,1,18.75,103,2.13441900631004,2.86935184518,1
237,1,18.75,103,2.86935184518,3.62702556233724,1
237,1,18.75,103,3.62702556233724,3.81505373930696,1
237,1,18.75,103,3.81505373930696,4.06456355377072,1
237,1,18.75,103,4.06456355377072,4.22532254581784,1
237,1,18.75,103,4.22532254581784,5.14252735645685,1
237,1,18.75,103,5.14252735645685,6.18473285110521,1
237,1,18.75,103,6.18473285110521,6.33969839148624,1
237,1,18.75,103,6.33969839148624,6.51817145094476,1
237,1,18.75,103,6.51817145094476,7.1606505233318,1
237,1,18.75,103,7.1606505233318,7.62827014617005,1
237,1,18.75,103,7.62827014617005,8.04586531894351,1
237,1,18.75,103,8.04586531894351,8.08491608289684,1
237,1,18.75,103,8.08491608289684,8.2193197023137,1
237,1,18.75,103,8.2193197023137,8.73108291627637,1
237,1,18.75,103,8.73108291627637,9.23456525950263,1
237,1,18.75,103,9.23456525950263,9.63902150811817,1
237,1,18.75,103,9.63902150811817,9.69010828758581,1
237,1,18.75,103,9.69010828758581,9.95299440385003,1
237,1,18.75,103,9.95299440385003,10.1599899459176,1
237,1,18.75,103,10.1599899459176,10.352376013172,1
237,1,18.75,103,10.352376013172,10.4445078940423,1
237,1,18.75,103,10.4445078940423,10.8822043960571,1
237,1,18.75,103,10.8822043960571,10.8992087146949,1
237,1,18.75,103,10.8992087146949,10.9371512513274,1
237,1,18.75,103,10.9371512513274,10.9814810705051,1
237,1,18.75,103,10.9814810705051,11.0270682080682,1
237,1,18.75,103,11.0270682080682,11.0312176404101,1
237,1,18.75,103,11.0312176404101,11.3969634908566,1
237,1,18.75,103,11.3969634908566,11.4374239285628,1
237,1,18.75,103,11.4374239285628,11.4396981502486,1
237,1,18.75,103,11.4396981502486,11.5562853667344,1
237,1,18.75,103,11.5562853667344,11.631701829575,1
237,1,18.75,103,11.631701829575,11.6463656204005,1
237,1,18.75,103,11.6463656204005,11.6898890173599,1
237,1,18.75,103,11.6898890173599,11.6945601354547,1
237,1,18.75,103,11.6945601354547,11.8693695939988,1
237,1,18.75,103,11.8693695939988,11.9546440448088,1
237,1,18.75,103,11.9546440448088,12.2114267405068,1
237,1,18.75,103,12.2114267405068,12.5731619755494,1
237,1,18.75,103,12.5731619755494,12.6144914337374,1
237,1,18.75,103,12.6144914337374,12.7148192872314,1
237,1,18.75,103,12.7148192872314,12.7340996131271,1
237,1,18.75,103,12.7340996131271,13.3145109693447,1
237,1,18.75,103,13.3145109693447,13.3331910303026,1
237,1,18.75,103,13.3331910303026,13.4118026381424,1
237,1,18.75,103,13.4118026381424,13.4782700593685,1
237,1,18.75,103,13.4782700593685,13.6524350072897,1
237,1,18.75,103,13.6524350072897,13.9099547979025,1
237,1,18.75,103,13.9099547979025,13.9526715230211,1
237,1,18.75,103,13.9526715230211,14.3693529810983,1
237,1,18.75,103,14.3693529810983,14.3733836226937,1
237,1,18.75,103,14.3733836226937,14.5300986130116,1
237,1,18.75,103,14.5300986130116,14.9776935837584,1
237,1,18.75,103,14.9776935837584,15.0480301174729,1
237,1,18.75,103,15.0480301174729,15.2793828352566,1
237,1,18.75,103,15.2793828352566,15.2856786659783,1
237,1,18.75,103,15.2856786659783,15.4561307482785,1
237,1,18.75,103,15.4561307482785,15.5814736297246,1
237,1,18.75,103,15.5814736297246,15.6852668643253,1
237,1,18.75,103,15.6852668643253,15.8020942032917,1
237,1,18.75,103,15.8020942032917,15.8322748515389,1
237,1,18.75,103,15.8322748515389,15.8629828058446,1
237,1,18.75,103,15.8629828058446,16.0207614072434,1
237,1,18.75,103,16.0207614072434,16.1424795621938,1
237,1,18.75,103,16.1424795621938,16.2197900866904,1
237,1,18.75,103,16.2197900866904,16.2629685240622,1
237,1,18.75,103,16.2629685240622,16.3147601274899,1
237,1,18.75,103,16.3147601274899,16.5497040731092,1
237,1,18.75,103,16.5497040731092,16.6718088626076,1
237,1,18.75,103,16.6718088626076,16.7183454086637,1
237,1,18.75,103,16.7183454086637,16.8566665798329,1
237,1,18.75,103,16.8566665798329,16.9043205207776,1
237,1,18.75,103,16.9043205207776,16.9234389578365,1
237,1,18.75,103,16.9234389578365,16.968305195154,1
237,1,18.75,103,16.968305195154,17.018128186101,1
237,1,18.75,103,17.018128186101,17.0729183536233,1
237,1,18.75,103,17.0729183536233,17.1175766826995,1
237,1,18.75,103,17.1175766826995,17.2297128198067,1
237,1,18.75,103,17.2297128198067,17.318576912921,1
237,1,18.75,103,17.318576912921,17.3686645109896,1
237,1,18.75,103,17.3686645109896,17.4687718158551,1
237,1,18.75,103,17.4687718158551,17.5700240254093,1
237,1,18.75,103,17.5700240254093,17.611402144816,1
237,1,18.75,103,17.611402144816,17.6474387821699,1
237,1,18.75,103,17.6474387821699,17.6482183364944,1
237,1,18.75,103,17.6482183364944,17.6797896382543,1
237,1,18.75,103,17.6797896382543,17.6928944519567,1
237,1,18.75,103,17.6928944519567,17.8060394116427,1
237,1,18.75,103,17.8060394116427,18.0889243435062,1
237,1,18.75,103,18.0889243435062,18.1014548008041,1
237,1,18.75,103,18.1014548008041,18.1355826738139,1
237,1,18.75,103,18.1355826738139,18.1569749884858,1
237,1,18.75,103,18.1569749884858,18.1582622905547,1
237,1,18.75,103,18.1582622905547,18.1686513681225,1
237,1,18.75,103,18.1686513681225,18.2959012114585,1
237,1,18.75,103,18.2959012114585,18.3106988423464,1
237,1,18.75,103,18.3106988423464,18.3393710284334,1
237,1,18.75,103,18.3393710284334,18.3796371303371,1
237,1,18.75,103,18.3796371303371,18.450056866862,1
237,1,18.75,103,18.450056866862,18.6416379236485,1
237,1,18.75,103,18.6416379236485,18.6825001731255,1
237,1,18.75,103,18.6825001731255,18.75,0
238,1,10.75,4,0,1.18580343356831,1
238,1,10.75,4,1.18580343356831,1.71531505279092,1
238,1,10.75,4,1.71531505279092,5.36205721043648,1
238,1,10.75,4,5.36205721043648,7.28127198206122,1
238,1,10.75,4,7.28127198206122,10.75,0
239,1,16.75,3,0,0.0629770100612258,1
239,1,16.75,3,0.0629770100612258,4.33207728107273,1
239,1,16.75,3,4.33207728107273,13.6098173800003,1
239,1,16.75,3,13.6098173800003,16.75,0
240,1,9.75,11,0,2.99714227796464,1
240,1,9.75,11,2.99714227796464,6.62318245410877,1
240,1,9.75,11,6.62318245410877,7.28520639918438,1
240,1,9.75,11,7.28520639918438,7.43167722455164,1
240,1,9.75,11,7.43167722455164,7.89009073461089,1
240,1,9.75,11,7.89009073461089,8.58929608822166,1
240,1,9.75,11,8.58929608822166,8.66249854283943,1
240,1,9.75,11,8.66249854283943,8.87887241024682,1
240,1,9.75,11,8.87887241024682,8.88749116976729,1
240,1,9.75,11,8.88749116976729,9.54517457693947,1
240,1,9.75,11,9.54517457693947,9.73368275442159,1
240,1,9.75,11,9.73368275442159,9.75,0
241,1,10.75,1,0,1.99912604245319,1
241,1,10.75,1,1.99912604245319,10.75,0
242,1,13.75,2,0,7.02119323942898,1
242,1,13.75,2,7.02119323942898,10.4434025145489,1
242,1,13.75,2,10.4434025145489,13.75,0
243,1,15.75,3,0,2.52368303291263,1
243,1,15.75,3,2.52368303291263,3.23144251372481,1
243,1,15.75,3,3.23144251372481,14.2643088817655,1
243,1,15.75,3,14.2643088817655,15.75,0
244,1,14.75,38,0,1.67582039077563,1
244,1,14.75,38,1.67582039077563,3.66776046922745,1
244,1,14.75,38,3.66776046922745,4.13552598096797,1
244,1,14.75,38,4.13552598096797,5.56941512032655,1
244,1,14.75,38,5.56941512032655,6.61898688179727,1
244,1,14.75,38,6.61898688179727,7.05970538180548,1
244,1,14.75,38,7.05970538180548,7.52926186936909,1
244,1,14.75,38,7.52926186936909,8.42310425401979,1
244,1,14.75,38,8.42310425401979,8.88831537853885,1
244,1,14.75,38,8.88831537853885,9.07907343847492,1
244,1,14.75,38,9.07907343847492,9.10474174477131,1
244,1,14.75,38,9.10474174477131,9.13590583983937,1
244,1,14.75,38,9.13590583983937,9.52118868645604,1
244,1,14.75,38,9.52118868645604,9.67582155264606,1
244,1,14.75,38,9.67582155264606,9.91139370768663,1
244,1,14.75,38,9.91139370768663,10.1658884527728,1
244,1,14.75,38,10.1658884527728,10.2671249636653,1
244,1,14.75,38,10.2671249636653,10.4598236166656,1
244,1,14.75,38,10.4598236166656,10.6353407436058,1
244,1,14.75,38,10.6353407436058,10.8214319066342,1
244,1,14.75,38,10.8214319066342,10.9518202293006,1
244,1,14.75,38,10.9518202293006,11.3288168404542,1
244,1,14.75,38,11.3288168404542,12.044875042931,1
244,1,14.75,38,12.044875042931,12.0458086720301,1
244,1,14.75,38,12.0458086720301,12.0734484890475,1
244,1,14.75,38,12.0734484890475,12.4286695698561,1
244,1,14.75,38,12.4286695698561,12.5759361371614,1
244,1,14.75,38,12.5759361371614,12.6575074698929,1
244,1,14.75,38,12.6575074698929,12.7950112937554,1
244,1,14.75,38,12.7950112937554,12.8955846739471,1
244,1,14.75,38,12.8955846739471,13.6243104558734,1
244,1,14.75,38,13.6243104558734,13.6712712954581,1
244,1,14.75,38,13.6712712954581,13.8137836338852,1
244,1,14.75,38,13.8137836338852,14.0328413662816,1
244,1,14.75,38,14.0328413662816,14.3111733260339,1
244,1,14.75,38,14.3111733260339,14.3145402371662,1
244,1,14.75,38,14.3145402371662,14.3227618537449,1
244,1,14.75,38,14.3227618537449,14.3563535053436,1
244,1,14.75,38,14.3563535053436,14.75,0
245,1,11.75,3,0,0.0113094043396987,1
245,1,11.75,3,0.0113094043396987,1.13511260520421,1
245,1,11.75,3,1.13511260520421,10.7319725396808,1
245,1,11.75,3,10.7319725396808,11.75,0
246,1,11.75,2,0,6.27613509887364,1
246,1,11.75,2,6.27613509887364,9.07525798576457,1
246,1,11.75,2,9.07525798576457,11.75,0
247,1,11.75,1,0,1.23435961053553,1
247,1,11.75,1,1.23435961053553,11.75,0
248,1,10.75,2,0,0.556919991144799,1
248,1,10.75,2,0.556919991144799,0.56386908247634,1
248,1,10.75,2,0.56386908247634,10.75,0
249,1,17.75,3,0,0.622112608566175,1
249,1,17.75,3,0.622112608566175,3.84425133334602,1
249,1,17.75,3,3.84425133334602,4.46133181793813,1
249,1,17.75,3,4.46133181793813,17.75,0
250,1,14.75,1,0,1.82010019824762,1
250,1,14.75,1,1.82010019824762,14.75,0
251,1,17.75,1,0,9.86751474747566,1
251,1,17.75,1,9.86751474747566,17.75,0
252,1,16.75,46,0,3.34801877763651,1
252,1,16.75,46,3.34801877763651,4.61456697822759,1
252,1,16.75,46,4.61456697822759,8.04755009157963,1
252,1,16.75,46,8.04755009157963,8.52815155725234,1
252,1,16.75,46,8.52815155725234,8.74264982962148,1
252,1,16.75,46,8.74264982962148,9.34169071336548,1
252,1,16.75,46,9.34169071336548,10.0868389228211,1
252,1,16.75,46,10.0868389228211,10.3355112940418,1
252,1,16.75,46,10.3355112940418,10.3936435197355,1
252,1,16.75,46,10.3936435197355,10.5066820647403,1
252,1,16.75,46,10.5066820647403,10.5924929513782,1
252,1,16.75,46,10.5924929513782,10.8013725029662,1
252,1,16.75,46,10.8013725029662,10.8176557298778,1
252,1,16.75,46,10.8176557298778,11.2154838286728,1
252,1,16.75,46,11.2154838286728,11.72825171889,1
252,1,16.75,46,11.72825171889,11.7834428050129,1
252,1,16.75,46,11.7834428050129,12.0644108772622,1
252,1,16.75,46,12.0644108772622,12.1241675345909,1
252,1,16.75,46,12.1241675345909,12.4636448617403,1
252,1,16.75,46,12.4636448617403,12.5194152270996,1
252,1,16.75,46,12.5194152270996,12.5295542036059,1
252,1,16.75,46,12.5295542036059,12.6854318440703,1
252,1,16.75,46,12.6854318440703,12.7439620926257,1
252,1,16.75,46,12.7439620926257,12.8879890762586,1
252,1,16.75,46,12.8879890762586,13.061260004497,1
252,1,16.75,46,13.061260004497,13.5430411001115,1
252,1,16.75,46,13.5430411001115,13.6488856133464,1
252,1,16.75,46,13.6488856133464,13.8824697602309,1
252,1,16.75,46,13.8824697602309,13.9181713428495,1
252,1,16.75,46,13.9181713428495,13.9316904874669,1
252,1,16.75,46,13.9316904874669,14.0207791912225,1
252,1,16.75,46,14.0207791912225,14.0596472923028,1
252,1,16.75,46,14.0596472923028,14.1596408548738,1
252,1,16.75,46,14.1596408548738,14.7671688783654,1
252,1,16.75,46,14.7671688783654,15.3769902408687,1
252,1,16.75,46,15.3769902408687,15.5009820828554,1
252,1,16.75,46,15.5009820828554,15.6316297944086,1
252,1,16.75,46,15.6316297944086,15.6704544692145,1
252,1,16.75,46,15.6704544692145,15.7640316959485,1
252,1,16.75,46,15.7640316959485,15.9897228505642,1
252,1,16.75,46,15.9897228505642,16.1668486756791,1
252,1,16.75,46,16.1668486756791,16.2783458842975,1
252,1,16.75,46,16.2783458842975,16.3358518526352,1
252,1,16.75,46,16.3358518526352,16.4267532196001,1
252,1,16.75,46,16.4267532196001,16.5201037026624,1
252,1,16.75,46,16.5201037026624,16.5729824446266,1
252,1,16.75,46,16.5729824446266,16.75,0
253,1,16.75,30,0,3.87680733700982,1
253,1,16.75,30,3.87680733700982,5.13836444089948,1
253,1,16.75,30,5.13836444089948,6.12918007064647,1
253,1,16.75,30,6.12918007064647,7.34024164840995,1
253,1,16.75,30,7.34024164840995,9.89442898691045,1
253,1,16.75,30,9.89442898691045,10.0667734169458,1
253,1,16.75,30,10.0667734169458,10.3381438879684,1
253,1,16.75,30,10.3381438879684,10.3542614635888,1
253,1,16.75,30,10.3542614635888,10.4592606872656,1
253,1,16.75,30,10.4592606872656,10.5448367667579,1
253,1,16.75,30,10.5448367667579,11.0649137595727,1
253,1,16.75,30,11.0649137595727,11.2935502575844,1
253,1,16.75,30,11.2935502575844,11.520607956295,1
253,1,16.75,30,11.520607956295,12.0236384613637,1
253,1,16.75,30,12.0236384613637,12.2760465265119,1
253,1,16.75,30,12.2760465265119,12.2958279687991,1
253,1,16.75,30,12.2958279687991,12.4784576736709,1
253,1,16.75,30,12.4784576736709,12.8444497026116,1
253,1,16.75,30,12.8444497026116,13.7135934601911,1
253,1,16.75,30,13.7135934601911,14.0702111990636,1
253,1,16.75,30,14.0702111990636,14.4524374561266,1
253,1,16.75,30,14.4524374561266,14.7752366920706,1
253,1,16.75,30,14.7752366920706,14.9346153504288,1
253,1,16.75,30,14.9346153504288,15.206927235803,1
253,1,16.75,30,15.206927235803,15.211355626793,1
253,1,16.75,30,15.211355626793,15.6590710330668,1
253,1,16.75,30,15.6590710330668,15.7863446436964,1
253,1,16.75,30,15.7863446436964,16.0536611757841,1
253,1,16.75,30,16.0536611757841,16.184706868012,1
253,1,16.75,30,16.184706868012,16.6136458537616,1
253,1,16.75,30,16.6136458537616,16.75,0
254,1,12.75,3,0,0.0145194506316096,1
254,1,12.75,3,0.0145194506316096,0.115171511336118,1
254,1,12.75,3,0.115171511336118,1.37009339558839,1
254,1,12.75,3,1.37009339558839,12.75,0
255,1,8.75,6,0,3.16555475002942,1
255,1,8.75,6,3.16555475002942,5.6752702768017,1
255,1,8.75,6,5.6752702768017,5.77489685214754,1
255,1,8.75,6,5.77489685214754,6.16018613800614,1
255,1,8.75,6,6.16018613800614,7.45061927730911,1
255,1,8.75,6,7.45061927730911,8.48446668509287,1
255,1,8.75,6,8.48446668509287,8.75,0
256,1,13.75,0,0,13.75,0
257,1,13.75,2,0,0.0428403039281412,1
257,1,13.75,2,0.0428403039281412,0.0899350084457941,1
257,1,13.75,2,0.0899350084457941,13.75,0
258,1,18.75,17,0,7.53801724315144,1
258,1,18.75,17,7.53801724315144,7.97441296240937,1
258,1,18.75,17,7.97441296240937,8.58393391663159,1
258,1,18.75,17,8.58393391663159,11.3719709578522,1
258,1,18.75,17,11.3719709578522,12.7989519456967,1
258,1,18.75,17,12.7989519456967,13.1483904662961,1
258,1,18.75,17,13.1483904662961,13.2458072765241,1
258,1,18.75,17,13.2458072765241,13.3830996590232,1
258,1,18.75,17,13.3830996590232,13.5568385903502,1
258,1,18.75,17,13.5568385903502,14.7487383301819,1
258,1,18.75,17,14.7487383301819,16.5087223232246,1
258,1,18.75,17,16.5087223232246,17.4681791950816,1
258,1,18.75,17,17.4681791950816,17.5015438879766,1
258,1,18.75,17,17.5015438879766,17.6468544865435,1
258,1,18.75,17,17.6468544865435,18.141717431656,1
258,1,18.75,17,18.141717431656,18.3325056391751,1
258,1,18.75,17,18.3325056391751,18.5445436651439,1
258,1,18.75,17,18.5445436651439,18.75,0
259,1,9.75,1,0,3.28306871433654,1
259,1,9.75,1,3.28306871433654,9.75,0
260,1,20.75,40,0,2.9494249490503,1
260,1,20.75,40,2.9494249490503,5.17375360553065,1
260,1,20.75,40,5.17375360553065,6.04298582903581,1
260,1,20.75,40,6.04298582903581,6.13778563952736,1
260,1,20.75,40,6.13778563952736,7.35226406901379,1
260,1,20.75,40,7.35226406901379,8.38884730910999,1
260,1,20.75,40,8.38884730910999,8.58565928544981,1
260,1,20.75,40,8.58565928544981,8.88367629214605,1
260,1,20.75,40,8.88367629214605,9.16081171621879,1
260,1,20.75,40,9.16081171621879,9.71169098415651,1
260,1,20.75,40,9.71169098415651,10.7631922735211,1
260,1,20.75,40,10.7631922735211,11.9656361981908,1
260,1,20.75,40,11.9656361981908,12.3183233921099,1
260,1,20.75,40,12.3183233921099,13.0658496413961,1
260,1,20.75,40,13.0658496413961,13.1730144446209,1
260,1,20.75,40,13.1730144446209,13.5176444103776,1
260,1,20.75,40,13.5176444103776,13.9314639131083,1
260,1,20.75,40,13.9314639131083,13.9386976112354,1
260,1,20.75,40,13.9386976112354,14.1627402972892,1
260,1,20.75,40,14.1627402972892,14.5738048574389,1
260,1,20.75,40,14.5738048574389,14.922833961413,1
260,1,20.75,40,14.922833961413,15.0256916401025,1
260,1,20.75,40,15.0256916401025,15.0493443351948,1
260,1,20.75,40,15.0493443351948,15.5096232810571,1
260,1,20.75,40,15.5096232810571,15.903399152893,1
260,1,20.75,40,15.903399152893,16.4299378979255,1
260,1,20.75,40,16.4299378979255,16.5356358457054,1
260,1,20.75,40,16.5356358457054,17.1088665846917,1
260,1,20.75,40,17.1088665846917,17.2471559759859,1
260,1,20.75,40,17.2471559759859,17.4451447275674,1
260,1,20.75,40,17.4451447275674,17.779085360909,1
260,1,20.75,40,17.779085360909,17.9987131291096,1
260,1,20.75,40,17.9987131291096,18.0470385727318,1
260,1,20.75,40,18.0470385727318,18.2788266294936,1
260,1,20.75,40,18.2788266294936,18.4949795011502,1
260,1,20.75,40,18.4949795011502,18.9829544427918,1
260,1,20.75,40,18.9829544427918,19.7384683648887,1
260,1,20.75,40,19.7384683648887,19.8726989356708,1
260,1,20.75,40,19.8726989356708,20.0615847792529,1
260,1,20.75,40,20.0615847792529,20.6012553471206,1
260,1,20.75,40,20.6012553471206,20.75,0
261,1,9.75,1,0,0.282323558530242,1
261,1,9.75,1,0.282323558530242,9.75,0
262,1,15.75,0,0,15.75,0
263,1,16.75,2,0,1.11655913001367,1
263,1,16.75,2,1.11655913001367,13.210000447181,1
263,1,16.75,2,13.210000447181,16.75,0
264,1,12.75,16,0,1.72682132424136,1
264,1,12.75,16,1.72682132424136,1.94165553942511,1
264,1,12.75,16,1.94165553942511,5.23688658107569,1
264,1,12.75,16,5.23688658107569,6.05331794769934,1
264,1,12.75,16,6.05331794769934,7.0125356575959,1
264,1,12.75,16,7.0125356575959,7.25708256122675,1
264,1,12.75,16,7.25708256122675,7.68819403695305,1
264,1,12.75,16,7.68819403695305,8.5035468873943,1
264,1,12.75,16,8.5035468873943,8.9115666562911,1
264,1,12.75,16,8.9115666562911,10.5611032690187,1
264,1,12.75,16,10.5611032690187,10.7557017581688,1
264,1,12.75,16,10.7557017581688,11.8944557629037,1
264,1,12.75,16,11.8944557629037,12.0756315358408,1
264,1,12.75,16,12.0756315358408,12.1722572857144,1
264,1,12.75,16,12.1722572857144,12.3333514329865,1
264,1,12.75,16,12.3333514329865,12.4540217049166,1
264,1,12.75,16,12.4540217049166,12.75,0
265,1,11.75,13,0,3.96122148572883,1
265,1,11.75,13,3.96122148572883,4.76301804364301,1
265,1,11.75,13,4.76301804364301,5.10121839866127,1
265,1,11.75,13,5.10121839866127,6.73698091317042,1
265,1,11.75,13,6.73698091317042,7.09471490671078,1
265,1,11.75,13,7.09471490671078,7.52149337100583,1
265,1,11.75,13,7.52149337100583,9.25463225640933,1
265,1,11.75,13,9.25463225640933,9.46004854058477,1
265,1,11.75,13,9.46004854058477,10.3653886373234,1
265,1,11.75,13,10.3653886373234,10.747369300611,1
265,1,11.75,13,10.747369300611,10.8170424845111,1
265,1,11.75,13,10.8170424845111,10.8360417762278,1
265,1,11.75,13,10.8360417762278,11.4402009850477,1
265,1,11.75,13,11.4402009850477,11.75,0
266,1,11.75,4,0,0.319410252019816,1
266,1,11.75,4,0.319410252019816,0.526793943940062,1
266,1,11.75,4,0.526793943940062,1.17681772588173,1
266,1,11.75,4,1.17681772588173,4.36902787841869,1
266,1,11.75,4,4.36902787841869,11.75,0
267,1,17.75,0,0,17.75,0
268,1,14.75,27,0,3.50446966740172,1
268,1,14.75,27,3.50446966740172,4.80345351823914,1
268,1,14.75,27,4.80345351823914,4.86533445912197,1
268,1,14.75,27,4.86533445912197,6.18268350132582,1
268,1,14.75,27,6.18268350132582,7.37964651774461,1
268,1,14.75,27,7.37964651774461,7.48643132964115,1
268,1,14.75,27,7.48643132964115,7.81300445041669,1
268,1,14.75,27,7.81300445041669,8.19552311475475,1
268,1,14.75,27,8.19552311475475,8.72950113317904,1
268,1,14.75,27,8.72950113317904,9.7757665940953,1
268,1,14.75,27,9.7757665940953,9.8152355359463,1
268,1,14.75,27,9.8152355359463,9.86558404170097,1
268,1,14.75,27,9.86558404170097,11.6962231687802,1
268,1,14.75,27,11.6962231687802,11.8566320148186,1
268,1,14.75,27,11.8566320148186,12.1089941456761,1
268,1,14.75,27,12.1089941456761,12.1470791379224,1
268,1,14.75,27,12.1470791379224,12.460260528306,1
268,1,14.75,27,12.460260528306,12.5200567974704,1
268,1,14.75,27,12.5200567974704,12.5505669780364,1
268,1,14.75,27,12.5505669780364,12.6151649784136,1
268,1,14.75,27,12.6151649784136,12.8702602905999,1
268,1,14.75,27,12.8702602905999,13.7999349788661,1
268,1,14.75,27,13.7999349788661,13.8144247814789,1
268,1,14.75,27,13.8144247814789,13.8506315141526,1
268,1,14.75,27,13.8506315141526,13.992023979604,1
268,1,14.75,27,13.992023979604,13.9954324331292,1
268,1,14.75,27,13.9954324331292,14.3450658111594,1
268,1,14.75,27,14.3450658111594,14.75,0
269,1,15.75,34,0,3.27956488057152,1
269,1,15.75,34,3.27956488057152,4.35304130253368,1
269,1,15.75,34,4.35304130253368,6.92058595545875,1
269,1,15.75,34,6.92058595545875,7.12534892468617,1
269,1,15.75,34,7.12534892468617,7.96705506761232,1
269,1,15.75,34,7.96705506761232,8.46771118676236,1
269,1,15.75,34,8.46771118676236,8.92541771393356,1
269,1,15.75,34,8.92541771393356,9.07056026812204,1
269,1,15.75,34,9.07056026812204,9.18581108448645,1
269,1,15.75,34,9.18581108448645,9.29383742212924,1
269,1,15.75,34,9.29383742212924,10.3593094617888,1
269,1,15.75,34,10.3593094617888,12.0123969992059,1
269,1,15.75,34,12.0123969992059,12.1386098218866,1
269,1,15.75,34,12.1386098218866,12.2001078405419,1
269,1,15.75,34,12.2001078405419,12.5307803975235,1
269,1,15.75,34,12.5307803975235,12.8028609419445,1
269,1,15.75,34,12.8028609419445,13.1109400168509,1
269,1,15.75,34,13.1109400168509,13.1460088376291,1
269,1,15.75,34,13.1460088376291,13.4253829841991,1
269,1,15.75,34,13.4253829841991,13.4723836963149,1
269,1,15.75,34,13.4723836963149,13.6013875765607,1
269,1,15.75,34,13.6013875765607,13.8856683237127,1
269,1,15.75,34,13.8856683237127,14.1250134201349,1
269,1,15.75,34,14.1250134201349,14.4222939809391,1
269,1,15.75,34,14.4222939809391,14.5748323479277,1
269,1,15.75,34,14.5748323479277,14.8263632111933,1
269,1,15.75,34,14.8263632111933,14.9894666159562,1
269,1,15.75,34,14.9894666159562,15.0009961623314,1
269,1,15.75,34,15.0009961623314,15.0423205810624,1
269,1,15.75,34,15.0423205810624,15.2624030269136,1
269,1,15.75,34,15.2624030269136,15.4944512446265,1
269,1,15.75,34,15.4944512446265,15.5181554140286,1
269,1,15.75,34,15.5181554140286,15.5457237836028,1
269,1,15.75,34,15.5457237836028,15.6013493896462,1
269,1,15.75,34,15.6013493896462,15.75,0
270,1,16.75,3,0,2.22367480006275,1
270,1,16.75,3,2.22367480006275,8.04874668816307,1
270,1,16.75,3,8.04874668816307,8.41156025093705,1
270,1,16.75,3,8.41156025093705,16.75,0
271,1,10.75,24,0,2.36968878919736,1
271,1,10.75,24,2.36968878919736,4.34368337830865,1
271,1,10.75,24,4.34368337830865,4.66214129845027,1
271,1,10.75,24,4.66214129845027,5.00692719566018,1
271,1,10.75,24,5.00692719566018,5.04810269907133,1
271,1,10.75,24,5.04810269907133,5.48319395850224,1
271,1,10.75,24,5.48319395850224,5.94281053505012,1
271,1,10.75,24,5.94281053505012,6.14614076518057,1
271,1,10.75,24,6.14614076518057,6.49923456001864,1
271,1,10.75,24,6.49923456001864,6.55512866498581,1
271,1,10.75,24,6.55512866498581,7.10552610901507,1
271,1,10.75,24,7.10552610901507,7.64359776961582,1
271,1,10.75,24,7.64359776961582,7.72190945466808,1
271,1,10.75,24,7.72190945466808,7.79064253048888,1
271,1,10.75,24,7.79064253048888,7.85762737166287,1
271,1,10.75,24,7.85762737166287,8.0814529719555,1
271,1,10.75,24,8.0814529719555,8.13043925752246,1
271,1,10.75,24,8.13043925752246,9.2868681911999,1
271,1,10.75,24,9.2868681911999,9.66872865213707,1
271,1,10.75,24,9.66872865213707,9.70724096634232,1
271,1,10.75,24,9.70724096634232,9.88918984945917,1
271,1,10.75,24,9.88918984945917,9.95456695046774,1
271,1,10.75,24,9.95456695046774,10.3641657843856,1
271,1,10.75,24,10.3641657843856,10.5973361932719,1
271,1,10.75,24,10.5973361932719,10.75,0
272,1,13.75,1,0,8.17689199719164,1
272,1,13.75,1,8.17689199719164,13.75,0
273,1,12.75,5,0,0.955335721342769,1
273,1,12.75,5,0.955335721342769,1.07183441554586,1
273,1,12.75,5,1.07183441554586,1.77729971731771,1
273,1,12.75,5,1.77729971731771,3.7205154625554,1
273,1,12.75,5,3.7205154625554,7.68315132469697,1
273,1,12.75,5,7.68315132469697,12.75,0
274,1,13.75,37,0,2.39885383638759,1
274,1,13.75,37,2.39885383638759,3.14132041672573,1
274,1,13.75,37,3.14132041672573,3.76334817386084,1
274,1,13.75,37,3.76334817386084,3.91097359957024,1
274,1,13.75,37,3.91097359957024,3.97390893778611,1
274,1,13.75,37,3.97390893778611,4.04317003495294,1
274,1,13.75,37,4.04317003495294,5.69082473915657,1
274,1,13.75,37,5.69082473915657,6.6222397978239,1
274,1,13.75,37,6.6222397978239,6.70151549116335,1
274,1,13.75,37,6.70151549116335,7.01883019322696,1
274,1,13.75,37,7.01883019322696,7.29107428007094,1
274,1,13.75,37,7.29107428007094,8.83665918171559,1
274,1,13.75,37,8.83665918171559,9.82259259718795,1
274,1,13.75,37,9.82259259718795,10.1893504557792,1
274,1,13.75,37,10.1893504557792,10.3161825038306,1
274,1,13.75,37,10.3161825038306,11.002839467857,1
274,1,13.75,37,11.002839467857,11.0794961535592,1
274,1,13.75,37,11.0794961535592,11.2577027199242,1
274,1,13.75,37,11.2577027199242,11.3459923251078,1
274,1,13.75,37,11.3459923251078,11.7388678915265,1
274,1,13.75,37,11.7388678915265,11.7775160433174,1
274,1,13.75,37,11.7775160433174,12.10050025988,1
274,1,13.75,37,12.10050025988,12.2555141933617,1
274,1,13.75,37,12.2555141933617,12.3379376416583,1
274,1,13.75,37,12.3379376416583,12.4462956971764,1
274,1,13.75,37,12.4462956971764,12.5656938623253,1
274,1,13.75,37,12.5656938623253,12.5711929747338,1
274,1,13.75,37,12.5711929747338,12.6209876139626,1
274,1,13.75,37,12.6209876139626,12.6382872238337,1
274,1,13.75,37,12.6382872238337,12.9668587252039,1
274,1,13.75,37,12.9668587252039,13.0566146135169,1
274,1,13.75,37,13.0566146135169,13.0617349802262,1
274,1,13.75,37,13.0617349802262,13.2517699629874,1
274,1,13.75,37,13.2517699629874,13.3973944133949,1
274,1,13.75,37,13.3973944133949,13.5856653200769,1
274,1,13.75,37,13.5856653200769,13.6324168434136,1
274,1,13.75,37,13.6324168434136,13.6580837659786,1
274,1,13.75,37,13.6580837659786,13.75,0
275,1,13.75,2,0,0.53563504829973,1
275,1,13.75,2,0.53563504829973,0.677939640595223,1
275,1,13.75,2,0.677939640595223,13.75,0
276,1,12.75,25,0,6.33155281566623,1
276,1,12.75,25,6.33155281566623,6.66568542013172,1
276,1,12.75,25,6.66568542013172,6.90565132951511,1
276,1,12.75,25,6.90565132951511,7.29687639368003,1
276,1,12.75,25,7.29687639368003,7.58479471187035,1
276,1,12.75,25,7.58479471187035,7.74584097489505,1
276,1,12.75,25,7.74584097489505,8.41672131254001,1
276,1,12.75,25,8.41672131254001,8.51904430153733,1
276,1,12.75,25,8.51904430153733,9.10482337728626,1
276,1,12.75,25,9.10482337728626,9.18468849358193,1
276,1,12.75,25,9.18468849358193,9.53502846267674,1
276,1,12.75,25,9.53502846267674,9.72132132474753,1
276,1,12.75,25,9.72132132474753,9.94776907053352,1
276,1,12.75,25,9.94776907053352,9.9581372211613,1
276,1,12.75,25,9.9581372211613,10.2672271332914,1
276,1,12.75,25,10.2672271332914,10.9107139226185,1
276,1,12.75,25,10.9107139226185,10.9513226387118,1
276,1,12.75,25,10.9513226387118,11.0960198332186,1
276,1,12.75,25,11.0960198332186,11.1231397876449,1
276,1,12.75,25,11.1231397876449,11.3552283057042,1
276,1,12.75,25,11.3552283057042,11.8224537873806,1
276,1,12.75,25,11.8224537873806,12.0318325402804,1
276,1,12.75,25,12.0318325402804,12.0912855561161,1
276,1,12.75,25,12.0912855561161,12.5670543404116,1
276,1,12.75,25,12.5670543404116,12.6757298810941,1
276,1,12.75,25,12.6757298810941,12.75,0
277,1,11.75,1,0,2.20820657887882,1
277,1,11.75,1,2.20820657887882,11.75,0
278,1,20.75,5,0,0.0163995213571801,1
278,1,20.75,5,0.0163995213571801,5.89267554648174,1
278,1,20.75,5,5.89267554648174,7.62628298400963,1
278,1,20.75,5,7.62628298400963,10.0153856505514,1
278,1,20.75,5,10.0153856505514,15.3472913045015,1
278,1,20.75,5,15.3472913045015,20.75,0
279,1,18.75,86,0,1.98654425837027,1
279,1,18.75,86,1.98654425837027,2.73470162279452,1
279,1,18.75,86,2.73470162279452,3.87407026152875,1
279,1,18.75,86,3.87407026152875,3.88194960101769,1
279,1,18.75,86,3.88194960101769,6.35992361403206,1
279,1,18.75,86,6.35992361403206,6.86197721630426,1
279,1,18.75,86,6.86197721630426,7.46922579460902,1
279,1,18.75,86,7.46922579460902,7.80719306765063,1
279,1,18.75,86,7.80719306765063,8.22681433000573,1
279,1,18.75,86,8.22681433000573,8.28888920850641,1
279,1,18.75,86,8.28888920850641,8.69139564765478,1
279,1,18.75,86,8.69139564765478,8.7143969889327,1
279,1,18.75,86,8.7143969889327,9.75551864356052,1
279,1,18.75,86,9.75551864356052,9.99570867692045,1
279,1,18.75,86,9.99570867692045,10.0312376258993,1
279,1,18.75,86,10.0312376258993,10.0818484262669,1
279,1,18.75,86,10.0818484262669,10.1435753034806,1
279,1,18.75,86,10.1435753034806,10.6198541666673,1
279,1,18.75,86,10.6198541666673,10.8773267873638,1
279,1,18.75,86,10.8773267873638,10.9934322069801,1
279,1,18.75,86,10.9934322069801,11.092309225712,1
279,1,18.75,86,11.092309225712,11.1240860505262,1
279,1,18.75,86,11.1240860505262,11.5228091843366,1
279,1,18.75,86,11.5228091843366,11.5755326457696,1
279,1,18.75,86,11.5755326457696,11.6472456253266,1
279,1,18.75,86,11.6472456253266,11.9211672127506,1
279,1,18.75,86,11.9211672127506,12.0619089421776,1
279,1,18.75,86,12.0619089421776,12.3390783337417,1
279,1,18.75,86,12.3390783337417,12.4762486839426,1
279,1,18.75,86,12.4762486839426,12.6051848331368,1
279,1,18.75,86,12.6051848331368,12.69279750973,1
279,1,18.75,86,12.69279750973,12.9180565523715,1
279,1,18.75,86,12.9180565523715,13.0331964590238,1
279,1,18.75,86,13.0331964590238,13.1163177531581,1
279,1,18.75,86,13.1163177531581,13.2031817543783,1
279,1,18.75,86,13.2031817543783,13.2656599102374,1
279,1,18.75,86,13.2656599102374,13.4003170102583,1
279,1,18.75,86,13.4003170102583,13.4592766289691,1
279,1,18.75,86,13.4592766289691,13.4844323976026,1
279,1,18.75,86,13.4844323976026,13.5624303019017,1
279,1,18.75,86,13.5624303019017,13.7163381564376,1
279,1,18.75,86,13.7163381564376,13.7379431243978,1
279,1,18.75,86,13.7379431243978,13.7406042289115,1
279,1,18.75,86,13.7406042289115,13.8125377254915,1
279,1,18.75,86,13.8125377254915,13.8402720643928,1
279,1,18.75,86,13.8402720643928,13.906382272636,1
279,1,18.75,86,13.906382272636,13.9453074170676,1
279,1,18.75,86,13.9453074170676,14.2904693191964,1
279,1,18.75,86,14.2904693191964,14.3711822126174,1
279,1,18.75,86,14.3711822126174,14.494094484938,1
279,1,18.75,86,14.494094484938,14.6488000423358,1
279,1,18.75,86,14.6488000423358,14.8820104493556,1
279,1,18.75,86,14.8820104493556,15.0482049596433,1
279,1,18.75,86,15.0482049596433,15.0508631451259,1
279,1,18.75,86,15.0508631451259,15.2450850694721,1
279,1,18.75,86,15.2450850694721,15.5066890327476,1
279,1,18.75,86,15.5066890327476,15.7491825611046,1
279,1,18.75,86,15.7491825611046,15.7729783030936,1
279,1,18.75,86,15.7729783030936,15.845849577285,1
279,1,18.75,86,15.845849577285,15.9302883661146,1
279,1,18.75,86,15.9302883661146,15.9532961285075,1
279,1,18.75,86,15.9532961285075,15.9851610909616,1
279,1,18.75,86,15.9851610909616,16.0156594183039,1
279,1,18.75,86,16.0156594183039,16.1715582302697,1
279,1,18.75,86,16.1715582302697,16.3571684409105,1
279,1,18.75,86,16.3571684409105,16.510798420958,1
279,1,18.75,86,16.510798420958,16.624996737556,1
279,1,18.75,86,16.624996737556,16.8566841071806,1
279,1,18.75,86,16.8566841071806,17.0646456573556,1
279,1,18.75,86,17.0646456573556,17.1200421904803,1
279,1,18.75,86,17.1200421904803,17.1934404450949,1
279,1,18.75,86,17.1934404450949,17.3001377548594,1
279,1,18.75,86,17.3001377548594,17.5018138383309,1
279,1,18.75,86,17.5018138383309,17.5987802181424,1
279,1,18.75,86,17.5987802181424,17.6807359666565,1
279,1,18.75,86,17.6807359666565,17.8497003823554,1
279,1,18.75,86,17.8497003823554,17.8516886108942,1
279,1,18.75,86,17.8516886108942,17.9392085787431,1
279,1,18.75,86,17.9392085787431,18.0671718943172,1
279,1,18.75,86,18.0671718943172,18.073341355183,1
279,1,18.75,86,18.073341355183,18.2301932832764,1
279,1,18.75,86,18.2301932832764,18.3345665571314,1
279,1,18.75,86,18.3345665571314,18.5190652218284,1
279,1,18.75,86,18.5190652218284,18.5999484303286,1
279,1,18.75,86,18.5999484303286,18.6396808767843,1
279,1,18.75,86,18.6396808767843,18.6760506401449,1
279,1,18.75,86,18.6760506401449,18.75,0
280,1,8.75,5,0,1.68808892235397,1
280,1,8.75,5,1.68808892235397,2.30432126367242,1
280,1,8.75,5,2.30432126367242,3.05659853452142,1
280,1,8.75,5,3.05659853452142,5.9090755099763,1
280,1,8.75,5,5.9090755099763,7.22547567728484,1
280,1,8.75,5,7.22547567728484,8.75,0
281,1,9.75,0,0,9.75,0
282,1,13.75,17,0,4.20147482015829,1
282,1,13.75,17,4.20147482015829,5.66381146380911,1
282,1,13.75,17,5.66381146380911,5.99196860928684,1
282,1,13.75,17,5.99196860928684,6.77393845082208,1
282,1,13.75,17,6.77393845082208,6.95807846101199,1
282,1,13.75,17,6.95807846101199,7.03432730758933,1
282,1,13.75,17,7.03432730758933,7.15310535107866,1
282,1,13.75,17,7.15310535107866,7.52230018133925,1
282,1,13.75,17,7.52230018133925,7.75430815432613,1
282,1,13.75,17,7.75430815432613,8.14856279784763,1
282,1,13.75,17,8.14856279784763,8.86208626745372,1
282,1,13.75,17,8.86208626745372,9.45383167839038,1
282,1,13.75,17,9.45383167839038,10.2651508098828,1
282,1,13.75,17,10.2651508098828,10.3632223065868,1
282,1,13.75,17,10.3632223065868,11.117050886936,1
282,1,13.75,17,11.117050886936,12.4100367739953,1
282,1,13.75,17,12.4100367739953,13.0979509517637,1
282,1,13.75,17,13.0979509517637,13.75,0
283,1,18.75,70,0,2.90212472949524,1
283,1,18.75,70,2.90212472949524,3.1675028700121,1
283,1,18.75,70,3.1675028700121,3.65301430522562,1
283,1,18.75,70,3.65301430522562,4.30037222644144,1
283,1,18.75,70,4.30037222644144,5.4122132091481,1
283,1,18.75,70,5.4122132091481,6.5218324546851,1
283,1,18.75,70,6.5218324546851,6.61556593752839,1
283,1,18.75,70,6.61556593752839,7.18669432472086,1
283,1,18.75,70,7.18669432472086,7.56929080529049,1
283,1,18.75,70,7.56929080529049,8.62608085065833,1
283,1,18.75,70,8.62608085065833,8.73211630481688,1
283,1,18.75,70,8.73211630481688,8.7473802422925,1
283,1,18.75,70,8.7473802422925,9.11624758137223,1
283,1,18.75,70,9.11624758137223,9.17660431183447,1
283,1,18.75,70,9.17660431183447,9.25536259115884,1
283,1,18.75,70,9.25536259115884,9.39197797557924,1
283,1,18.75,70,9.39197797557924,9.8089996724427,1
283,1,18.75,70,9.8089996724427,9.85169089891562,1
283,1,18.75,70,9.85169089891562,10.2338363557369,1
283,1,18.75,70,10.2338363557369,10.3713624932276,1
283,1,18.75,70,10.3713624932276,10.4861642349219,1
283,1,18.75,70,10.4861642349219,10.6138594032066,1
283,1,18.75,70,10.6138594032066,11.2585853463845,1
283,1,18.75,70,11.2585853463845,11.6430243367144,1
283,1,18.75,70,11.6430243367144,11.68143698625,1
283,1,18.75,70,11.68143698625,11.8396619999497,1
283,1,18.75,70,11.8396619999497,11.9058504673055,1
283,1,18.75,70,11.9058504673055,12.1939546592967,1
283,1,18.75,70,12.1939546592967,12.3665690637814,1
283,1,18.75,70,12.3665690637814,13.2728163629678,1
283,1,18.75,70,13.2728163629678,13.3961494064758,1
283,1,18.75,70,13.3961494064758,13.5156486477723,1
283,1,18.75,70,13.5156486477723,13.6563857176211,1
283,1,18.75,70,13.6563857176211,13.9307030184007,1
283,1,18.75,70,13.9307030184007,14.103555891066,1
283,1,18.75,70,14.103555891066,14.1347087670041,1
283,1,18.75,70,14.1347087670041,14.2073755787395,1
283,1,18.75,70,14.2073755787395,14.3504013412604,1
283,1,18.75,70,14.3504013412604,14.5774800459623,1
283,1,18.75,70,14.5774800459623,14.6454897093276,1
283,1,18.75,70,14.6454897093276,14.6977267757737,1
283,1,18.75,70,14.6977267757737,14.7212793091518,1
283,1,18.75,70,14.7212793091518,14.7985020496094,1
283,1,18.75,70,14.7985020496094,15.1222422902131,1
283,1,18.75,70,15.1222422902131,15.2434575693161,1
283,1,18.75,70,15.2434575693161,15.260399728603,1
283,1,18.75,70,15.260399728603,15.2795541748833,1
283,1,18.75,70,15.2795541748833,15.4315520291878,1
283,1,18.75,70,15.4315520291878,15.6945869180534,1
283,1,18.75,70,15.6945869180534,16.0304508457811,1
283,1,18.75,70,16.0304508457811,16.3179278149514,1
283,1,18.75,70,16.3179278149514,16.3624305553087,1
283,1,18.75,70,16.3624305553087,16.3871426890464,1
283,1,18.75,70,16.3871426890464,16.5302876443567,1
283,1,18.75,70,16.5302876443567,16.5724347459124,1
283,1,18.75,70,16.5724347459124,16.7857241435707,1
283,1,18.75,70,16.7857241435707,16.9945426001559,1
283,1,18.75,70,16.9945426001559,17.1504377529795,1
283,1,18.75,70,17.1504377529795,17.21535987519,1
283,1,18.75,70,17.21535987519,17.2843929943385,1
283,1,18.75,70,17.2843929943385,17.3530822039767,1
283,1,18.75,70,17.3530822039767,17.510837697097,1
283,1,18.75,70,17.510837697097,17.5584991823405,1
283,1,18.75,70,17.5584991823405,17.5936294054465,1
283,1,18.75,70,17.5936294054465,17.6803842574122,1
283,1,18.75,70,17.6803842574122,17.9273753181133,1
283,1,18.75,70,17.9273753181133,18.4366267529874,1
283,1,18.75,70,18.4366267529874,18.4402159431412,1
283,1,18.75,70,18.4402159431412,18.4775185529371,1
283,1,18.75,70,18.4775185529371,18.7489832722133,1
283,1,18.75,70,18.7489832722133,18.75,0
284,1,16.75,56,0,3.27636020866766,1
284,1,16.75,56,3.27636020866766,4.78967087955702,1
284,1,16.75,56,4.78967087955702,5.16476401844679,1
284,1,16.75,56,5.16476401844679,5.22212003131276,1
284,1,16.75,56,5.22212003131276,6.95537009039647,1
284,1,16.75,56,6.95537009039647,7.35819572214748,1
284,1,16.75,56,7.35819572214748,7.87939436453357,1
284,1,16.75,56,7.87939436453357,7.89652484894341,1
284,1,16.75,56,7.89652484894341,8.33657591574777,1
284,1,16.75,56,8.33657591574777,8.41124454184415,1
284,1,16.75,56,8.41124454184415,9.08145179662957,1
284,1,16.75,56,9.08145179662957,9.78081417963771,1
284,1,16.75,56,9.78081417963771,10.1025592715427,1
284,1,16.75,56,10.1025592715427,10.1417765247675,1
284,1,16.75,56,10.1417765247675,10.1772988985473,1
284,1,16.75,56,10.1772988985473,10.2552092403042,1
284,1,16.75,56,10.2552092403042,10.770897238287,1
284,1,16.75,56,10.770897238287,10.8308540772441,1
284,1,16.75,56,10.8308540772441,10.9921930709504,1
284,1,16.75,56,10.9921930709504,11.1655410481847,1
284,1,16.75,56,11.1655410481847,11.3766618092454,1
284,1,16.75,56,11.3766618092454,11.4385696931041,1
284,1,16.75,56,11.4385696931041,11.603084432417,1
284,1,16.75,56,11.603084432417,11.7513970271658,1
284,1,16.75,56,11.7513970271658,11.9831093205195,1
284,1,16.75,56,11.9831093205195,12.1052690468185,1
284,1,16.75,56,12.1052690468185,12.3607716133194,1
284,1,16.75,56,12.3607716133194,12.5451363556962,1
284,1,16.75,56,12.5451363556962,12.7600203823247,1
284,1,16.75,56,12.7600203823247,12.9707135920159,1
284,1,16.75,56,12.9707135920159,13.1529348496157,1
284,1,16.75,56,13.1529348496157,13.6712419115357,1
284,1,16.75,56,13.6712419115357,13.6870185350887,1
284,1,16.75,56,13.6870185350887,13.6942956293414,1
284,1,16.75,56,13.6942956293414,14.0624657139858,1
284,1,16.75,56,14.0624657139858,14.0661064004433,1
284,1,16.75,56,14.0661064004433,14.1447158267616,1
284,1,16.75,56,14.1447158267616,14.1985885138649,1
284,1,16.75,56,14.1985885138649,14.3017552582782,1
284,1,16.75,56,14.3017552582782,14.4728677882325,1
284,1,16.75,56,14.4728677882325,14.6710578981233,1
284,1,16.75,56,14.6710578981233,15.0598717462762,1
284,1,16.75,56,15.0598717462762,15.2175238143669,1
284,1,16.75,56,15.2175238143669,15.3211863378807,1
284,1,16.75,56,15.3211863378807,15.6598273990951,1
284,1,16.75,56,15.6598273990951,15.7955039912667,1
284,1,16.75,56,15.7955039912667,16.0315442593551,1
284,1,16.75,56,16.0315442593551,16.0552741116473,1
284,1,16.75,56,16.0552741116473,16.0553649645122,1
284,1,16.75,56,16.0553649645122,16.2780878829958,1
284,1,16.75,56,16.2780878829958,16.284594272567,1
284,1,16.75,56,16.284594272567,16.3571864900417,1
284,1,16.75,56,16.3571864900417,16.3860944104566,1
284,1,16.75,56,16.3860944104566,16.5247791863514,1
284,1,16.75,56,16.5247791863514,16.5591994430631,1
284,1,16.75,56,16.5591994430631,16.6101076525778,1
284,1,16.75,56,16.6101076525778,16.75,0
285,1,9.75,2,0,0.117667356987399,1
285,1,9.75,2,0.117667356987399,0.200101149224121,1
285,1,9.75,2,0.200101149224121,9.75,0
286,1,8.75,5,0,3.04263424997542,1
286,1,8.75,5,3.04263424997542,6.87170481564331,1
286,1,8.75,5,6.87170481564331,8.23271033501541,1
286,1,8.75,5,8.23271033501541,8.47040509764343,1
286,1,8.75,5,8.47040509764343,8.49393960524492,1
286,1,8.75,5,8.49393960524492,8.75,0
287,1,8.75,1,0,0.00105898405097178,1
287,1,8.75,1,0.00105898405097178,8.75,0
288,1,16.75,2,0,5.3938478732324,1
288,1,16.75,2,5.3938478732324,13.2477815070943,1
288,1,16.75,2,13.2477815070943,16.75,0
289,1,13.75,1,0,0.466453079361887,1
289,1,13.75,1,0.466453079361887,13.75,0
290,1,16.75,106,0,1.5292957171966,1
290,1,16.75,106,1.5292957171966,4.58754962893761,1
290,1,16.75,106,4.58754962893761,5.10605574852758,1
290,1,16.75,106,5.10605574852758,5.35306880757149,1
290,1,16.75,106,5.35306880757149,6.03574407209914,1
290,1,16.75,106,6.03574407209914,6.34559841577083,1
290,1,16.75,106,6.34559841577083,6.57592763961649,1
290,1,16.75,106,6.57592763961649,6.64821270097297,1
290,1,16.75,106,6.64821270097297,7.16659234060899,1
290,1,16.75,106,7.16659234060899,7.24919577716375,1
290,1,16.75,106,7.24919577716375,7.50733018998026,1
290,1,16.75,106,7.50733018998026,7.84844581137812,1
290,1,16.75,106,7.84844581137812,8.46668971285606,1
290,1,16.75,106,8.46668971285606,8.48663924175571,1
290,1,16.75,106,8.48663924175571,8.59388507396424,1
290,1,16.75,106,8.59388507396424,8.75191510253458,1
290,1,16.75,106,8.75191510253458,8.84034707542688,1
290,1,16.75,106,8.84034707542688,8.89141764268419,1
290,1,16.75,106,8.89141764268419,9.18057719536987,1
290,1,16.75,106,9.18057719536987,9.42131305825625,1
290,1,16.75,106,9.42131305825625,9.50349233485231,1
290,1,16.75,106,9.50349233485231,9.51099019544425,1
290,1,16.75,106,9.51099019544425,9.5828600190326,1
290,1,16.75,106,9.5828600190326,9.65265048353442,1
290,1,16.75,106,9.65265048353442,9.75410980889938,1
290,1,16.75,106,9.75410980889938,10.0302406258042,1
290,1,16.75,106,10.0302406258042,10.5785369417402,1
290,1,16.75,106,10.5785369417402,10.5972482276349,1
290,1,16.75,106,10.5972482276349,10.8349306415261,1
290,1,16.75,106,10.8349306415261,11.0254918378321,1
290,1,16.75,106,11.0254918378321,11.0487234808466,1
290,1,16.75,106,11.0487234808466,11.0818700432982,1
290,1,16.75,106,11.0818700432982,11.1635424833929,1
290,1,16.75,106,11.1635424833929,11.188374094487,1
290,1,16.75,106,11.188374094487,11.2521918825393,1
290,1,16.75,106,11.2521918825393,11.342933356894,1
290,1,16.75,106,11.342933356894,11.4256735371062,1
290,1,16.75,106,11.4256735371062,11.6282406357408,1
290,1,16.75,106,11.6282406357408,11.6414191517707,1
290,1,16.75,106,11.6414191517707,11.6516521669427,1
290,1,16.75,106,11.6516521669427,11.6664407127753,1
290,1,16.75,106,11.6664407127753,11.6698881759251,1
290,1,16.75,106,11.6698881759251,11.6850562907009,1
290,1,16.75,106,11.6850562907009,11.7253023535246,1
290,1,16.75,106,11.7253023535246,11.7717424488996,1
290,1,16.75,106,11.7717424488996,12.2551043489367,1
290,1,16.75,106,12.2551043489367,12.5697063802034,1
290,1,16.75,106,12.5697063802034,12.6323531890054,1
290,1,16.75,106,12.6323531890054,12.6755084943819,1
290,1,16.75,106,12.6755084943819,12.8148525015187,1
290,1,16.75,106,12.8148525015187,12.8554597655608,1
290,1,16.75,106,12.8554597655608,12.9654003044977,1
290,1,16.75,106,12.9654003044977,12.9731834438596,1
290,1,16.75,106,12.9731834438596,13.0173795338948,1
290,1,16.75,106,13.0173795338948,13.3614195400401,1
290,1,16.75,106,13.3614195400401,13.3820604052883,1
290,1,16.75,106,13.3820604052883,13.4046703687405,1
290,1,16.75,106,13.4046703687405,13.6245395639693,1
290,1,16.75,106,13.6245395639693,13.7073616404455,1
290,1,16.75,106,13.7073616404455,13.8315260136024,1
290,1,16.75,106,13.8315260136024,13.9256612122074,1
290,1,16.75,106,13.9256612122074,13.9380462525093,1
290,1,16.75,106,13.9380462525093,14.0924788159006,1
290,1,16.75,106,14.0924788159006,14.123503044026,1
290,1,16.75,106,14.123503044026,14.1671990811122,1
290,1,16.75,106,14.1671990811122,14.2623160623056,1
290,1,16.75,106,14.2623160623056,14.3309778678881,1
290,1,16.75,106,14.3309778678881,14.4695367992518,1
290,1,16.75,106,14.4695367992518,14.4983051352561,1
290,1,16.75,106,14.4983051352561,14.5354417837029,1
290,1,16.75,106,14.5354417837029,14.5562410361964,1
290,1,16.75,106,14.5562410361964,14.8028875277173,1
290,1,16.75,106,14.8028875277173,14.9636474510131,1
290,1,16.75,106,14.9636474510131,15.0318701357874,1
290,1,16.75,106,15.0318701357874,15.0468633641563,1
290,1,16.75,106,15.0468633641563,15.0685373547497,1
290,1,16.75,106,15.0685373547497,15.3134873625273,1
290,1,16.75,106,15.3134873625273,15.3187965196586,1
290,1,16.75,106,15.3187965196586,15.3540225950765,1
290,1,16.75,106,15.3540225950765,15.3836901431459,1
290,1,16.75,106,15.3836901431459,15.4517200401694,1
290,1,16.75,106,15.4517200401694,15.4538963747687,1
290,1,16.75,106,15.4538963747687,15.643411333408,1
290,1,16.75,106,15.643411333408,15.7318487004997,1
290,1,16.75,106,15.7318487004997,15.7492828215933,1
290,1,16.75,106,15.7492828215933,15.803130889139,1
290,1,16.75,106,15.803130889139,15.8270005182977,1
290,1,16.75,106,15.8270005182977,15.8416933544067,1
290,1,16.75,106,15.8416933544067,15.8660561298988,1
290,1,16.75,106,15.8660561298988,15.8906300799618,1
290,1,16.75,106,15.8906300799618,15.9240993790707,1
290,1,16.75,106,15.9240993790707,16.0033154955063,1
290,1,16.75,106,16.0033154955063,16.1880191665803,1
290,1,16.75,106,16.1880191665803,16.1956764909555,1
290,1,16.75,106,16.1956764909555,16.2097196985622,1
290,1,16.75,106,16.2097196985622,16.4724351009848,1
290,1,16.75,106,16.4724351009848,16.4966918154108,1
290,1,16.75,106,16.4966918154108,16.5231464696852,1
290,1,16.75,106,16.5231464696852,16.5233379111459,1
290,1,16.75,106,16.5233379111459,16.5595484150718,1
290,1,16.75,106,16.5595484150718,16.5781072510763,1
290,1,16.75,106,16.5781072510763,16.603013233265,1
290,1,16.75,106,16.603013233265,16.6525490644509,1
290,1,16.75,106,16.6525490644509,16.6634898531212,1
290,1,16.75,106,16.6634898531212,16.7151221326339,1
290,1,16.75,106,16.7151221326339,16.7264741841626,1
290,1,16.75,106,16.7264741841626,16.75,0
291,1,8.75,1,0,1.08453012893546,1
291,1,8.75,1,1.08453012893546,8.75,0
292,1,11.75,2,0,3.45532852669052,1
292,1,11.75,2,3.45532852669052,6.34213561717507,1
292,1,11.75,2,6.34213561717507,11.75,0
293,1,8.75,2,0,3.66089269995195,1
293,1,8.75,2,3.66089269995195,3.84048912916341,1
293,1,8.75,2,3.84048912916341,8.75,0
294,1,8.75,2,0,0.00180668996362297,1
294,1,8.75,2,0.00180668996362297,0.18706443922456,1
294,1,8.75,2,0.18706443922456,8.75,0
295,1,15.75,1,0,10.5001042845889,1
295,1,15.75,1,10.5001042845889,15.75,0
296,1,14.75,25,0,1.91064206421393,1
296,1,14.75,25,1.91064206421393,4.43013807988039,1
296,1,14.75,25,4.43013807988039,7.23733914051154,1
296,1,14.75,25,7.23733914051154,7.58180481386739,1
296,1,14.75,25,7.58180481386739,8.21495130352589,1
296,1,14.75,25,8.21495130352589,8.54911370385566,1
296,1,14.75,25,8.54911370385566,8.9644271138566,1
296,1,14.75,25,8.9644271138566,9.00731614193033,1
296,1,14.75,25,9.00731614193033,9.16997488265097,1
296,1,14.75,25,9.16997488265097,9.28955568886068,1
296,1,14.75,25,9.28955568886068,9.34810100268562,1
296,1,14.75,25,9.34810100268562,9.40091936721643,1
296,1,14.75,25,9.40091936721643,9.84343564812188,1
296,1,14.75,25,9.84343564812188,9.84444011606852,1
296,1,14.75,25,9.84444011606852,9.84719208750174,1
296,1,14.75,25,9.84719208750174,10.0719734066298,1
296,1,14.75,25,10.0719734066298,10.0838738342966,1
296,1,14.75,25,10.0838738342966,10.1123551621833,1
296,1,14.75,25,10.1123551621833,10.4468453053064,1
296,1,14.75,25,10.4468453053064,12.0775119256903,1
296,1,14.75,25,12.0775119256903,13.2053050316931,1
296,1,14.75,25,13.2053050316931,13.8909153403126,1
296,1,14.75,25,13.8909153403126,13.9447884835455,1
296,1,14.75,25,13.9447884835455,14.122945424093,1
296,1,14.75,25,14.122945424093,14.7083559538735,1
296,1,14.75,25,14.7083559538735,14.75,0
297,1,12.75,2,0,3.93466128521185,1
297,1,12.75,2,3.93466128521185,4.93557449176704,1
297,1,12.75,2,4.93557449176704,12.75,0
298,1,12.75,17,0,1.49849336595389,1
298,1,12.75,17,1.49849336595389,3.39042182853831,1
298,1,12.75,17,3.39042182853831,3.87851607105013,1
298,1,12.75,17,3.87851607105013,5.71715599957488,1
298,1,12.75,17,5.71715599957488,6.4630470686167,1
298,1,12.75,17,6.4630470686167,7.7798927392232,1
298,1,12.75,17,7.7798927392232,9.60968317026594,1
298,1,12.75,17,9.60968317026594,10.2008924269455,1
298,1,12.75,17,10.2008924269455,10.3676984255788,1
298,1,12.75,17,10.3676984255788,10.3978290475815,1
298,1,12.75,17,10.3978290475815,10.8225542707213,1
298,1,12.75,17,10.8225542707213,10.886398824634,1
298,1,12.75,17,10.886398824634,11.8979972251575,1
298,1,12.75,17,11.8979972251575,12.0142162774506,1
298,1,12.75,17,12.0142162774506,12.0194804649318,1
298,1,12.75,17,12.0194804649318,12.454173667224,1
298,1,12.75,17,12.454173667224,12.5017343941912,1
298,1,12.75,17,12.5017343941912,12.75,0
299,1,18.75,6,0,0.336248833089514,1
299,1,18.75,6,0.336248833089514,0.877824815973837,1
299,1,18.75,6,0.877824815973837,2.33453982782655,1
299,1,18.75,6,2.33453982782655,6.19651962322063,1
299,1,18.75,6,6.19651962322063,7.05505370559388,1
299,1,18.75,6,7.05505370559388,7.71166738011356,1
299,1,18.75,6,7.71166738011356,18.75,0
300,1,17.75,4,0,1.19591462864085,1
300,1,17.75,4,1.19591462864085,1.79563369285731,1
300,1,17.75,4,1.79563369285731,6.95669459773044,1
300,1,17.75,4,6.95669459773044,13.1302205526092,1
300,1,17.75,4,13.1302205526092,17.75,0
301,0,14.75,0,0,14.75,0
302,0,13.75,3,0,0.376808722063473,1
302,0,13.75,3,0.376808722063473,3.24382965064766,1
302,0,13.75,3,3.24382965064766,8.61310558935756,1
302,0,13.75,3,8.61310558935756,13.75,0
303,0,11.75,1,0,0.00276614000976832,1
303,0,11.75,1,0.00276614000976832,11.75,0
304,0,14.75,4,0,0.0753032067753727,1
304,0,14.75,4,0.0753032067753727,2.05380671961199,1
304,0,14.75,4,2.05380671961199,2.95514284511179,1
304,0,14.75,4,2.95514284511179,14.5695571840895,1
304,0,14.75,4,14.5695571840895,14.75,0
305,0,13.75,0,0,13.75,0
306,0,10.75,3,0,7.80332281317116,1
306,0,10.75,3,7.80332281317116,10.0430920447545,1
306,0,10.75,3,10.0430920447545,10.6619339240367,1
306,0,10.75,3,10.6619339240367,10.75,0
307,0,11.75,15,0,4.11129265180534,1
307,0,11.75,15,4.11129265180534,5.58174866781786,1
307,0,11.75,15,5.58174866781786,7.76218902538626,1
307,0,11.75,15,7.76218902538626,8.34653207386863,1
307,0,11.75,15,8.34653207386863,8.38930867188372,1
307,0,11.75,15,8.38930867188372,8.57955346990728,1
307,0,11.75,15,8.57955346990728,8.74611404185042,1
307,0,11.75,15,8.74611404185042,9.09563156595359,1
307,0,11.75,15,9.09563156595359,9.15593801305385,1
307,0,11.75,15,9.15593801305385,9.57083188479449,1
307,0,11.75,15,9.57083188479449,9.71002792549615,1
307,0,11.75,15,9.71002792549615,10.2024683893628,1
307,0,11.75,15,10.2024683893628,10.7081294759241,1
307,0,11.75,15,10.7081294759241,10.8862503851717,1
307,0,11.75,15,10.8862503851717,11.2259177650448,1
307,0,11.75,15,11.2259177650448,11.75,0
308,0,11.75,19,0,3.39746639923557,1
308,0,11.75,19,3.39746639923557,4.51692950535504,1
308,0,11.75,19,4.51692950535504,4.58595023318877,1
308,0,11.75,19,4.58595023318877,5.68976174638874,1
308,0,11.75,19,5.68976174638874,7.51314023333594,1
308,0,11.75,19,7.51314023333594,7.71664562820085,1
308,0,11.75,19,7.71664562820085,7.76331047460141,1
308,0,11.75,19,7.76331047460141,7.9030986633539,1
308,0,11.75,19,7.9030986633539,8.20445979920313,1
308,0,11.75,19,8.20445979920313,8.41670013287624,1
308,0,11.75,19,8.41670013287624,8.5154038199076,1
308,0,11.75,19,8.5154038199076,9.36648920022957,1
308,0,11.75,19,9.36648920022957,9.46256134448962,1
308,0,11.75,19,9.46256134448962,10.5950463422072,1
308,0,11.75,19,10.5950463422072,10.653045481441,1
308,0,11.75,19,10.653045481441,10.6783975438424,1
308,0,11.75,19,10.6783975438424,10.6973484188622,1
308,0,11.75,19,10.6973484188622,11.2025770532332,1
308,0,11.75,19,11.2025770532332,11.4431198184898,1
308,0,11.75,19,11.4431198184898,11.75,0
309,0,16.75,42,0,4.60555677277946,1
309,0,16.75,42,4.60555677277946,5.00719116616586,1
309,0,16.75,42,5.00719116616586,5.24900694784983,1
309,0,16.75,42,5.24900694784983,5.56888844382931,1
309,0,16.75,42,5.56888844382931,5.57930530661524,1
309,0,16.75,42,5.57930530661524,7.36119409587597,1
309,0,16.75,42,7.36119409587597,7.68627022165236,1
309,0,16.75,42,7.68627022165236,7.68899585297323,1
309,0,16.75,42,7.68899585297323,7.72037403791835,1
309,0,16.75,42,7.72037403791835,7.88596000294579,1
309,0,16.75,42,7.88596000294579,8.04130296430406,1
309,0,16.75,42,8.04130296430406,9.38830925473761,1
309,0,16.75,42,9.38830925473761,9.75612756090556,1
309,0,16.75,42,9.75612756090556,10.020310952201,1
309,0,16.75,42,10.020310952201,10.2498693964401,1
309,0,16.75,42,10.2498693964401,10.7421113623344,1
309,0,16.75,42,10.7421113623344,11.0965572997025,1
309,0,16.75,42,11.0965572997025,11.2306591987296,1
309,0,16.75,42,11.2306591987296,11.3358403501531,1
309,0,16.75,42,11.3358403501531,11.7819910968974,1
309,0,16.75,42,11.7819910968974,11.8678412204163,1
309,0,16.75,42,11.8678412204163,12.1140007252951,1
309,0,16.75,42,12.1140007252951,12.4426151121048,1
309,0,16.75,42,12.4426151121048,12.7766035232042,1
309,0,16.75,42,12.7766035232042,13.1357357994647,1
309,0,16.75,42,13.1357357994647,13.2476584462053,1
309,0,16.75,42,13.2476584462053,13.7247887465318,1
309,0,16.75,42,13.7247887465318,14.058165841089,1
309,0,16.75,42,14.058165841089,14.1924775762029,1
309,0,16.75,42,14.1924775762029,14.3379235233394,1
309,0,16.75,42,14.3379235233394,14.6290175617623,1
309,0,16.75,42,14.6290175617623,14.8856530438413,1
309,0,16.75,42,14.8856530438413,15.1287469158613,1
309,0,16.75,42,15.1287469158613,15.3455563555984,1
309,0,16.75,42,15.3455563555984,15.51388551939,1
309,0,16.75,42,15.51388551939,15.8890378839843,1
309,0,16.75,42,15.8890378839843,15.9963529032042,1
309,0,16.75,42,15.9963529032042,16.2229049670778,1
309,0,16.75,42,16.2229049670778,16.4532566705638,1
309,0,16.75,42,16.4532566705638,16.5629909121836,1
309,0,16.75,42,16.5629909121836,16.5987575525962,1
309,0,16.75,42,16.5987575525962,16.7183046762088,1
309,0,16.75,42,16.7183046762088,16.75,0
310,0,16.75,49,0,2.76899985822589,1
310,0,16.75,49,2.76899985822589,3.57571974643379,1
310,0,16.75,49,3.57571974643379,3.70792394634919,1
310,0,16.75,49,3.70792394634919,4.38700766868609,1
310,0,16.75,49,4.38700766868609,4.47912385468114,1
310,0,16.75,49,4.47912385468114,4.9953111158401,1
310,0,16.75,49,4.9953111158401,5.01099966648556,1
310,0,16.75,49,5.01099966648556,5.23888524436696,1
310,0,16.75,49,5.23888524436696,6.6980704413622,1
310,0,16.75,49,6.6980704413622,7.24000265713638,1
310,0,16.75,49,7.24000265713638,7.52041405114229,1
310,0,16.75,49,7.52041405114229,7.68768484867783,1
310,0,16.75,49,7.68768484867783,7.8108282679722,1
310,0,16.75,49,7.8108282679722,8.8250190790551,1
310,0,16.75,49,8.8250190790551,8.93427389491904,1
310,0,16.75,49,8.93427389491904,8.94252513673062,1
310,0,16.75,49,8.94252513673062,8.9675059991901,1
310,0,16.75,49,8.9675059991901,9.02181824941619,1
310,0,16.75,49,9.02181824941619,9.56051804080299,1
310,0,16.75,49,9.56051804080299,9.61395573491834,1
310,0,16.75,49,9.61395573491834,9.70730708240381,1
310,0,16.75,49,9.70730708240381,9.9291911778762,1
310,0,16.75,49,9.9291911778762,9.98735950075439,1
310,0,16.75,49,9.98735950075439,10.1420533529121,1
310,0,16.75,49,10.1420533529121,10.5011610001277,1
310,0,16.75,49,10.5011610001277,11.1723958702525,1
310,0,16.75,49,11.1723958702525,11.7026103313827,1
310,0,16.75,49,11.7026103313827,12.3498761410785,1
310,0,16.75,49,12.3498761410785,12.5146786879274,1
310,0,16.75,49,12.5146786879274,13.6376053681789,1
310,0,16.75,49,13.6376053681789,13.9324666631966,1
310,0,16.75,49,13.9324666631966,13.9522000143242,1
310,0,16.75,49,13.9522000143242,13.9700117097669,1
310,0,16.75,49,13.9700117097669,14.5301124980087,1
310,0,16.75,49,14.5301124980087,14.5342517840751,1
310,0,16.75,49,14.5342517840751,14.7831909941913,1
310,0,16.75,49,14.7831909941913,14.8226513242163,1
310,0,16.75,49,14.8226513242163,14.8369419354886,1
310,0,16.75,49,14.8369419354886,14.8447202272626,1
310,0,16.75,49,14.8447202272626,14.8556081016163,1
310,0,16.75,49,14.8556081016163,15.2160459285814,1
310,0,16.75,49,15.2160459285814,15.3222956364405,1
310,0,16.75,49,15.3222956364405,15.3390623537903,1
310,0,16.75,49,15.3390623537903,15.8817461443638,1
310,0,16.75,49,15.8817461443638,15.9124156986233,1
310,0,16.75,49,15.9124156986233,15.9602992574303,1
310,0,16.75,49,15.9602992574303,16.3276495702058,1
310,0,16.75,49,16.3276495702058,16.6913453931099,1
310,0,16.75,49,16.6913453931099,16.74169003521,1
310,0,16.75,49,16.74169003521,16.75,0
311,0,8.75,0,0,8.75,0
312,0,17.75,1,0,17.5906237698072,1
312,0,17.75,1,17.5906237698072,17.75,0
313,0,16.75,4,0,1.65075873252314,1
313,0,16.75,4,1.65075873252314,9.12890847227517,1
313,0,16.75,4,9.12890847227517,9.93970254689296,1
313,0,16.75,4,9.93970254689296,14.9883580271515,1
313,0,16.75,4,14.9883580271515,16.75,0
314,0,18.75,1,0,12.392845251023,1
314,0,18.75,1,12.392845251023,18.75,0
315,0,8.75,1,0,0.00797157994056821,1
315,0,8.75,1,0.00797157994056821,8.75,0
316,0,11.75,17,0,4.15353370514495,1
316,0,11.75,17,4.15353370514495,4.49830210860277,1
316,0,11.75,17,4.49830210860277,4.61706767071896,1
316,0,11.75,17,4.61706767071896,5.79936957064931,1
316,0,11.75,17,5.79936957064931,5.87591327810927,1
316,0,11.75,17,5.87591327810927,6.05208691787819,1
316,0,11.75,17,6.05208691787819,6.66177642832806,1
316,0,11.75,17,6.66177642832806,7.81951282801103,1
316,0,11.75,17,7.81951282801103,8.30548667763922,1
316,0,11.75,17,8.30548667763922,8.51050978756929,1
316,0,11.75,17,8.51050978756929,8.9854638198266,1
316,0,11.75,17,8.9854638198266,9.07839395862078,1
316,0,11.75,17,9.07839395862078,9.11353713038767,1
316,0,11.75,17,9.11353713038767,9.82013208093237,1
316,0,11.75,17,9.82013208093237,9.96465555050014,1
316,0,11.75,17,9.96465555050014,10.4039230074058,1
316,0,11.75,17,10.4039230074058,11.2402080416846,1
316,0,11.75,17,11.2402080416846,11.75,0
317,0,14.75,2,0,0.958431499737797,1
317,0,14.75,2,0.958431499737797,3.93026978150396,1
317,0,14.75,2,3.93026978150396,14.75,0
318,0,10.75,1,0,6.42182018264559,1
318,0,10.75,1,6.42182018264559,10.75,0
319,0,13.75,0,0,13.75,0
320,0,15.75,51,0,2.50515898559146,1
320,0,15.75,51,2.50515898559146,4.2112232172015,1
320,0,15.75,51,4.2112232172015,5.06827947203274,1
320,0,15.75,51,5.06827947203274,6.53033837212951,1
320,0,15.75,51,6.53033837212951,6.61981487132283,1
320,0,15.75,51,6.61981487132283,7.18492728670874,1
320,0,15.75,51,7.18492728670874,7.48475248934092,1
320,0,15.75,51,7.48475248934092,8.4284852122143,1
320,0,15.75,51,8.4284852122143,9.06136433737751,1
320,0,15.75,51,9.06136433737751,9.15047142289242,1
320,0,15.75,51,9.15047142289242,9.18429695868922,1
320,0,15.75,51,9.18429695868922,9.31033809000387,1
320,0,15.75,51,9.31033809000387,9.62109084633737,1
320,0,15.75,51,9.62109084633737,9.86361074292651,1
320,0,15.75,51,9.86361074292651,10.1449033898104,1
320,0,15.75,51,10.1449033898104,10.1495147859623,1
320,0,15.75,51,10.1495147859623,10.2869089894447,1
320,0,15.75,51,10.2869089894447,10.6662688264667,1
320,0,15.75,51,10.6662688264667,10.9362772889168,1
320,0,15.75,51,10.9362772889168,11.1696770648453,1
320,0,15.75,51,11.1696770648453,11.2306165009252,1
320,0,15.75,51,11.2306165009252,11.4000134552152,1
320,0,15.75,51,11.4000134552152,11.4168164500772,1
320,0,15.75,51,11.4168164500772,11.436926051006,1
320,0,15.75,51,11.436926051006,11.4755582190169,1
320,0,15.75,51,11.4755582190169,11.5154840700568,1
320,0,15.75,51,11.5154840700568,11.6878809508455,1
320,0,15.75,51,11.6878809508455,12.1602502435559,1
320,0,15.75,51,12.1602502435559,12.228050192584,1
320,0,15.75,51,12.228050192584,12.2316520529462,1
320,0,15.75,51,12.2316520529462,12.5728527754191,1
320,0,15.75,51,12.5728527754191,13.1212492352373,1
320,0,15.75,51,13.1212492352373,13.3265763253789,1
320,0,15.75,51,13.3265763253789,13.3542729788411,1
320,0,15.75,51,13.3542729788411,13.4096202067713,1
320,0,15.75,51,13.4096202067713,13.7042497479981,1
320,0,15.75,51,13.7042497479981,13.724803081308,1
320,0,15.75,51,13.724803081308,13.7745625417278,1
320,0,15.75,51,13.7745625417278,13.8412323265139,1
320,0,15.75,51,13.8412323265139,14.0316557295121,1
320,0,15.75,51,14.0316557295121,14.3177019396509,1
320,0,15.75,51,14.3177019396509,14.3248384606298,1
320,0,15.75,51,14.3248384606298,14.980444075082,1
320,0,15.75,51,14.980444075082,14.9941337040461,1
320,0,15.75,51,14.9941337040461,15.1024800948924,1
320,0,15.75,51,15.1024800948924,15.1213600146675,1
320,0,15.75,51,15.1213600146675,15.1484800468221,1
320,0,15.75,51,15.1484800468221,15.1996043598388,1
320,0,15.75,51,15.1996043598388,15.2420000870189,1
320,0,15.75,51,15.2420000870189,15.2794005745192,1
320,0,15.75,51,15.2794005745192,15.2798236322525,1
320,0,15.75,51,15.2798236322525,15.75,0
321,0,12.75,20,0,1.41237528387235,1
321,0,12.75,20,1.41237528387235,3.25089489455413,1
321,0,12.75,20,3.25089489455413,3.80724898518448,1
321,0,12.75,20,3.80724898518448,5.37731869638707,1
321,0,12.75,20,5.37731869638707,5.71741003239354,1
321,0,12.75,20,5.71741003239354,6.83435709060967,1
321,0,12.75,20,6.83435709060967,7.51540136233788,1
321,0,12.75,20,7.51540136233788,7.54308538450494,1
321,0,12.75,20,7.54308538450494,7.96727423396934,1
321,0,12.75,20,7.96727423396934,8.83116870181712,1
321,0,12.75,20,8.83116870181712,8.8881112788452,1
321,0,12.75,20,8.8881112788452,9.15895826065951,1
321,0,12.75,20,9.15895826065951,10.3969681672655,1
321,0,12.75,20,10.3969681672655,10.6169520846303,1
321,0,12.75,20,10.6169520846303,10.7514108636826,1
321,0,12.75,20,10.7514108636826,10.9939240911983,1
321,0,12.75,20,10.9939240911983,11.1507906237251,1
321,0,12.75,20,11.1507906237251,11.8968497566059,1
321,0,12.75,20,11.8968497566059,12.4506417564346,1
321,0,12.75,20,12.4506417564346,12.4522507698434,1
321,0,12.75,20,12.4522507698434,12.75,0
322,0,17.75,37,0,4.79072723471204,1
322,0,17.75,37,4.79072723471204,6.47556917068668,1
322,0,17.75,37,6.47556917068668,6.62369893340489,1
322,0,17.75,37,6.62369893340489,7.34710730736832,1
322,0,17.75,37,7.34710730736832,8.16631351725644,1
322,0,17.75,37,8.16631351725644,8.57683921159496,1
322,0,17.75,37,8.57683921159496,8.60435758860057,1
322,0,17.75,37,8.60435758860057,8.77532343140162,1
322,0,17.75,37,8.77532343140162,8.96762302697693,1
322,0,17.75,37,8.96762302697693,10.6194600590199,1
322,0,17.75,37,10.6194600590199,11.0712296062635,1
322,0,17.75,37,11.0712296062635,12.0380855257863,1
322,0,17.75,37,12.0380855257863,12.0846948279553,1
322,0,17.75,37,12.0846948279553,12.4501910224515,1
322,0,17.75,37,12.4501910224515,12.4762438213571,1
322,0,17.75,37,12.4762438213571,12.6014689104236,1
322,0,17.75,37,12.6014689104236,12.6947968436119,1
322,0,17.75,37,12.6947968436119,12.9059494041818,1
322,0,17.75,37,12.9059494041818,13.9163092215662,1
322,0,17.75,37,13.9163092215662,14.122825467823,1
322,0,17.75,37,14.122825467823,14.1813911677963,1
322,0,17.75,37,14.1813911677963,14.6274755135588,1
322,0,17.75,37,14.6274755135588,14.9897734838944,1
322,0,17.75,37,14.9897734838944,15.2447436252467,1
322,0,17.75,37,15.2447436252467,15.5623539680107,1
322,0,17.75,37,15.5623539680107,15.5988489472817,1
322,0,17.75,37,15.5988489472817,15.6548575036283,1
322,0,17.75,37,15.6548575036283,15.9927918231492,1
322,0,17.75,37,15.9927918231492,16.1337598629678,1
322,0,17.75,37,16.1337598629678,16.1393232133508,1
322,0,17.75,37,16.1393232133508,16.1714843716468,1
322,0,17.75,37,16.1714843716468,16.8346505666454,1
322,0,17.75,37,16.8346505666454,16.8690089945268,1
322,0,17.75,37,16.8690089945268,16.8690218769813,1
322,0,17.75,37,16.8690218769813,17.1043146208471,1
322,0,17.75,37,17.1043146208471,17.1839635500443,1
322,0,17.75,37,17.1839635500443,17.5334038775449,1
322,0,17.75,37,17.5334038775449,17.75,0
323,0,17.75,3,0,0.694688450753389,1
323,0,17.75,3,0.694688450753389,4.99929261434511,1
323,0,17.75,3,4.99929261434511,14.9244091555039,1
323,0,17.75,3,14.9244091555039,17.75,0
324,0,18.75,47,0,2.88754691274891,1
324,0,18.75,47,2.88754691274891,4.98583684803723,1
324,0,18.75,47,4.98583684803723,6.43361014044825,1
324,0,18.75,47,6.43361014044825,6.82158521182985,1
324,0,18.75,47,6.82158521182985,7.42061191576279,1
324,0,18.75,47,7.42061191576279,7.86322628814249,1
324,0,18.75,47,7.86322628814249,8.35498437993892,1
324,0,18.75,47,8.35498437993892,8.61159297474308,1
324,0,18.75,47,8.61159297474308,8.9109691536142,1
324,0,18.75,47,8.9109691536142,9.2138470220345,1
324,0,18.75,47,9.2138470220345,9.61279031094408,1
324,0,18.75,47,9.61279031094408,9.7671853156156,1
324,0,18.75,47,9.7671853156156,10.0643236519983,1
324,0,18.75,47,10.0643236519983,10.0787421351965,1
324,0,18.75,47,10.0787421351965,10.0918918858855,1
324,0,18.75,47,10.0918918858855,10.3721801614944,1
324,0,18.75,47,10.3721801614944,10.5769993087354,1
324,0,18.75,47,10.5769993087354,10.7818584338011,1
324,0,18.75,47,10.7818584338011,11.5164170439467,1
324,0,18.75,47,11.5164170439467,11.5774728298065,1
324,0,18.75,47,11.5774728298065,11.947533669367,1
324,0,18.75,47,11.947533669367,12.047056410124,1
324,0,18.75,47,12.047056410124,12.4587946783496,1
324,0,18.75,47,12.4587946783496,12.5522207898938,1
324,0,18.75,47,12.5522207898938,12.7007743914041,1
324,0,18.75,47,12.7007743914041,12.7038547015359,1
324,0,18.75,47,12.7038547015359,13.1342556290598,1
324,0,18.75,47,13.1342556290598,13.2093575423756,1
324,0,18.75,47,13.2093575423756,13.9100375480288,1
324,0,18.75,47,13.9100375480288,13.9451269299696,1
324,0,18.75,47,13.9451269299696,14.2732641701339,1
324,0,18.75,47,14.2732641701339,14.7475882401897,1
324,0,18.75,47,14.7475882401897,14.7830003137097,1
324,0,18.75,47,14.7830003137097,15.0450090871561,1
324,0,18.75,47,15.0450090871561,15.3088886335857,1
324,0,18.75,47,15.3088886335857,15.5927110225573,1
324,0,18.75,47,15.5927110225573,15.6545354985239,1
324,0,18.75,47,15.6545354985239,15.7589853066596,1
324,0,18.75,47,15.7589853066596,15.803593457064,1
324,0,18.75,47,15.803593457064,16.3198464709059,1
324,0,18.75,47,16.3198464709059,16.4347665395262,1
324,0,18.75,47,16.4347665395262,17.5181132598736,1
324,0,18.75,47,17.5181132598736,17.5888616258475,1
324,0,18.75,47,17.5888616258475,17.658099653587,1
324,0,18.75,47,17.658099653587,18.1764441236282,1
324,0,18.75,47,18.1764441236282,18.2551174180948,1
324,0,18.75,47,18.2551174180948,18.4165417002506,1
324,0,18.75,47,18.4165417002506,18.75,0
325,0,16.75,2,0,10.4164168361824,1
325,0,16.75,2,10.4164168361824,10.4499740269174,1
325,0,16.75,2,10.4499740269174,16.75,0
326,0,14.75,0,0,14.75,0
327,0,8.75,8,0,2.71715083578687,1
327,0,8.75,8,2.71715083578687,4.36719374069043,1
327,0,8.75,8,4.36719374069043,4.75943713180532,1
327,0,8.75,8,4.75943713180532,5.57373065027853,1
327,0,8.75,8,5.57373065027853,5.66270643884449,1
327,0,8.75,8,5.66270643884449,6.60762681279147,1
327,0,8.75,8,6.60762681279147,6.85448780875341,1
327,0,8.75,8,6.85448780875341,8.28528041696421,1
327,0,8.75,8,8.28528041696421,8.75,0
328,0,11.75,0,0,11.75,0
329,0,14.75,2,0,0.214497196483611,1
329,0,14.75,2,0.214497196483611,0.290842403623889,1
329,0,14.75,2,0.290842403623889,14.75,0
330,0,14.75,25,0,2.23898865519572,1
330,0,14.75,25,2.23898865519572,3.0449827219784,1
330,0,14.75,25,3.0449827219784,6.76182250042219,1
330,0,14.75,25,6.76182250042219,7.84868054680574,1
330,0,14.75,25,7.84868054680574,8.76588600712993,1
330,0,14.75,25,8.76588600712993,9.39506786860502,1
330,0,14.75,25,9.39506786860502,9.64843852687275,1
330,0,14.75,25,9.64843852687275,9.6991584296866,1
330,0,14.75,25,9.6991584296866,10.4867340999704,1
330,0,14.75,25,10.4867340999704,10.863826951079,1
330,0,14.75,25,10.863826951079,10.9138882073009,1
330,0,14.75,25,10.9138882073009,12.5114587945697,1
330,0,14.75,25,12.5114587945697,12.848854396821,1
330,0,14.75,25,12.848854396821,13.2927311891459,1
330,0,14.75,25,13.2927311891459,13.5847178581518,1
330,0,14.75,25,13.5847178581518,13.5873843212623,1
330,0,14.75,25,13.5873843212623,13.7093885955092,1
330,0,14.75,25,13.7093885955092,13.7829201959692,1
330,0,14.75,25,13.7829201959692,13.9690760527459,1
330,0,14.75,25,13.9690760527459,14.2511292373112,1
330,0,14.75,25,14.2511292373112,14.2737495088965,1
330,0,14.75,25,14.2737495088965,14.3787328555682,1
330,0,14.75,25,14.3787328555682,14.490785519906,1
330,0,14.75,25,14.490785519906,14.6520609421286,1
330,0,14.75,25,14.6520609421286,14.7429200900117,1
330,0,14.75,25,14.7429200900117,14.75,0
331,0,16.75,1,0,7.36500781205046,1
331,0,16.75,1,7.36500781205046,16.75,0
332,0,8.75,8,0,1.09899320778424,1
332,0,8.75,8,1.09899320778424,3.8472310675858,1
332,0,8.75,8,3.8472310675858,4.19874945072726,1
332,0,8.75,8,4.19874945072726,6.84511881038501,1
332,0,8.75,8,6.84511881038501,7.22819383307006,1
332,0,8.75,8,7.22819383307006,7.52999667132614,1
332,0,8.75,8,7.52999667132614,7.88765290322725,1
332,0,8.75,8,7.88765290322725,8.19346383199617,1
332,0,8.75,8,8.19346383199617,8.75,0
333,0,9.75,2,0,0.244783361935399,1
333,0,9.75,2,0.244783361935399,2.35849833677676,1
333,0,9.75,2,2.35849833677676,9.75,0
334,0,11.75,24,0,4.61487285538192,1
334,0,11.75,24,4.61487285538192,5.71553151771028,1
334,0,11.75,24,5.71553151771028,6.12698498165271,1
334,0,11.75,24,6.12698498165271,6.46545008861557,1
334,0,11.75,24,6.46545008861557,7.61737408154647,1
334,0,11.75,24,7.61737408154647,7.62989223802086,1
334,0,11.75,24,7.62989223802086,8.26155418972508,1
334,0,11.75,24,8.26155418972508,8.2649563471285,1
334,0,11.75,24,8.2649563471285,9.09627023703061,1
334,0,11.75,24,9.09627023703061,9.21318091719723,1
334,0,11.75,24,9.21318091719723,9.3072855856467,1
334,0,11.75,24,9.3072855856467,9.65726556613353,1
334,0,11.75,24,9.65726556613353,9.75435468245784,1
334,0,11.75,24,9.75435468245784,9.98399661956731,1
334,0,11.75,24,9.98399661956731,10.1450136567176,1
334,0,11.75,24,10.1450136567176,10.174875397484,1
334,0,11.75,24,10.174875397484,10.1969345546342,1
334,0,11.75,24,10.1969345546342,10.5861710338511,1
334,0,11.75,24,10.5861710338511,10.8922651310453,1
334,0,11.75,24,10.8922651310453,11.081380236794,1
334,0,11.75,24,11.081380236794,11.2636612188698,1
334,0,11.75,24,11.2636612188698,11.3561641048875,1
334,0,11.75,24,11.3561641048875,11.5101694609324,1
334,0,11.75,24,11.5101694609324,11.6104548569515,1
334,0,11.75,24,11.6104548569515,11.75,0
335,0,12.75,1,0,5.49162657688639,1
335,0,12.75,1,5.49162657688639,12.75,0
336,0,9.75,2,0,0.438261845862542,1
336,0,9.75,2,0.438261845862542,9.63024762118011,1
336,0,9.75,2,9.63024762118011,9.75,0
337,0,15.75,0,0,15.75,0
338,0,19.75,1,0,11.987653592432,1
338,0,19.75,1,11.987653592432,19.75,0
339,0,17.75,0,0,17.75,0
340,0,13.75,31,0,3.66954047139838,1
340,0,13.75,31,3.66954047139838,4.81008189483205,1
340,0,13.75,31,4.81008189483205,5.1884008670996,1
340,0,13.75,31,5.1884008670996,5.75337262601763,1
340,0,13.75,31,5.75337262601763,5.77806730114881,1
340,0,13.75,31,5.77806730114881,6.71282775963939,1
340,0,13.75,31,6.71282775963939,6.97536360248616,1
340,0,13.75,31,6.97536360248616,7.52058566228066,1
340,0,13.75,31,7.52058566228066,7.76590924355014,1
340,0,13.75,31,7.76590924355014,8.83402466178529,1
340,0,13.75,31,8.83402466178529,9.05369106444874,1
340,0,13.75,31,9.05369106444874,9.10584793624893,1
340,0,13.75,31,9.10584793624893,9.16218980163953,1
340,0,13.75,31,9.16218980163953,9.67504729646931,1
340,0,13.75,31,9.67504729646931,9.74809386391681,1
340,0,13.75,31,9.74809386391681,9.9523743907719,1
340,0,13.75,31,9.9523743907719,10.2314179618943,1
340,0,13.75,31,10.2314179618943,10.3363391565583,1
340,0,13.75,31,10.3363391565583,10.3798867473479,1
340,0,13.75,31,10.3798867473479,10.8938275958971,1
340,0,13.75,31,10.8938275958971,11.1407554653585,1
340,0,13.75,31,11.1407554653585,11.513670042803,1
340,0,13.75,31,11.513670042803,11.6195183085035,1
340,0,13.75,31,11.6195183085035,11.8968105496825,1
340,0,13.75,31,11.8968105496825,12.0081448577344,1
340,0,13.75,31,12.0081448577344,12.9499482735455,1
340,0,13.75,31,12.9499482735455,13.0554416331905,1
340,0,13.75,31,13.0554416331905,13.1773445682517,1
340,0,13.75,31,13.1773445682517,13.3013627972814,1
340,0,13.75,31,13.3013627972814,13.3929133800489,1
340,0,13.75,31,13.3929133800489,13.5125470545461,1
340,0,13.75,31,13.5125470545461,13.75,0
341,0,13.75,0,0,13.75,0
342,0,14.75,1,0,4.03164111117388,1
342,0,14.75,1,4.03164111117388,14.75,0
343,0,9.75,6,0,0.786667449895081,1
343,0,9.75,6,0.786667449895081,2.32444007252312,1
343,0,9.75,6,2.32444007252312,5.51601808794481,1
343,0,9.75,6,5.51601808794481,7.51641969680183,1
343,0,9.75,6,7.51641969680183,8.85524540807442,1
343,0,9.75,6,8.85524540807442,9.55451215123521,1
343,0,9.75,6,9.55451215123521,9.75,0
344,0,18.75,50,0,3.82209758877176,1
344,0,18.75,50,3.82209758877176,4.54882034763447,1
344,0,18.75,50,4.54882034763447,7.4767651286578,1
344,0,18.75,50,7.4767651286578,7.59045454294502,1
344,0,18.75,50,7.59045454294502,7.83475531445406,1
344,0,18.75,50,7.83475531445406,8.98020697193834,1
344,0,18.75,50,8.98020697193834,9.49971918961764,1
344,0,18.75,50,9.49971918961764,10.0625370856072,1
344,0,18.75,50,10.0625370856072,10.1303568144156,1
344,0,18.75,50,10.1303568144156,10.5454094712203,1
344,0,18.75,50,10.5454094712203,11.0484191689878,1
344,0,18.75,50,11.0484191689878,11.1524731889695,1
344,0,18.75,50,11.1524731889695,11.2508779355495,1
344,0,18.75,50,11.2508779355495,11.3584178547178,1
344,0,18.75,50,11.3584178547178,11.3679020287192,1
344,0,18.75,50,11.3679020287192,11.4710536806827,1
344,0,18.75,50,11.4710536806827,11.5800965491893,1
344,0,18.75,50,11.5800965491893,11.6076201816902,1
344,0,18.75,50,11.6076201816902,11.6983021664583,1
344,0,18.75,50,11.6983021664583,11.7598468922373,1
344,0,18.75,50,11.7598468922373,11.9065763332604,1
344,0,18.75,50,11.9065763332604,11.9292336591384,1
344,0,18.75,50,11.9292336591384,13.0083051502098,1
344,0,18.75,50,13.0083051502098,13.4812440578233,1
344,0,18.75,50,13.4812440578233,13.5156021102719,1
344,0,18.75,50,13.5156021102719,14.3262949407055,1
344,0,18.75,50,14.3262949407055,14.693498658051,1
344,0,18.75,50,14.693498658051,14.8140019568623,1
344,0,18.75,50,14.8140019568623,14.8510057538581,1
344,0,18.75,50,14.8510057538581,15.4974713712812,1
344,0,18.75,50,15.4974713712812,15.5592934989752,1
344,0,18.75,50,15.5592934989752,15.7064185156502,1
344,0,18.75,50,15.7064185156502,15.9556614727002,1
344,0,18.75,50,15.9556614727002,16.2174727271683,1
344,0,18.75,50,16.2174727271683,16.2258628842327,1
344,0,18.75,50,16.2258628842327,16.4135452850925,1
344,0,18.75,50,16.4135452850925,16.4811924953761,1
344,0,18.75,50,16.4811924953761,16.5691610253334,1
344,0,18.75,50,16.5691610253334,16.7469149447211,1
344,0,18.75,50,16.7469149447211,16.921931315416,1
344,0,18.75,50,16.921931315416,17.0082363413137,1
344,0,18.75,50,17.0082363413137,17.0226377030685,1
344,0,18.75,50,17.0226377030685,17.0851758275128,1
344,0,18.75,50,17.0851758275128,17.3471872116091,1
344,0,18.75,50,17.3471872116091,17.4425046153346,1
344,0,18.75,50,17.4425046153346,17.6115942035385,1
344,0,18.75,50,17.6115942035385,17.6396140831773,1
344,0,18.75,50,17.6396140831773,18.1053796501927,1
344,0,18.75,50,18.1053796501927,18.2158263943005,1
344,0,18.75,50,18.2158263943005,18.5446558033527,1
344,0,18.75,50,18.5446558033527,18.75,0
345,0,15.75,20,0,4.23688366432243,1
345,0,15.75,20,4.23688366432243,4.62439342461859,1
345,0,15.75,20,4.62439342461859,7.00216280943893,1
345,0,15.75,20,7.00216280943893,7.04999707983745,1
345,0,15.75,20,7.04999707983745,9.45920847585425,1
345,0,15.75,20,9.45920847585425,9.57052890311295,1
345,0,15.75,20,9.57052890311295,9.76358965183765,1
345,0,15.75,20,9.76358965183765,11.3765087946437,1
345,0,15.75,20,11.3765087946437,11.4903654976278,1
345,0,15.75,20,11.4903654976278,11.818448910572,1
345,0,15.75,20,11.818448910572,12.7115175716763,1
345,0,15.75,20,12.7115175716763,12.7190795056524,1
345,0,15.75,20,12.7190795056524,13.5394439196241,1
345,0,15.75,20,13.5394439196241,13.5834714260243,1
345,0,15.75,20,13.5834714260243,14.0725056646797,1
345,0,15.75,20,14.0725056646797,14.139332818664,1
345,0,15.75,20,14.139332818664,14.1907620357507,1
345,0,15.75,20,14.1907620357507,14.2200469471128,1
345,0,15.75,20,14.2200469471128,14.2215968237785,1
345,0,15.75,20,14.2215968237785,14.9624741207204,1
345,0,15.75,20,14.9624741207204,15.75,0
346,0,18.75,59,0,4.31252607016249,1
346,0,18.75,59,4.31252607016249,4.8417963053666,1
346,0,18.75,59,4.8417963053666,5.40141657189719,1
346,0,18.75,59,5.40141657189719,7.19285611583655,1
346,0,18.75,59,7.19285611583655,7.63710369508369,1
346,0,18.75,59,7.63710369508369,7.72782751986939,1
346,0,18.75,59,7.72782751986939,8.23528144575011,1
346,0,18.75,59,8.23528144575011,8.35190041715077,1
346,0,18.75,59,8.35190041715077,9.15742091224302,1
346,0,18.75,59,9.15742091224302,9.16296224543209,1
346,0,18.75,59,9.16296224543209,9.38036708696854,1
346,0,18.75,59,9.38036708696854,10.0311220033076,1
346,0,18.75,59,10.0311220033076,10.1063274795559,1
346,0,18.75,59,10.1063274795559,10.1295163622691,1
346,0,18.75,59,10.1295163622691,10.1354809945657,1
346,0,18.75,59,10.1354809945657,10.7731507171157,1
346,0,18.75,59,10.7731507171157,10.8129649928813,1
346,0,18.75,59,10.8129649928813,10.9585046167681,1
346,0,18.75,59,10.9585046167681,11.0350496691839,1
346,0,18.75,59,11.0350496691839,11.1859897264804,1
346,0,18.75,59,11.1859897264804,11.499638042862,1
346,0,18.75,59,11.499638042862,11.7381586964337,1
346,0,18.75,59,11.7381586964337,11.8605910047304,1
346,0,18.75,59,11.8605910047304,12.4353322345048,1
346,0,18.75,59,12.4353322345048,12.5471575266728,1
346,0,18.75,59,12.5471575266728,13.0344375466175,1
346,0,18.75,59,13.0344375466175,13.2387608369275,1
346,0,18.75,59,13.2387608369275,13.3056973275789,1
346,0,18.75,59,13.3056973275789,13.3899302264704,1
346,0,18.75,59,13.3899302264704,13.5423435317119,1
346,0,18.75,59,13.5423435317119,13.9445125669524,1
346,0,18.75,59,13.9445125669524,14.0826831347932,1
346,0,18.75,59,14.0826831347932,14.1266544671533,1
346,0,18.75,59,14.1266544671533,14.1712048228807,1
346,0,18.75,59,14.1712048228807,14.3864059316141,1
346,0,18.75,59,14.3864059316141,14.4901201639367,1
346,0,18.75,59,14.4901201639367,14.8631268829686,1
346,0,18.75,59,14.8631268829686,15.0277269628436,1
346,0,18.75,59,15.0277269628436,15.2721576583153,1
346,0,18.75,59,15.2721576583153,15.5541760897121,1
346,0,18.75,59,15.5541760897121,15.5839800587321,1
346,0,18.75,59,15.5839800587321,15.7452968832563,1
346,0,18.75,59,15.7452968832563,15.8223505775821,1
346,0,18.75,59,15.8223505775821,15.8491925570753,1
346,0,18.75,59,15.8491925570753,16.6710968084569,1
346,0,18.75,59,16.6710968084569,16.8669209854166,1
346,0,18.75,59,16.8669209854166,16.9970204108541,1
346,0,18.75,59,16.9970204108541,17.2865187938607,1
346,0,18.75,59,17.2865187938607,17.4277754111615,1
346,0,18.75,59,17.4277754111615,17.461636424959,1
346,0,18.75,59,17.461636424959,17.6284523135324,1
346,0,18.75,59,17.6284523135324,17.7339947856824,1
346,0,18.75,59,17.7339947856824,17.9394637567982,1
346,0,18.75,59,17.9394637567982,18.2286165442631,1
346,0,18.75,59,18.2286165442631,18.3201841190803,1
346,0,18.75,59,18.3201841190803,18.3354833461362,1
346,0,18.75,59,18.3354833461362,18.4371890004694,1
346,0,18.75,59,18.4371890004694,18.5695696046045,1
346,0,18.75,59,18.5695696046045,18.6027628511602,1
346,0,18.75,59,18.6027628511602,18.75,0
347,0,18.75,1,0,3.100983746017,1
347,0,18.75,1,3.100983746017,18.75,0
348,0,16.75,47,0,3.35809764239532,1
348,0,16.75,47,3.35809764239532,4.54934857788249,1
348,0,16.75,47,4.54934857788249,4.5610309575761,1
348,0,16.75,47,4.5610309575761,5.67788666857946,1
348,0,16.75,47,5.67788666857946,5.99904860352434,1
348,0,16.75,47,5.99904860352434,7.547503275059,1
348,0,16.75,47,7.547503275059,7.77821889539215,1
348,0,16.75,47,7.77821889539215,7.90342334097571,1
348,0,16.75,47,7.90342334097571,8.14451242902196,1
348,0,16.75,47,8.14451242902196,8.56790472202564,1
348,0,16.75,47,8.56790472202564,8.94560342008297,1
348,0,16.75,47,8.94560342008297,9.04256509811886,1
348,0,16.75,47,9.04256509811886,9.80839718984494,1
348,0,16.75,47,9.80839718984494,10.3094981164622,1
348,0,16.75,47,10.3094981164622,10.3316563562918,1
348,0,16.75,47,10.3316563562918,10.496672161039,1
348,0,16.75,47,10.496672161039,10.6354000922354,1
348,0,16.75,47,10.6354000922354,10.7049508719632,1
348,0,16.75,47,10.7049508719632,11.3064541674637,1
348,0,16.75,47,11.3064541674637,11.4657665033122,1
348,0,16.75,47,11.4657665033122,11.8883341826045,1
348,0,16.75,47,11.8883341826045,12.321335173111,1
348,0,16.75,47,12.321335173111,12.566910205852,1
348,0,16.75,47,12.566910205852,12.786392477201,1
348,0,16.75,47,12.786392477201,12.8931276070044,1
348,0,16.75,47,12.8931276070044,13.0409413940226,1
348,0,16.75,47,13.0409413940226,13.6304386704741,1
348,0,16.75,47,13.6304386704741,14.0227950404828,1
348,0,16.75,47,14.0227950404828,14.0259738901278,1
348,0,16.75,47,14.0259738901278,14.1466810442596,1
348,0,16.75,47,14.1466810442596,14.6874756795776,1
348,0,16.75,47,14.6874756795776,14.8795347268233,1
348,0,16.75,47,14.8795347268233,15.2548994060548,1
348,0,16.75,47,15.2548994060548,15.2971912786796,1
348,0,16.75,47,15.2971912786796,15.2996899384911,1
348,0,16.75,47,15.2996899384911,15.34867233606,1
348,0,16.75,47,15.34867233606,15.3988046069711,1
348,0,16.75,47,15.3988046069711,15.585335085084,1
348,0,16.75,47,15.585335085084,15.8404694146098,1
348,0,16.75,47,15.8404694146098,15.9321402822575,1
348,0,16.75,47,15.9321402822575,16.0019902562264,1
348,0,16.75,47,16.0019902562264,16.071192558519,1
348,0,16.75,47,16.071192558519,16.2154246394223,1
348,0,16.75,47,16.2154246394223,16.243038530673,1
348,0,16.75,47,16.243038530673,16.4275542189694,1
348,0,16.75,47,16.4275542189694,16.4768620617807,1
348,0,16.75,47,16.4768620617807,16.5241653089297,1
348,0,16.75,47,16.5241653089297,16.75,0
349,0,11.75,1,0,0.000675270430999892,1
349,0,11.75,1,0.000675270430999892,11.75,0
350,0,19.75,39,0,4.48775574501507,1
350,0,19.75,39,4.48775574501507,6.06663986854659,1
350,0,19.75,39,6.06663986854659,7.83605216726768,1
350,0,19.75,39,7.83605216726768,8.01095202131454,1
350,0,19.75,39,8.01095202131454,8.50311000950341,1
350,0,19.75,39,8.50311000950341,9.37937479251019,1
350,0,19.75,39,9.37937479251019,9.73240581619124,1
350,0,19.75,39,9.73240581619124,9.8095493969114,1
350,0,19.75,39,9.8095493969114,9.98360457129094,1
350,0,19.75,39,9.98360457129094,10.1162359306483,1
350,0,19.75,39,10.1162359306483,10.8451563603492,1
350,0,19.75,39,10.8451563603492,11.1173532829869,1
350,0,19.75,39,11.1173532829869,11.127505491195,1
350,0,19.75,39,11.127505491195,11.3927847456355,1
350,0,19.75,39,11.3927847456355,12.0951489983106,1
350,0,19.75,39,12.0951489983106,12.5303788797913,1
350,0,19.75,39,12.5303788797913,12.6514542973934,1
350,0,19.75,39,12.6514542973934,12.8668354776207,1
350,0,19.75,39,12.8668354776207,12.8868965629102,1
350,0,19.75,39,12.8868965629102,13.1672377326025,1
350,0,19.75,39,13.1672377326025,13.5781402281023,1
350,0,19.75,39,13.5781402281023,14.0388778673477,1
350,0,19.75,39,14.0388778673477,14.3845780292616,1
350,0,19.75,39,14.3845780292616,15.3991839610719,1
350,0,19.75,39,15.3991839610719,15.7702150968884,1
350,0,19.75,39,15.7702150968884,16.2295450814978,1
350,0,19.75,39,16.2295450814978,16.6458334363743,1
350,0,19.75,39,16.6458334363743,16.7345001018154,1
350,0,19.75,39,16.7345001018154,16.7867915656657,1
350,0,19.75,39,16.7867915656657,16.9769655201096,1
350,0,19.75,39,16.9769655201096,17.2129537834159,1
350,0,19.75,39,17.2129537834159,17.6857481371105,1
350,0,19.75,39,17.6857481371105,17.6918281496994,1
350,0,19.75,39,17.6918281496994,17.7778770043638,1
350,0,19.75,39,17.7778770043638,18.1847111464193,1
350,0,19.75,39,18.1847111464193,18.5299988731027,1
350,0,19.75,39,18.5299988731027,19.0013060523425,1
350,0,19.75,39,19.0013060523425,19.1043263585555,1
350,0,19.75,39,19.1043263585555,19.4754349619938,1
350,0,19.75,39,19.4754349619938,19.75,0
351,0,18.75,0,0,18.75,0
352,0,18.75,1,0,8.08235231206289,1
352,0,18.75,1,8.08235231206289,18.75,0
353,0,8.75,7,0,2.83735109936438,1
353,0,8.75,7,2.83735109936438,3.79013476532946,1
353,0,8.75,7,3.79013476532946,5.43449207094567,1
353,0,8.75,7,5.43449207094567,5.85377123357725,1
353,0,8.75,7,5.85377123357725,5.96816882230844,1
353,0,8.75,7,5.96816882230844,7.08667262721938,1
353,0,8.75,7,7.08667262721938,8.60784075274021,1
353,0,8.75,7,8.60784075274021,8.75,0
354,0,16.75,62,0,2.12207021335811,1
354,0,16.75,62,2.12207021335811,4.1238474731343,1
354,0,16.75,62,4.1238474731343,4.80173098486044,1
354,0,16.75,62,4.80173098486044,4.96037267458298,1
354,0,16.75,62,4.96037267458298,5.93718409134245,1
354,0,16.75,62,5.93718409134245,6.4406854305378,1
354,0,16.75,62,6.4406854305378,6.57032204130433,1
354,0,16.75,62,6.57032204130433,6.91065198623724,1
354,0,16.75,62,6.91065198623724,6.95758055443502,1
354,0,16.75,62,6.95758055443502,7.84109040378995,1
354,0,16.75,62,7.84109040378995,8.16836404142918,1
354,0,16.75,62,8.16836404142918,8.78206998133649,1
354,0,16.75,62,8.78206998133649,9.1870633207096,1
354,0,16.75,62,9.1870633207096,9.2780549414879,1
354,0,16.75,62,9.2780549414879,9.38959062778376,1
354,0,16.75,62,9.38959062778376,9.91551315196959,1
354,0,16.75,62,9.91551315196959,9.99077007931459,1
354,0,16.75,62,9.99077007931459,10.0679671552056,1
354,0,16.75,62,10.0679671552056,10.446506205849,1
354,0,16.75,62,10.446506205849,10.5642727396279,1
354,0,16.75,62,10.5642727396279,10.786769045645,1
354,0,16.75,62,10.786769045645,11.3620188530795,1
354,0,16.75,62,11.3620188530795,11.8337986100315,1
354,0,16.75,62,11.8337986100315,12.3590066602148,1
354,0,16.75,62,12.3590066602148,12.398434069368,1
354,0,16.75,62,12.398434069368,12.5785820621867,1
354,0,16.75,62,12.5785820621867,12.6670714192272,1
354,0,16.75,62,12.6670714192272,12.9711967409654,1
354,0,16.75,62,12.9711967409654,13.0378275678776,1
354,0,16.75,62,13.0378275678776,13.2688047481383,1
354,0,16.75,62,13.2688047481383,13.4952773841781,1
354,0,16.75,62,13.4952773841781,13.6765829313142,1
354,0,16.75,62,13.6765829313142,13.9034196854566,1
354,0,16.75,62,13.9034196854566,13.9189828037077,1
354,0,16.75,62,13.9189828037077,14.0592182907468,1
354,0,16.75,62,14.0592182907468,14.1331991268389,1
354,0,16.75,62,14.1331991268389,14.1635487190923,1
354,0,16.75,62,14.1635487190923,14.2815553238352,1
354,0,16.75,62,14.2815553238352,14.2951432008318,1
354,0,16.75,62,14.2951432008318,14.4511002009646,1
354,0,16.75,62,14.4511002009646,14.6508662847977,1
354,0,16.75,62,14.6508662847977,14.8274177738129,1
354,0,16.75,62,14.8274177738129,14.9601962007035,1
354,0,16.75,62,14.9601962007035,15.0642960421534,1
354,0,16.75,62,15.0642960421534,15.0978096878569,1
354,0,16.75,62,15.0978096878569,15.2093217179724,1
354,0,16.75,62,15.2093217179724,15.2466077093668,1
354,0,16.75,62,15.2466077093668,15.2812806073305,1
354,0,16.75,62,15.2812806073305,15.2837497909417,1
354,0,16.75,62,15.2837497909417,15.285195342549,1
354,0,16.75,62,15.285195342549,15.2904761450316,1
354,0,16.75,62,15.2904761450316,15.6572297003347,1
354,0,16.75,62,15.6572297003347,15.8615497711397,1
354,0,16.75,62,15.8615497711397,16.1155940110819,1
354,0,16.75,62,16.1155940110819,16.1790950284766,1
354,0,16.75,62,16.1790950284766,16.2094502596156,1
354,0,16.75,62,16.2094502596156,16.4018745604352,1
354,0,16.75,62,16.4018745604352,16.5087230062326,1
354,0,16.75,62,16.5087230062326,16.5560280446706,1
354,0,16.75,62,16.5560280446706,16.5913968050907,1
354,0,16.75,62,16.5913968050907,16.6360153736742,1
354,0,16.75,62,16.6360153736742,16.7424345274197,1
354,0,16.75,62,16.7424345274197,16.75,0
355,0,11.75,2,0,0.00273548697797676,1
355,0,11.75,2,0.00273548697797676,2.02472065045593,1
355,0,11.75,2,2.02472065045593,11.75,0
356,0,16.75,36,0,3.54055771653513,1
356,0,16.75,36,3.54055771653513,4.97352196564827,1
356,0,16.75,36,4.97352196564827,5.51327085206678,1
356,0,16.75,36,5.51327085206678,5.79862048186246,1
356,0,16.75,36,5.79862048186246,6.6028720474682,1
356,0,16.75,36,6.6028720474682,7.08567962060529,1
356,0,16.75,36,7.08567962060529,7.10919990404898,1
356,0,16.75,36,7.10919990404898,7.40555923023393,1
356,0,16.75,36,7.40555923023393,7.78693217551069,1
356,0,16.75,36,7.78693217551069,7.98905936884007,1
356,0,16.75,36,7.98905936884007,9.18109316558866,1
356,0,16.75,36,9.18109316558866,9.68939004943649,1
356,0,16.75,36,9.68939004943649,10.2394333650954,1
356,0,16.75,36,10.2394333650954,10.8278794389435,1
356,0,16.75,36,10.8278794389435,10.8448534700528,1
356,0,16.75,36,10.8448534700528,11.2217018299076,1
356,0,16.75,36,11.2217018299076,11.4443834999809,1
356,0,16.75,36,11.4443834999809,11.4905289451487,1
356,0,16.75,36,11.4905289451487,12.1003193471093,1
356,0,16.75,36,12.1003193471093,12.5670728954179,1
356,0,16.75,36,12.5670728954179,12.8179865872658,1
356,0,16.75,36,12.8179865872658,12.9619164782081,1
356,0,16.75,36,12.9619164782081,13.5597834792566,1
356,0,16.75,36,13.5597834792566,14.3304153157446,1
356,0,16.75,36,14.3304153157446,15.0977194714266,1
356,0,16.75,36,15.0977194714266,15.1011241335459,1
356,0,16.75,36,15.1011241335459,15.2501077470306,1
356,0,16.75,36,15.2501077470306,15.2508198689272,1
356,0,16.75,36,15.2508198689272,15.3566112353043,1
356,0,16.75,36,15.3566112353043,15.5722489530396,1
356,0,16.75,36,15.5722489530396,15.7789325965697,1
356,0,16.75,36,15.7789325965697,16.1013404558421,1
356,0,16.75,36,16.1013404558421,16.1217223670702,1
356,0,16.75,36,16.1217223670702,16.2238748730486,1
356,0,16.75,36,16.2238748730486,16.6119043952349,1
356,0,16.75,36,16.6119043952349,16.6790961292996,1
356,0,16.75,36,16.6790961292996,16.75,0
357,0,14.75,4,0,2.82857206558694,1
357,0,14.75,4,2.82857206558694,4.27849737729385,1
357,0,14.75,4,4.27849737729385,11.6061721078579,1
357,0,14.75,4,11.6061721078579,12.7253373884533,1
357,0,14.75,4,12.7253373884533,14.75,0
358,0,16.75,1,0,11.2660173233517,1
358,0,16.75,1,11.2660173233517,16.75,0
359,0,14.75,0,0,14.75,0
360,0,13.75,26,0,4.84587956080083,1
360,0,13.75,26,4.84587956080083,5.6350158369651,1
360,0,13.75,26,5.6350158369651,7.17117962704029,1
360,0,13.75,26,7.17117962704029,7.66748426393942,1
360,0,13.75,26,7.66748426393942,8.53359933582817,1
360,0,13.75,26,8.53359933582817,8.8272568047143,1
360,0,13.75,26,8.8272568047143,8.84437303066012,1
360,0,13.75,26,8.84437303066012,9.0412790692208,1
360,0,13.75,26,9.0412790692208,9.16291964106279,1
360,0,13.75,26,9.16291964106279,9.27939894375758,1
360,0,13.75,26,9.27939894375758,9.32317265323945,1
360,0,13.75,26,9.32317265323945,9.63066893362946,1
360,0,13.75,26,9.63066893362946,10.1410569595597,1
360,0,13.75,26,10.1410569595597,10.457270386407,1
360,0,13.75,26,10.457270386407,10.5642512636304,1
360,0,13.75,26,10.5642512636304,10.7874579910901,1
360,0,13.75,26,10.7874579910901,11.0050982461717,1
360,0,13.75,26,11.0050982461717,11.0756833318051,1
360,0,13.75,26,11.0756833318051,11.3287455256211,1
360,0,13.75,26,11.3287455256211,11.429051008666,1
360,0,13.75,26,11.429051008666,11.8599942777727,1
360,0,13.75,26,11.8599942777727,11.9185588749854,1
360,0,13.75,26,11.9185588749854,12.2616443357688,1
360,0,13.75,26,12.2616443357688,13.338603634694,1
360,0,13.75,26,13.338603634694,13.3393020217428,1
360,0,13.75,26,13.3393020217428,13.4307843774033,1
360,0,13.75,26,13.4307843774033,13.75,0
361,0,12.75,3,0,3.13762408081063,1
361,0,12.75,3,3.13762408081063,4.9285253947915,1
361,0,12.75,3,4.9285253947915,5.71657068784042,1
361,0,12.75,3,5.71657068784042,12.75,0
362,0,19.75,1,0,17.2532867877422,1
362,0,19.75,1,17.2532867877422,19.75,0
363,0,18.75,33,0,2.59245940175477,1
363,0,18.75,33,2.59245940175477,3.79039904315786,1
363,0,18.75,33,3.79039904315786,4.01914501597313,1
363,0,18.75,33,4.01914501597313,8.72388976635626,1
363,0,18.75,33,8.72388976635626,9.92187259513549,1
363,0,18.75,33,9.92187259513549,10.2345352055301,1
363,0,18.75,33,10.2345352055301,10.3720212899001,1
363,0,18.75,33,10.3720212899001,12.1315138000214,1
363,0,18.75,33,12.1315138000214,12.1809667017696,1
363,0,18.75,33,12.1809667017696,12.5509958653353,1
363,0,18.75,33,12.5509958653353,13.6196915702606,1
363,0,18.75,33,13.6196915702606,13.7102692121902,1
363,0,18.75,33,13.7102692121902,13.9548566080507,1
363,0,18.75,33,13.9548566080507,14.0460318973184,1
363,0,18.75,33,14.0460318973184,14.2193416899097,1
363,0,18.75,33,14.2193416899097,14.7445351269669,1
363,0,18.75,33,14.7445351269669,15.2023050918423,1
363,0,18.75,33,15.2023050918423,15.2577199154023,1
363,0,18.75,33,15.2577199154023,15.5189391865088,1
363,0,18.75,33,15.5189391865088,15.6166765594116,1
363,0,18.75,33,15.6166765594116,15.6496234410712,1
363,0,18.75,33,15.6496234410712,16.0403621591636,1
363,0,18.75,33,16.0403621591636,16.5904490612106,1
363,0,18.75,33,16.5904490612106,16.7589890315787,1
363,0,18.75,33,16.7589890315787,16.8621081369196,1
363,0,18.75,33,16.8621081369196,16.9096823259062,1
363,0,18.75,33,16.9096823259062,17.3002881319125,1
363,0,18.75,33,17.3002881319125,17.5204406545298,1
363,0,18.75,33,17.5204406545298,17.906581337129,1
363,0,18.75,33,17.906581337129,18.0114810348324,1
363,0,18.75,33,18.0114810348324,18.5102334858051,1
363,0,18.75,33,18.5102334858051,18.5877588031751,1
363,0,18.75,33,18.5877588031751,18.681461259821,1
363,0,18.75,33,18.681461259821,18.75,0
364,0,10.75,1,0,5.90858265689,1
364,0,10.75,1,5.90858265689,10.75,0
365,0,8.75,5,0,6.67138508348804,1
365,0,8.75,5,6.67138508348804,6.75140748268745,1
365,0,8.75,5,6.75140748268745,8.00436666367917,1
365,0,8.75,5,8.00436666367917,8.10966868837337,1
365,0,8.75,5,8.10966868837337,8.46975779556649,1
365,0,8.75,5,8.46975779556649,8.75,0
366,0,14.75,52,0,2.33875072820053,1
366,0,14.75,52,2.33875072820053,3.23213453687519,1
366,0,14.75,52,3.23213453687519,3.95459676017532,1
366,0,14.75,52,3.95459676017532,3.97024816846968,1
366,0,14.75,52,3.97024816846968,4.48900225581008,1
366,0,14.75,52,4.48900225581008,4.59219175428005,1
366,0,14.75,52,4.59219175428005,5.02308851870117,1
366,0,14.75,52,5.02308851870117,5.40453811275183,1
366,0,14.75,52,5.40453811275183,5.91384994891061,1
366,0,14.75,52,5.91384994891061,6.23942708390994,1
366,0,14.75,52,6.23942708390994,6.52319964818439,1
366,0,14.75,52,6.52319964818439,6.71811595446599,1
366,0,14.75,52,6.71811595446599,7.12368825463922,1
366,0,14.75,52,7.12368825463922,7.3431102190005,1
366,0,14.75,52,7.3431102190005,7.49364260820209,1
366,0,14.75,52,7.49364260820209,7.73587078336925,1
366,0,14.75,52,7.73587078336925,7.98564589302298,1
366,0,14.75,52,7.98564589302298,8.63082729872444,1
366,0,14.75,52,8.63082729872444,8.66633324505471,1
366,0,14.75,52,8.66633324505471,8.99063823331763,1
366,0,14.75,52,8.99063823331763,9.11040070066578,1
366,0,14.75,52,9.11040070066578,9.21772745857432,1
366,0,14.75,52,9.21772745857432,9.41462463285161,1
366,0,14.75,52,9.41462463285161,9.56476805286926,1
366,0,14.75,52,9.56476805286926,9.6478068906659,1
366,0,14.75,52,9.6478068906659,9.74569808332713,1
366,0,14.75,52,9.74569808332713,9.96490124603525,1
366,0,14.75,52,9.96490124603525,9.98235602523924,1
366,0,14.75,52,9.98235602523924,10.0525515418411,1
366,0,14.75,52,10.0525515418411,10.1395956197836,1
366,0,14.75,52,10.1395956197836,10.269628046852,1
366,0,14.75,52,10.269628046852,10.3640985728454,1
366,0,14.75,52,10.3640985728454,10.4250475646443,1
366,0,14.75,52,10.4250475646443,11.1964667392059,1
366,0,14.75,52,11.1964667392059,11.411488944788,1
366,0,14.75,52,11.411488944788,11.8377609082219,1
366,0,14.75,52,11.8377609082219,11.9763857092277,1
366,0,14.75,52,11.9763857092277,12.1065613152836,1
366,0,14.75,52,12.1065613152836,12.129108669763,1
366,0,14.75,52,12.129108669763,12.1623997297515,1
366,0,14.75,52,12.1623997297515,12.4664383915699,1
366,0,14.75,52,12.4664383915699,12.4844386297026,1
366,0,14.75,52,12.4844386297026,12.5349158210682,1
366,0,14.75,52,12.5349158210682,12.5971325578058,1
366,0,14.75,52,12.5971325578058,12.6109987403861,1
366,0,14.75,52,12.6109987403861,12.6961364545743,1
366,0,14.75,52,12.6961364545743,12.8415188624126,1
366,0,14.75,52,12.8415188624126,13.005043034099,1
366,0,14.75,52,13.005043034099,13.3481731576686,1
366,0,14.75,52,13.3481731576686,14.1040892520974,1
366,0,14.75,52,14.1040892520974,14.2412396493371,1
366,0,14.75,52,14.2412396493371,14.4148337018818,1
366,0,14.75,52,14.4148337018818,14.75,0
367,0,19.75,2,0,6.60212359699175,1
367,0,19.75,2,6.60212359699175,14.0263328004825,1
367,0,19.75,2,14.0263328004825,19.75,0
368,0,14.75,5,0,0.484925585981604,1
368,0,14.75,5,0.484925585981604,1.3298634610276,1
368,0,14.75,5,1.3298634610276,2.32849163366929,1
368,0,14.75,5,2.32849163366929,5.01181159526281,1
368,0,14.75,5,5.01181159526281,8.79872460607923,1
368,0,14.75,5,8.79872460607923,14.75,0
369,0,14.75,62,0,1.92260181667172,1
369,0,14.75,62,1.92260181667172,4.20870740576955,1
369,0,14.75,62,4.20870740576955,5.57737521721592,1
369,0,14.75,62,5.57737521721592,5.8125422943034,1
369,0,14.75,62,5.8125422943034,5.90754080271112,1
369,0,14.75,62,5.90754080271112,6.82124884388341,1
369,0,14.75,62,6.82124884388341,7.69696527920726,1
369,0,14.75,62,7.69696527920726,7.75303524341664,1
369,0,14.75,62,7.75303524341664,8.30776728450409,1
369,0,14.75,62,8.30776728450409,8.69460761871605,1
369,0,14.75,62,8.69460761871605,8.71602094653353,1
369,0,14.75,62,8.71602094653353,8.85594343847943,1
369,0,14.75,62,8.85594343847943,9.09430234077518,1
369,0,14.75,62,9.09430234077518,9.5051290632332,1
369,0,14.75,62,9.5051290632332,9.51701587831996,1
369,0,14.75,62,9.51701587831996,9.85042539061428,1
369,0,14.75,62,9.85042539061428,9.89545155526337,1
369,0,14.75,62,9.89545155526337,9.9174558835776,1
369,0,14.75,62,9.9174558835776,10.0615167020113,1
369,0,14.75,62,10.0615167020113,10.4342889003434,1
369,0,14.75,62,10.4342889003434,10.4919827893689,1
369,0,14.75,62,10.4919827893689,10.5868301571926,1
369,0,14.75,62,10.5868301571926,10.6525177507014,1
369,0,14.75,62,10.6525177507014,10.7917586118064,1
369,0,14.75,62,10.7917586118064,10.8046564604343,1
369,0,14.75,62,10.8046564604343,11.238087082271,1
369,0,14.75,62,11.238087082271,11.3011777625531,1
369,0,14.75,62,11.3011777625531,11.4489833028599,1
369,0,14.75,62,11.4489833028599,11.4725304078512,1
369,0,14.75,62,11.4725304078512,11.6303178089276,1
369,0,14.75,62,11.6303178089276,11.717126413389,1
369,0,14.75,62,11.717126413389,11.7376410379381,1
369,0,14.75,62,11.7376410379381,11.8544729351208,1
369,0,14.75,62,11.8544729351208,11.8563869136714,1
369,0,14.75,62,11.8563869136714,12.4481329608949,1
369,0,14.75,62,12.4481329608949,12.4682603665669,1
369,0,14.75,62,12.4682603665669,12.4824734551758,1
369,0,14.75,62,12.4824734551758,13.0197832543457,1
369,0,14.75,62,13.0197832543457,13.0522367883235,1
369,0,14.75,62,13.0522367883235,13.119703118561,1
369,0,14.75,62,13.119703118561,13.2553076106821,1
369,0,14.75,62,13.2553076106821,13.4546888423974,1
369,0,14.75,62,13.4546888423974,13.4607659997016,1
369,0,14.75,62,13.4607659997016,13.483683380285,1
369,0,14.75,62,13.483683380285,13.6551115842361,1
369,0,14.75,62,13.6551115842361,13.6916118715738,1
369,0,14.75,62,13.6916118715738,13.7008595181415,1
369,0,14.75,62,13.7008595181415,13.9994036391557,1
369,0,14.75,62,13.9994036391557,14.0345897846031,1
369,0,14.75,62,14.0345897846031,14.0820042879757,1
369,0,14.75,62,14.0820042879757,14.1963926007585,1
369,0,14.75,62,14.1963926007585,14.2170972810749,1
369,0,14.75,62,14.2170972810749,14.2597434687311,1
369,0,14.75,62,14.2597434687311,14.4856620101976,1
369,0,14.75,62,14.4856620101976,14.5104928817501,1
369,0,14.75,62,14.5104928817501,14.5354640074188,1
369,0,14.75,62,14.5354640074188,14.5944200308313,1
369,0,14.75,62,14.5944200308313,14.5990326507976,1
369,0,14.75,62,14.5990326507976,14.6413617535943,1
369,0,14.75,62,14.6413617535943,14.6500626849268,1
369,0,14.75,62,14.6500626849268,14.6932353284021,1
369,0,14.75,62,14.6932353284021,14.7004903900665,1
369,0,14.75,62,14.7004903900665,14.75,0
370,0,14.75,38,0,3.42923844480881,1
370,0,14.75,38,3.42923844480881,3.78809062667516,1
370,0,14.75,38,3.78809062667516,4.2398615075316,1
370,0,14.75,38,4.2398615075316,5.71000919923446,1
370,0,14.75,38,5.71000919923446,7.59921209198397,1
370,0,14.75,38,7.59921209198397,8.03782061812676,1
370,0,14.75,38,8.03782061812676,8.29383540357827,1
370,0,14.75,38,8.29383540357827,8.62918336660553,1
370,0,14.75,38,8.62918336660553,9.53402091938702,1
370,0,14.75,38,9.53402091938702,9.82628208052239,1
370,0,14.75,38,9.82628208052239,10.1992349131848,1
370,0,14.75,38,10.1992349131848,10.4938492929261,1
370,0,14.75,38,10.4938492929261,10.9455963316541,1
370,0,14.75,38,10.9455963316541,11.0334095992435,1
370,0,14.75,38,11.0334095992435,11.1670065173657,1
370,0,14.75,38,11.1670065173657,11.2388779544604,1
370,0,14.75,38,11.2388779544604,11.6212463676258,1
370,0,14.75,38,11.6212463676258,11.6772921344279,1
370,0,14.75,38,11.6772921344279,11.6985160411623,1
370,0,14.75,38,11.6985160411623,11.792074144993,1
370,0,14.75,38,11.792074144993,12.0591506849006,1
370,0,14.75,38,12.0591506849006,12.2475904692906,1
370,0,14.75,38,12.2475904692906,12.3011980183952,1
370,0,14.75,38,12.3011980183952,12.3015480309219,1
370,0,14.75,38,12.3015480309219,12.5286364100873,1
370,0,14.75,38,12.5286364100873,12.6774952347237,1
370,0,14.75,38,12.6774952347237,12.6793137665869,1
370,0,14.75,38,12.6793137665869,12.7295684031183,1
370,0,14.75,38,12.7295684031183,12.872831095463,1
370,0,14.75,38,12.872831095463,13.02402132815,1
370,0,14.75,38,13.02402132815,13.6739300210884,1
370,0,14.75,38,13.6739300210884,14.0456260719186,1
370,0,14.75,38,14.0456260719186,14.4856055355753,1
370,0,14.75,38,14.4856055355753,14.5375639997888,1
370,0,14.75,38,14.5375639997888,14.5739611983551,1
370,0,14.75,38,14.5739611983551,14.5963404359418,1
370,0,14.75,38,14.5963404359418,14.7234744088317,1
370,0,14.75,38,14.7234744088317,14.7243711571425,1
370,0,14.75,38,14.7243711571425,14.75,0
371,0,13.75,3,0,0.405142628103378,1
371,0,13.75,3,0.405142628103378,1.04540823963909,1
371,0,13.75,3,1.04540823963909,5.4369400521947,1
371,0,13.75,3,5.4369400521947,13.75,0
372,0,11.75,1,0,1.35028726058824,1
372,0,11.75,1,1.35028726058824,11.75,0
373,0,10.75,22,0,1.79827280153058,1
373,0,10.75,22,1.79827280153058,4.88897578839599,1
373,0,10.75,22,4.88897578839599,5.0575429651976,1
373,0,10.75,22,5.0575429651976,6.00539393100994,1
373,0,10.75,22,6.00539393100994,6.65350390414622,1
373,0,10.75,22,6.65350390414622,7.14995424101702,1
373,0,10.75,22,7.14995424101702,7.78012668813411,1
373,0,10.75,22,7.78012668813411,8.05070072441204,1
373,0,10.75,22,8.05070072441204,8.05716344080115,1
373,0,10.75,22,8.05716344080115,8.10230048045997,1
373,0,10.75,22,8.10230048045997,8.25110336178586,1
373,0,10.75,22,8.25110336178586,8.29891784553524,1
373,0,10.75,22,8.29891784553524,8.71401217644216,1
373,0,10.75,22,8.71401217644216,8.92261855815185,1
373,0,10.75,22,8.92261855815185,9.03279867618364,1
373,0,10.75,22,9.03279867618364,9.49894647116672,1
373,0,10.75,22,9.49894647116672,9.51386501627129,1
373,0,10.75,22,9.51386501627129,9.5144516381683,1
373,0,10.75,22,9.5144516381683,10.1925230524246,1
373,0,10.75,22,10.1925230524246,10.4457897954311,1
373,0,10.75,22,10.4457897954311,10.4482231858126,1
373,0,10.75,22,10.4482231858126,10.7370991653188,1
373,0,10.75,22,10.7370991653188,10.75,0
374,0,10.75,13,0,2.97521546286124,1
374,0,10.75,13,2.97521546286124,5.06555424458769,1
374,0,10.75,13,5.06555424458769,6.0725951042561,1
374,0,10.75,13,6.0725951042561,7.04240940334981,1
374,0,10.75,13,7.04240940334981,7.20710506011534,1
374,0,10.75,13,7.20710506011534,7.45769160814807,1
374,0,10.75,13,7.45769160814807,9.13146251466348,1
374,0,10.75,13,9.13146251466348,9.52667268230043,1
374,0,10.75,13,9.52667268230043,9.6738454620815,1
374,0,10.75,13,9.6738454620815,9.69429547835968,1
374,0,10.75,13,9.69429547835968,10.0050023065107,1
374,0,10.75,13,10.0050023065107,10.1909783764949,1
374,0,10.75,13,10.1909783764949,10.267786980259,1
374,0,10.75,13,10.267786980259,10.75,0
375,0,16.75,1,0,0.609790024442493,1
375,0,16.75,1,0.609790024442493,16.75,0
376,0,15.75,2,0,0.0680304400147062,1
376,0,15.75,2,0.0680304400147062,4.4177954137055,1
376,0,15.75,2,4.4177954137055,15.75,0
377,0,13.75,31,0,3.75244240988327,1
377,0,13.75,31,3.75244240988327,5.46859359082689,1
377,0,13.75,31,5.46859359082689,5.47955198723026,1
377,0,13.75,31,5.47955198723026,5.52093593042205,1
377,0,13.75,31,5.52093593042205,7.26757920923208,1
377,0,13.75,31,7.26757920923208,7.36623901478806,1
377,0,13.75,31,7.36623901478806,7.64314620873095,1
377,0,13.75,31,7.64314620873095,7.99611889766496,1
377,0,13.75,31,7.99611889766496,8.22883920298035,1
377,0,13.75,31,8.22883920298035,8.8537154829636,1
377,0,13.75,31,8.8537154829636,9.59796559356816,1
377,0,13.75,31,9.59796559356816,9.71762525644965,1
377,0,13.75,31,9.71762525644965,9.97189857777117,1
377,0,13.75,31,9.97189857777117,10.7191197774337,1
377,0,13.75,31,10.7191197774337,10.8160126709572,1
377,0,13.75,31,10.8160126709572,10.8176342968888,1
377,0,13.75,31,10.8176342968888,11.7987658611892,1
377,0,13.75,31,11.7987658611892,11.9912126147101,1
377,0,13.75,31,11.9912126147101,12.0613434619512,1
377,0,13.75,31,12.0613434619512,12.1685382493742,1
377,0,13.75,31,12.1685382493742,12.4440008848513,1
377,0,13.75,31,12.4440008848513,12.5128494083978,1
377,0,13.75,31,12.5128494083978,12.7072846767745,1
377,0,13.75,31,12.7072846767745,12.9515604879909,1
377,0,13.75,31,12.9515604879909,13.0955838935756,1
377,0,13.75,31,13.0955838935756,13.1260107501696,1
377,0,13.75,31,13.1260107501696,13.2169870582651,1
377,0,13.75,31,13.2169870582651,13.3072963974574,1
377,0,13.75,31,13.3072963974574,13.5678780090582,1
377,0,13.75,31,13.5678780090582,13.592820036551,1
377,0,13.75,31,13.592820036551,13.70744943747,1
377,0,13.75,31,13.70744943747,13.75,0
378,0,11.75,0,0,11.75,0
379,0,18.75,69,0,3.66858900680759,1
379,0,18.75,69,3.66858900680759,4.60141149493647,1
379,0,18.75,69,4.60141149493647,4.72670114068171,1
379,0,18.75,69,4.72670114068171,4.834645207786,1
379,0,18.75,69,4.834645207786,5.43115685249935,1
379,0,18.75,69,5.43115685249935,6.33429795863207,1
379,0,18.75,69,6.33429795863207,6.81658164736988,1
379,0,18.75,69,6.81658164736988,6.83663223905747,1
379,0,18.75,69,6.83663223905747,6.86229121546942,1
379,0,18.75,69,6.86229121546942,7.18830363949076,1
379,0,18.75,69,7.18830363949076,7.21856296148743,1
379,0,18.75,69,7.21856296148743,7.33239247324318,1
379,0,18.75,69,7.33239247324318,8.23673533155351,1
379,0,18.75,69,8.23673533155351,8.61175144377475,1
379,0,18.75,69,8.61175144377475,9.02064175485895,1
379,0,18.75,69,9.02064175485895,9.14036132209706,1
379,0,18.75,69,9.14036132209706,9.15068417946409,1
379,0,18.75,69,9.15068417946409,9.94723116385342,1
379,0,18.75,69,9.94723116385342,9.95811356750728,1
379,0,18.75,69,9.95811356750728,10.5092577052499,1
379,0,18.75,69,10.5092577052499,10.8871166002212,1
379,0,18.75,69,10.8871166002212,11.515093891304,1
379,0,18.75,69,11.515093891304,11.5501709537778,1
379,0,18.75,69,11.5501709537778,11.9641339541818,1
379,0,18.75,69,11.9641339541818,12.1140000945312,1
379,0,18.75,69,12.1140000945312,12.1391072487518,1
379,0,18.75,69,12.1391072487518,12.6379460731592,1
379,0,18.75,69,12.6379460731592,12.739540794592,1
379,0,18.75,69,12.739540794592,13.2201057528778,1
379,0,18.75,69,13.2201057528778,13.2551201023064,1
379,0,18.75,69,13.2551201023064,13.5742393949132,1
379,0,18.75,69,13.5742393949132,13.5853017260093,1
379,0,18.75,69,13.5853017260093,13.6063040393291,1
379,0,18.75,69,13.6063040393291,13.6175987918961,1
379,0,18.75,69,13.6175987918961,13.6585606390548,1
379,0,18.75,69,13.6585606390548,13.7393050255925,1
379,0,18.75,69,13.7393050255925,13.7553606925437,1
379,0,18.75,69,13.7553606925437,14.1020992348612,1
379,0,18.75,69,14.1020992348612,14.1148556036693,1
379,0,18.75,69,14.1148556036693,14.7050221211284,1
379,0,18.75,69,14.7050221211284,14.7916097982776,1
379,0,18.75,69,14.7916097982776,15.2336706108182,1
379,0,18.75,69,15.2336706108182,15.6505063948354,1
379,0,18.75,69,15.6505063948354,15.9083442286331,1
379,0,18.75,69,15.9083442286331,15.9506727955733,1
379,0,18.75,69,15.9506727955733,16.2865986682058,1
379,0,18.75,69,16.2865986682058,16.3941322189932,1
379,0,18.75,69,16.3941322189932,16.4587356713084,1
379,0,18.75,69,16.4587356713084,16.6727403206991,1
379,0,18.75,69,16.6727403206991,17.0959811601434,1
379,0,18.75,69,17.0959811601434,17.1597818253017,1
379,0,18.75,69,17.1597818253017,17.1940384255702,1
379,0,18.75,69,17.1940384255702,17.2008962285142,1
379,0,18.75,69,17.2008962285142,17.2607855538254,1
379,0,18.75,69,17.2607855538254,17.3293685398561,1
379,0,18.75,69,17.3293685398561,17.5831737508105,1
379,0,18.75,69,17.5831737508105,17.6973440180191,1
379,0,18.75,69,17.6973440180191,17.7305883439393,1
379,0,18.75,69,17.7305883439393,17.8740558902813,1
379,0,18.75,69,17.8740558902813,17.8893273210789,1
379,0,18.75,69,17.8893273210789,17.9998470027662,1
379,0,18.75,69,17.9998470027662,18.1018289972375,1
379,0,18.75,69,18.1018289972375,18.2687579475832,1
379,0,18.75,69,18.2687579475832,18.383187891079,1
379,0,18.75,69,18.383187891079,18.3854146215155,1
379,0,18.75,69,18.3854146215155,18.4761906460185,1
379,0,18.75,69,18.4761906460185,18.4813267278906,1
379,0,18.75,69,18.4813267278906,18.5983804870337,1
379,0,18.75,69,18.5983804870337,18.6816663008553,1
379,0,18.75,69,18.6816663008553,18.75,0
380,0,10.75,14,0,5.70657223366211,1
380,0,10.75,14,5.70657223366211,7.16634951214118,1
380,0,10.75,14,7.16634951214118,7.34819830356782,1
380,0,10.75,14,7.34819830356782,7.88604241007612,1
380,0,10.75,14,7.88604241007612,8.0023714883689,1
380,0,10.75,14,8.0023714883689,8.9932763072221,1
380,0,10.75,14,8.9932763072221,9.00781710261155,1
380,0,10.75,14,9.00781710261155,9.11795708108026,1
380,0,10.75,14,9.11795708108026,9.20439163185689,1
380,0,10.75,14,9.20439163185689,9.45690443000544,1
380,0,10.75,14,9.45690443000544,9.61603411537208,1
380,0,10.75,14,9.61603411537208,9.68178616549749,1
380,0,10.75,14,9.68178616549749,9.84610589478325,1
380,0,10.75,14,9.84610589478325,10.1403068812945,1
380,0,10.75,14,10.1403068812945,10.75,0
381,0,12.75,0,0,12.75,0
382,0,13.75,2,0,1.04201353275389,1
382,0,13.75,2,1.04201353275389,13.6847148794669,1
382,0,13.75,2,13.6847148794669,13.75,0
383,0,17.75,30,0,4.0495240949164,1
383,0,17.75,30,4.0495240949164,6.07382430202353,1
383,0,17.75,30,6.07382430202353,8.0223603108207,1
383,0,17.75,30,8.0223603108207,8.5418355347497,1
383,0,17.75,30,8.5418355347497,8.67030835839548,1
383,0,17.75,30,8.67030835839548,9.34836616554104,1
383,0,17.75,30,9.34836616554104,9.91420523802221,1
383,0,17.75,30,9.91420523802221,10.1328534094021,1
383,0,17.75,30,10.1328534094021,10.9771601926289,1
383,0,17.75,30,10.9771601926289,11.4450939305043,1
383,0,17.75,30,11.4450939305043,11.5611776408255,1
383,0,17.75,30,11.5611776408255,11.8687916779454,1
383,0,17.75,30,11.8687916779454,12.266840716171,1
383,0,17.75,30,12.266840716171,12.2761918402474,1
383,0,17.75,30,12.2761918402474,13.4465746698639,1
383,0,17.75,30,13.4465746698639,13.5138936207054,1
383,0,17.75,30,13.5138936207054,13.9771448594334,1
383,0,17.75,30,13.9771448594334,14.2205904086451,1
383,0,17.75,30,14.2205904086451,14.6191630465268,1
383,0,17.75,30,14.6191630465268,14.8052325546163,1
383,0,17.75,30,14.8052325546163,15.247376813524,1
383,0,17.75,30,15.247376813524,15.3088277146008,1
383,0,17.75,30,15.3088277146008,16.0520968493327,1
383,0,17.75,30,16.0520968493327,16.2505387840185,1
383,0,17.75,30,16.2505387840185,16.5512056539683,1
383,0,17.75,30,16.5512056539683,16.7085748958314,1
383,0,17.75,30,16.7085748958314,16.7519072322198,1
383,0,17.75,30,16.7519072322198,16.8006640579684,1
383,0,17.75,30,16.8006640579684,17.2703651396307,1
383,0,17.75,30,17.2703651396307,17.3562393122416,1
383,0,17.75,30,17.3562393122416,17.75,0
384,0,19.75,65,0,2.63551883568805,1
384,0,19.75,65,2.63551883568805,4.23713179582686,1
384,0,19.75,65,4.23713179582686,5.5394038167059,1
384,0,19.75,65,5.5394038167059,5.79093878719041,1
384,0,19.75,65,5.79093878719041,6.19962043143147,1
384,0,19.75,65,6.19962043143147,6.28249147110706,1
384,0,19.75,65,6.28249147110706,8.14114792195436,1
384,0,19.75,65,8.14114792195436,8.15998825924416,1
384,0,19.75,65,8.15998825924416,8.18357696804681,1
384,0,19.75,65,8.18357696804681,9.76522380370263,1
384,0,19.75,65,9.76522380370263,10.268216524239,1
384,0,19.75,65,10.268216524239,11.1832994835793,1
384,0,19.75,65,11.1832994835793,11.416456716136,1
384,0,19.75,65,11.416456716136,11.4574068276172,1
384,0,19.75,65,11.4574068276172,11.6898512177204,1
384,0,19.75,65,11.6898512177204,11.7479384723342,1
384,0,19.75,65,11.7479384723342,11.8245146595086,1
384,0,19.75,65,11.8245146595086,11.8852554686473,1
384,0,19.75,65,11.8852554686473,12.0014418050089,1
384,0,19.75,65,12.0014418050089,12.084448737255,1
384,0,19.75,65,12.084448737255,12.1049697932146,1
384,0,19.75,65,12.1049697932146,12.3653978352479,1
384,0,19.75,65,12.3653978352479,12.5359650729859,1
384,0,19.75,65,12.5359650729859,12.605900007358,1
384,0,19.75,65,12.605900007358,12.8968814810868,1
384,0,19.75,65,12.8968814810868,13.0116623035664,1
384,0,19.75,65,13.0116623035664,13.2670936376813,1
384,0,19.75,65,13.2670936376813,13.5940432894701,1
384,0,19.75,65,13.5940432894701,13.9852160828599,1
384,0,19.75,65,13.9852160828599,14.3388393525853,1
384,0,19.75,65,14.3388393525853,14.7624276163098,1
384,0,19.75,65,14.7624276163098,14.82729029603,1
384,0,19.75,65,14.82729029603,15.1863688876304,1
384,0,19.75,65,15.1863688876304,15.7028872107441,1
384,0,19.75,65,15.7028872107441,15.7263564614981,1
384,0,19.75,65,15.7263564614981,15.7605520613711,1
384,0,19.75,65,15.7605520613711,16.3074306722351,1
384,0,19.75,65,16.3074306722351,16.3525893981729,1
384,0,19.75,65,16.3525893981729,16.5164546161609,1
384,0,19.75,65,16.5164546161609,16.5277004074863,1
384,0,19.75,65,16.5277004074863,16.5358368893971,1
384,0,19.75,65,16.5358368893971,16.5844822555018,1
384,0,19.75,65,16.5844822555018,16.646535457935,1
384,0,19.75,65,16.646535457935,16.6892230728222,1
384,0,19.75,65,16.6892230728222,16.9125648419327,1
384,0,19.75,65,16.9125648419327,17.0269869691317,1
384,0,19.75,65,17.0269869691317,17.2413083581866,1
384,0,19.75,65,17.2413083581866,17.6113714404625,1
384,0,19.75,65,17.6113714404625,17.7117519678629,1
384,0,19.75,65,17.7117519678629,17.7894839914154,1
384,0,19.75,65,17.7894839914154,17.9175282149516,1
384,0,19.75,65,17.9175282149516,18.0050144870533,1
384,0,19.75,65,18.0050144870533,18.0572759992787,1
384,0,19.75,65,18.0572759992787,18.2282879160646,1
384,0,19.75,65,18.2282879160646,18.2287588277429,1
384,0,19.75,65,18.2287588277429,18.3599714859985,1
384,0,19.75,65,18.3599714859985,18.3730864014605,1
384,0,19.75,65,18.3730864014605,18.7675047829409,1
384,0,19.75,65,18.7675047829409,18.9308305001254,1
384,0,19.75,65,18.9308305001254,18.9987489923442,1
384,0,19.75,65,18.9987489923442,19.0688264192995,1
384,0,19.75,65,19.0688264192995,19.2202322836696,1
384,0,19.75,65,19.2202322836696,19.5213318713673,1
384,0,19.75,65,19.5213318713673,19.5652973774768,1
384,0,19.75,65,19.5652973774768,19.6265661190427,1
384,0,19.75,65,19.6265661190427,19.75,0
385,0,8.75,3,0,0.277497503265124,1
385,0,8.75,3,0.277497503265124,0.456085210068869,1
385,0,8.75,3,0.456085210068869,1.48923216440723,1
385,0,8.75,3,1.48923216440723,8.75,0
386,0,9.75,11,0,4.09479119149684,1
386,0,9.75,11,4.09479119149684,4.21942227359232,1
386,0,9.75,11,4.21942227359232,4.56280186897268,1
386,0,9.75,11,4.56280186897268,7.42025667795764,1
386,0,9.75,11,7.42025667795764,7.75622621712953,1
386,0,9.75,11,7.75622621712953,8.3305918563423,1
386,0,9.75,11,8.3305918563423,8.67967636114822,1
386,0,9.75,11,8.67967636114822,8.77476733064778,1
386,0,9.75,11,8.77476733064778,8.81807959941457,1
386,0,9.75,11,8.81807959941457,9.17433099614993,1
386,0,9.75,11,9.17433099614993,9.66067114179802,1
386,0,9.75,11,9.66067114179802,9.75,0
387,0,13.75,0,0,13.75,0
388,0,16.75,2,0,0.480455860820742,1
388,0,16.75,2,0.480455860820742,7.15596308294053,1
388,0,16.75,2,7.15596308294053,16.75,0
389,0,12.75,3,0,0.0596073208325949,1
389,0,12.75,3,0.0596073208325949,2.69515055571021,1
389,0,12.75,3,2.69515055571021,11.4273888190643,1
389,0,12.75,3,11.4273888190643,12.75,0
390,0,14.75,51,0,3.63126212359167,1
390,0,14.75,51,3.63126212359167,3.76707380047567,1
390,0,14.75,51,3.76707380047567,5.8447343943185,1
390,0,14.75,51,5.8447343943185,5.85268763927828,1
390,0,14.75,51,5.85268763927828,5.86707308715124,1
390,0,14.75,51,5.86707308715124,6.61371071978721,1
390,0,14.75,51,6.61371071978721,6.6873318302102,1
390,0,14.75,51,6.6873318302102,7.29726215347912,1
390,0,14.75,51,7.29726215347912,7.47308535366459,1
390,0,14.75,51,7.47308535366459,7.67476972563857,1
390,0,14.75,51,7.67476972563857,7.73143981516565,1
390,0,14.75,51,7.73143981516565,8.11334528771605,1
390,0,14.75,51,8.11334528771605,8.14625187316622,1
390,0,14.75,51,8.14625187316622,8.18445909560696,1
390,0,14.75,51,8.18445909560696,8.41959778680795,1
390,0,14.75,51,8.41959778680795,8.9061513966618,1
390,0,14.75,51,8.9061513966618,9.14464591588679,1
390,0,14.75,51,9.14464591588679,9.20512002018812,1
390,0,14.75,51,9.20512002018812,9.24008531717667,1
390,0,14.75,51,9.24008531717667,9.4093105846853,1
390,0,14.75,51,9.4093105846853,9.50713260145131,1
390,0,14.75,51,9.50713260145131,9.69084061194217,1
390,0,14.75,51,9.69084061194217,9.79346721992282,1
390,0,14.75,51,9.79346721992282,9.94259887845023,1
390,0,14.75,51,9.94259887845023,10.1817248458043,1
390,0,14.75,51,10.1817248458043,10.7539084375326,1
390,0,14.75,51,10.7539084375326,10.7951558608607,1
390,0,14.75,51,10.7951558608607,10.8430830202638,1
390,0,14.75,51,10.8430830202638,11.015534307192,1
390,0,14.75,51,11.015534307192,11.2404327943626,1
390,0,14.75,51,11.2404327943626,11.3234663258634,1
390,0,14.75,51,11.3234663258634,11.6374190613715,1
390,0,14.75,51,11.6374190613715,12.1023754632492,1
390,0,14.75,51,12.1023754632492,12.1229286793735,1
390,0,14.75,51,12.1229286793735,12.1355314775711,1
390,0,14.75,51,12.1355314775711,12.3613662754576,1
390,0,14.75,51,12.3613662754576,12.3666747158175,1
390,0,14.75,51,12.3666747158175,12.5457627208483,1
390,0,14.75,51,12.5457627208483,12.798626954551,1
390,0,14.75,51,12.798626954551,13.3095110901247,1
390,0,14.75,51,13.3095110901247,13.3469186861268,1
390,0,14.75,51,13.3469186861268,13.3711072489179,1
390,0,14.75,51,13.3711072489179,13.3786233056119,1
390,0,14.75,51,13.3786233056119,13.4858792431852,1
390,0,14.75,51,13.4858792431852,13.4867763476449,1
390,0,14.75,51,13.4867763476449,13.6092850961084,1
390,0,14.75,51,13.6092850961084,13.632260449141,1
390,0,14.75,51,13.632260449141,14.1384783605392,1
390,0,14.75,51,14.1384783605392,14.2994486863406,1
390,0,14.75,51,14.2994486863406,14.5240823695076,1
390,0,14.75,51,14.5240823695076,14.6158475414908,1
390,0,14.75,51,14.6158475414908,14.75,0
391,0,11.75,11,0,2.98552626675318,1
391,0,11.75,11,2.98552626675318,3.7115167920547,1
391,0,11.75,11,3.7115167920547,5.75534345755977,1
391,0,11.75,11,5.75534345755977,5.80754086326097,1
391,0,11.75,11,5.80754086326097,6.0016754304216,1
391,0,11.75,11,6.0016754304216,6.68498847752644,1
391,0,11.75,11,6.68498847752644,7.24159738883265,1
391,0,11.75,11,7.24159738883265,10.474450715115,1
391,0,11.75,11,10.474450715115,10.8761095908343,1
391,0,11.75,11,10.8761095908343,10.9175086111686,1
391,0,11.75,11,10.9175086111686,11.6802017834305,1
391,0,11.75,11,11.6802017834305,11.75,0
392,0,19.75,49,0,3.23044157852242,1
392,0,19.75,49,3.23044157852242,5.79345937221378,1
392,0,19.75,49,5.79345937221378,5.9480830200959,1
392,0,19.75,49,5.9480830200959,7.55198088485981,1
392,0,19.75,49,7.55198088485981,8.84548033406199,1
392,0,19.75,49,8.84548033406199,9.3097098836215,1
392,0,19.75,49,9.3097098836215,9.9515195756831,1
392,0,19.75,49,9.9515195756831,10.0549675484515,1
392,0,19.75,49,10.0549675484515,11.2548218132252,1
392,0,19.75,49,11.2548218132252,11.5027292417638,1
392,0,19.75,49,11.5027292417638,11.5347816027456,1
392,0,19.75,49,11.5347816027456,11.709618463857,1
392,0,19.75,49,11.709618463857,11.8768869208407,1
392,0,19.75,49,11.8768869208407,11.8977983599762,1
392,0,19.75,49,11.8977983599762,11.9836624183817,1
392,0,19.75,49,11.9836624183817,12.2247615396578,1
392,0,19.75,49,12.2247615396578,12.7939895481707,1
392,0,19.75,49,12.7939895481707,13.3330518515388,1
392,0,19.75,49,13.3330518515388,13.3564065651795,1
392,0,19.75,49,13.3564065651795,13.6039938075526,1
392,0,19.75,49,13.6039938075526,13.6846295950859,1
392,0,19.75,49,13.6846295950859,13.7832571444294,1
392,0,19.75,49,13.7832571444294,14.2677937457497,1
392,0,19.75,49,14.2677937457497,14.436468889697,1
392,0,19.75,49,14.436468889697,14.8797986436004,1
392,0,19.75,49,14.8797986436004,15.4277260165842,1
392,0,19.75,49,15.4277260165842,15.6826768731618,1
392,0,19.75,49,15.6826768731618,15.7958227530686,1
392,0,19.75,49,15.7958227530686,15.8696549453273,1
392,0,19.75,49,15.8696549453273,16.3953111639324,1
392,0,19.75,49,16.3953111639324,16.8412238087785,1
392,0,19.75,49,16.8412238087785,16.8582819959249,1
392,0,19.75,49,16.8582819959249,16.9744855882707,1
392,0,19.75,49,16.9744855882707,17.0027038060845,1
392,0,19.75,49,17.0027038060845,17.2902060120148,1
392,0,19.75,49,17.2902060120148,17.5748085566788,1
392,0,19.75,49,17.5748085566788,17.6470050238752,1
392,0,19.75,49,17.6470050238752,17.8551921323164,1
392,0,19.75,49,17.8551921323164,18.0608035664515,1
392,0,19.75,49,18.0608035664515,18.1769730958109,1
392,0,19.75,49,18.1769730958109,18.3744933740842,1
392,0,19.75,49,18.3744933740842,18.3937034321604,1
392,0,19.75,49,18.3937034321604,18.6181559369127,1
392,0,19.75,49,18.6181559369127,18.7267332805211,1
392,0,19.75,49,18.7267332805211,18.9567018650834,1
392,0,19.75,49,18.9567018650834,19.326362599716,1
392,0,19.75,49,19.326362599716,19.3631835708726,1
392,0,19.75,49,19.3631835708726,19.4869007591292,1
392,0,19.75,49,19.4869007591292,19.6088852983966,1
392,0,19.75,49,19.6088852983966,19.75,0
393,0,20.75,51,0,3.16770765632493,1
393,0,20.75,51,3.16770765632493,3.87561303506452,1
393,0,20.75,51,3.87561303506452,6.28161971082526,1
393,0,20.75,51,6.28161971082526,6.42012303291303,1
393,0,20.75,51,6.42012303291303,7.03366635127104,1
393,0,20.75,51,7.03366635127104,7.74395341790959,1
393,0,20.75,51,7.74395341790959,9.07192265379621,1
393,0,20.75,51,9.07192265379621,9.79620201673366,1
393,0,20.75,51,9.79620201673366,9.92479479579269,1
393,0,20.75,51,9.92479479579269,10.1518092333885,1
393,0,20.75,51,10.1518092333885,10.7998545758527,1
393,0,20.75,51,10.7998545758527,11.031597741753,1
393,0,20.75,51,11.031597741753,12.4806899039445,1
393,0,20.75,51,12.4806899039445,13.0966971270712,1
393,0,20.75,51,13.0966971270712,13.1331409459752,1
393,0,20.75,51,13.1331409459752,13.4715052919222,1
393,0,20.75,51,13.4715052919222,13.9484699207525,1
393,0,20.75,51,13.9484699207525,14.0570859193129,1
393,0,20.75,51,14.0570859193129,14.127872426943,1
393,0,20.75,51,14.127872426943,14.1995774173058,1
393,0,20.75,51,14.1995774173058,14.7996604502944,1
393,0,20.75,51,14.7996604502944,14.9322783759871,1
393,0,20.75,51,14.9322783759871,15.2207303420437,1
393,0,20.75,51,15.2207303420437,15.5488018034624,1
393,0,20.75,51,15.5488018034624,15.6996923786382,1
393,0,20.75,51,15.6996923786382,15.7224406993507,1
393,0,20.75,51,15.7224406993507,15.9142082647572,1
393,0,20.75,51,15.9142082647572,16.0417755870031,1
393,0,20.75,51,16.0417755870031,16.0759755223151,1
393,0,20.75,51,16.0759755223151,16.1425650970657,1
393,0,20.75,51,16.1425650970657,16.2590916843159,1
393,0,20.75,51,16.2590916843159,16.8146279326719,1
393,0,20.75,51,16.8146279326719,16.9675195740225,1
393,0,20.75,51,16.9675195740225,17.1856836710898,1
393,0,20.75,51,17.1856836710898,17.3296881349186,1
393,0,20.75,51,17.3296881349186,17.4643124463054,1
393,0,20.75,51,17.4643124463054,17.6002957615875,1
393,0,20.75,51,17.6002957615875,17.8024205373243,1
393,0,20.75,51,17.8024205373243,17.8707947919464,1
393,0,20.75,51,17.8707947919464,18.6770453748708,1
393,0,20.75,51,18.6770453748708,18.6812168829929,1
393,0,20.75,51,18.6812168829929,18.8680617071423,1
393,0,20.75,51,18.8680617071423,18.9282285915834,1
393,0,20.75,51,18.9282285915834,18.9720072271641,1
393,0,20.75,51,18.9720072271641,19.692584728469,1
393,0,20.75,51,19.692584728469,19.9022262743129,1
393,0,20.75,51,19.9022262743129,20.0125987277248,1
393,0,20.75,51,20.0125987277248,20.343043197713,1
393,0,20.75,51,20.343043197713,20.591392121042,1
393,0,20.75,51,20.591392121042,20.6505298255318,1
393,0,20.75,51,20.6505298255318,20.6895179808061,1
393,0,20.75,51,20.6895179808061,20.75,0
394,0,9.75,4,0,4.06429807001703,1
394,0,9.75,4,4.06429807001703,5.75602513545494,1
394,0,9.75,4,5.75602513545494,8.01885034137205,1
394,0,9.75,4,8.01885034137205,8.74452937066989,1
394,0,9.75,4,8.74452937066989,9.75,0
395,0,13.75,27,0,2.33117962072455,1
395,0,13.75,27,2.33117962072455,3.20662938227347,1
395,0,13.75,27,3.20662938227347,3.23169542441256,1
395,0,13.75,27,3.23169542441256,5.20227956370892,1
395,0,13.75,27,5.20227956370892,7.1754103680522,1
395,0,13.75,27,7.1754103680522,7.44650987515708,1
395,0,13.75,27,7.44650987515708,7.54198737489636,1
395,0,13.75,27,7.54198737489636,8.43464682283952,1
395,0,13.75,27,8.43464682283952,8.7175671583628,1
395,0,13.75,27,8.7175671583628,9.38075240365454,1
395,0,13.75,27,9.38075240365454,9.44548063442307,1
395,0,13.75,27,9.44548063442307,10.0250020729351,1
395,0,13.75,27,10.0250020729351,11.3248014015651,1
395,0,13.75,27,11.3248014015651,11.3803642851183,1
395,0,13.75,27,11.3803642851183,11.7966937002736,1
395,0,13.75,27,11.7966937002736,11.8667193037924,1
395,0,13.75,27,11.8667193037924,11.918177871231,1
395,0,13.75,27,11.918177871231,12.3053392483079,1
395,0,13.75,27,12.3053392483079,12.3911488541847,1
395,0,13.75,27,12.3911488541847,12.66665825057,1
395,0,13.75,27,12.66665825057,12.6851088289461,1
395,0,13.75,27,12.6851088289461,12.7803928654756,1
395,0,13.75,27,12.7803928654756,13.0866558318176,1
395,0,13.75,27,13.0866558318176,13.2191446033677,1
395,0,13.75,27,13.2191446033677,13.2959345158188,1
395,0,13.75,27,13.2959345158188,13.5199917201284,1
395,0,13.75,27,13.5199917201284,13.5614868972146,1
395,0,13.75,27,13.5614868972146,13.75,0
396,0,12.75,18,0,4.97437026198636,1
396,0,12.75,18,4.97437026198636,5.46718060999646,1
396,0,12.75,18,5.46718060999646,6.05121273327903,1
396,0,12.75,18,6.05121273327903,6.7808945468697,1
396,0,12.75,18,6.7808945468697,8.11107050722628,1
396,0,12.75,18,8.11107050722628,8.54573523228002,1
396,0,12.75,18,8.54573523228002,8.84529795891933,1
396,0,12.75,18,8.84529795891933,9.35279157861101,1
396,0,12.75,18,9.35279157861101,9.50678329183091,1
396,0,12.75,18,9.50678329183091,9.70392573091429,1
396,0,12.75,18,9.70392573091429,10.163487035668,1
396,0,12.75,18,10.163487035668,10.7228577723226,1
396,0,12.75,18,10.7228577723226,11.2574403518003,1
396,0,12.75,18,11.2574403518003,11.3967337541517,1
396,0,12.75,18,11.3967337541517,11.7279351861398,1
396,0,12.75,18,11.7279351861398,11.7713695865052,1
396,0,12.75,18,11.7713695865052,11.7817128031591,1
396,0,12.75,18,11.7817128031591,12.1516237533104,1
396,0,12.75,18,12.1516237533104,12.75,0
397,0,13.75,2,0,2.5948313290909,1
397,0,13.75,2,2.5948313290909,6.64343665849829,1
397,0,13.75,2,6.64343665849829,13.75,0
398,0,17.75,32,0,2.40880468669567,1
398,0,17.75,32,2.40880468669567,3.65138880211037,1
398,0,17.75,32,3.65138880211037,4.71579159083235,1
398,0,17.75,32,4.71579159083235,5.44591584746876,1
398,0,17.75,32,5.44591584746876,5.69314815987889,1
398,0,17.75,32,5.69314815987889,6.24179583080883,1
398,0,17.75,32,6.24179583080883,9.56802505617232,1
398,0,17.75,32,9.56802505617232,10.0917051722808,1
398,0,17.75,32,10.0917051722808,10.7988939212504,1
398,0,17.75,32,10.7988939212504,10.8027452789118,1
398,0,17.75,32,10.8027452789118,10.8440080733198,1
398,0,17.75,32,10.8440080733198,10.8670257471795,1
398,0,17.75,32,10.8670257471795,11.2804794887898,1
398,0,17.75,32,11.2804794887898,11.8802772920032,1
398,0,17.75,32,11.8802772920032,12.7992297665866,1
398,0,17.75,32,12.7992297665866,13.1052495096463,1
398,0,17.75,32,13.1052495096463,13.3314197026835,1
398,0,17.75,32,13.3314197026835,14.3872134486428,1
398,0,17.75,32,14.3872134486428,14.7125060765327,1
398,0,17.75,32,14.7125060765327,14.7895895010737,1
398,0,17.75,32,14.7895895010737,14.9501517765841,1
398,0,17.75,32,14.9501517765841,15.2989756755817,1
398,0,17.75,32,15.2989756755817,15.3838053837519,1
398,0,17.75,32,15.3838053837519,15.3966748570305,1
398,0,17.75,32,15.3966748570305,15.917536522991,1
398,0,17.75,32,15.917536522991,15.9439572625563,1
398,0,17.75,32,15.9439572625563,16.2873409950668,1
398,0,17.75,32,16.2873409950668,16.7146334923431,1
398,0,17.75,32,16.7146334923431,16.9468941499011,1
398,0,17.75,32,16.9468941499011,17.3018573688557,1
398,0,17.75,32,17.3018573688557,17.6645074174414,1
398,0,17.75,32,17.6645074174414,17.7097574503949,1
398,0,17.75,32,17.7097574503949,17.75,0
399,0,7.75,9,0,3.84686809528972,1
399,0,7.75,9,3.84686809528972,5.47844182584017,1
399,0,7.75,9,5.47844182584017,5.47985927769281,1
399,0,7.75,9,5.47985927769281,5.72186150551814,1
399,0,7.75,9,5.72186150551814,6.05763336663503,1
399,0,7.75,9,6.05763336663503,6.86810678601032,1
399,0,7.75,9,6.86810678601032,7.14446059738595,1
399,0,7.75,9,7.14446059738595,7.22314016394907,1
399,0,7.75,9,7.22314016394907,7.40892530366772,1
399,0,7.75,9,7.40892530366772,7.75,0
400,0,15.75,2,0,0.153803572685145,1
400,0,15.75,2,0.153803572685145,7.78735421595509,1
400,0,15.75,2,7.78735421595509,15.75,0
401,0,11.75,0,0,11.75,0
402,0,19.75,2,0,0.140348490088098,1
402,0,19.75,2,0.140348490088098,1.27600631967571,1
402,0,19.75,2,1.27600631967571,19.75,0
403,0,17.75,0,0,17.75,0
404,0,9.75,1,0,5.69218378790808,1
404,0,9.75,1,5.69218378790808,9.75,0
405,0,12.75,2,0,0.26253005444458,1
405,0,12.75,2,0.26253005444458,10.7120688107708,1
405,0,12.75,2,10.7120688107708,12.75,0
406,0,15.75,0,0,15.75,0
407,0,15.75,76,0,1.53611288637946,1
407,0,15.75,76,1.53611288637946,2.88361590417426,1
407,0,15.75,76,2.88361590417426,3.29951735916199,1
407,0,15.75,76,3.29951735916199,3.89053938679821,1
407,0,15.75,76,3.89053938679821,4.86761769487362,1
407,0,15.75,76,4.86761769487362,4.92683311018863,1
407,0,15.75,76,4.92683311018863,5.05310232288714,1
407,0,15.75,76,5.05310232288714,5.05316808229048,1
407,0,15.75,76,5.05316808229048,5.47523981580648,1
407,0,15.75,76,5.47523981580648,5.58467458611309,1
407,0,15.75,76,5.58467458611309,6.17469815046504,1
407,0,15.75,76,6.17469815046504,6.35445071988789,1
407,0,15.75,76,6.35445071988789,6.5191447025635,1
407,0,15.75,76,6.5191447025635,6.71840178354487,1
407,0,15.75,76,6.71840178354487,6.98957558073378,1
407,0,15.75,76,6.98957558073378,7.03007125021691,1
407,0,15.75,76,7.03007125021691,7.58716288859533,1
407,0,15.75,76,7.58716288859533,7.61717264219187,1
407,0,15.75,76,7.61717264219187,7.634521867264,1
407,0,15.75,76,7.634521867264,7.78342661632069,1
407,0,15.75,76,7.78342661632069,8.01884256086924,1
407,0,15.75,76,8.01884256086924,8.25033733538638,1
407,0,15.75,76,8.25033733538638,8.46876127928013,1
407,0,15.75,76,8.46876127928013,8.8478358532756,1
407,0,15.75,76,8.8478358532756,8.98241112696197,1
407,0,15.75,76,8.98241112696197,9.17409167243562,1
407,0,15.75,76,9.17409167243562,9.30872724496244,1
407,0,15.75,76,9.30872724496244,9.56070530788874,1
407,0,15.75,76,9.56070530788874,9.61116078822718,1
407,0,15.75,76,9.61116078822718,9.89665600903727,1
407,0,15.75,76,9.89665600903727,9.95605874998184,1
407,0,15.75,76,9.95605874998184,10.0056776390185,1
407,0,15.75,76,10.0056776390185,10.1590417933612,1
407,0,15.75,76,10.1590417933612,10.1872213463852,1
407,0,15.75,76,10.1872213463852,10.297711258076,1
407,0,15.75,76,10.297711258076,10.5591135081315,1
407,0,15.75,76,10.5591135081315,10.7944278444696,1
407,0,15.75,76,10.7944278444696,10.8182806315402,1
407,0,15.75,76,10.8182806315402,10.8988072751632,1
407,0,15.75,76,10.8988072751632,11.1101957186889,1
407,0,15.75,76,11.1101957186889,11.2727654970283,1
407,0,15.75,76,11.2727654970283,11.3797703945073,1
407,0,15.75,76,11.3797703945073,11.498977865651,1
407,0,15.75,76,11.498977865651,11.6052683797966,1
407,0,15.75,76,11.6052683797966,11.7885815207841,1
407,0,15.75,76,11.7885815207841,12.2098728223251,1
407,0,15.75,76,12.2098728223251,12.2414715345715,1
407,0,15.75,76,12.2414715345715,12.2738974842503,1
407,0,15.75,76,12.2738974842503,12.3735637282293,1
407,0,15.75,76,12.3735637282293,12.5152542057506,1
407,0,15.75,76,12.5152542057506,12.5236406359721,1
407,0,15.75,76,12.5236406359721,12.7381221715354,1
407,0,15.75,76,12.7381221715354,12.7829011389606,1
407,0,15.75,76,12.7829011389606,12.9557445724442,1
407,0,15.75,76,12.9557445724442,13.024839488031,1
407,0,15.75,76,13.024839488031,13.1264755911733,1
407,0,15.75,76,13.1264755911733,13.2361291942396,1
407,0,15.75,76,13.2361291942396,13.3825055659813,1
407,0,15.75,76,13.3825055659813,13.8580771837639,1
407,0,15.75,76,13.8580771837639,14.0969232491209,1
407,0,15.75,76,14.0969232491209,14.1505912613746,1
407,0,15.75,76,14.1505912613746,14.2509280017826,1
407,0,15.75,76,14.2509280017826,14.2546630563002,1
407,0,15.75,76,14.2546630563002,14.2564702221854,1
407,0,15.75,76,14.2564702221854,14.2670583720797,1
407,0,15.75,76,14.2670583720797,14.3198396561184,1
407,0,15.75,76,14.3198396561184,14.3333080789527,1
407,0,15.75,76,14.3333080789527,14.877107115684,1
407,0,15.75,76,14.877107115684,14.9019020082426,1
407,0,15.75,76,14.9019020082426,15.0487461508321,1
407,0,15.75,76,15.0487461508321,15.2287664205628,1
407,0,15.75,76,15.2287664205628,15.4385819834315,1
407,0,15.75,76,15.4385819834315,15.4779712678096,1
407,0,15.75,76,15.4779712678096,15.5095170311321,1
407,0,15.75,76,15.5095170311321,15.5746232318515,1
407,0,15.75,76,15.5746232318515,15.5885641642576,1
407,0,15.75,76,15.5885641642576,15.75,0
408,0,11.75,10,0,2.88349574593216,1
408,0,11.75,10,2.88349574593216,5.524767291353,1
408,0,11.75,10,5.524767291353,6.5567795610317,1
408,0,11.75,10,6.5567795610317,7.75018086581857,1
408,0,11.75,10,7.75018086581857,9.3828027924652,1
408,0,11.75,10,9.3828027924652,10.4425642734537,1
408,0,11.75,10,10.4425642734537,10.9756646221889,1
408,0,11.75,10,10.9756646221889,11.001762079838,1
408,0,11.75,10,11.001762079838,11.5728954223672,1
408,0,11.75,10,11.5728954223672,11.7383131488106,1
408,0,11.75,10,11.7383131488106,11.75,0
409,0,11.75,2,0,7.56023859952462,1
409,0,11.75,2,7.56023859952462,9.22376663065614,1
409,0,11.75,2,9.22376663065614,11.75,0
410,0,15.75,24,0,3.71426925238886,1
410,0,15.75,24,3.71426925238886,4.11139279489988,1
410,0,15.75,24,4.11139279489988,4.87915885862887,1
410,0,15.75,24,4.87915885862887,6.17441992540291,1
410,0,15.75,24,6.17441992540291,6.91252013533247,1
410,0,15.75,24,6.91252013533247,7.39270860825283,1
410,0,15.75,24,7.39270860825283,8.1400961610928,1
410,0,15.75,24,8.1400961610928,8.9161350766614,1
410,0,15.75,24,8.9161350766614,9.50854309941341,1
410,0,15.75,24,9.50854309941341,10.9410301810574,1
410,0,15.75,24,10.9410301810574,11.3285294856648,1
410,0,15.75,24,11.3285294856648,11.5356266596646,1
410,0,15.75,24,11.5356266596646,12.9210984584599,1
410,0,15.75,24,12.9210984584599,13.0773011279816,1
410,0,15.75,24,13.0773011279816,13.522932243089,1
410,0,15.75,24,13.522932243089,13.6452410922698,1
410,0,15.75,24,13.6452410922698,13.6731690102981,1
410,0,15.75,24,13.6731690102981,13.685215209621,1
410,0,15.75,24,13.685215209621,13.965358713234,1
410,0,15.75,24,13.965358713234,14.0660430579756,1
410,0,15.75,24,14.0660430579756,14.275623425661,1
410,0,15.75,24,14.275623425661,14.6980054757252,1
410,0,15.75,24,14.6980054757252,15.0511579940088,1
410,0,15.75,24,15.0511579940088,15.4950633192828,1
410,0,15.75,24,15.4950633192828,15.75,0
411,0,10.75,11,0,4.2091282764051,1
411,0,10.75,11,4.2091282764051,4.77400859421108,1
411,0,10.75,11,4.77400859421108,6.30672849604117,1
411,0,10.75,11,6.30672849604117,6.97411601617946,1
411,0,10.75,11,6.97411601617946,7.64040586665124,1
411,0,10.75,11,7.64040586665124,7.83454241504618,1
411,0,10.75,11,7.83454241504618,8.26142341820024,1
411,0,10.75,11,8.26142341820024,9.16189467457257,1
411,0,10.75,11,9.16189467457257,9.17377281295148,1
411,0,10.75,11,9.17377281295148,9.3583699223195,1
411,0,10.75,11,9.3583699223195,9.40059935962998,1
411,0,10.75,11,9.40059935962998,10.75,0
412,0,11.75,0,0,11.75,0
413,0,9.75,9,0,2.29220198851874,1
413,0,9.75,9,2.29220198851874,4.15465793023383,1
413,0,9.75,9,4.15465793023383,6.24618736972322,1
413,0,9.75,9,6.24618736972322,6.33852043512082,1
413,0,9.75,9,6.33852043512082,8.55507515642185,1
413,0,9.75,9,8.55507515642185,8.88417166463313,1
413,0,9.75,9,8.88417166463313,9.07834524124308,1
413,0,9.75,9,9.07834524124308,9.52872186241806,1
413,0,9.75,9,9.52872186241806,9.65218717032578,1
413,0,9.75,9,9.65218717032578,9.75,0
414,0,15.75,0,0,15.75,0
415,0,15.75,28,0,3.98049531964602,1
415,0,15.75,28,3.98049531964602,4.17119856172865,1
415,0,15.75,28,4.17119856172865,5.14217205808157,1
415,0,15.75,28,5.14217205808157,7.17137609458883,1
415,0,15.75,28,7.17137609458883,7.80764696614708,1
415,0,15.75,28,7.80764696614708,8.55180801314265,1
415,0,15.75,28,8.55180801314265,8.90411997015576,1
415,0,15.75,28,8.90411997015576,9.58761105333985,1
415,0,15.75,28,9.58761105333985,10.1449904680405,1
415,0,15.75,28,10.1449904680405,10.219440192115,1
415,0,15.75,28,10.219440192115,10.4649220581744,1
415,0,15.75,28,10.4649220581744,10.5501500227724,1
415,0,15.75,28,10.5501500227724,10.7724057894018,1
415,0,15.75,28,10.7724057894018,11.164291059787,1
415,0,15.75,28,11.164291059787,11.8032370877224,1
415,0,15.75,28,11.8032370877224,11.8889592526909,1
415,0,15.75,28,11.8889592526909,12.368476575551,1
415,0,15.75,28,12.368476575551,12.7923077852961,1
415,0,15.75,28,12.7923077852961,13.165549664066,1
415,0,15.75,28,13.165549664066,13.3955192353417,1
415,0,15.75,28,13.3955192353417,13.7341581746711,1
415,0,15.75,28,13.7341581746711,13.9409901625285,1
415,0,15.75,28,13.9409901625285,14.0951436397543,1
415,0,15.75,28,14.0951436397543,14.3924325059049,1
415,0,15.75,28,14.3924325059049,14.4255115048438,1
415,0,15.75,28,14.4255115048438,14.6389038341955,1
415,0,15.75,28,14.6389038341955,14.7003599806252,1
415,0,15.75,28,14.7003599806252,15.0096423883013,1
415,0,15.75,28,15.0096423883013,15.75,0
416,0,10.75,0,0,10.75,0
417,0,11.75,0,0,11.75,0
418,0,18.75,2,0,10.2848209752358,1
418,0,18.75,2,10.2848209752358,18.5516457082693,1
418,0,18.75,2,18.5516457082693,18.75,0
419,0,16.75,2,0,1.74518343084023,1
419,0,16.75,2,1.74518343084023,9.43235186312729,1
419,0,16.75,2,9.43235186312729,16.75,0
420,0,8.75,5,0,2.31667869208481,1
420,0,8.75,5,2.31667869208481,3.13982632243206,1
420,0,8.75,5,3.13982632243206,4.56370910303389,1
420,0,8.75,5,4.56370910303389,7.67767862935666,1
420,0,8.75,5,7.67767862935666,7.74487055426785,1
420,0,8.75,5,7.74487055426785,8.75,0
421,0,7.75,2,0,0.244715038341609,1
421,0,7.75,2,0.244715038341609,3.3248865297059,1
421,0,7.75,2,3.3248865297059,7.75,0
422,0,13.75,0,0,13.75,0
423,0,14.75,18,0,2.73664687032096,1
423,0,14.75,18,2.73664687032096,8.25394896612026,1
423,0,14.75,18,8.25394896612026,9.93220124914382,1
423,0,14.75,18,9.93220124914382,10.8077738680045,1
423,0,14.75,18,10.8077738680045,10.9735697021287,1
423,0,14.75,18,10.9735697021287,11.2964009304701,1
423,0,14.75,18,11.2964009304701,11.3477175120074,1
423,0,14.75,18,11.3477175120074,11.6309208191576,1
423,0,14.75,18,11.6309208191576,11.8780977904439,1
423,0,14.75,18,11.8780977904439,12.4742511238263,1
423,0,14.75,18,12.4742511238263,12.8976733188023,1
423,0,14.75,18,12.8976733188023,13.6277501585265,1
423,0,14.75,18,13.6277501585265,13.6470553637113,1
423,0,14.75,18,13.6470553637113,13.976422140306,1
423,0,14.75,18,13.976422140306,14.049019046275,1
423,0,14.75,18,14.049019046275,14.244785924087,1
423,0,14.75,18,14.244785924087,14.6283342870484,1
423,0,14.75,18,14.6283342870484,14.7219876497653,1
423,0,14.75,18,14.7219876497653,14.75,0
424,0,12.75,15,0,2.54454230917959,1
424,0,12.75,15,2.54454230917959,6.77994001801344,1
424,0,12.75,15,6.77994001801344,8.08502089457057,1
424,0,12.75,15,8.08502089457057,8.2080532711815,1
424,0,12.75,15,8.2080532711815,8.88367981086439,1
424,0,12.75,15,8.88367981086439,9.32189162988251,1
424,0,12.75,15,9.32189162988251,9.34161273515206,1
424,0,12.75,15,9.34161273515206,9.69931562289922,1
424,0,12.75,15,9.69931562289922,9.97297180233587,1
424,0,12.75,15,9.97297180233587,9.98271030425242,1
424,0,12.75,15,9.98271030425242,10.2178023498127,1
424,0,12.75,15,10.2178023498127,11.1967859641718,1
424,0,12.75,15,11.1967859641718,12.236153408122,1
424,0,12.75,15,12.236153408122,12.6561511962372,1
424,0,12.75,15,12.6561511962372,12.7241944736353,1
424,0,12.75,15,12.7241944736353,12.75,0
425,0,13.75,0,0,13.75,0
426,0,12.75,1,0,0.0137100738401272,1
426,0,12.75,1,0.0137100738401272,12.75,0
427,0,13.75,1,0,0.891067889804441,1
427,0,13.75,1,0.891067889804441,13.75,0
428,0,11.75,11,0,2.15510252258428,1
428,0,11.75,11,2.15510252258428,2.51601551933617,1
428,0,11.75,11,2.51601551933617,4.62216850515486,1
428,0,11.75,11,4.62216850515486,6.58066796293421,1
428,0,11.75,11,6.58066796293421,7.7047712619203,1
428,0,11.75,11,7.7047712619203,8.95399372415971,1
428,0,11.75,11,8.95399372415971,8.98133884592061,1
428,0,11.75,11,8.98133884592061,9.92049549435549,1
428,0,11.75,11,9.92049549435549,10.2774472328881,1
428,0,11.75,11,10.2774472328881,11.0229634244769,1
428,0,11.75,11,11.0229634244769,11.2236023768386,1
428,0,11.75,11,11.2236023768386,11.75,0
429,0,11.75,0,0,11.75,0
430,0,10.75,0,0,10.75,0
431,0,12.75,2,0,0.282843980905686,1
431,0,12.75,2,0.282843980905686,1.84440074293777,1
431,0,12.75,2,1.84440074293777,12.75,0
432,0,17.75,39,0,5.44106791068436,1
432,0,17.75,39,5.44106791068436,7.81955813243667,1
432,0,17.75,39,7.81955813243667,8.69541728479961,1
432,0,17.75,39,8.69541728479961,9.60891420220281,1
432,0,17.75,39,9.60891420220281,10.0229267294312,1
432,0,17.75,39,10.0229267294312,10.4976643981591,1
432,0,17.75,39,10.4976643981591,10.686336711535,1
432,0,17.75,39,10.686336711535,10.6903612761339,1
432,0,17.75,39,10.6903612761339,10.7964662296108,1
432,0,17.75,39,10.7964662296108,11.0966915024957,1
432,0,17.75,39,11.0966915024957,11.1790313526109,1
432,0,17.75,39,11.1790313526109,11.6400377740704,1
432,0,17.75,39,11.6400377740704,12.1894789409973,1
432,0,17.75,39,12.1894789409973,13.1946167377322,1
432,0,17.75,39,13.1946167377322,13.219542423929,1
432,0,17.75,39,13.219542423929,13.4413715422086,1
432,0,17.75,39,13.4413715422086,13.6724368742766,1
432,0,17.75,39,13.6724368742766,14.1255335660928,1
432,0,17.75,39,14.1255335660928,14.2137482778221,1
432,0,17.75,39,14.2137482778221,14.3959012783696,1
432,0,17.75,39,14.3959012783696,14.4038747186267,1
432,0,17.75,39,14.4038747186267,15.2305860831659,1
432,0,17.75,39,15.2305860831659,15.4866971716505,1
432,0,17.75,39,15.4866971716505,15.6716162403143,1
432,0,17.75,39,15.6716162403143,15.9249901163937,1
432,0,17.75,39,15.9249901163937,16.0826112675041,1
432,0,17.75,39,16.0826112675041,16.1809553097207,1
432,0,17.75,39,16.1809553097207,16.212291868,1
432,0,17.75,39,16.212291868,16.2789908912344,1
432,0,17.75,39,16.2789908912344,16.5684138840273,1
432,0,17.75,39,16.5684138840273,16.609792329234,1
432,0,17.75,39,16.609792329234,16.7671100378705,1
432,0,17.75,39,16.7671100378705,17.0360229355874,1
432,0,17.75,39,17.0360229355874,17.0440618758597,1
432,0,17.75,39,17.0440618758597,17.3672041767539,1
432,0,17.75,39,17.3672041767539,17.4318278067547,1
432,0,17.75,39,17.4318278067547,17.4332548194109,1
432,0,17.75,39,17.4332548194109,17.6244674530734,1
432,0,17.75,39,17.6244674530734,17.6996004901892,1
432,0,17.75,39,17.6996004901892,17.75,0
433,0,8.75,2,0,0.974539264551733,1
433,0,8.75,2,0.974539264551733,6.22600295768835,1
433,0,8.75,2,6.22600295768835,8.75,0
434,0,17.75,0,0,17.75,0
435,0,8.75,11,0,2.80530189082435,1
435,0,8.75,11,2.80530189082435,6.80704046577877,1
435,0,8.75,11,6.80704046577877,6.84200095061152,1
435,0,8.75,11,6.84200095061152,7.04890235644763,1
435,0,8.75,11,7.04890235644763,7.13996209534297,1
435,0,8.75,11,7.13996209534297,7.59332390530536,1
435,0,8.75,11,7.59332390530536,7.60769293478285,1
435,0,8.75,11,7.60769293478285,7.70070510355147,1
435,0,8.75,11,7.70070510355147,8.23994088529362,1
435,0,8.75,11,8.23994088529362,8.4042856916762,1
435,0,8.75,11,8.4042856916762,8.4424766359995,1
435,0,8.75,11,8.4424766359995,8.75,0
436,0,8.75,3,0,4.60102019735035,1
436,0,8.75,3,4.60102019735035,7.082511897144,1
436,0,8.75,3,7.082511897144,8.73556972463228,1
436,0,8.75,3,8.73556972463228,8.75,0
437,0,10.75,1,0,1.61609671408794,1
437,0,10.75,1,1.61609671408794,10.75,0
438,0,14.75,37,0,3.37964678794049,1
438,0,14.75,37,3.37964678794049,4.49926940556522,1
438,0,14.75,37,4.49926940556522,5.95534321617045,1
438,0,14.75,37,5.95534321617045,6.24012009199522,1
438,0,14.75,37,6.24012009199522,6.39064945466598,1
438,0,14.75,37,6.39064945466598,6.59154581675139,1
438,0,14.75,37,6.59154581675139,7.55323527004558,1
438,0,14.75,37,7.55323527004558,7.77514304809856,1
438,0,14.75,37,7.77514304809856,7.90091046185862,1
438,0,14.75,37,7.90091046185862,8.44475892054822,1
438,0,14.75,37,8.44475892054822,8.90194320402805,1
438,0,14.75,37,8.90194320402805,9.15445199407811,1
438,0,14.75,37,9.15445199407811,9.26951807626975,1
438,0,14.75,37,9.26951807626975,9.50133039343366,1
438,0,14.75,37,9.50133039343366,10.2441292135622,1
438,0,14.75,37,10.2441292135622,10.6847712774852,1
438,0,14.75,37,10.6847712774852,11.3339118028298,1
438,0,14.75,37,11.3339118028298,11.4566105764288,1
438,0,14.75,37,11.4566105764288,11.9429102086886,1
438,0,14.75,37,11.9429102086886,12.0193679105807,1
438,0,14.75,37,12.0193679105807,12.0340028733707,1
438,0,14.75,37,12.0340028733707,12.2790774785515,1
438,0,14.75,37,12.2790774785515,12.4173696123709,1
438,0,14.75,37,12.4173696123709,12.4581386155054,1
438,0,14.75,37,12.4581386155054,12.4786542597924,1
438,0,14.75,37,12.4786542597924,12.8996145718678,1
438,0,14.75,37,12.8996145718678,13.0952635823818,1
438,0,14.75,37,13.0952635823818,13.3628379492277,1
438,0,14.75,37,13.3628379492277,13.6599253521883,1
438,0,14.75,37,13.6599253521883,13.925865422029,1
438,0,14.75,37,13.925865422029,13.981124456357,1
438,0,14.75,37,13.981124456357,13.993469381057,1
438,0,14.75,37,13.993469381057,14.0331691731629,1
438,0,14.75,37,14.0331691731629,14.5001350905802,1
438,0,14.75,37,14.5001350905802,14.519432654105,1
438,0,14.75,37,14.519432654105,14.653931256329,1
438,0,14.75,37,14.653931256329,14.7354481857627,1
438,0,14.75,37,14.7354481857627,14.75,0
439,0,14.75,39,0,2.57891515752807,1
439,0,14.75,39,2.57891515752807,4.62339454678862,1
439,0,14.75,39,4.62339454678862,5.54756849613378,1
439,0,14.75,39,5.54756849613378,6.74739699497063,1
439,0,14.75,39,6.74739699497063,6.98003341865696,1
439,0,14.75,39,6.98003341865696,7.0261613620802,1
439,0,14.75,39,7.0261613620802,7.08046764111995,1
439,0,14.75,39,7.08046764111995,7.2526150658974,1
439,0,14.75,39,7.2526150658974,7.30027538066323,1
439,0,14.75,39,7.30027538066323,7.7794186014003,1
439,0,14.75,39,7.7794186014003,7.94980450890131,1
439,0,14.75,39,7.94980450890131,8.1870448443629,1
439,0,14.75,39,8.1870448443629,8.21990234234271,1
439,0,14.75,39,8.21990234234271,9.00243887398364,1
439,0,14.75,39,9.00243887398364,9.5686316607583,1
439,0,14.75,39,9.5686316607583,9.66267131078986,1
439,0,14.75,39,9.66267131078986,10.0917360513751,1
439,0,14.75,39,10.0917360513751,10.4250327894775,1
439,0,14.75,39,10.4250327894775,10.7100072186715,1
439,0,14.75,39,10.7100072186715,10.7175954995789,1
439,0,14.75,39,10.7175954995789,10.8148549834119,1
439,0,14.75,39,10.8148549834119,11.6142576146831,1
439,0,14.75,39,11.6142576146831,11.6953132734822,1
439,0,14.75,39,11.6953132734822,11.7057680332467,1
439,0,14.75,39,11.7057680332467,11.7954785159033,1
439,0,14.75,39,11.7954785159033,11.9032624503866,1
439,0,14.75,39,11.9032624503866,11.9724192952088,1
439,0,14.75,39,11.9724192952088,12.0456508584366,1
439,0,14.75,39,12.0456508584366,12.7091727010441,1
439,0,14.75,39,12.7091727010441,12.8139765132323,1
439,0,14.75,39,12.8139765132323,13.3100326199875,1
439,0,14.75,39,13.3100326199875,13.6345754486796,1
439,0,14.75,39,13.6345754486796,14.0787443424117,1
439,0,14.75,39,14.0787443424117,14.1073321647705,1
439,0,14.75,39,14.1073321647705,14.1801344116105,1
439,0,14.75,39,14.1801344116105,14.1947772169743,1
439,0,14.75,39,14.1947772169743,14.3670079305231,1
439,0,14.75,39,14.3670079305231,14.5987694447418,1
439,0,14.75,39,14.5987694447418,14.6444057653998,1
439,0,14.75,39,14.6444057653998,14.75,0
440,0,13.75,16,0,3.59809296470239,1
440,0,13.75,16,3.59809296470239,3.94427372025298,1
440,0,13.75,16,3.94427372025298,4.37954510525997,1
440,0,13.75,16,4.37954510525997,5.42588732996115,1
440,0,13.75,16,5.42588732996115,7.54458356995358,1
440,0,13.75,16,7.54458356995358,8.71844443234512,1
440,0,13.75,16,8.71844443234512,9.58441108249522,1
440,0,13.75,16,9.58441108249522,10.3292522009915,1
440,0,13.75,16,10.3292522009915,10.6665445650052,1
440,0,13.75,16,10.6665445650052,10.9521869790009,1
440,0,13.75,16,10.9521869790009,11.3080139995443,1
440,0,13.75,16,11.3080139995443,11.8582714658185,1
440,0,13.75,16,11.8582714658185,12.1867279410426,1
440,0,13.75,16,12.1867279410426,12.3261679024145,1
440,0,13.75,16,12.3261679024145,13.4201737517776,1
440,0,13.75,16,13.4201737517776,13.4638645504069,1
440,0,13.75,16,13.4638645504069,13.75,0
441,0,12.75,0,0,12.75,0
442,0,10.75,0,0,10.75,0
443,0,9.75,2,0,0.0523030977376516,1
443,0,9.75,2,0.0523030977376516,3.53715924422655,1
443,0,9.75,2,3.53715924422655,9.75,0
444,0,15.75,2,0,0.442599319086312,1
444,0,15.75,2,0.442599319086312,0.55227176513805,1
444,0,15.75,2,0.55227176513805,15.75,0
445,0,11.75,9,0,6.5121178930187,1
445,0,11.75,9,6.5121178930187,7.32104851932064,1
445,0,11.75,9,7.32104851932064,9.39393552629574,1
445,0,11.75,9,9.39393552629574,9.97193766244639,1
445,0,11.75,9,9.97193766244639,10.0264523073967,1
445,0,11.75,9,10.0264523073967,10.9214062540444,1
445,0,11.75,9,10.9214062540444,11.3194594377187,1
445,0,11.75,9,11.3194594377187,11.5710499734112,1
445,0,11.75,9,11.5710499734112,11.6099353296361,1
445,0,11.75,9,11.6099353296361,11.75,0
446,0,11.75,1,0,0.171313274266395,1
446,0,11.75,1,0.171313274266395,11.75,0
447,0,7.75,0,0,7.75,0
448,0,9.75,3,0,1.54885195302011,1
448,0,9.75,3,1.54885195302011,3.28104984361288,1
448,0,9.75,3,3.28104984361288,7.21757504796696,1
448,0,9.75,3,7.21757504796696,9.75,0
449,0,15.75,35,0,4.16951530376059,1
449,0,15.75,35,4.16951530376059,4.81052071194783,1
449,0,15.75,35,4.81052071194783,6.1005783584355,1
449,0,15.75,35,6.1005783584355,6.10187570080959,1
449,0,15.75,35,6.10187570080959,6.58571771474268,1
449,0,15.75,35,6.58571771474268,7.11157794162857,1
449,0,15.75,35,7.11157794162857,8.11188491753655,1
449,0,15.75,35,8.11188491753655,8.98920620767235,1
449,0,15.75,35,8.98920620767235,9.0305115575563,1
449,0,15.75,35,9.0305115575563,9.55998665836022,1
449,0,15.75,35,9.55998665836022,9.62558030731598,1
449,0,15.75,35,9.62558030731598,9.81820399330402,1
449,0,15.75,35,9.81820399330402,9.86913217124186,1
449,0,15.75,35,9.86913217124186,10.953666948101,1
449,0,15.75,35,10.953666948101,11.1381249434185,1
449,0,15.75,35,11.1381249434185,11.2330828052039,1
449,0,15.75,35,11.2330828052039,11.6154180820205,1
449,0,15.75,35,11.6154180820205,12.016385718448,1
449,0,15.75,35,12.016385718448,12.2329765048437,1
449,0,15.75,35,12.2329765048437,12.3024036518293,1
449,0,15.75,35,12.3024036518293,12.4648167279072,1
449,0,15.75,35,12.4648167279072,12.4845663509865,1
449,0,15.75,35,12.4845663509865,12.7090706901033,1
449,0,15.75,35,12.7090706901033,12.9132093498117,1
449,0,15.75,35,12.9132093498117,13.027316654368,1
449,0,15.75,35,13.027316654368,13.4275133282111,1
449,0,15.75,35,13.4275133282111,13.7555016901312,1
449,0,15.75,35,13.7555016901312,14.1972816432419,1
449,0,15.75,35,14.1972816432419,14.9764654508414,1
449,0,15.75,35,14.9764654508414,15.0030277850151,1
449,0,15.75,35,15.0030277850151,15.0547219278418,1
449,0,15.75,35,15.0547219278418,15.2299883102464,1
449,0,15.75,35,15.2299883102464,15.2339294639966,1
449,0,15.75,35,15.2339294639966,15.4645049844594,1
449,0,15.75,35,15.4645049844594,15.4833545181743,1
449,0,15.75,35,15.4833545181743,15.75,0
450,0,10.75,9,0,4.21521766562644,1
450,0,10.75,9,4.21521766562644,6.5394027158959,1
450,0,10.75,9,6.5394027158959,6.6286220030474,1
450,0,10.75,9,6.6286220030474,7.32729987786186,1
450,0,10.75,9,7.32729987786186,8.45423006324996,1
450,0,10.75,9,8.45423006324996,8.51142803658062,1
450,0,10.75,9,8.51142803658062,10.0972492888687,1
450,0,10.75,9,10.0972492888687,10.2076067696251,1
450,0,10.75,9,10.2076067696251,10.5818531135079,1
450,0,10.75,9,10.5818531135079,10.75,0
451,0,13.75,3,0,0.427593722125027,1
451,0,13.75,3,0.427593722125027,1.57996134633136,1
451,0,13.75,3,1.57996134633136,2.40997591620689,1
451,0,13.75,3,2.40997591620689,13.75,0
452,0,15.75,0,0,15.75,0
453,0,13.75,2,0,5.90227220744624,1
453,0,13.75,2,5.90227220744624,10.6667080588357,1
453,0,13.75,2,10.6667080588357,13.75,0
454,0,9.75,1,0,3.70548578320586,1
454,0,9.75,1,3.70548578320586,9.75,0
455,0,13.75,0,0,13.75,0
456,0,14.75,1,0,2.95927124549972,1
456,0,14.75,1,2.95927124549972,14.75,0
457,0,17.75,0,0,17.75,0
458,0,9.75,5,0,5.32464389351548,1
458,0,9.75,5,5.32464389351548,5.39717385050268,1
458,0,9.75,5,5.39717385050268,7.44341099988073,1
458,0,9.75,5,7.44341099988073,9.4301200343693,1
458,0,9.75,5,9.4301200343693,9.4823427878435,1
458,0,9.75,5,9.4823427878435,9.75,0
459,0,11.75,15,0,1.82471179218964,1
459,0,11.75,15,1.82471179218964,5.19760954282313,1
459,0,11.75,15,5.19760954282313,5.33685049002196,1
459,0,11.75,15,5.33685049002196,6.1848575761167,1
459,0,11.75,15,6.1848575761167,6.32041141188794,1
459,0,11.75,15,6.32041141188794,6.33900163128554,1
459,0,11.75,15,6.33900163128554,6.90518647490501,1
459,0,11.75,15,6.90518647490501,7.32836316210971,1
459,0,11.75,15,7.32836316210971,7.54547694594373,1
459,0,11.75,15,7.54547694594373,8.4098054467275,1
459,0,11.75,15,8.4098054467275,8.85633906059494,1
459,0,11.75,15,8.85633906059494,9.40467890980676,1
459,0,11.75,15,9.40467890980676,10.2725621577557,1
459,0,11.75,15,10.2725621577557,11.3826039277359,1
459,0,11.75,15,11.3826039277359,11.7342478941806,1
459,0,11.75,15,11.7342478941806,11.75,0
460,0,12.75,16,0,3.616981829751,1
460,0,12.75,16,3.616981829751,6.79982038523436,1
460,0,12.75,16,6.79982038523436,7.11354886704464,1
460,0,12.75,16,7.11354886704464,7.9549083850141,1
460,0,12.75,16,7.9549083850141,8.00371825992961,1
460,0,12.75,16,8.00371825992961,8.60210297375484,1
460,0,12.75,16,8.60210297375484,8.90548443270144,1
460,0,12.75,16,8.90548443270144,8.91718458185225,1
460,0,12.75,16,8.91718458185225,9.28656123093592,1
460,0,12.75,16,9.28656123093592,9.6826862718717,1
460,0,12.75,16,9.6826862718717,10.702302257391,1
460,0,12.75,16,10.702302257391,11.1072879592955,1
460,0,12.75,16,11.1072879592955,11.3645588087216,1
460,0,12.75,16,11.3645588087216,11.748096592761,1
460,0,12.75,16,11.748096592761,12.464939010806,1
460,0,12.75,16,12.464939010806,12.4823109546483,1
460,0,12.75,16,12.4823109546483,12.75,0
461,0,13.75,18,0,7.37054806398628,1
461,0,13.75,18,7.37054806398628,7.38106059677185,1
461,0,13.75,18,7.38106059677185,7.7793867038185,1
461,0,13.75,18,7.7793867038185,7.83905435166013,1
461,0,13.75,18,7.83905435166013,7.96460590868839,1
461,0,13.75,18,7.96460590868839,8.40500548339065,1
461,0,13.75,18,8.40500548339065,10.325359256384,1
461,0,13.75,18,10.325359256384,10.4478264395153,1
461,0,13.75,18,10.4478264395153,11.8596770394863,1
461,0,13.75,18,11.8596770394863,11.9116668517218,1
461,0,13.75,18,11.9116668517218,12.1264877042498,1
461,0,13.75,18,12.1264877042498,12.1854703134276,1
461,0,13.75,18,12.1854703134276,12.445600091598,1
461,0,13.75,18,12.445600091598,12.7034443125478,1
461,0,13.75,18,12.7034443125478,13.0338557219918,1
461,0,13.75,18,13.0338557219918,13.4593681940631,1
461,0,13.75,18,13.4593681940631,13.707995993021,1
461,0,13.75,18,13.707995993021,13.7227685335303,1
461,0,13.75,18,13.7227685335303,13.75,0
462,0,12.75,1,0,7.80214574940365,1
462,0,12.75,1,7.80214574940365,12.75,0
463,0,10.75,1,0,8.82301118289666,1
463,0,10.75,1,8.82301118289666,10.75,0
464,0,17.75,49,0,2.00616543348723,1
464,0,17.75,49,2.00616543348723,2.41841859801172,1
464,0,17.75,49,2.41841859801172,5.98291735927566,1
464,0,17.75,49,5.98291735927566,6.11909978260666,1
464,0,17.75,49,6.11909978260666,6.3796823208783,1
464,0,17.75,49,6.3796823208783,6.39968311653837,1
464,0,17.75,49,6.39968311653837,6.597859436426,1
464,0,17.75,49,6.597859436426,7.51005532293391,1
464,0,17.75,49,7.51005532293391,8.36235704036039,1
464,0,17.75,49,8.36235704036039,8.59060663316047,1
464,0,17.75,49,8.59060663316047,8.82294623230889,1
464,0,17.75,49,8.82294623230889,9.13613830951169,1
464,0,17.75,49,9.13613830951169,9.32134860907584,1
464,0,17.75,49,9.32134860907584,9.90115494418456,1
464,0,17.75,49,9.90115494418456,9.99247355986238,1
464,0,17.75,49,9.99247355986238,10.074071796061,1
464,0,17.75,49,10.074071796061,10.3470522940059,1
464,0,17.75,49,10.3470522940059,10.3708922236555,1
464,0,17.75,49,10.3708922236555,11.0562838616213,1
464,0,17.75,49,11.0562838616213,11.2114850586722,1
464,0,17.75,49,11.2114850586722,11.3104096587018,1
464,0,17.75,49,11.3104096587018,11.5036056302638,1
464,0,17.75,49,11.5036056302638,11.5483911107021,1
464,0,17.75,49,11.5483911107021,12.3660223670071,1
464,0,17.75,49,12.3660223670071,12.4698745564485,1
464,0,17.75,49,12.4698745564485,12.562908919316,1
464,0,17.75,49,12.562908919316,12.6139858913772,1
464,0,17.75,49,12.6139858913772,13.0400116168083,1
464,0,17.75,49,13.0400116168083,13.3370750542368,1
464,0,17.75,49,13.3370750542368,13.4055446279613,1
464,0,17.75,49,13.4055446279613,13.6899702850262,1
464,0,17.75,49,13.6899702850262,14.0420730845333,1
464,0,17.75,49,14.0420730845333,14.3358051919657,1
464,0,17.75,49,14.3358051919657,14.6447794901382,1
464,0,17.75,49,14.6447794901382,14.6588076589009,1
464,0,17.75,49,14.6588076589009,15.0251118289176,1
464,0,17.75,49,15.0251118289176,15.0833722816453,1
464,0,17.75,49,15.0833722816453,15.1334939028162,1
464,0,17.75,49,15.1334939028162,15.2899435128378,1
464,0,17.75,49,15.2899435128378,15.6110232576751,1
464,0,17.75,49,15.6110232576751,15.8929680365863,1
464,0,17.75,49,15.8929680365863,16.1034738366784,1
464,0,17.75,49,16.1034738366784,16.3179337644654,1
464,0,17.75,49,16.3179337644654,16.3527487741668,1
464,0,17.75,49,16.3527487741668,16.4756215917968,1
464,0,17.75,49,16.4756215917968,16.8086137352621,1
464,0,17.75,49,16.8086137352621,17.2192766848353,1
464,0,17.75,49,17.2192766848353,17.3119813410687,1
464,0,17.75,49,17.3119813410687,17.5363192369002,1
464,0,17.75,49,17.5363192369002,17.75,0
465,0,11.75,1,0,0.187527884604886,1
465,0,11.75,1,0.187527884604886,11.75,0
466,0,12.75,44,0,0.455191617171649,1
466,0,12.75,44,0.455191617171649,2.07196606767303,1
466,0,12.75,44,2.07196606767303,4.5889172077275,1
466,0,12.75,44,4.5889172077275,4.82496494083496,1
466,0,12.75,44,4.82496494083496,4.95147004394649,1
466,0,12.75,44,4.95147004394649,5.00634734898018,1
466,0,12.75,44,5.00634734898018,5.25911552554895,1
466,0,12.75,44,5.25911552554895,5.61042023447523,1
466,0,12.75,44,5.61042023447523,5.99735610875401,1
466,0,12.75,44,5.99735610875401,6.13331248088767,1
466,0,12.75,44,6.13331248088767,6.54692620579782,1
466,0,12.75,44,6.54692620579782,6.55596144540705,1
466,0,12.75,44,6.55596144540705,6.77738601494956,1
466,0,12.75,44,6.77738601494956,6.8488316522901,1
466,0,12.75,44,6.8488316522901,7.01591811206111,1
466,0,12.75,44,7.01591811206111,7.1164225907632,1
466,0,12.75,44,7.1164225907632,7.23091424019527,1
466,0,12.75,44,7.23091424019527,7.24317801776002,1
466,0,12.75,44,7.24317801776002,7.82502693521046,1
466,0,12.75,44,7.82502693521046,8.0556384865939,1
466,0,12.75,44,8.0556384865939,8.18926918927429,1
466,0,12.75,44,8.18926918927429,8.31801456639021,1
466,0,12.75,44,8.31801456639021,8.7504698088866,1
466,0,12.75,44,8.7504698088866,9.0926384377523,1
466,0,12.75,44,9.0926384377523,9.51200490366793,1
466,0,12.75,44,9.51200490366793,9.54477339728081,1
466,0,12.75,44,9.54477339728081,9.97326562801059,1
466,0,12.75,44,9.97326562801059,10.004417802512,1
466,0,12.75,44,10.004417802512,10.2250737151945,1
466,0,12.75,44,10.2250737151945,10.2894113990761,1
466,0,12.75,44,10.2894113990761,10.3154670405843,1
466,0,12.75,44,10.3154670405843,10.3665252220675,1
466,0,12.75,44,10.3665252220675,10.5104559987459,1
466,0,12.75,44,10.5104559987459,11.2154350976002,1
466,0,12.75,44,11.2154350976002,11.3951900242732,1
466,0,12.75,44,11.3951900242732,11.5750479187887,1
466,0,12.75,44,11.5750479187887,11.827460999226,1
466,0,12.75,44,11.827460999226,11.8389219515058,1
466,0,12.75,44,11.8389219515058,11.9648872873987,1
466,0,12.75,44,11.9648872873987,12.000727733046,1
466,0,12.75,44,12.000727733046,12.0105393580426,1
466,0,12.75,44,12.0105393580426,12.1528374852824,1
466,0,12.75,44,12.1528374852824,12.2602803070103,1
466,0,12.75,44,12.2602803070103,12.3479525184617,1
466,0,12.75,44,12.3479525184617,12.75,0
467,0,12.75,23,0,2.36324456807403,1
467,0,12.75,23,2.36324456807403,5.1974339345713,1
467,0,12.75,23,5.1974339345713,6.86454402967596,1
467,0,12.75,23,6.86454402967596,7.03468489969908,1
467,0,12.75,23,7.03468489969908,7.04940074385743,1
467,0,12.75,23,7.04940074385743,7.17598999287884,1
467,0,12.75,23,7.17598999287884,8.40459506927665,1
467,0,12.75,23,8.40459506927665,8.40618284331627,1
467,0,12.75,23,8.40618284331627,8.41241011369,1
467,0,12.75,23,8.41241011369,8.6588750496765,1
467,0,12.75,23,8.6588750496765,8.66703695534882,1
467,0,12.75,23,8.66703695534882,9.58546185367372,1
467,0,12.75,23,9.58546185367372,9.90697882571622,1
467,0,12.75,23,9.90697882571622,10.2692482901949,1
467,0,12.75,23,10.2692482901949,10.3333662560514,1
467,0,12.75,23,10.3333662560514,11.0454037422549,1
467,0,12.75,23,11.0454037422549,11.1227029971723,1
467,0,12.75,23,11.1227029971723,11.4575826592069,1
467,0,12.75,23,11.4575826592069,11.6786915010956,1
467,0,12.75,23,11.6786915010956,12.0133842224603,1
467,0,12.75,23,12.0133842224603,12.1512612246117,1
467,0,12.75,23,12.1512612246117,12.3060154195712,1
467,0,12.75,23,12.3060154195712,12.6737895365551,1
467,0,12.75,23,12.6737895365551,12.75,0
468,0,11.75,25,0,2.24398448196549,1
468,0,11.75,25,2.24398448196549,4.54045342994037,1
468,0,11.75,25,4.54045342994037,6.05094735470026,1
468,0,11.75,25,6.05094735470026,6.55262874969228,1
468,0,11.75,25,6.55262874969228,7.63297481469959,1
468,0,11.75,25,7.63297481469959,9.11775240773596,1
468,0,11.75,25,9.11775240773596,9.20209734996265,1
468,0,11.75,25,9.20209734996265,9.29631867669165,1
468,0,11.75,25,9.29631867669165,9.30943508334294,1
468,0,11.75,25,9.30943508334294,9.4367674530352,1
468,0,11.75,25,9.4367674530352,9.59978777086631,1
468,0,11.75,25,9.59978777086631,9.82229435102118,1
468,0,11.75,25,9.82229435102118,10.1189983797569,1
468,0,11.75,25,10.1189983797569,10.1890659154667,1
468,0,11.75,25,10.1890659154667,10.4356168725232,1
468,0,11.75,25,10.4356168725232,10.4413140539389,1
468,0,11.75,25,10.4413140539389,10.5289737990921,1
468,0,11.75,25,10.5289737990921,10.5798163225666,1
468,0,11.75,25,10.5798163225666,10.6952928735262,1
468,0,11.75,25,10.6952928735262,11.0294064622466,1
468,0,11.75,25,11.0294064622466,11.0336332267758,1
468,0,11.75,25,11.0336332267758,11.0355490456167,1
468,0,11.75,25,11.0355490456167,11.2180100014681,1
468,0,11.75,25,11.2180100014681,11.2717425361653,1
468,0,11.75,25,11.2717425361653,11.4761352297653,1
468,0,11.75,25,11.4761352297653,11.75,0
469,0,9.75,11,0,6.66198501082564,1
469,0,9.75,11,6.66198501082564,6.86101825999379,1
469,0,9.75,11,6.86101825999379,7.4061626857041,1
469,0,9.75,11,7.4061626857041,7.5002932329322,1
469,0,9.75,11,7.5002932329322,7.78341644631224,1
469,0,9.75,11,7.78341644631224,7.90874199678656,1
469,0,9.75,11,7.90874199678656,8.05095886867305,1
469,0,9.75,11,8.05095886867305,8.5761141881674,1
469,0,9.75,11,8.5761141881674,9.38851114516109,1
469,0,9.75,11,9.38851114516109,9.58717257304841,1
469,0,9.75,11,9.58717257304841,9.70053544355746,1
469,0,9.75,11,9.70053544355746,9.75,0
470,0,20.75,0,0,20.75,0
471,0,16.75,1,0,9.77136944317878,1
471,0,16.75,1,9.77136944317878,16.75,0
472,0,11.75,1,0,0.135319629070925,1
472,0,11.75,1,0.135319629070925,11.75,0
473,0,11.75,4,0,2.66610434636442,1
473,0,11.75,4,2.66610434636442,4.58333470073858,1
473,0,11.75,4,4.58333470073858,6.9052060041624,1
473,0,11.75,4,6.9052060041624,6.91171784288398,1
473,0,11.75,4,6.91171784288398,11.75,0
474,0,12.75,29,0,2.7391909082197,1
474,0,12.75,29,2.7391909082197,3.76828842204203,1
474,0,12.75,29,3.76828842204203,3.8933669964063,1
474,0,12.75,29,3.8933669964063,5.22889961974038,1
474,0,12.75,29,5.22889961974038,5.27695379648756,1
474,0,12.75,29,5.27695379648756,6.54201855999273,1
474,0,12.75,29,6.54201855999273,6.70071973252753,1
474,0,12.75,29,6.70071973252753,7.18073706879775,1
474,0,12.75,29,7.18073706879775,7.36339975481623,1
474,0,12.75,29,7.36339975481623,7.86639195233742,1
474,0,12.75,29,7.86639195233742,8.05865913878993,1
474,0,12.75,29,8.05865913878993,8.29365957981598,1
474,0,12.75,29,8.29365957981598,8.54207605898844,1
474,0,12.75,29,8.54207605898844,8.60151922637213,1
474,0,12.75,29,8.60151922637213,9.11363856825354,1
474,0,12.75,29,9.11363856825354,9.30452959548386,1
474,0,12.75,29,9.30452959548386,9.47650163348809,1
474,0,12.75,29,9.47650163348809,9.92433169199049,1
474,0,12.75,29,9.92433169199049,10.201753473049,1
474,0,12.75,29,10.201753473049,10.5646666505931,1
474,0,12.75,29,10.5646666505931,10.9934779011998,1
474,0,12.75,29,10.9934779011998,11.0695922635385,1
474,0,12.75,29,11.0695922635385,11.3687307421885,1
474,0,12.75,29,11.3687307421885,11.4849254534837,1
474,0,12.75,29,11.4849254534837,11.7037014808992,1
474,0,12.75,29,11.7037014808992,11.7914978463213,1
474,0,12.75,29,11.7914978463213,11.9179449779509,1
474,0,12.75,29,11.9179449779509,12.0902769665604,1
474,0,12.75,29,12.0902769665604,12.4142681951425,1
474,0,12.75,29,12.4142681951425,12.75,0
475,0,20.75,2,0,0.00907305846834876,1
475,0,20.75,2,0.00907305846834876,2.4879003002577,1
475,0,20.75,2,2.4879003002577,20.75,0
476,0,7.75,2,0,0.69095006640292,1
476,0,7.75,2,0.69095006640292,6.80650660663431,1
476,0,7.75,2,6.80650660663431,7.75,0
477,0,15.75,0,0,15.75,0
478,0,14.75,1,0,3.55982459300831,1
478,0,14.75,1,3.55982459300831,14.75,0
479,0,10.75,2,0,0.316952962143243,1
479,0,10.75,2,0.316952962143243,0.883120673764377,1
479,0,10.75,2,0.883120673764377,10.75,0
480,0,11.75,0,0,11.75,0
481,0,19.75,1,0,10.8475141275604,1
481,0,19.75,1,10.8475141275604,19.75,0
482,0,15.75,39,0,2.28434251940121,1
482,0,15.75,39,2.28434251940121,3.68528779617336,1
482,0,15.75,39,3.68528779617336,5.38903598528177,1
482,0,15.75,39,5.38903598528177,7.45382164947954,1
482,0,15.75,39,7.45382164947954,7.97943772921856,1
482,0,15.75,39,7.97943772921856,9.1203172211288,1
482,0,15.75,39,9.1203172211288,9.45666627635102,1
482,0,15.75,39,9.45666627635102,9.49944692019401,1
482,0,15.75,39,9.49944692019401,9.60071819746813,1
482,0,15.75,39,9.60071819746813,10.0573085766319,1
482,0,15.75,39,10.0573085766319,10.2637955801652,1
482,0,15.75,39,10.2637955801652,10.339280970214,1
482,0,15.75,39,10.339280970214,11.2391002261828,1
482,0,15.75,39,11.2391002261828,11.2464448501261,1
482,0,15.75,39,11.2464448501261,11.8807055802246,1
482,0,15.75,39,11.8807055802246,11.8965904987925,1
482,0,15.75,39,11.8965904987925,12.0911769228652,1
482,0,15.75,39,12.0911769228652,12.1327111306971,1
482,0,15.75,39,12.1327111306971,12.2043664436038,1
482,0,15.75,39,12.2043664436038,12.5808220267454,1
482,0,15.75,39,12.5808220267454,12.6167629969899,1
482,0,15.75,39,12.6167629969899,12.96425972672,1
482,0,15.75,39,12.96425972672,13.1435692579518,1
482,0,15.75,39,13.1435692579518,13.1761563464093,1
482,0,15.75,39,13.1761563464093,13.2778048004868,1
482,0,15.75,39,13.2778048004868,13.359361044389,1
482,0,15.75,39,13.359361044389,13.4421231235234,1
482,0,15.75,39,13.4421231235234,13.6581257894194,1
482,0,15.75,39,13.6581257894194,13.6976314726566,1
482,0,15.75,39,13.6976314726566,13.8867245066185,1
482,0,15.75,39,13.8867245066185,14.5792802468756,1
482,0,15.75,39,14.5792802468756,14.8407696944702,1
482,0,15.75,39,14.8407696944702,14.8488419137134,1
482,0,15.75,39,14.8488419137134,15.0078625708132,1
482,0,15.75,39,15.0078625708132,15.0352399586209,1
482,0,15.75,39,15.0352399586209,15.109500017971,1
482,0,15.75,39,15.109500017971,15.6366382743312,1
482,0,15.75,39,15.6366382743312,15.6964734927532,1
482,0,15.75,39,15.6964734927532,15.7093432591365,1
482,0,15.75,39,15.7093432591365,15.75,0
483,0,15.75,1,0,3.05167717552835,1
483,0,15.75,1,3.05167717552835,15.75,0
484,0,19.75,37,0,4.46279865624948,1
484,0,19.75,37,4.46279865624948,6.05493045256111,1
484,0,19.75,37,6.05493045256111,7.30158096444792,1
484,0,19.75,37,7.30158096444792,7.49350287207796,1
484,0,19.75,37,7.49350287207796,8.11199495642741,1
484,0,19.75,37,8.11199495642741,8.50306671735141,1
484,0,19.75,37,8.50306671735141,8.71759023811728,1
484,0,19.75,37,8.71759023811728,9.44657485542944,1
484,0,19.75,37,9.44657485542944,9.58469519185284,1
484,0,19.75,37,9.58469519185284,10.1030274629234,1
484,0,19.75,37,10.1030274629234,11.6022700004059,1
484,0,19.75,37,11.6022700004059,12.074087258172,1
484,0,19.75,37,12.074087258172,12.4620693725534,1
484,0,19.75,37,12.4620693725534,12.5041723473865,1
484,0,19.75,37,12.5041723473865,13.2487936799747,1
484,0,19.75,37,13.2487936799747,13.3849330051383,1
484,0,19.75,37,13.3849330051383,13.4388164432982,1
484,0,19.75,37,13.4388164432982,13.9366192472989,1
484,0,19.75,37,13.9366192472989,14.1403214468102,1
484,0,19.75,37,14.1403214468102,14.2989171692459,1
484,0,19.75,37,14.2989171692459,14.9888438092533,1
484,0,19.75,37,14.9888438092533,15.5863729805351,1
484,0,19.75,37,15.5863729805351,16.0312737187444,1
484,0,19.75,37,16.0312737187444,16.0892336490435,1
484,0,19.75,37,16.0892336490435,16.0958789156812,1
484,0,19.75,37,16.0958789156812,16.1536135648358,1
484,0,19.75,37,16.1536135648358,16.2960168708484,1
484,0,19.75,37,16.2960168708484,16.8188494989918,1
484,0,19.75,37,16.8188494989918,17.2080886535747,1
484,0,19.75,37,17.2080886535747,17.2458683862502,1
484,0,19.75,37,17.2458683862502,17.7479055564387,1
484,0,19.75,37,17.7479055564387,17.8160605908478,1
484,0,19.75,37,17.8160605908478,18.0412424500193,1
484,0,19.75,37,18.0412424500193,18.4896309514942,1
484,0,19.75,37,18.4896309514942,18.756819366273,1
484,0,19.75,37,18.756819366273,19.5338210301793,1
484,0,19.75,37,19.5338210301793,19.617152342766,1
484,0,19.75,37,19.617152342766,19.75,0
485,0,19.75,2,0,0.00474993020803281,1
485,0,19.75,2,0.00474993020803281,12.6118689207502,1
485,0,19.75,2,12.6118689207502,19.75,0
486,0,17.75,35,0,2.86803172613628,1
486,0,17.75,35,2.86803172613628,3.95861547640319,1
486,0,17.75,35,3.95861547640319,5.49915541207186,1
486,0,17.75,35,5.49915541207186,5.73612986374784,1
486,0,17.75,35,5.73612986374784,7.78423073790214,1
486,0,17.75,35,7.78423073790214,7.87564894414143,1
486,0,17.75,35,7.87564894414143,9.33697214708448,1
486,0,17.75,35,9.33697214708448,9.52943320302626,1
486,0,17.75,35,9.52943320302626,10.1207646562685,1
486,0,17.75,35,10.1207646562685,10.347459868833,1
486,0,17.75,35,10.347459868833,10.9448169141011,1
486,0,17.75,35,10.9448169141011,11.065288237324,1
486,0,17.75,35,11.065288237324,11.7146119696438,1
486,0,17.75,35,11.7146119696438,11.7259074825138,1
486,0,17.75,35,11.7259074825138,12.2224713682125,1
486,0,17.75,35,12.2224713682125,12.8056410891866,1
486,0,17.75,35,12.8056410891866,12.9668301665141,1
486,0,17.75,35,12.9668301665141,13.5373680990431,1
486,0,17.75,35,13.5373680990431,13.7558351094555,1
486,0,17.75,35,13.7558351094555,13.9173164851597,1
486,0,17.75,35,13.9173164851597,14.0788010507776,1
486,0,17.75,35,14.0788010507776,14.8303605999894,1
486,0,17.75,35,14.8303605999894,15.2928398806931,1
486,0,17.75,35,15.2928398806931,15.4144618001787,1
486,0,17.75,35,15.4144618001787,15.4765051766036,1
486,0,17.75,35,15.4765051766036,15.7826246149331,1
486,0,17.75,35,15.7826246149331,16.4415237266135,1
486,0,17.75,35,16.4415237266135,16.4572294419526,1
486,0,17.75,35,16.4572294419526,16.7404649330367,1
486,0,17.75,35,16.7404649330367,16.7446599451898,1
486,0,17.75,35,16.7446599451898,16.7962175995644,1
486,0,17.75,35,16.7962175995644,16.990273172842,1
486,0,17.75,35,16.990273172842,17.212914931254,1
486,0,17.75,35,17.212914931254,17.3183418076839,1
486,0,17.75,35,17.3183418076839,17.4664009011017,1
486,0,17.75,35,17.4664009011017,17.75,0
487,0,8.75,1,0,0.0381425967858692,1
487,0,8.75,1,0.0381425967858692,8.75,0
488,0,9.75,1,0,2.02911789637285,1
488,0,9.75,1,2.02911789637285,9.75,0
489,0,20.75,91,0,1.2412174763341,1
489,0,20.75,91,1.2412174763341,1.65525409787891,1
489,0,20.75,91,1.65525409787891,3.81990156069665,1
489,0,20.75,91,3.81990156069665,4.08652821077133,1
489,0,20.75,91,4.08652821077133,5.35477802317629,1
489,0,20.75,91,5.35477802317629,5.47827233830558,1
489,0,20.75,91,5.47827233830558,5.74186423017236,1
489,0,20.75,91,5.74186423017236,5.80181477389664,1
489,0,20.75,91,5.80181477389664,7.81261083660511,1
489,0,20.75,91,7.81261083660511,7.94634394767025,1
489,0,20.75,91,7.94634394767025,7.9795222755862,1
489,0,20.75,91,7.9795222755862,8.57565425552264,1
489,0,20.75,91,8.57565425552264,8.65646296537802,1
489,0,20.75,91,8.65646296537802,8.78581885384423,1
489,0,20.75,91,8.78581885384423,8.98670706671702,1
489,0,20.75,91,8.98670706671702,9.23023709175817,1
489,0,20.75,91,9.23023709175817,9.48124097343304,1
489,0,20.75,91,9.48124097343304,9.77597277132354,1
489,0,20.75,91,9.77597277132354,11.0740252723054,1
489,0,20.75,91,11.0740252723054,11.2683800347864,1
489,0,20.75,91,11.2683800347864,11.2889528926085,1
489,0,20.75,91,11.2889528926085,11.4246966836641,1
489,0,20.75,91,11.4246966836641,11.6627899533911,1
489,0,20.75,91,11.6627899533911,11.92250940773,1
489,0,20.75,91,11.92250940773,12.1945062073309,1
489,0,20.75,91,12.1945062073309,12.2877945252661,1
489,0,20.75,91,12.2877945252661,12.3810834394352,1
489,0,20.75,91,12.3810834394352,12.6040870671009,1
489,0,20.75,91,12.6040870671009,12.8253572884614,1
489,0,20.75,91,12.8253572884614,12.8836061274413,1
489,0,20.75,91,12.8836061274413,13.2050018715051,1
489,0,20.75,91,13.2050018715051,13.3565053625662,1
489,0,20.75,91,13.3565053625662,13.3994691046557,1
489,0,20.75,91,13.3994691046557,13.6802623846917,1
489,0,20.75,91,13.6802623846917,13.7556437132395,1
489,0,20.75,91,13.7556437132395,13.9314580186711,1
489,0,20.75,91,13.9314580186711,13.9824882775283,1
489,0,20.75,91,13.9824882775283,14.1604554528488,1
489,0,20.75,91,14.1604554528488,14.4236140787869,1
489,0,20.75,91,14.4236140787869,14.5558950280511,1
489,0,20.75,91,14.5558950280511,14.596467554087,1
489,0,20.75,91,14.596467554087,14.6203680279305,1
489,0,20.75,91,14.6203680279305,14.7232952625769,1
489,0,20.75,91,14.7232952625769,15.001368783177,1
489,0,20.75,91,15.001368783177,15.0215778523607,1
489,0,20.75,91,15.0215778523607,15.1097830921533,1
489,0,20.75,91,15.1097830921533,15.1869832398045,1
489,0,20.75,91,15.1869832398045,15.8003315797804,1
489,0,20.75,91,15.8003315797804,16.0024073708431,1
489,0,20.75,91,16.0024073708431,16.0129596470557,1
489,0,20.75,91,16.0129596470557,16.1369532036234,1
489,0,20.75,91,16.1369532036234,16.1583557690997,1
489,0,20.75,91,16.1583557690997,16.2747454109675,1
489,0,20.75,91,16.2747454109675,16.3458950974433,1
489,0,20.75,91,16.3458950974433,16.7292354268978,1
489,0,20.75,91,16.7292354268978,16.7926021834427,1
489,0,20.75,91,16.7926021834427,16.8913825218283,1
489,0,20.75,91,16.8913825218283,16.9169602478733,1
489,0,20.75,91,16.9169602478733,17.2305614965754,1
489,0,20.75,91,17.2305614965754,17.3262977292296,1
489,0,20.75,91,17.3262977292296,17.3628973813544,1
489,0,20.75,91,17.3628973813544,17.3758946373001,1
489,0,20.75,91,17.3758946373001,17.5991070480469,1
489,0,20.75,91,17.5991070480469,17.6263045039065,1
489,0,20.75,91,17.6263045039065,18.0135197201362,1
489,0,20.75,91,18.0135197201362,18.033693976643,1
489,0,20.75,91,18.033693976643,18.1728713571461,1
489,0,20.75,91,18.1728713571461,18.1929871486849,1
489,0,20.75,91,18.1929871486849,18.2050887062265,1
489,0,20.75,91,18.2050887062265,18.2736120740722,1
489,0,20.75,91,18.2736120740722,18.4758188205889,1
489,0,20.75,91,18.4758188205889,18.6354381261061,1
489,0,20.75,91,18.6354381261061,18.6853451298002,1
489,0,20.75,91,18.6853451298002,18.8239610764042,1
489,0,20.75,91,18.8239610764042,18.8290972493683,1
489,0,20.75,91,18.8290972493683,18.9058063286287,1
489,0,20.75,91,18.9058063286287,19.2622908406159,1
489,0,20.75,91,19.2622908406159,19.493810344844,1
489,0,20.75,91,19.493810344844,19.5468896937034,1
489,0,20.75,91,19.5468896937034,19.5593163636797,1
489,0,20.75,91,19.5593163636797,19.7020152913461,1
489,0,20.75,91,19.7020152913461,19.7040610753511,1
489,0,20.75,91,19.7040610753511,19.7144924902706,1
489,0,20.75,91,19.7144924902706,19.9075922170193,1
489,0,20.75,91,19.9075922170193,19.941084869187,1
489,0,20.75,91,19.941084869187,19.988343341123,1
489,0,20.75,91,19.988343341123,20.0133983860836,1
489,0,20.75,91,20.0133983860836,20.0971286342103,1
489,0,20.75,91,20.0971286342103,20.1059749708094,1
489,0,20.75,91,20.1059749708094,20.3730013525391,1
489,0,20.75,91,20.3730013525391,20.4849299339386,1
489,0,20.75,91,20.4849299339386,20.75,0
490,0,10.75,2,0,0.390172700244854,1
490,0,10.75,2,0.390172700244854,3.47352249916176,1
490,0,10.75,2,3.47352249916176,10.75,0
491,0,14.75,1,0,4.33781606046717,1
491,0,14.75,1,4.33781606046717,14.75,0
492,0,12.75,2,0,3.66936599135499,1
492,0,12.75,2,3.66936599135499,10.4237766496639,1
492,0,12.75,2,10.4237766496639,12.75,0
493,0,12.75,22,0,3.5493047738631,1
493,0,12.75,22,3.5493047738631,3.81444586393989,1
493,0,12.75,22,3.81444586393989,4.15443209074801,1
493,0,12.75,22,4.15443209074801,4.4851353461394,1
493,0,12.75,22,4.4851353461394,4.88842354390933,1
493,0,12.75,22,4.88842354390933,6.36444209640879,1
493,0,12.75,22,6.36444209640879,7.0769610687241,1
493,0,12.75,22,7.0769610687241,7.33118016651929,1
493,0,12.75,22,7.33118016651929,7.80211374443417,1
493,0,12.75,22,7.80211374443417,8.19116789084539,1
493,0,12.75,22,8.19116789084539,8.2080628597804,1
493,0,12.75,22,8.2080628597804,8.97983098460283,1
493,0,12.75,22,8.97983098460283,9.02503296437916,1
493,0,12.75,22,9.02503296437916,9.29841041912604,1
493,0,12.75,22,9.29841041912604,10.0049117302713,1
493,0,12.75,22,10.0049117302713,10.3514478311796,1
493,0,12.75,22,10.3514478311796,10.4169882307994,1
493,0,12.75,22,10.4169882307994,12.4094912037292,1
493,0,12.75,22,12.4094912037292,12.5432552342768,1
493,0,12.75,22,12.5432552342768,12.6155376741928,1
493,0,12.75,22,12.6155376741928,12.7000915256689,1
493,0,12.75,22,12.7000915256689,12.7199973885924,1
493,0,12.75,22,12.7199973885924,12.75,0
494,0,7.75,7,0,1.08476570440034,1
494,0,7.75,7,1.08476570440034,4.73346499488066,1
494,0,7.75,7,4.73346499488066,5.12670200682927,1
494,0,7.75,7,5.12670200682927,6.65071854290062,1
494,0,7.75,7,6.65071854290062,7.09498442840666,1
494,0,7.75,7,7.09498442840666,7.45698958092821,1
494,0,7.75,7,7.45698958092821,7.64354161756749,1
494,0,7.75,7,7.64354161756749,7.75,0
495,0,13.75,2,0,5.25383384382986,1
495,0,13.75,2,5.25383384382986,13.0734154112522,1
495,0,13.75,2,13.0734154112522,13.75,0
496,0,11.75,14,0,3.28521963709601,1
496,0,11.75,14,3.28521963709601,6.21636202512957,1
496,0,11.75,14,6.21636202512957,6.64149649002937,1
496,0,11.75,14,6.64149649002937,6.64745508406085,1
496,0,11.75,14,6.64745508406085,9.02965830380109,1
496,0,11.75,14,9.02965830380109,9.1291261326941,1
496,0,11.75,14,9.1291261326941,9.75438673248923,1
496,0,11.75,14,9.75438673248923,10.1068123785179,1
496,0,11.75,14,10.1068123785179,10.4302983715978,1
496,0,11.75,14,10.4302983715978,11.0583751618916,1
496,0,11.75,14,11.0583751618916,11.1642217525096,1
496,0,11.75,14,11.1642217525096,11.250579661184,1
496,0,11.75,14,11.250579661184,11.4332348169819,1
496,0,11.75,14,11.4332348169819,11.4371090876614,1
496,0,11.75,14,11.4371090876614,11.75,0
497,0,11.75,0,0,11.75,0
498,0,19.75,1,0,19.5635175405677,1
498,0,19.75,1,19.5635175405677,19.75,0
499,0,15.75,2,0,2.43302983289993,1
499,0,15.75,2,2.43302983289993,9.89094779755502,1
499,0,15.75,2,9.89094779755502,15.75,0
500,0,11.75,0,0,11.75,0
501,0,8.75,5,0,4.51764925267772,1
501,0,8.75,5,4.51764925267772,4.79611194342209,1
501,0,8.75,5,4.79611194342209,4.82593423742588,1
501,0,8.75,5,4.82593423742588,4.83013976740279,1
501,0,8.75,5,4.83013976740279,6.8056488793538,1
501,0,8.75,5,6.8056488793538,8.75,0
502,0,9.75,8,0,3.96654218539961,1
502,0,9.75,8,3.96654218539961,5.95442660701514,1
502,0,9.75,8,5.95442660701514,6.11773120414985,1
502,0,9.75,8,6.11773120414985,6.63814229591641,1
502,0,9.75,8,6.63814229591641,6.87982023393531,1
502,0,9.75,8,6.87982023393531,8.01985018773577,1
502,0,9.75,8,8.01985018773577,8.69890664826498,1
502,0,9.75,8,8.69890664826498,9.38969811423757,1
502,0,9.75,8,9.38969811423757,9.75,0
503,0,11.75,0,0,11.75,0
504,0,11.75,1,0,0.0701103919234098,1
504,0,11.75,1,0.0701103919234098,11.75,0
505,0,13.75,24,0,4.56011875998173,1
505,0,13.75,24,4.56011875998173,5.09431227165594,1
505,0,13.75,24,5.09431227165594,5.26921490155285,1
505,0,13.75,24,5.26921490155285,6.26121999453686,1
505,0,13.75,24,6.26121999453686,6.40375439022934,1
505,0,13.75,24,6.40375439022934,8.23318212450323,1
505,0,13.75,24,8.23318212450323,8.55149051837785,1
505,0,13.75,24,8.55149051837785,9.62015661741204,1
505,0,13.75,24,9.62015661741204,9.75587068853327,1
505,0,13.75,24,9.75587068853327,10.3302054873808,1
505,0,13.75,24,10.3302054873808,10.5021961501443,1
505,0,13.75,24,10.5021961501443,10.5210369746706,1
505,0,13.75,24,10.5210369746706,10.6359629472224,1
505,0,13.75,24,10.6359629472224,10.887558015853,1
505,0,13.75,24,10.887558015853,10.9945814024706,1
505,0,13.75,24,10.9945814024706,11.2318218874281,1
505,0,13.75,24,11.2318218874281,11.8418040493661,1
505,0,13.75,24,11.8418040493661,12.035578696892,1
505,0,13.75,24,12.035578696892,12.5684680006364,1
505,0,13.75,24,12.5684680006364,12.7752017810541,1
505,0,13.75,24,12.7752017810541,12.8115982066647,1
505,0,13.75,24,12.8115982066647,12.8227418665974,1
505,0,13.75,24,12.8227418665974,12.8288539567292,1
505,0,13.75,24,12.8288539567292,13.7024019038256,1
505,0,13.75,24,13.7024019038256,13.75,0
506,0,10.75,0,0,10.75,0
507,0,17.75,56,0,4.28758043949159,1
507,0,17.75,56,4.28758043949159,5.44404361031522,1
507,0,17.75,56,5.44404361031522,5.72649621516707,1
507,0,17.75,56,5.72649621516707,6.00412543940453,1
507,0,17.75,56,6.00412543940453,6.24261764835955,1
507,0,17.75,56,6.24261764835955,6.74350224870484,1
507,0,17.75,56,6.74350224870484,6.96747057398653,1
507,0,17.75,56,6.96747057398653,7.79004126960965,1
507,0,17.75,56,7.79004126960965,8.02663630420019,1
507,0,17.75,56,8.02663630420019,8.20499237942762,1
507,0,17.75,56,8.20499237942762,8.8150356253045,1
507,0,17.75,56,8.8150356253045,9.38419509462098,1
507,0,17.75,56,9.38419509462098,9.76671085826211,1
507,0,17.75,56,9.76671085826211,10.0597946369521,1
507,0,17.75,56,10.0597946369521,10.0741862588951,1
507,0,17.75,56,10.0741862588951,10.0888484159844,1
507,0,17.75,56,10.0888484159844,10.3106939802347,1
507,0,17.75,56,10.3106939802347,10.3271167165203,1
507,0,17.75,56,10.3271167165203,10.7809654078241,1
507,0,17.75,56,10.7809654078241,11.5864137882655,1
507,0,17.75,56,11.5864137882655,11.6354309972287,1
507,0,17.75,56,11.6354309972287,11.6630707559305,1
507,0,17.75,56,11.6630707559305,11.7639531597465,1
507,0,17.75,56,11.7639531597465,12.0477011048934,1
507,0,17.75,56,12.0477011048934,12.1541369968512,1
507,0,17.75,56,12.1541369968512,12.2861432128744,1
507,0,17.75,56,12.2861432128744,12.4976671472456,1
507,0,17.75,56,12.4976671472456,12.8608830995164,1
507,0,17.75,56,12.8608830995164,13.0646153598776,1
507,0,17.75,56,13.0646153598776,13.0959316858051,1
507,0,17.75,56,13.0959316858051,13.2880739909971,1
507,0,17.75,56,13.2880739909971,13.3184823634341,1
507,0,17.75,56,13.3184823634341,13.4554545862922,1
507,0,17.75,56,13.4554545862922,13.5770164911217,1
507,0,17.75,56,13.5770164911217,13.5849279294406,1
507,0,17.75,56,13.5849279294406,13.671590074009,1
507,0,17.75,56,13.671590074009,13.7534070945202,1
507,0,17.75,56,13.7534070945202,13.8622466641442,1
507,0,17.75,56,13.8622466641442,13.9915433877175,1
507,0,17.75,56,13.9915433877175,14.0199545511007,1
507,0,17.75,56,14.0199545511007,14.2346891021012,1
507,0,17.75,56,14.2346891021012,14.3121851608203,1
507,0,17.75,56,14.3121851608203,15.1755640888585,1
507,0,17.75,56,15.1755640888585,15.9001090669257,1
507,0,17.75,56,15.9001090669257,15.9042260250929,1
507,0,17.75,56,15.9042260250929,15.9454267974891,1
507,0,17.75,56,15.9454267974891,16.0377685707606,1
507,0,17.75,56,16.0377685707606,16.2046802832313,1
507,0,17.75,56,16.2046802832313,16.4271134364635,1
507,0,17.75,56,16.4271134364635,16.4543383440838,1
507,0,17.75,56,16.4543383440838,16.7015068408635,1
507,0,17.75,56,16.7015068408635,17.0664130713287,1
507,0,17.75,56,17.0664130713287,17.1414415760142,1
507,0,17.75,56,17.1414415760142,17.4272414749906,1
507,0,17.75,56,17.4272414749906,17.5494863664904,1
507,0,17.75,56,17.5494863664904,17.5990917921185,1
507,0,17.75,56,17.5990917921185,17.75,0
508,0,9.75,2,0,0.133866915868307,1
508,0,9.75,2,0.133866915868307,5.90602920336425,1
508,0,9.75,2,5.90602920336425,9.75,0
509,0,8.75,0,0,8.75,0
510,0,12.75,0,0,12.75,0
511,0,13.75,0,0,13.75,0
512,0,12.75,6,0,3.01692710035479,1
512,0,12.75,6,3.01692710035479,5.40122296367281,1
512,0,12.75,6,5.40122296367281,6.02760156172735,1
512,0,12.75,6,6.02760156172735,8.06768209728794,1
512,0,12.75,6,8.06768209728794,10.8814817903722,1
512,0,12.75,6,10.8814817903722,11.1926488324381,1
512,0,12.75,6,11.1926488324381,12.75,0
513,0,19.75,47,0,3.71043611396122,1
513,0,19.75,47,3.71043611396122,5.82305811605914,1
513,0,19.75,47,5.82305811605914,6.03617522420608,1
513,0,19.75,47,6.03617522420608,6.0586112844986,1
513,0,19.75,47,6.0586112844986,7.65767869830853,1
513,0,19.75,47,7.65767869830853,7.7985942223846,1
513,0,19.75,47,7.7985942223846,8.96754900071549,1
513,0,19.75,47,8.96754900071549,8.96850239612908,1
513,0,19.75,47,8.96850239612908,9.01788780562951,1
513,0,19.75,47,9.01788780562951,9.49956891358664,1
513,0,19.75,47,9.49956891358664,9.62219339007052,1
513,0,19.75,47,9.62219339007052,10.0546050864868,1
513,0,19.75,47,10.0546050864868,11.2699019123773,1
513,0,19.75,47,11.2699019123773,13.0001052779519,1
513,0,19.75,47,13.0001052779519,13.0461322196681,1
513,0,19.75,47,13.0461322196681,13.7706745815317,1
513,0,19.75,47,13.7706745815317,14.2573626091585,1
513,0,19.75,47,14.2573626091585,15.0052693072972,1
513,0,19.75,47,15.0052693072972,15.2896096465613,1
513,0,19.75,47,15.2896096465613,15.3485497180567,1
513,0,19.75,47,15.3485497180567,15.3883856654351,1
513,0,19.75,47,15.3883856654351,15.6895243896839,1
513,0,19.75,47,15.6895243896839,15.7483933071679,1
513,0,19.75,47,15.7483933071679,15.9509442715357,1
513,0,19.75,47,15.9509442715357,16.044981275953,1
513,0,19.75,47,16.044981275953,16.1268088780469,1
513,0,19.75,47,16.1268088780469,16.2772886037058,1
513,0,19.75,47,16.2772886037058,16.2905723705459,1
513,0,19.75,47,16.2905723705459,16.3651638119271,1
513,0,19.75,47,16.3651638119271,16.4025287560124,1
513,0,19.75,47,16.4025287560124,16.4946382319884,1
513,0,19.75,47,16.4946382319884,16.7124749951178,1
513,0,19.75,47,16.7124749951178,16.7459352378909,1
513,0,19.75,47,16.7459352378909,16.8174210902475,1
513,0,19.75,47,16.8174210902475,16.9913124742102,1
513,0,19.75,47,16.9913124742102,17.1140011762869,1
513,0,19.75,47,17.1140011762869,17.4597415055969,1
513,0,19.75,47,17.4597415055969,17.4922419153582,1
513,0,19.75,47,17.4922419153582,17.5784413905379,1
513,0,19.75,47,17.5784413905379,17.8487730311559,1
513,0,19.75,47,17.8487730311559,18.1075900588259,1
513,0,19.75,47,18.1075900588259,18.3500268367327,1
513,0,19.75,47,18.3500268367327,19.1195092574808,1
513,0,19.75,47,19.1195092574808,19.4196701786398,1
513,0,19.75,47,19.4196701786398,19.4770164487233,1
513,0,19.75,47,19.4770164487233,19.6320448653802,1
513,0,19.75,47,19.6320448653802,19.7459837381559,1
513,0,19.75,47,19.7459837381559,19.75,0
514,0,9.75,17,0,1.13566209852241,1
514,0,9.75,17,1.13566209852241,2.99773369181864,1
514,0,9.75,17,2.99773369181864,3.92142496034987,1
514,0,9.75,17,3.92142496034987,3.9963350040236,1
514,0,9.75,17,3.9963350040236,4.66149920893203,1
514,0,9.75,17,4.66149920893203,5.10227440754409,1
514,0,9.75,17,5.10227440754409,5.2335500450062,1
514,0,9.75,17,5.2335500450062,6.77372870139557,1
514,0,9.75,17,6.77372870139557,7.27615856795296,1
514,0,9.75,17,7.27615856795296,7.35552690603174,1
514,0,9.75,17,7.35552690603174,7.80749072897551,1
514,0,9.75,17,7.80749072897551,7.80954726749895,1
514,0,9.75,17,7.80954726749895,8.05142424064148,1
514,0,9.75,17,8.05142424064148,8.16730952155409,1
514,0,9.75,17,8.16730952155409,8.26607851986965,1
514,0,9.75,17,8.26607851986965,9.03784685400234,1
514,0,9.75,17,9.03784685400234,9.26985209632613,1
514,0,9.75,17,9.26985209632613,9.75,0
515,0,10.75,9,0,5.51956872162119,1
515,0,10.75,9,5.51956872162119,6.03677334536422,1
515,0,10.75,9,6.03677334536422,6.64786009041814,1
515,0,10.75,9,6.64786009041814,6.91209225714204,1
515,0,10.75,9,6.91209225714204,7.67947931289911,1
515,0,10.75,9,7.67947931289911,7.84834956036071,1
515,0,10.75,9,7.84834956036071,7.92059542443155,1
515,0,10.75,9,7.92059542443155,8.66430378812325,1
515,0,10.75,9,8.66430378812325,10.202242602508,1
515,0,10.75,9,10.202242602508,10.75,0
516,0,14.75,3,0,0.369936284953554,1
516,0,14.75,3,0.369936284953554,1.49128792550066,1
516,0,14.75,3,1.49128792550066,13.8481138086483,1
516,0,14.75,3,13.8481138086483,14.75,0
517,0,10.75,11,0,3.1819112185006,1
517,0,10.75,11,3.1819112185006,3.94957035716399,1
517,0,10.75,11,3.94957035716399,5.17775207748981,1
517,0,10.75,11,5.17775207748981,5.48677657195179,1
517,0,10.75,11,5.48677657195179,5.96857771463622,1
517,0,10.75,11,5.96857771463622,6.11154330854973,1
517,0,10.75,11,6.11154330854973,6.3288049592191,1
517,0,10.75,11,6.3288049592191,8.011265249121,1
517,0,10.75,11,8.011265249121,8.30151855598156,1
517,0,10.75,11,8.30151855598156,8.39206509713171,1
517,0,10.75,11,8.39206509713171,10.1382252441454,1
517,0,10.75,11,10.1382252441454,10.75,0
518,0,14.75,4,0,0.6182905877625,1
518,0,14.75,4,0.6182905877625,0.679669664187165,1
518,0,14.75,4,0.679669664187165,1.55244550572582,1
518,0,14.75,4,1.55244550572582,1.77514546581877,1
518,0,14.75,4,1.77514546581877,14.75,0
519,0,9.75,5,0,3.060405012546,1
519,0,9.75,5,3.060405012546,3.5771859061776,1
519,0,9.75,5,3.5771859061776,6.55307710235175,1
519,0,9.75,5,6.55307710235175,8.61201446615673,1
519,0,9.75,5,8.61201446615673,8.76019504102975,1
519,0,9.75,5,8.76019504102975,9.75,0
520,0,7.75,0,0,7.75,0
521,0,14.75,25,0,2.04191603417158,1
521,0,14.75,25,2.04191603417158,3.24376276881676,1
521,0,14.75,25,3.24376276881676,6.45471793814549,1
521,0,14.75,25,6.45471793814549,6.71268092268071,1
521,0,14.75,25,6.71268092268071,7.82110054055294,1
521,0,14.75,25,7.82110054055294,8.4632935522196,1
521,0,14.75,25,8.4632935522196,8.53257775440784,1
521,0,14.75,25,8.53257775440784,8.96252482434143,1
521,0,14.75,25,8.96252482434143,9.21926551757358,1
521,0,14.75,25,9.21926551757358,9.88975472952285,1
521,0,14.75,25,9.88975472952285,9.92339353765769,1
521,0,14.75,25,9.92339353765769,10.7529998858978,1
521,0,14.75,25,10.7529998858978,11.3799998068423,1
521,0,14.75,25,11.3799998068423,11.5798185265353,1
521,0,14.75,25,11.5798185265353,11.9753276058764,1
521,0,14.75,25,11.9753276058764,12.0997921267013,1
521,0,14.75,25,12.0997921267013,12.8903028969088,1
521,0,14.75,25,12.8903028969088,13.0047740518162,1
521,0,14.75,25,13.0047740518162,13.1357910202727,1
521,0,14.75,25,13.1357910202727,13.3369222411957,1
521,0,14.75,25,13.3369222411957,13.5523991013088,1
521,0,14.75,25,13.5523991013088,13.6941964561654,1
521,0,14.75,25,13.6941964561654,13.776123811237,1
521,0,14.75,25,13.776123811237,14.4613882756607,1
521,0,14.75,25,14.4613882756607,14.6174622450485,1
521,0,14.75,25,14.6174622450485,14.75,0
522,0,17.75,1,0,2.53932693696718,1
522,0,17.75,1,2.53932693696718,17.75,0
523,0,12.75,11,0,6.0192766858317,1
523,0,12.75,11,6.0192766858317,7.23801014319107,1
523,0,12.75,11,7.23801014319107,7.61282996547419,1
523,0,12.75,11,7.61282996547419,8.05696202821297,1
523,0,12.75,11,8.05696202821297,9.19206492395086,1
523,0,12.75,11,9.19206492395086,9.84785450580563,1
523,0,12.75,11,9.84785450580563,10.384304176762,1
523,0,12.75,11,10.384304176762,10.6394224738759,1
523,0,12.75,11,10.6394224738759,11.429776098095,1
523,0,12.75,11,11.429776098095,11.9397055488218,1
523,0,12.75,11,11.9397055488218,12.045053414311,1
523,0,12.75,11,12.045053414311,12.75,0
524,0,16.75,59,0,3.32971004653659,1
524,0,16.75,59,3.32971004653659,3.48052541595758,1
524,0,16.75,59,3.48052541595758,3.87086434295415,1
524,0,16.75,59,3.87086434295415,5.26926465035985,1
524,0,16.75,59,5.26926465035985,5.95123616256946,1
524,0,16.75,59,5.95123616256946,6.03375205304319,1
524,0,16.75,59,6.03375205304319,6.0404923739851,1
524,0,16.75,59,6.0404923739851,7.2991269343155,1
524,0,16.75,59,7.2991269343155,8.02476918894616,1
524,0,16.75,59,8.02476918894616,8.56135054840175,1
524,0,16.75,59,8.56135054840175,8.56956662240899,1
524,0,16.75,59,8.56956662240899,9.08372517542448,1
524,0,16.75,59,9.08372517542448,9.52191064444534,1
524,0,16.75,59,9.52191064444534,9.5270850886042,1
524,0,16.75,59,9.5270850886042,10.0921878001522,1
524,0,16.75,59,10.0921878001522,10.3753248274325,1
524,0,16.75,59,10.3753248274325,10.3825448670381,1
524,0,16.75,59,10.3825448670381,10.4433492690414,1
524,0,16.75,59,10.4433492690414,10.8695092883477,1
524,0,16.75,59,10.8695092883477,11.2085514128433,1
524,0,16.75,59,11.2085514128433,11.2982356779599,1
524,0,16.75,59,11.2982356779599,11.4420463589226,1
524,0,16.75,59,11.4420463589226,11.5430562034071,1
524,0,16.75,59,11.5430562034071,11.7671950155249,1
524,0,16.75,59,11.7671950155249,11.9367824793362,1
524,0,16.75,59,11.9367824793362,11.9599332646104,1
524,0,16.75,59,11.9599332646104,11.9975992741587,1
524,0,16.75,59,11.9975992741587,12.0904710059331,1
524,0,16.75,59,12.0904710059331,12.3145699010457,1
524,0,16.75,59,12.3145699010457,12.398867009236,1
524,0,16.75,59,12.398867009236,12.4338018132042,1
524,0,16.75,59,12.4338018132042,12.708480613763,1
524,0,16.75,59,12.708480613763,13.0825728083549,1
524,0,16.75,59,13.0825728083549,13.1297405673283,1
524,0,16.75,59,13.1297405673283,13.6556751190742,1
524,0,16.75,59,13.6556751190742,13.7351416120187,1
524,0,16.75,59,13.7351416120187,13.8968785503822,1
524,0,16.75,59,13.8968785503822,14.1637675974064,1
524,0,16.75,59,14.1637675974064,14.2081086627665,1
524,0,16.75,59,14.2081086627665,14.4536535281072,1
524,0,16.75,59,14.4536535281072,14.4738793234199,1
524,0,16.75,59,14.4738793234199,14.5446217897636,1
524,0,16.75,59,14.5446217897636,14.5610579787375,1
524,0,16.75,59,14.5610579787375,14.572700564146,1
524,0,16.75,59,14.572700564146,14.6593805563321,1
524,0,16.75,59,14.6593805563321,14.6771825920498,1
524,0,16.75,59,14.6771825920498,14.8527092330611,1
524,0,16.75,59,14.8527092330611,14.9850910063859,1
524,0,16.75,59,14.9850910063859,15.1795021872434,1
524,0,16.75,59,15.1795021872434,15.3873315186337,1
524,0,16.75,59,15.3873315186337,15.3886616468506,1
524,0,16.75,59,15.3886616468506,15.498764653627,1
524,0,16.75,59,15.498764653627,15.6530033099012,1
524,0,16.75,59,15.6530033099012,15.8203896838236,1
524,0,16.75,59,15.8203896838236,16.1598529314785,1
524,0,16.75,59,16.1598529314785,16.2337494079122,1
524,0,16.75,59,16.2337494079122,16.3571105694933,1
524,0,16.75,59,16.3571105694933,16.3856411628212,1
524,0,16.75,59,16.3856411628212,16.4830313020578,1
524,0,16.75,59,16.4830313020578,16.75,0
525,0,12.75,19,0,2.55946252564381,1
525,0,12.75,19,2.55946252564381,2.95990216116964,1
525,0,12.75,19,2.95990216116964,3.5318382879593,1
525,0,12.75,19,3.5318382879593,4.87292299213802,1
525,0,12.75,19,4.87292299213802,6.2086819124216,1
525,0,12.75,19,6.2086819124216,8.84285205618749,1
525,0,12.75,19,8.84285205618749,8.98184506564357,1
525,0,12.75,19,8.98184506564357,9.00790835407306,1
525,0,12.75,19,9.00790835407306,9.12124252529815,1
525,0,12.75,19,9.12124252529815,9.14049519019188,1
525,0,12.75,19,9.14049519019188,9.15546373548159,1
525,0,12.75,19,9.15546373548159,9.58477979093543,1
525,0,12.75,19,9.58477979093543,9.63415117032008,1
525,0,12.75,19,9.63415117032008,9.89373788160325,1
525,0,12.75,19,9.89373788160325,11.0326397627608,1
525,0,12.75,19,11.0326397627608,11.2027000079963,1
525,0,12.75,19,11.2027000079963,11.2955621075419,1
525,0,12.75,19,11.2955621075419,11.3418137271251,1
525,0,12.75,19,11.3418137271251,12.3019969973136,1
525,0,12.75,19,12.3019969973136,12.75,0
526,0,16.75,1,0,10.0027160282818,1
526,0,16.75,1,10.0027160282818,16.75,0
527,0,19.75,2,0,16.9460863128354,1
527,0,19.75,2,16.9460863128354,19.5163822278118,1
527,0,19.75,2,19.5163822278118,19.75,0
528,0,10.75,0,0,10.75,0
529,0,14.75,27,0,3.59377400900628,1
529,0,14.75,27,3.59377400900628,3.60245963928929,1
529,0,14.75,27,3.60245963928929,5.82738061666402,1
529,0,14.75,27,5.82738061666402,6.12317949295238,1
529,0,14.75,27,6.12317949295238,6.46272709023128,1
529,0,14.75,27,6.46272709023128,8.02746700450228,1
529,0,14.75,27,8.02746700450228,8.49092735927874,1
529,0,14.75,27,8.49092735927874,8.57733208344793,1
529,0,14.75,27,8.57733208344793,8.829502689342,1
529,0,14.75,27,8.829502689342,9.68605101236822,1
529,0,14.75,27,9.68605101236822,9.76265199575539,1
529,0,14.75,27,9.76265199575539,10.7472766097922,1
529,0,14.75,27,10.7472766097922,11.3246992867909,1
529,0,14.75,27,11.3246992867909,11.5814870495013,1
529,0,14.75,27,11.5814870495013,11.6770218279004,1
529,0,14.75,27,11.6770218279004,11.8888070090959,1
529,0,14.75,27,11.8888070090959,12.3073949189863,1
529,0,14.75,27,12.3073949189863,12.5028966677181,1
529,0,14.75,27,12.5028966677181,12.7262080961867,1
529,0,14.75,27,12.7262080961867,12.7275934757339,1
529,0,14.75,27,12.7275934757339,12.9764674023882,1
529,0,14.75,27,12.9764674023882,13.4027154832212,1
529,0,14.75,27,13.4027154832212,14.0670239540166,1
529,0,14.75,27,14.0670239540166,14.2454646238157,1
529,0,14.75,27,14.2454646238157,14.4691600497617,1
529,0,14.75,27,14.4691600497617,14.5936905961045,1
529,0,14.75,27,14.5936905961045,14.6658995459323,1
529,0,14.75,27,14.6658995459323,14.75,0
530,0,16.75,0,0,16.75,0
531,0,9.75,0,0,9.75,0
532,0,17.75,0,0,17.75,0
533,0,9.75,9,0,4.36840527317938,1
533,0,9.75,9,4.36840527317938,6.01592500664421,1
533,0,9.75,9,6.01592500664421,7.09699220555993,1
533,0,9.75,9,7.09699220555993,7.14486798897873,1
533,0,9.75,9,7.14486798897873,7.90177452213087,1
533,0,9.75,9,7.90177452213087,8.15444253080064,1
533,0,9.75,9,8.15444253080064,8.38907813969871,1
533,0,9.75,9,8.38907813969871,8.93030803281888,1
533,0,9.75,9,8.93030803281888,9.397115809311,1
533,0,9.75,9,9.397115809311,9.75,0
534,0,15.75,25,0,3.13022298363873,1
534,0,15.75,25,3.13022298363873,4.80517230303296,1
534,0,15.75,25,4.80517230303296,7.34308670281027,1
534,0,15.75,25,7.34308670281027,7.67877149501162,1
534,0,15.75,25,7.67877149501162,8.40323118128982,1
534,0,15.75,25,8.40323118128982,8.45593432150575,1
534,0,15.75,25,8.45593432150575,8.95278759359622,1
534,0,15.75,25,8.95278759359622,10.6246503754679,1
534,0,15.75,25,10.6246503754679,11.6244451990303,1
534,0,15.75,25,11.6244451990303,11.8629095067464,1
534,0,15.75,25,11.8629095067464,12.0351277938097,1
534,0,15.75,25,12.0351277938097,12.6008625390162,1
534,0,15.75,25,12.6008625390162,12.6066098989842,1
534,0,15.75,25,12.6066098989842,12.673316737316,1
534,0,15.75,25,12.673316737316,13.1014167616213,1
534,0,15.75,25,13.1014167616213,13.1060364302469,1
534,0,15.75,25,13.1060364302469,13.5118581029666,1
534,0,15.75,25,13.5118581029666,13.5161906990892,1
534,0,15.75,25,13.5161906990892,13.5268129255563,1
534,0,15.75,25,13.5268129255563,13.8048534059628,1
534,0,15.75,25,13.8048534059628,14.2429056007335,1
534,0,15.75,25,14.2429056007335,14.4863199481408,1
534,0,15.75,25,14.4863199481408,15.285923139471,1
534,0,15.75,25,15.285923139471,15.3445532621205,1
534,0,15.75,25,15.3445532621205,15.4532112098346,1
534,0,15.75,25,15.4532112098346,15.75,0
535,0,16.75,2,0,1.16043059331209,1
535,0,16.75,2,1.16043059331209,6.85466064453568,1
535,0,16.75,2,6.85466064453568,16.75,0
536,0,13.75,16,0,5.32128626785761,1
536,0,13.75,16,5.32128626785761,5.76416172664784,1
536,0,13.75,16,5.76416172664784,6.76557273801087,1
536,0,13.75,16,6.76557273801087,7.05235025898504,1
536,0,13.75,16,7.05235025898504,8.69814996785049,1
536,0,13.75,16,8.69814996785049,9.01023871808695,1
536,0,13.75,16,9.01023871808695,9.9845535911528,1
536,0,13.75,16,9.9845535911528,10.209103901168,1
536,0,13.75,16,10.209103901168,10.9280820854502,1
536,0,13.75,16,10.9280820854502,11.2730674873342,1
536,0,13.75,16,11.2730674873342,11.2869576115821,1
536,0,13.75,16,11.2869576115821,12.1319258676177,1
536,0,13.75,16,12.1319258676177,12.2283878858777,1
536,0,13.75,16,12.2283878858777,12.7055028127541,1
536,0,13.75,16,12.7055028127541,13.0607129955341,1
536,0,13.75,16,13.0607129955341,13.6274026607496,1
536,0,13.75,16,13.6274026607496,13.75,0
537,0,11.75,18,0,5.42480985004146,1
537,0,11.75,18,5.42480985004146,5.69186260469826,1
537,0,11.75,18,5.69186260469826,6.48686188238418,1
537,0,11.75,18,6.48686188238418,6.72193874841185,1
537,0,11.75,18,6.72193874841185,6.84853411880611,1
537,0,11.75,18,6.84853411880611,8.31594927485455,1
537,0,11.75,18,8.31594927485455,8.38430912581532,1
537,0,11.75,18,8.38430912581532,8.6109284782534,1
537,0,11.75,18,8.6109284782534,8.78827665858808,1
537,0,11.75,18,8.78827665858808,9.30853920098709,1
537,0,11.75,18,9.30853920098709,9.33513222023483,1
537,0,11.75,18,9.33513222023483,9.58491903009424,1
537,0,11.75,18,9.58491903009424,9.77554640746516,1
537,0,11.75,18,9.77554640746516,10.3729485496878,1
537,0,11.75,18,10.3729485496878,10.8961134488492,1
537,0,11.75,18,10.8961134488492,11.3114655140578,1
537,0,11.75,18,11.3114655140578,11.4941573026769,1
537,0,11.75,18,11.4941573026769,11.6843278464204,1
537,0,11.75,18,11.6843278464204,11.75,0
538,0,11.75,8,0,4.91976588662085,1
538,0,11.75,8,4.91976588662085,4.98905054835671,1
538,0,11.75,8,4.98905054835671,5.72789237591408,1
538,0,11.75,8,5.72789237591408,5.96923606761336,1
538,0,11.75,8,5.96923606761336,8.24910239497635,1
538,0,11.75,8,8.24910239497635,8.50216448046486,1
538,0,11.75,8,8.50216448046486,9.79044582187073,1
538,0,11.75,8,9.79044582187073,10.9182338694739,1
538,0,11.75,8,10.9182338694739,11.75,0
539,0,11.75,16,0,3.00216514585725,1
539,0,11.75,16,3.00216514585725,3.8129557279883,1
539,0,11.75,16,3.8129557279883,5.59136035991342,1
539,0,11.75,16,5.59136035991342,6.27506476911529,1
539,0,11.75,16,6.27506476911529,7.14020661496093,1
539,0,11.75,16,7.14020661496093,7.149942411885,1
539,0,11.75,16,7.149942411885,7.94381225686507,1
539,0,11.75,16,7.94381225686507,8.1302114540025,1
539,0,11.75,16,8.1302114540025,8.13910804206908,1
539,0,11.75,16,8.13910804206908,8.35657286026665,1
539,0,11.75,16,8.35657286026665,9.4678551978334,1
539,0,11.75,16,9.4678551978334,10.1967707088538,1
539,0,11.75,16,10.1967707088538,10.628168367365,1
539,0,11.75,16,10.628168367365,10.7053763662091,1
539,0,11.75,16,10.7053763662091,11.0080538147006,1
539,0,11.75,16,11.0080538147006,11.1908672826539,1
539,0,11.75,16,11.1908672826539,11.75,0
540,0,16.75,0,0,16.75,0
541,0,15.75,32,0,3.06326798733483,1
541,0,15.75,32,3.06326798733483,3.17649322383015,1
541,0,15.75,32,3.17649322383015,4.9911299364814,1
541,0,15.75,32,4.9911299364814,5.70133536784484,1
541,0,15.75,32,5.70133536784484,6.73829559150084,1
541,0,15.75,32,6.73829559150084,6.97447168229754,1
541,0,15.75,32,6.97447168229754,7.3410608892439,1
541,0,15.75,32,7.3410608892439,7.71587670624322,1
541,0,15.75,32,7.71587670624322,7.80031363955924,1
541,0,15.75,32,7.80031363955924,8.50284011535456,1
541,0,15.75,32,8.50284011535456,9.27965143773608,1
541,0,15.75,32,9.27965143773608,10.274785582367,1
541,0,15.75,32,10.274785582367,11.6741706834992,1
541,0,15.75,32,11.6741706834992,11.9063071385606,1
541,0,15.75,32,11.9063071385606,11.9719265817004,1
541,0,15.75,32,11.9719265817004,12.2402047357618,1
541,0,15.75,32,12.2402047357618,12.6743961314785,1
541,0,15.75,32,12.6743961314785,12.8960012222701,1
541,0,15.75,32,12.8960012222701,13.1181457143098,1
541,0,15.75,32,13.1181457143098,13.2420154436725,1
541,0,15.75,32,13.2420154436725,13.3060836470762,1
541,0,15.75,32,13.3060836470762,13.6553345721435,1
541,0,15.75,32,13.6553345721435,13.9940941083829,1
541,0,15.75,32,13.9940941083829,14.1645770310631,1
541,0,15.75,32,14.1645770310631,14.5420485322114,1
541,0,15.75,32,14.5420485322114,14.6185695417879,1
541,0,15.75,32,14.6185695417879,14.808039843407,1
541,0,15.75,32,14.808039843407,15.125400367715,1
541,0,15.75,32,15.125400367715,15.17259703123,1
541,0,15.75,32,15.17259703123,15.4416686649642,1
541,0,15.75,32,15.4416686649642,15.5051935514961,1
541,0,15.75,32,15.5051935514961,15.5878106355503,1
541,0,15.75,32,15.5878106355503,15.75,0
542,0,17.75,3,0,1.48290631348544,1
542,0,17.75,3,1.48290631348544,4.48869537241255,1
542,0,17.75,3,4.48869537241255,17.0230169047601,1
542,0,17.75,3,17.0230169047601,17.75,0
543,0,19.75,26,0,5.71513289685784,1
543,0,19.75,26,5.71513289685784,6.61953218307676,1
543,0,19.75,26,6.61953218307676,7.39989455470247,1
543,0,19.75,26,7.39989455470247,8.2571526903161,1
543,0,19.75,26,8.2571526903161,11.2665578366473,1
543,0,19.75,26,11.2665578366473,12.226606019935,1
543,0,19.75,26,12.226606019935,12.425633351182,1
543,0,19.75,26,12.425633351182,12.991661804329,1
543,0,19.75,26,12.991661804329,13.5940601515518,1
543,0,19.75,26,13.5940601515518,14.073788572944,1
543,0,19.75,26,14.073788572944,14.5229740290879,1
543,0,19.75,26,14.5229740290879,14.7238819796727,1
543,0,19.75,26,14.7238819796727,15.007522871073,1
543,0,19.75,26,15.007522871073,15.0234807750245,1
543,0,19.75,26,15.0234807750245,15.5278354366914,1
543,0,19.75,26,15.5278354366914,16.8761384204668,1
543,0,19.75,26,16.8761384204668,17.049658896371,1
543,0,19.75,26,17.049658896371,17.0650576631592,1
543,0,19.75,26,17.0650576631592,17.0829782295001,1
543,0,19.75,26,17.0829782295001,17.8124859108238,1
543,0,19.75,26,17.8124859108238,18.3441187409996,1
543,0,19.75,26,18.3441187409996,18.8062297936996,1
543,0,19.75,26,18.8062297936996,19.3002949518111,1
543,0,19.75,26,19.3002949518111,19.4951196410712,1
543,0,19.75,26,19.4951196410712,19.5323445426594,1
543,0,19.75,26,19.5323445426594,19.6555533606787,1
543,0,19.75,26,19.6555533606787,19.75,0
544,0,11.75,7,0,3.21505058611391,1
544,0,11.75,7,3.21505058611391,7.0244306681338,1
544,0,11.75,7,7.0244306681338,7.28970103972321,1
544,0,11.75,7,7.28970103972321,8.07941629948374,1
544,0,11.75,7,8.07941629948374,9.16462107806365,1
544,0,11.75,7,9.16462107806365,9.6296343289264,1
544,0,11.75,7,9.6296343289264,11.7063759112898,1
544,0,11.75,7,11.7063759112898,11.75,0
545,0,8.75,3,0,5.47037079778975,1
545,0,8.75,3,5.47037079778975,6.36364755039032,1
545,0,8.75,3,6.36364755039032,7.33334301338292,1
545,0,8.75,3,7.33334301338292,8.75,0
546,0,15.75,0,0,15.75,0
547,0,15.75,60,0,2.4331869681922,1
547,0,15.75,60,2.4331869681922,2.45628971945125,1
547,0,15.75,60,2.45628971945125,2.64361565027047,1
547,0,15.75,60,2.64361565027047,2.74020327476244,1
547,0,15.75,60,2.74020327476244,4.44446569782946,1
547,0,15.75,60,4.44446569782946,4.68423381546442,1
547,0,15.75,60,4.68423381546442,5.33774936534232,1
547,0,15.75,60,5.33774936534232,6.00789616031256,1
547,0,15.75,60,6.00789616031256,6.3554441178363,1
547,0,15.75,60,6.3554441178363,7.1515475639238,1
547,0,15.75,60,7.1515475639238,7.19333787276866,1
547,0,15.75,60,7.19333787276866,7.40265205583534,1
547,0,15.75,60,7.40265205583534,7.46914291618008,1
547,0,15.75,60,7.46914291618008,8.65962503899914,1
547,0,15.75,60,8.65962503899914,9.08136041720324,1
547,0,15.75,60,9.08136041720324,9.3330769788697,1
547,0,15.75,60,9.3330769788697,9.36197336851422,1
547,0,15.75,60,9.36197336851422,9.62882544202031,1
547,0,15.75,60,9.62882544202031,9.88512783385224,1
547,0,15.75,60,9.88512783385224,9.91721190458546,1
547,0,15.75,60,9.91721190458546,10.0845922294642,1
547,0,15.75,60,10.0845922294642,10.1632348328174,1
547,0,15.75,60,10.1632348328174,10.3565764210474,1
547,0,15.75,60,10.3565764210474,10.8023486610427,1
547,0,15.75,60,10.8023486610427,10.9778625862936,1
547,0,15.75,60,10.9778625862936,10.9867555104548,1
547,0,15.75,60,10.9867555104548,11.1529713639146,1
547,0,15.75,60,11.1529713639146,11.1755590412675,1
547,0,15.75,60,11.1755590412675,11.2996163599721,1
547,0,15.75,60,11.2996163599721,11.5382619535501,1
547,0,15.75,60,11.5382619535501,12.1575463428285,1
547,0,15.75,60,12.1575463428285,12.1816451374096,1
547,0,15.75,60,12.1816451374096,12.345918320008,1
547,0,15.75,60,12.345918320008,12.4542010082229,1
547,0,15.75,60,12.4542010082229,12.4731783761404,1
547,0,15.75,60,12.4731783761404,12.7756589238801,1
547,0,15.75,60,12.7756589238801,12.8173347608916,1
547,0,15.75,60,12.8173347608916,13.2394216916334,1
547,0,15.75,60,13.2394216916334,13.2646121414599,1
547,0,15.75,60,13.2646121414599,13.3221644971188,1
547,0,15.75,60,13.3221644971188,13.3376328572706,1
547,0,15.75,60,13.3376328572706,13.5170833071872,1
547,0,15.75,60,13.5170833071872,13.6838391354916,1
547,0,15.75,60,13.6838391354916,13.6997829391083,1
547,0,15.75,60,13.6997829391083,13.7331729733571,1
547,0,15.75,60,13.7331729733571,13.7617773640229,1
547,0,15.75,60,13.7617773640229,13.7704009326727,1
547,0,15.75,60,13.7704009326727,13.802960370397,1
547,0,15.75,60,13.802960370397,13.8359781591608,1
547,0,15.75,60,13.8359781591608,13.9938670861754,1
547,0,15.75,60,13.9938670861754,14.1061044688008,1
547,0,15.75,60,14.1061044688008,14.3134006347759,1
547,0,15.75,60,14.3134006347759,14.407158902346,1
547,0,15.75,60,14.407158902346,14.4775310297087,1
547,0,15.75,60,14.4775310297087,14.5683239399244,1
547,0,15.75,60,14.5683239399244,14.7303865538084,1
547,0,15.75,60,14.7303865538084,15.2594945767338,1
547,0,15.75,60,15.2594945767338,15.5395345495711,1
547,0,15.75,60,15.5395345495711,15.5945006074604,1
547,0,15.75,60,15.5945006074604,15.6292955437533,1
547,0,15.75,60,15.6292955437533,15.75,0
548,0,19.75,53,0,4.45511597588098,1
548,0,19.75,53,4.45511597588098,4.50531556215276,1
548,0,19.75,53,4.50531556215276,5.03072091488487,1
548,0,19.75,53,5.03072091488487,5.52796648891939,1
548,0,19.75,53,5.52796648891939,6.87545241334432,1
548,0,19.75,53,6.87545241334432,6.92757472021931,1
548,0,19.75,53,6.92757472021931,7.27889598851293,1
548,0,19.75,53,7.27889598851293,9.08590793316806,1
548,0,19.75,53,9.08590793316806,9.09372137098787,1
548,0,19.75,53,9.09372137098787,9.9980429448284,1
548,0,19.75,53,9.9980429448284,10.1533765329251,1
548,0,19.75,53,10.1533765329251,10.3249511378556,1
548,0,19.75,53,10.3249511378556,10.5909871001099,1
548,0,19.75,53,10.5909871001099,10.6896603010797,1
548,0,19.75,53,10.6896603010797,10.8191994159684,1
548,0,19.75,53,10.8191994159684,10.9136198763021,1
548,0,19.75,53,10.9136198763021,11.0914513661595,1
548,0,19.75,53,11.0914513661595,12.3619135121966,1
548,0,19.75,53,12.3619135121966,12.8882988637279,1
548,0,19.75,53,12.8882988637279,12.9697371557474,1
548,0,19.75,53,12.9697371557474,13.1580679028424,1
548,0,19.75,53,13.1580679028424,13.9319566241174,1
548,0,19.75,53,13.9319566241174,13.990635146977,1
548,0,19.75,53,13.990635146977,14.22774030272,1
548,0,19.75,53,14.22774030272,14.3034532505347,1
548,0,19.75,53,14.3034532505347,14.6210987633129,1
548,0,19.75,53,14.6210987633129,15.480050888075,1
548,0,19.75,53,15.480050888075,15.6233695021687,1
548,0,19.75,53,15.6233695021687,15.8202883365018,1
548,0,19.75,53,15.8202883365018,15.8813149396657,1
548,0,19.75,53,15.8813149396657,16.0232413425011,1
548,0,19.75,53,16.0232413425011,16.082791502838,1
548,0,19.75,53,16.082791502838,16.4510722431307,1
548,0,19.75,53,16.4510722431307,16.4539536260024,1
548,0,19.75,53,16.4539536260024,16.6223027775097,1
548,0,19.75,53,16.6223027775097,16.7438302320709,1
548,0,19.75,53,16.7438302320709,16.7981051439402,1
548,0,19.75,53,16.7981051439402,16.8773061980237,1
548,0,19.75,53,16.8773061980237,17.2225392018028,1
548,0,19.75,53,17.2225392018028,17.2841706225044,1
548,0,19.75,53,17.2841706225044,17.5958648875452,1
548,0,19.75,53,17.5958648875452,17.7422909780249,1
548,0,19.75,53,17.7422909780249,17.7488876117179,1
548,0,19.75,53,17.7488876117179,17.8275164397351,1
548,0,19.75,53,17.8275164397351,18.176524805247,1
548,0,19.75,53,18.176524805247,18.996494321649,1
548,0,19.75,53,18.996494321649,19.149127465642,1
548,0,19.75,53,19.149127465642,19.2241677474746,1
548,0,19.75,53,19.2241677474746,19.3670481021054,1
548,0,19.75,53,19.3670481021054,19.5874428617458,1
548,0,19.75,53,19.5874428617458,19.6001052046464,1
548,0,19.75,53,19.6001052046464,19.6577832549148,1
548,0,19.75,53,19.6577832549148,19.7300285812436,1
548,0,19.75,53,19.7300285812436,19.75,0
549,0,15.75,21,0,5.72509341578175,1
549,0,15.75,21,5.72509341578175,6.0793233665851,1
549,0,15.75,21,6.0793233665851,7.63464759375421,1
549,0,15.75,21,7.63464759375421,8.35510623648953,1
549,0,15.75,21,8.35510623648953,8.92201435021344,1
549,0,15.75,21,8.92201435021344,9.33350712988744,1
549,0,15.75,21,9.33350712988744,10.05378702272,1
549,0,15.75,21,10.05378702272,10.5803527770546,1
549,0,15.75,21,10.5803527770546,10.7324457700193,1
549,0,15.75,21,10.7324457700193,11.041715766569,1
549,0,15.75,21,11.041715766569,11.1635271267294,1
549,0,15.75,21,11.1635271267294,11.1851595998179,1
549,0,15.75,21,11.1851595998179,11.2939473213044,1
549,0,15.75,21,11.2939473213044,11.3208429520169,1
549,0,15.75,21,11.3208429520169,12.3776052707757,1
549,0,15.75,21,12.3776052707757,13.4040253085088,1
549,0,15.75,21,13.4040253085088,13.8347028849229,1
549,0,15.75,21,13.8347028849229,14.6145019407439,1
549,0,15.75,21,14.6145019407439,14.7368360865635,1
549,0,15.75,21,14.7368360865635,14.9652411430952,1
549,0,15.75,21,14.9652411430952,15.4092409651431,1
549,0,15.75,21,15.4092409651431,15.75,0
550,0,12.75,0,0,12.75,0
551,0,17.75,19,0,7.80442290591254,1
551,0,17.75,19,7.80442290591254,8.28867478838239,1
551,0,17.75,19,8.28867478838239,8.99304556096416,1
551,0,17.75,19,8.99304556096416,9.71462130562333,1
551,0,17.75,19,9.71462130562333,9.71749653674953,1
551,0,17.75,19,9.71749653674953,10.5216224950603,1
551,0,17.75,19,10.5216224950603,10.843365209327,1
551,0,17.75,19,10.843365209327,12.3045192757428,1
551,0,17.75,19,12.3045192757428,12.8931140437758,1
551,0,17.75,19,12.8931140437758,13.2762123057157,1
551,0,17.75,19,13.2762123057157,13.6991147891401,1
551,0,17.75,19,13.6991147891401,13.8321377737482,1
551,0,17.75,19,13.8321377737482,13.8344046655735,1
551,0,17.75,19,13.8344046655735,13.9386936179196,1
551,0,17.75,19,13.9386936179196,13.9959286656116,1
551,0,17.75,19,13.9959286656116,14.222380109058,1
551,0,17.75,19,14.222380109058,15.1809337302696,1
551,0,17.75,19,15.1809337302696,16.0206933634395,1
551,0,17.75,19,16.0206933634395,16.2306666264535,1
551,0,17.75,19,16.2306666264535,17.75,0
552,0,7.75,2,0,0.935880168526297,1
552,0,7.75,2,0.935880168526297,1.09228247021447,1
552,0,7.75,2,1.09228247021447,7.75,0
553,0,12.75,14,0,1.53775032552052,1
553,0,12.75,14,1.53775032552052,2.84249683698101,1
553,0,12.75,14,2.84249683698101,5.39602201601653,1
553,0,12.75,14,5.39602201601653,5.96222504446068,1
553,0,12.75,14,5.96222504446068,7.97710816541784,1
553,0,12.75,14,7.97710816541784,8.1311337143963,1
553,0,12.75,14,8.1311337143963,9.978053325163,1
553,0,12.75,14,9.978053325163,10.6275699167512,1
553,0,12.75,14,10.6275699167512,11.7039113833588,1
553,0,12.75,14,11.7039113833588,11.7477268415925,1
553,0,12.75,14,11.7477268415925,11.9680982315488,1
553,0,12.75,14,11.9680982315488,12.0315879161833,1
553,0,12.75,14,12.0315879161833,12.1358753206745,1
553,0,12.75,14,12.1358753206745,12.6209011483537,1
553,0,12.75,14,12.6209011483537,12.75,0
554,0,16.75,1,0,3.11408621171736,1
554,0,16.75,1,3.11408621171736,16.75,0
555,0,13.75,47,0,2.67309610580285,1
555,0,13.75,47,2.67309610580285,2.93545492328834,1
555,0,13.75,47,2.93545492328834,4.45384640860032,1
555,0,13.75,47,4.45384640860032,4.47858569939065,1
555,0,13.75,47,4.47858569939065,4.77093994430628,1
555,0,13.75,47,4.77093994430628,5.78474663762694,1
555,0,13.75,47,5.78474663762694,6.6291627156103,1
555,0,13.75,47,6.6291627156103,6.68935609481801,1
555,0,13.75,47,6.68935609481801,7.061860323661,1
555,0,13.75,47,7.061860323661,7.35472079761083,1
555,0,13.75,47,7.35472079761083,7.69961556364388,1
555,0,13.75,47,7.69961556364388,8.02136056745053,1
555,0,13.75,47,8.02136056745053,8.22357055741077,1
555,0,13.75,47,8.22357055741077,8.23566438496179,1
555,0,13.75,47,8.23566438496179,8.45353121807396,1
555,0,13.75,47,8.45353121807396,8.82920508355009,1
555,0,13.75,47,8.82920508355009,8.99562790324713,1
555,0,13.75,47,8.99562790324713,9.16835607250583,1
555,0,13.75,47,9.16835607250583,9.68533154692171,1
555,0,13.75,47,9.68533154692171,9.69736015661043,1
555,0,13.75,47,9.69736015661043,10.1975165841291,1
555,0,13.75,47,10.1975165841291,10.2527757139533,1
555,0,13.75,47,10.2527757139533,10.421204621864,1
555,0,13.75,47,10.421204621864,10.4476031147029,1
555,0,13.75,47,10.4476031147029,10.6021174821298,1
555,0,13.75,47,10.6021174821298,10.7941786121757,1
555,0,13.75,47,10.7941786121757,11.0734480166779,1
555,0,13.75,47,11.0734480166779,11.1940797378279,1
555,0,13.75,47,11.1940797378279,11.4247451870788,1
555,0,13.75,47,11.4247451870788,11.6161151522526,1
555,0,13.75,47,11.6161151522526,11.8572464738492,1
555,0,13.75,47,11.8572464738492,11.9803829699238,1
555,0,13.75,47,11.9803829699238,12.4237027300937,1
555,0,13.75,47,12.4237027300937,12.4344501573406,1
555,0,13.75,47,12.4344501573406,12.624724276438,1
555,0,13.75,47,12.624724276438,12.9994138657897,1
555,0,13.75,47,12.9994138657897,13.1914122365621,1
555,0,13.75,47,13.1914122365621,13.1986859835229,1
555,0,13.75,47,13.1986859835229,13.3147201833595,1
555,0,13.75,47,13.3147201833595,13.321076256266,1
555,0,13.75,47,13.321076256266,13.4722099994989,1
555,0,13.75,47,13.4722099994989,13.4828717901038,1
555,0,13.75,47,13.4828717901038,13.5568851749355,1
555,0,13.75,47,13.5568851749355,13.5644218998994,1
555,0,13.75,47,13.5644218998994,13.6056338911101,1
555,0,13.75,47,13.6056338911101,13.6685686938824,1
555,0,13.75,47,13.6685686938824,13.748712162129,1
555,0,13.75,47,13.748712162129,13.75,0
556,0,17.75,4,0,1.0827372802577,1
556,0,17.75,4,1.0827372802577,5.52301844332469,1
556,0,17.75,4,5.52301844332469,6.03773356117735,1
556,0,17.75,4,6.03773356117735,6.69449852693673,1
556,0,17.75,4,6.69449852693673,17.75,0
557,0,15.75,2,0,10.4640727246528,1
557,0,15.75,2,10.4640727246528,11.3844328549261,1
557,0,15.75,2,11.3844328549261,15.75,0
558,0,12.75,1,0,0.755904458335327,1
558,0,12.75,1,0.755904458335327,12.75,0
559,0,8.75,5,0,1.68019975797961,1
559,0,8.75,5,1.68019975797961,6.41914902287207,1
559,0,8.75,5,6.41914902287207,6.62676539505355,1
559,0,8.75,5,6.62676539505355,7.1206788703315,1
559,0,8.75,5,7.1206788703315,8.71825665099853,1
559,0,8.75,5,8.71825665099853,8.75,0
560,0,9.75,0,0,9.75,0
561,0,18.75,2,0,0.0516661444577079,1
561,0,18.75,2,0.0516661444577079,5.33732837687974,1
561,0,18.75,2,5.33732837687974,18.75,0
562,0,15.75,3,0,3.64135762921302,1
562,0,15.75,3,3.64135762921302,8.88992224663931,1
562,0,15.75,3,8.88992224663931,14.5183626444191,1
562,0,15.75,3,14.5183626444191,15.75,0
563,0,18.75,0,0,18.75,0
564,0,15.75,26,0,4.30183557115447,1
564,0,15.75,26,4.30183557115447,5.1981569449046,1
564,0,15.75,26,5.1981569449046,5.45504639700268,1
564,0,15.75,26,5.45504639700268,6.11546087154102,1
564,0,15.75,26,6.11546087154102,6.44690438232058,1
564,0,15.75,26,6.44690438232058,6.49625073936444,1
564,0,15.75,26,6.49625073936444,6.56581889257853,1
564,0,15.75,26,6.56581889257853,6.78185728497492,1
564,0,15.75,26,6.78185728497492,7.28922632669591,1
564,0,15.75,26,7.28922632669591,7.49878539936342,1
564,0,15.75,26,7.49878539936342,8.25582285910784,1
564,0,15.75,26,8.25582285910784,8.53815604488828,1
564,0,15.75,26,8.53815604488828,9.21570922612042,1
564,0,15.75,26,9.21570922612042,9.49884345539229,1
564,0,15.75,26,9.49884345539229,10.4070723172822,1
564,0,15.75,26,10.4070723172822,10.6578146189174,1
564,0,15.75,26,10.6578146189174,10.9210807395632,1
564,0,15.75,26,10.9210807395632,11.8949328975461,1
564,0,15.75,26,11.8949328975461,12.0504466085341,1
564,0,15.75,26,12.0504466085341,12.343646484148,1
564,0,15.75,26,12.343646484148,12.5760669096089,1
564,0,15.75,26,12.5760669096089,12.6702695262408,1
564,0,15.75,26,12.6702695262408,12.9070944349792,1
564,0,15.75,26,12.9070944349792,13.1612151275029,1
564,0,15.75,26,13.1612151275029,14.2484825883926,1
564,0,15.75,26,14.2484825883926,14.5334703598911,1
564,0,15.75,26,14.5334703598911,15.75,0
565,0,15.75,36,0,2.52809076223909,1
565,0,15.75,36,2.52809076223909,4.58065182037577,1
565,0,15.75,36,4.58065182037577,4.90423020077083,1
565,0,15.75,36,4.90423020077083,5.08624509157391,1
565,0,15.75,36,5.08624509157391,5.77964790949734,1
565,0,15.75,36,5.77964790949734,7.11957468596011,1
565,0,15.75,36,7.11957468596011,7.38392190181764,1
565,0,15.75,36,7.38392190181764,7.81122420577825,1
565,0,15.75,36,7.81122420577825,8.10562709742609,1
565,0,15.75,36,8.10562709742609,8.30413335719365,1
565,0,15.75,36,8.30413335719365,8.89620308099448,1
565,0,15.75,36,8.89620308099448,9.14017561471849,1
565,0,15.75,36,9.14017561471849,9.70623562941914,1
565,0,15.75,36,9.70623562941914,9.90993448243916,1
565,0,15.75,36,9.90993448243916,10.8829189726523,1
565,0,15.75,36,10.8829189726523,11.3650248729532,1
565,0,15.75,36,11.3650248729532,11.5509059037399,1
565,0,15.75,36,11.5509059037399,11.7357647935372,1
565,0,15.75,36,11.7357647935372,11.9969443589422,1
565,0,15.75,36,11.9969443589422,12.2746209287996,1
565,0,15.75,36,12.2746209287996,12.8255473001753,1
565,0,15.75,36,12.8255473001753,12.8532132712399,1
565,0,15.75,36,12.8532132712399,13.2256061859769,1
565,0,15.75,36,13.2256061859769,13.4563665058919,1
565,0,15.75,36,13.4563665058919,13.5270821069316,1
565,0,15.75,36,13.5270821069316,13.6946524015086,1
565,0,15.75,36,13.6946524015086,13.9261249906975,1
565,0,15.75,36,13.9261249906975,13.9319313318792,1
565,0,15.75,36,13.9319313318792,14.0207442257931,1
565,0,15.75,36,14.0207442257931,14.2092034952338,1
565,0,15.75,36,14.2092034952338,14.3711629803799,1
565,0,15.75,36,14.3711629803799,14.7084235740533,1
565,0,15.75,36,14.7084235740533,14.931934102803,1
565,0,15.75,36,14.931934102803,14.9490568796232,1
565,0,15.75,36,14.9490568796232,15.6577875902717,1
565,0,15.75,36,15.6577875902717,15.7333536168898,1
565,0,15.75,36,15.7333536168898,15.75,0
566,0,15.75,1,0,14.2516653831499,1
566,0,15.75,1,14.2516653831499,15.75,0
567,0,15.75,20,0,4.29783509822645,1
567,0,15.75,20,4.29783509822645,5.44878973276822,1
567,0,15.75,20,5.44878973276822,5.53409400389657,1
567,0,15.75,20,5.53409400389657,7.7132659081305,1
567,0,15.75,20,7.7132659081305,7.99641577588441,1
567,0,15.75,20,7.99641577588441,9.63097025005131,1
567,0,15.75,20,9.63097025005131,9.86985180297919,1
567,0,15.75,20,9.86985180297919,11.530941549356,1
567,0,15.75,20,11.530941549356,12.3670368676689,1
567,0,15.75,20,12.3670368676689,12.3975548437516,1
567,0,15.75,20,12.3975548437516,12.6560937543669,1
567,0,15.75,20,12.6560937543669,12.9869288939784,1
567,0,15.75,20,12.9869288939784,13.4174834371776,1
567,0,15.75,20,13.4174834371776,13.7745072608277,1
567,0,15.75,20,13.7745072608277,13.9743472967745,1
567,0,15.75,20,13.9743472967745,14.1056952753934,1
567,0,15.75,20,14.1056952753934,14.6674240463447,1
567,0,15.75,20,14.6674240463447,14.9986973103861,1
567,0,15.75,20,14.9986973103861,15.5940833120643,1
567,0,15.75,20,15.5940833120643,15.631872667553,1
567,0,15.75,20,15.631872667553,15.75,0
568,0,12.75,2,0,0.00685063016856925,1
568,0,12.75,2,0.00685063016856925,0.259272994369217,1
568,0,12.75,2,0.259272994369217,12.75,0
569,0,15.75,3,0,0.604174863115101,1
569,0,15.75,3,0.604174863115101,2.63646658318721,1
569,0,15.75,3,2.63646658318721,4.3893105195284,1
569,0,15.75,3,4.3893105195284,15.75,0
570,0,14.75,47,0,1.87518728473413,1
570,0,14.75,47,1.87518728473413,3.30658033280679,1
570,0,14.75,47,3.30658033280679,5.12150631451302,1
570,0,14.75,47,5.12150631451302,5.66744962409144,1
570,0,14.75,47,5.66744962409144,6.00187280661893,1
570,0,14.75,47,6.00187280661893,6.40141997754231,1
570,0,14.75,47,6.40141997754231,7.61214252936706,1
570,0,14.75,47,7.61214252936706,7.6770947670424,1
570,0,14.75,47,7.6770947670424,8.15942393368536,1
570,0,14.75,47,8.15942393368536,9.05919971924119,1
570,0,14.75,47,9.05919971924119,9.07638455833326,1
570,0,14.75,47,9.07638455833326,9.74357551498032,1
570,0,14.75,47,9.74357551498032,10.3145514289037,1
570,0,14.75,47,10.3145514289037,10.5629022886549,1
570,0,14.75,47,10.5629022886549,10.7510668284819,1
570,0,14.75,47,10.7510668284819,10.9207521436806,1
570,0,14.75,47,10.9207521436806,10.976366044598,1
570,0,14.75,47,10.976366044598,11.3448357355055,1
570,0,14.75,47,11.3448357355055,11.4133688895525,1
570,0,14.75,47,11.4133688895525,11.5354056556507,1
570,0,14.75,47,11.5354056556507,11.549544115881,1
570,0,14.75,47,11.549544115881,11.5608853484353,1
570,0,14.75,47,11.5608853484353,11.6747190229627,1
570,0,14.75,47,11.6747190229627,11.9122987456324,1
570,0,14.75,47,11.9122987456324,12.0827679995227,1
570,0,14.75,47,12.0827679995227,12.198978734698,1
570,0,14.75,47,12.198978734698,12.277676345718,1
570,0,14.75,47,12.277676345718,12.4781403479231,1
570,0,14.75,47,12.4781403479231,12.5846142926563,1
570,0,14.75,47,12.5846142926563,12.6856191918535,1
570,0,14.75,47,12.6856191918535,12.7924143642885,1
570,0,14.75,47,12.7924143642885,12.8331123067656,1
570,0,14.75,47,12.8331123067656,12.8349549076649,1
570,0,14.75,47,12.8349549076649,12.9912928345426,1
570,0,14.75,47,12.9912928345426,13.0063112341625,1
570,0,14.75,47,13.0063112341625,13.1419814200659,1
570,0,14.75,47,13.1419814200659,13.4786774780784,1
570,0,14.75,47,13.4786774780784,13.5731088716812,1
570,0,14.75,47,13.5731088716812,13.7280657836543,1
570,0,14.75,47,13.7280657836543,13.8912235129461,1
570,0,14.75,47,13.8912235129461,13.9393755481282,1
570,0,14.75,47,13.9393755481282,13.9652828796005,1
570,0,14.75,47,13.9652828796005,14.1102914968709,1
570,0,14.75,47,14.1102914968709,14.1166920871768,1
570,0,14.75,47,14.1166920871768,14.5097420438497,1
570,0,14.75,47,14.5097420438497,14.5806921486106,1
570,0,14.75,47,14.5806921486106,14.6908950237408,1
570,0,14.75,47,14.6908950237408,14.75,0
571,0,11.75,11,0,2.00234694951996,1
571,0,11.75,11,2.00234694951996,2.50105031421925,1
571,0,11.75,11,2.50105031421925,4.88668923502477,1
571,0,11.75,11,4.88668923502477,8.77084408869845,1
571,0,11.75,11,8.77084408869845,9.47159329697783,1
571,0,11.75,11,9.47159329697783,9.50276255820615,1
571,0,11.75,11,9.50276255820615,9.80452859851044,1
571,0,11.75,11,9.80452859851044,10.0087437107448,1
571,0,11.75,11,10.0087437107448,11.153543724795,1
571,0,11.75,11,11.153543724795,11.5087048338535,1
571,0,11.75,11,11.5087048338535,11.5318239778739,1
571,0,11.75,11,11.5318239778739,11.75,0
572,0,17.75,4,0,2.98212691688373,1
572,0,17.75,4,2.98212691688373,4.40538562212883,1
572,0,17.75,4,4.40538562212883,5.93259615311048,1
572,0,17.75,4,5.93259615311048,6.40616045080366,1
572,0,17.75,4,6.40616045080366,17.75,0
573,0,10.75,14,0,2.32962347408835,1
573,0,10.75,14,2.32962347408835,4.84982941927624,1
573,0,10.75,14,4.84982941927624,5.21190635580387,1
573,0,10.75,14,5.21190635580387,7.25276124529753,1
573,0,10.75,14,7.25276124529753,7.28724772894535,1
573,0,10.75,14,7.28724772894535,7.89654108276843,1
573,0,10.75,14,7.89654108276843,8.25771266365307,1
573,0,10.75,14,8.25771266365307,8.6305324474254,1
573,0,10.75,14,8.6305324474254,9.34656917587596,1
573,0,10.75,14,9.34656917587596,9.44836247525683,1
573,0,10.75,14,9.44836247525683,10.0406758762425,1
573,0,10.75,14,10.0406758762425,10.353924890865,1
573,0,10.75,14,10.353924890865,10.6120376989071,1
573,0,10.75,14,10.6120376989071,10.7375716590689,1
573,0,10.75,14,10.7375716590689,10.75,0
574,0,8.75,2,0,0.522272473560441,1
574,0,8.75,2,0.522272473560441,4.24101553870044,1
574,0,8.75,2,4.24101553870044,8.75,0
575,0,9.75,7,0,3.31074126981403,1
575,0,9.75,7,3.31074126981403,5.37823070815119,1
575,0,9.75,7,5.37823070815119,7.23328030499906,1
575,0,9.75,7,7.23328030499906,7.69975066407127,1
575,0,9.75,7,7.69975066407127,9.06100654884883,1
575,0,9.75,7,9.06100654884883,9.06913804369309,1
575,0,9.75,7,9.06913804369309,9.18295378753421,1
575,0,9.75,7,9.18295378753421,9.75,0
576,0,19.75,1,0,14.6418398046063,1
576,0,19.75,1,14.6418398046063,19.75,0
577,0,10.75,7,0,5.73134315903591,1
577,0,10.75,7,5.73134315903591,7.49565166548124,1
577,0,10.75,7,7.49565166548124,7.83132496044176,1
577,0,10.75,7,7.83132496044176,8.16886138478995,1
577,0,10.75,7,8.16886138478995,9.33579413388813,1
577,0,10.75,7,9.33579413388813,10.1185253970292,1
577,0,10.75,7,10.1185253970292,10.6434387947619,1
577,0,10.75,7,10.6434387947619,10.75,0
578,0,13.75,6,0,0.00700299979377827,1
578,0,13.75,6,0.00700299979377827,1.15544761525659,1
578,0,13.75,6,1.15544761525659,2.2818020333132,1
578,0,13.75,6,2.2818020333132,5.8171172021005,1
578,0,13.75,6,5.8171172021005,6.46524884145926,1
578,0,13.75,6,6.46524884145926,8.53293396239966,1
578,0,13.75,6,8.53293396239966,13.75,0
579,0,10.75,0,0,10.75,0
580,0,9.75,6,0,0.0844109444895799,1
580,0,9.75,6,0.0844109444895799,0.169262994619333,1
580,0,9.75,6,0.169262994619333,1.79222666483118,1
580,0,9.75,6,1.79222666483118,2.52307779942738,1
580,0,9.75,6,2.52307779942738,2.68991763927052,1
580,0,9.75,6,2.68991763927052,5.69724190309575,1
580,0,9.75,6,5.69724190309575,9.75,0
581,0,9.75,6,0,1.73283042062165,1
581,0,9.75,6,1.73283042062165,2.44743505880531,1
581,0,9.75,6,2.44743505880531,3.65101024982084,1
581,0,9.75,6,3.65101024982084,4.13525334508547,1
581,0,9.75,6,4.13525334508547,7.47760124459044,1
581,0,9.75,6,7.47760124459044,9.4634856350773,1
581,0,9.75,6,9.4634856350773,9.75,0
582,0,9.75,10,0,3.06552506415262,1
582,0,9.75,10,3.06552506415262,3.41979429238789,1
582,0,9.75,10,3.41979429238789,4.2854066628962,1
582,0,9.75,10,4.2854066628962,6.98828650204229,1
582,0,9.75,10,6.98828650204229,7.14148077737492,1
582,0,9.75,10,7.14148077737492,7.4388374365258,1
582,0,9.75,10,7.4388374365258,7.83375500719171,1
582,0,9.75,10,7.83375500719171,8.68717991554274,1
582,0,9.75,10,8.68717991554274,9.22312472729006,1
582,0,9.75,10,9.22312472729006,9.45617371986492,1
582,0,9.75,10,9.45617371986492,9.75,0
583,0,15.75,2,0,0.548197633172976,1
583,0,15.75,2,0.548197633172976,13.911400444961,1
583,0,15.75,2,13.911400444961,15.75,0
584,0,12.75,1,0,0.437115796892369,1
584,0,12.75,1,0.437115796892369,12.75,0
585,0,10.75,1,0,5.19790662095069,1
585,0,10.75,1,5.19790662095069,10.75,0
586,0,12.75,0,0,12.75,0
587,0,8.75,0,0,8.75,0
588,0,10.75,1,0,1.61377628665085,1
588,0,10.75,1,1.61377628665085,10.75,0
589,0,16.75,57,0,5.09477219118667,1
589,0,16.75,57,5.09477219118667,5.95165260187379,1
589,0,16.75,57,5.95165260187379,6.46657574174264,1
589,0,16.75,57,6.46657574174264,6.62770807944652,1
589,0,16.75,57,6.62770807944652,6.73985545229958,1
589,0,16.75,57,6.73985545229958,6.86201275507489,1
589,0,16.75,57,6.86201275507489,7.21709108629799,1
589,0,16.75,57,7.21709108629799,7.3852119381451,1
589,0,16.75,57,7.3852119381451,8.70526984971225,1
589,0,16.75,57,8.70526984971225,8.96723728217238,1
589,0,16.75,57,8.96723728217238,10.8869270702258,1
589,0,16.75,57,10.8869270702258,11.3402141760968,1
589,0,16.75,57,11.3402141760968,11.3760777978184,1
589,0,16.75,57,11.3760777978184,11.5790541881381,1
589,0,16.75,57,11.5790541881381,11.6242524497849,1
589,0,16.75,57,11.6242524497849,11.6569207862709,1
589,0,16.75,57,11.6569207862709,11.8607784614128,1
589,0,16.75,57,11.8607784614128,12.0057904022859,1
589,0,16.75,57,12.0057904022859,12.0160844287914,1
589,0,16.75,57,12.0160844287914,12.0198358803778,1
589,0,16.75,57,12.0198358803778,12.2508170966782,1
589,0,16.75,57,12.2508170966782,12.2933164829083,1
589,0,16.75,57,12.2933164829083,12.2981515391187,1
589,0,16.75,57,12.2981515391187,13.0002938202972,1
589,0,16.75,57,13.0002938202972,13.0162900151905,1
589,0,16.75,57,13.0162900151905,13.0273152915787,1
589,0,16.75,57,13.0273152915787,13.0654215669035,1
589,0,16.75,57,13.0654215669035,13.1561616853126,1
589,0,16.75,57,13.1561616853126,13.1949512632494,1
589,0,16.75,57,13.1949512632494,13.3994118268033,1
589,0,16.75,57,13.3994118268033,13.5137323647472,1
589,0,16.75,57,13.5137323647472,13.613330419097,1
589,0,16.75,57,13.613330419097,13.797573028547,1
589,0,16.75,57,13.797573028547,13.8666357867843,1
589,0,16.75,57,13.8666357867843,14.2567371527267,1
589,0,16.75,57,14.2567371527267,14.4707469068698,1
589,0,16.75,57,14.4707469068698,14.5031129257121,1
589,0,16.75,57,14.5031129257121,14.519647159015,1
589,0,16.75,57,14.519647159015,14.5322192543325,1
589,0,16.75,57,14.5322192543325,14.8393382932112,1
589,0,16.75,57,14.8393382932112,14.848404278404,1
589,0,16.75,57,14.848404278404,14.9847836756523,1
589,0,16.75,57,14.9847836756523,15.018579248847,1
589,0,16.75,57,15.018579248847,15.033806626406,1
589,0,16.75,57,15.033806626406,15.0849954828795,1
589,0,16.75,57,15.0849954828795,15.2001892060882,1
589,0,16.75,57,15.2001892060882,15.3504889286624,1
589,0,16.75,57,15.3504889286624,15.5217185000082,1
589,0,16.75,57,15.5217185000082,15.5551562234744,1
589,0,16.75,57,15.5551562234744,15.6109717531915,1
589,0,16.75,57,15.6109717531915,15.7216078139476,1
589,0,16.75,57,15.7216078139476,15.7525110174055,1
589,0,16.75,57,15.7525110174055,16.0181425412237,1
589,0,16.75,57,16.0181425412237,16.1785587082362,1
589,0,16.75,57,16.1785587082362,16.6061002686619,1
589,0,16.75,57,16.6061002686619,16.6709650051099,1
589,0,16.75,57,16.6709650051099,16.7328859473782,1
589,0,16.75,57,16.7328859473782,16.75,0
590,0,11.75,1,0,4.08249504267285,1
590,0,11.75,1,4.08249504267285,11.75,0
591,0,17.75,2,0,4.40156070972556,1
591,0,17.75,2,4.40156070972556,11.6917345147925,1
591,0,17.75,2,11.6917345147925,17.75,0
592,0,20.75,67,0,1.56747206787714,1
592,0,20.75,67,1.56747206787714,4.52304623434305,1
592,0,20.75,67,4.52304623434305,6.43301334540892,1
592,0,20.75,67,6.43301334540892,7.39142119310039,1
592,0,20.75,67,7.39142119310039,7.42759819966536,1
592,0,20.75,67,7.42759819966536,8.13036689471914,1
592,0,20.75,67,8.13036689471914,8.24223718932434,1
592,0,20.75,67,8.24223718932434,8.2580963005281,1
592,0,20.75,67,8.2580963005281,8.54877587222518,1
592,0,20.75,67,8.54877587222518,8.73211610037758,1
592,0,20.75,67,8.73211610037758,9.13341167834483,1
592,0,20.75,67,9.13341167834483,9.64326472921477,1
592,0,20.75,67,9.64326472921477,9.96555094474696,1
592,0,20.75,67,9.96555094474696,10.3124683724226,1
592,0,20.75,67,10.3124683724226,10.46098205317,1
592,0,20.75,67,10.46098205317,10.6459101112114,1
592,0,20.75,67,10.6459101112114,11.1089332713348,1
592,0,20.75,67,11.1089332713348,11.1988330917464,1
592,0,20.75,67,11.1988330917464,11.2407575469569,1
592,0,20.75,67,11.2407575469569,11.3772749288156,1
592,0,20.75,67,11.3772749288156,12.2132291536452,1
592,0,20.75,67,12.2132291536452,12.6315404085923,1
592,0,20.75,67,12.6315404085923,12.7003658512845,1
592,0,20.75,67,12.7003658512845,12.858052700322,1
592,0,20.75,67,12.858052700322,13.2184672651282,1
592,0,20.75,67,13.2184672651282,13.2485364584912,1
592,0,20.75,67,13.2485364584912,13.3561671972706,1
592,0,20.75,67,13.3561671972706,13.4062385370445,1
592,0,20.75,67,13.4062385370445,13.8209256097817,1
592,0,20.75,67,13.8209256097817,13.9812640628439,1
592,0,20.75,67,13.9812640628439,14.235607276049,1
592,0,20.75,67,14.235607276049,14.4698151564643,1
592,0,20.75,67,14.4698151564643,14.7273909481141,1
592,0,20.75,67,14.7273909481141,14.9985559474992,1
592,0,20.75,67,14.9985559474992,15.2230103798117,1
592,0,20.75,67,15.2230103798117,15.2800852498039,1
592,0,20.75,67,15.2800852498039,15.3188701659347,1
592,0,20.75,67,15.3188701659347,15.3522960731733,1
592,0,20.75,67,15.3522960731733,15.5235254579876,1
592,0,20.75,67,15.5235254579876,15.5376851198672,1
592,0,20.75,67,15.5376851198672,15.5751812220079,1
592,0,20.75,67,15.5751812220079,15.6583647666198,1
592,0,20.75,67,15.6583647666198,15.8255631619921,1
592,0,20.75,67,15.8255631619921,15.9627077363714,1
592,0,20.75,67,15.9627077363714,16.4559108702598,1
592,0,20.75,67,16.4559108702598,16.6874818433603,1
592,0,20.75,67,16.6874818433603,17.0683443161717,1
592,0,20.75,67,17.0683443161717,17.0894422886538,1
592,0,20.75,67,17.0894422886538,17.3963990839741,1
592,0,20.75,67,17.3963990839741,17.4367753282876,1
592,0,20.75,67,17.4367753282876,17.4917388884147,1
592,0,20.75,67,17.4917388884147,17.7041298032959,1
592,0,20.75,67,17.7041298032959,17.9057340407609,1
592,0,20.75,67,17.9057340407609,18.5241183636991,1
592,0,20.75,67,18.5241183636991,18.5969675414904,1
592,0,20.75,67,18.5969675414904,19.2225741519046,1
592,0,20.75,67,19.2225741519046,19.3429575369009,1
592,0,20.75,67,19.3429575369009,19.4561744956416,1
592,0,20.75,67,19.4561744956416,19.583192111298,1
592,0,20.75,67,19.583192111298,19.6265130460858,1
592,0,20.75,67,19.6265130460858,19.6735368564121,1
592,0,20.75,67,19.6735368564121,19.6774870734752,1
592,0,20.75,67,19.6774870734752,19.7112934098208,1
592,0,20.75,67,19.7112934098208,19.7344432486576,1
592,0,20.75,67,19.7344432486576,20.3226457952121,1
592,0,20.75,67,20.3226457952121,20.5829471899382,1
592,0,20.75,67,20.5829471899382,20.7284164295315,1
592,0,20.75,67,20.7284164295315,20.75,0
593,0,7.75,0,0,7.75,0
594,0,10.75,1,0,5.11177590131665,1
594,0,10.75,1,5.11177590131665,10.75,0
595,0,16.75,3,0,5.44394580602379,1
595,0,16.75,3,5.44394580602379,6.78885058644667,1
595,0,16.75,3,6.78885058644667,9.89540628721874,1
595,0,16.75,3,9.89540628721874,16.75,0
596,0,14.75,1,0,11.8666080658372,1
596,0,14.75,1,11.8666080658372,14.75,0
597,0,13.75,3,0,0.604832509706405,1
597,0,13.75,3,0.604832509706405,3.66782580290396,1
597,0,13.75,3,3.66782580290396,4.52823901871006,1
597,0,13.75,3,4.52823901871006,13.75,0
598,0,17.75,14,0,5.42108063931053,1
598,0,17.75,14,5.42108063931053,5.67965488945632,1
598,0,17.75,14,5.67965488945632,5.9293108373189,1
598,0,17.75,14,5.9293108373189,10.9058335945143,1
598,0,17.75,14,10.9058335945143,11.2804313868623,1
598,0,17.75,14,11.2804313868623,11.4429999554707,1
598,0,17.75,14,11.4429999554707,11.7581495670395,1
598,0,17.75,14,11.7581495670395,12.2474714909559,1
598,0,17.75,14,12.2474714909559,12.2485151638243,1
598,0,17.75,14,12.2485151638243,12.4932874183057,1
598,0,17.75,14,12.4932874183057,14.0245489417914,1
598,0,17.75,14,14.0245489417914,15.024513405867,1
598,0,17.75,14,15.024513405867,16.5239054745227,1
598,0,17.75,14,16.5239054745227,16.9193689110767,1
598,0,17.75,14,16.9193689110767,17.75,0
599,0,13.75,15,0,3.88296526740677,1
599,0,13.75,15,3.88296526740677,6.65981071759787,1
599,0,13.75,15,6.65981071759787,6.82446447698862,1
599,0,13.75,15,6.82446447698862,6.87357974069911,1
599,0,13.75,15,6.87357974069911,8.8143345558647,1
599,0,13.75,15,8.8143345558647,9.75921353473871,1
599,0,13.75,15,9.75921353473871,10.1256667929327,1
599,0,13.75,15,10.1256667929327,10.538265458749,1
599,0,13.75,15,10.538265458749,11.0624992268269,1
599,0,13.75,15,11.0624992268269,11.7845386104352,1
599,0,13.75,15,11.7845386104352,12.198673412807,1
599,0,13.75,15,12.198673412807,12.224312185231,1
599,0,13.75,15,12.224312185231,12.5317351367653,1
599,0,13.75,15,12.5317351367653,12.6182558999353,1
599,0,13.75,15,12.6182558999353,13.0589350149577,1
599,0,13.75,15,13.0589350149577,13.75,0
600,0,15.75,34,0,4.56866642004734,1
600,0,15.75,34,4.56866642004734,6.09016073678121,1
600,0,15.75,34,6.09016073678121,6.5751079585784,1
600,0,15.75,34,6.5751079585784,7.36235330651057,1
600,0,15.75,34,7.36235330651057,7.94468274955663,1
600,0,15.75,34,7.94468274955663,8.04321326778039,1
600,0,15.75,34,8.04321326778039,8.4589464596822,1
600,0,15.75,34,8.4589464596822,8.52075830786238,1
600,0,15.75,34,8.52075830786238,8.97791082492012,1
600,0,15.75,34,8.97791082492012,9.42859898825191,1
600,0,15.75,34,9.42859898825191,9.55715475646455,1
600,0,15.75,34,9.55715475646455,9.69940096777826,1
600,0,15.75,34,9.69940096777826,10.2974681488736,1
600,0,15.75,34,10.2974681488736,10.5060207751539,1
600,0,15.75,34,10.5060207751539,11.018660766935,1
600,0,15.75,34,11.018660766935,11.1166019729166,1
600,0,15.75,34,11.1166019729166,11.4667947714796,1
600,0,15.75,34,11.4667947714796,11.4971952435031,1
600,0,15.75,34,11.4971952435031,11.5251792229998,1
600,0,15.75,34,11.5251792229998,11.7485739392513,1
600,0,15.75,34,11.7485739392513,12.2765787034311,1
600,0,15.75,34,12.2765787034311,12.4377960131345,1
600,0,15.75,34,12.4377960131345,14.3199507269529,1
600,0,15.75,34,14.3199507269529,14.5299509922675,1
600,0,15.75,34,14.5299509922675,14.9387002878828,1
600,0,15.75,34,14.9387002878828,15.0389409759666,1
600,0,15.75,34,15.0389409759666,15.134866204551,1
600,0,15.75,34,15.134866204551,15.2495142209953,1
600,0,15.75,34,15.2495142209953,15.3628996537292,1
600,0,15.75,34,15.3628996537292,15.4304573370367,1
600,0,15.75,34,15.4304573370367,15.6190361142928,1
600,0,15.75,34,15.6190361142928,15.6260003202021,1
600,0,15.75,34,15.6260003202021,15.6618306527039,1
600,0,15.75,34,15.6618306527039,15.7470650641553,1
600,0,15.75,34,15.7470650641553,15.75,0
