"id","xi","Tei","n.rec","start","stop","status"
1,1,17.75,45,0,2.24797655699058,1
1,1,17.75,45,2.24797655699058,2.40168670873301,1
1,1,17.75,45,2.40168670873301,3.27173452603092,1
1,1,17.75,45,3.27173452603092,5.72381552842435,1
1,1,17.75,45,5.72381552842435,6.25503643828117,1
1,1,17.75,45,6.25503643828117,6.49126423446956,1
1,1,17.75,45,6.49126423446956,6.74136575029973,1
1,1,17.75,45,6.74136575029973,7.8173552739596,1
1,1,17.75,45,7.8173552739596,7.85499756169911,1
1,1,17.75,45,7.85499756169911,8.17426447867861,1
1,1,17.75,45,8.17426447867861,9.38523462711499,1
1,1,17.75,45,9.38523462711499,9.4679138786468,1
1,1,17.75,45,9.4679138786468,9.54350988071739,1
1,1,17.75,45,9.54350988071739,9.76470383829725,1
1,1,17.75,45,9.76470383829725,10.7177133772133,1
1,1,17.75,45,10.7177133772133,10.8409931181466,1
1,1,17.75,45,10.8409931181466,11.209923758543,1
1,1,17.75,45,11.209923758543,11.303635290342,1
1,1,17.75,45,11.303635290342,11.422247993778,1
1,1,17.75,45,11.422247993778,11.5987001599275,1
1,1,17.75,45,11.5987001599275,11.8814052610781,1
1,1,17.75,45,11.8814052610781,12.0792171367474,1
1,1,17.75,45,12.0792171367474,12.2065083742886,1
1,1,17.75,45,12.2065083742886,12.4996492440116,1
1,1,17.75,45,12.4996492440116,12.5024207349909,1
1,1,17.75,45,12.5024207349909,12.7513561334896,1
1,1,17.75,45,12.7513561334896,12.9385761403535,1
1,1,17.75,45,12.9385761403535,13.0992460237793,1
1,1,17.75,45,13.0992460237793,13.5233533243801,1
1,1,17.75,45,13.5233533243801,14.0134644657793,1
1,1,17.75,45,14.0134644657793,14.2846308044327,1
1,1,17.75,45,14.2846308044327,14.6342854866612,1
1,1,17.75,45,14.6342854866612,14.8609766033377,1
1,1,17.75,45,14.8609766033377,15.3536332381549,1
1,1,17.75,45,15.3536332381549,15.615348833909,1
1,1,17.75,45,15.615348833909,15.6682593512048,1
1,1,17.75,45,15.6682593512048,15.7769356210148,1
1,1,17.75,45,15.7769356210148,16.2720083646001,1
1,1,17.75,45,16.2720083646001,16.8489331034455,1
1,1,17.75,45,16.8489331034455,17.1247551665901,1
1,1,17.75,45,17.1247551665901,17.3423361897398,1
1,1,17.75,45,17.3423361897398,17.4494305134411,1
1,1,17.75,45,17.4494305134411,17.6363825268524,1
1,1,17.75,45,17.6363825268524,17.6761896819576,1
1,1,17.75,45,17.6761896819576,17.6908335565903,1
1,1,17.75,45,17.6908335565903,17.75,0
2,1,11.75,1,0,2.69145572969965,1
2,1,11.75,1,2.69145572969965,11.75,0
3,1,11.75,31,0,3.75767921302182,1
3,1,11.75,31,3.75767921302182,4.97864653869435,1
3,1,11.75,31,4.97864653869435,5.22801968199663,1
3,1,11.75,31,5.22801968199663,5.37214778752875,1
3,1,11.75,31,5.37214778752875,6.21487022764315,1
3,1,11.75,31,6.21487022764315,6.89781825577346,1
3,1,11.75,31,6.89781825577346,7.25652324542543,1
3,1,11.75,31,7.25652324542543,7.38841607113987,1
3,1,11.75,31,7.38841607113987,7.72801109698949,1
3,1,11.75,31,7.72801109698949,8.39435927255215,1
3,1,11.75,31,8.39435927255215,8.56255163822138,1
3,1,11.75,31,8.56255163822138,8.70057789141796,1
3,1,11.75,31,8.70057789141796,8.78419766650021,1
3,1,11.75,31,8.78419766650021,8.80937467188694,1
3,1,11.75,31,8.80937467188694,8.81486824052131,1
3,1,11.75,31,8.81486824052131,8.85621306169561,1
3,1,11.75,31,8.85621306169561,9.16238576087335,1
3,1,11.75,31,9.16238576087335,9.55951328770804,1
3,1,11.75,31,9.55951328770804,9.64611211001567,1
3,1,11.75,31,9.64611211001567,9.97181163781955,1
3,1,11.75,31,9.97181163781955,10.0189671297074,1
3,1,11.75,31,10.0189671297074,10.1698623246317,1
3,1,11.75,31,10.1698623246317,10.5922724414117,1
3,1,11.75,31,10.5922724414117,10.8494315952928,1
3,1,11.75,31,10.8494315952928,11.170945398874,1
3,1,11.75,31,11.170945398874,11.3093911531443,1
3,1,11.75,31,11.3093911531443,11.433994326515,1
3,1,11.75,31,11.433994326515,11.4382041613196,1
3,1,11.75,31,11.4382041613196,11.5683045182446,1
3,1,11.75,31,11.5683045182446,11.6513037019522,1
3,1,11.75,31,11.6513037019522,11.7189722646358,1
3,1,11.75,31,11.7189722646358,11.75,0
4,1,17.75,46,0,5.25855760504641,1
4,1,17.75,46,5.25855760504641,6.62898627379418,1
4,1,17.75,46,6.62898627379418,6.95876761828763,1
4,1,17.75,46,6.95876761828763,7.74092088730758,1
4,1,17.75,46,7.74092088730758,8.06692847258722,1
4,1,17.75,46,8.06692847258722,8.39892402294503,1
4,1,17.75,46,8.39892402294503,9.25585299372336,1
4,1,17.75,46,9.25585299372336,9.61386296299228,1
4,1,17.75,46,9.61386296299228,9.84448713119681,1
4,1,17.75,46,9.84448713119681,10.057983670318,1
4,1,17.75,46,10.057983670318,10.5559999113239,1
4,1,17.75,46,10.5559999113239,11.3362492552977,1
4,1,17.75,46,11.3362492552977,11.8321134930499,1
4,1,17.75,46,11.8321134930499,11.9551323785835,1
4,1,17.75,46,11.9551323785835,12.0256545574629,1
4,1,17.75,46,12.0256545574629,12.1135258203014,1
4,1,17.75,46,12.1135258203014,12.137595031937,1
4,1,17.75,46,12.137595031937,12.5529768028473,1
4,1,17.75,46,12.5529768028473,12.810968629903,1
4,1,17.75,46,12.810968629903,12.8219112793148,1
4,1,17.75,46,12.8219112793148,13.0511044437974,1
4,1,17.75,46,13.0511044437974,13.1419912696679,1
4,1,17.75,46,13.1419912696679,13.142147926857,1
4,1,17.75,46,13.142147926857,13.2742920548947,1
4,1,17.75,46,13.2742920548947,13.3931889480556,1
4,1,17.75,46,13.3931889480556,14.0655965997702,1
4,1,17.75,46,14.0655965997702,14.1382651327478,1
4,1,17.75,46,14.1382651327478,14.5228445811912,1
4,1,17.75,46,14.5228445811912,14.9166354828353,1
4,1,17.75,46,14.9166354828353,15.1605396554427,1
4,1,17.75,46,15.1605396554427,15.2702345108982,1
4,1,17.75,46,15.2702345108982,15.2751686147186,1
4,1,17.75,46,15.2751686147186,15.3926725404706,1
4,1,17.75,46,15.3926725404706,15.4057695487319,1
4,1,17.75,46,15.4057695487319,15.7985324838385,1
4,1,17.75,46,15.7985324838385,15.8906244695626,1
4,1,17.75,46,15.8906244695626,16.2201404440391,1
4,1,17.75,46,16.2201404440391,16.4189807111165,1
4,1,17.75,46,16.4189807111165,16.6037364340375,1
4,1,17.75,46,16.6037364340375,16.6873279774141,1
4,1,17.75,46,16.6873279774141,16.7231366320444,1
4,1,17.75,46,16.7231366320444,16.9227618571599,1
4,1,17.75,46,16.9227618571599,16.9423750941959,1
4,1,17.75,46,16.9423750941959,17.2916705270332,1
4,1,17.75,46,17.2916705270332,17.3596093252679,1
4,1,17.75,46,17.3596093252679,17.5784306789549,1
4,1,17.75,46,17.5784306789549,17.75,0
5,1,9.75,1,0,7.24331712485374,1
5,1,9.75,1,7.24331712485374,9.75,0
6,1,17.75,59,0,2.95847345911769,1
6,1,17.75,59,2.95847345911769,3.40526456188489,1
6,1,17.75,59,3.40526456188489,4.76629668425782,1
6,1,17.75,59,4.76629668425782,5.04188488895893,1
6,1,17.75,59,5.04188488895893,5.57833904295898,1
6,1,17.75,59,5.57833904295898,5.72541414465616,1
6,1,17.75,59,5.72541414465616,5.85131188692815,1
6,1,17.75,59,5.85131188692815,6.08617780932453,1
6,1,17.75,59,6.08617780932453,6.8706117810954,1
6,1,17.75,59,6.8706117810954,7.02110323229821,1
6,1,17.75,59,7.02110323229821,7.39192606756131,1
6,1,17.75,59,7.39192606756131,7.48677279137115,1
6,1,17.75,59,7.48677279137115,7.52444233089501,1
6,1,17.75,59,7.52444233089501,8.10853351880315,1
6,1,17.75,59,8.10853351880315,8.79568473191017,1
6,1,17.75,59,8.79568473191017,8.86898408690915,1
6,1,17.75,59,8.86898408690915,9.01657845234232,1
6,1,17.75,59,9.01657845234232,9.57108782777253,1
6,1,17.75,59,9.57108782777253,10.1429093290767,1
6,1,17.75,59,10.1429093290767,10.2678246286985,1
6,1,17.75,59,10.2678246286985,10.4077940288273,1
6,1,17.75,59,10.4077940288273,10.5330454369785,1
6,1,17.75,59,10.5330454369785,10.5727864527395,1
6,1,17.75,59,10.5727864527395,10.8522862720318,1
6,1,17.75,59,10.8522862720318,10.9334381310102,1
6,1,17.75,59,10.9334381310102,10.9496631319954,1
6,1,17.75,59,10.9496631319954,11.3778755858776,1
6,1,17.75,59,11.3778755858776,11.472314975818,1
6,1,17.75,59,11.472314975818,12.6921163160715,1
6,1,17.75,59,12.6921163160715,12.7463892496423,1
6,1,17.75,59,12.7463892496423,12.7597545573876,1
6,1,17.75,59,12.7597545573876,12.9251436117039,1
6,1,17.75,59,12.9251436117039,12.9386409070585,1
6,1,17.75,59,12.9386409070585,13.0112734821917,1
6,1,17.75,59,13.0112734821917,13.2261375719943,1
6,1,17.75,59,13.2261375719943,13.2893096696263,1
6,1,17.75,59,13.2893096696263,13.4654175547834,1
6,1,17.75,59,13.4654175547834,14.3419212281156,1
6,1,17.75,59,14.3419212281156,14.3714783989423,1
6,1,17.75,59,14.3714783989423,14.4168511054011,1
6,1,17.75,59,14.4168511054011,14.5941581167402,1
6,1,17.75,59,14.5941581167402,14.7298190134349,1
6,1,17.75,59,14.7298190134349,14.9079028771038,1
6,1,17.75,59,14.9079028771038,14.9323169309838,1
6,1,17.75,59,14.9323169309838,15.1794131883474,1
6,1,17.75,59,15.1794131883474,15.3022643454445,1
6,1,17.75,59,15.3022643454445,15.5997999339891,1
6,1,17.75,59,15.5997999339891,15.61712232425,1
6,1,17.75,59,15.61712232425,15.7658106245541,1
6,1,17.75,59,15.7658106245541,15.766642648903,1
6,1,17.75,59,15.766642648903,15.8816820353584,1
6,1,17.75,59,15.8816820353584,16.2658368440423,1
6,1,17.75,59,16.2658368440423,16.3175873990983,1
6,1,17.75,59,16.3175873990983,16.9003621548555,1
6,1,17.75,59,16.9003621548555,16.9243208274564,1
6,1,17.75,59,16.9243208274564,16.9870789045924,1
6,1,17.75,59,16.9870789045924,17.0395361353863,1
6,1,17.75,59,17.0395361353863,17.1686083256374,1
6,1,17.75,59,17.1686083256374,17.4378350765272,1
6,1,17.75,59,17.4378350765272,17.75,0
7,1,17.75,58,0,1.41787154743208,1
7,1,17.75,58,1.41787154743208,5.72555301719748,1
7,1,17.75,58,5.72555301719748,5.99122360958655,1
7,1,17.75,58,5.99122360958655,6.62359409304968,1
7,1,17.75,58,6.62359409304968,7.17987135067548,1
7,1,17.75,58,7.17987135067548,7.82763984021253,1
7,1,17.75,58,7.82763984021253,8.09491443715673,1
7,1,17.75,58,8.09491443715673,8.52737672460928,1
7,1,17.75,58,8.52737672460928,8.87032536305066,1
7,1,17.75,58,8.87032536305066,8.87488414056565,1
7,1,17.75,58,8.87488414056565,9.20810559954709,1
7,1,17.75,58,9.20810559954709,9.22494915535652,1
7,1,17.75,58,9.22494915535652,9.50623808999798,1
7,1,17.75,58,9.50623808999798,9.81948793512492,1
7,1,17.75,58,9.81948793512492,10.3101158902077,1
7,1,17.75,58,10.3101158902077,10.4617952015189,1
7,1,17.75,58,10.4617952015189,10.7891906170261,1
7,1,17.75,58,10.7891906170261,10.9333644612203,1
7,1,17.75,58,10.9333644612203,11.1585932614557,1
7,1,17.75,58,11.1585932614557,11.1755305821858,1
7,1,17.75,58,11.1755305821858,11.5942983640107,1
7,1,17.75,58,11.5942983640107,11.8902014711836,1
7,1,17.75,58,11.8902014711836,12.7047720559934,1
7,1,17.75,58,12.7047720559934,13.1517610490135,1
7,1,17.75,58,13.1517610490135,13.2615802215167,1
7,1,17.75,58,13.2615802215167,13.3587620849913,1
7,1,17.75,58,13.3587620849913,13.3625365594724,1
7,1,17.75,58,13.3625365594724,13.4737559317861,1
7,1,17.75,58,13.4737559317861,13.6435608074609,1
7,1,17.75,58,13.6435608074609,13.7382850345798,1
7,1,17.75,58,13.7382850345798,13.8390328938137,1
7,1,17.75,58,13.8390328938137,13.8721831319113,1
7,1,17.75,58,13.8721831319113,13.9808208389465,1
7,1,17.75,58,13.9808208389465,14.0563601188639,1
7,1,17.75,58,14.0563601188639,14.0616658736944,1
7,1,17.75,58,14.0616658736944,14.1150912961275,1
7,1,17.75,58,14.1150912961275,14.5183688767492,1
7,1,17.75,58,14.5183688767492,14.5983208631476,1
7,1,17.75,58,14.5983208631476,14.8017844534663,1
7,1,17.75,58,14.8017844534663,15.1844798470534,1
7,1,17.75,58,15.1844798470534,15.2034211300472,1
7,1,17.75,58,15.2034211300472,15.5240376705436,1
7,1,17.75,58,15.5240376705436,15.5862944655393,1
7,1,17.75,58,15.5862944655393,15.649787536671,1
7,1,17.75,58,15.649787536671,15.8226593563231,1
7,1,17.75,58,15.8226593563231,16.006941077452,1
7,1,17.75,58,16.006941077452,16.0225367259789,1
7,1,17.75,58,16.0225367259789,16.1728322012694,1
7,1,17.75,58,16.1728322012694,16.2375331423775,1
7,1,17.75,58,16.2375331423775,16.3186521011812,1
7,1,17.75,58,16.3186521011812,16.4333378950785,1
7,1,17.75,58,16.4333378950785,16.4561630828486,1
7,1,17.75,58,16.4561630828486,16.6965369045612,1
7,1,17.75,58,16.6965369045612,16.7520921714716,1
7,1,17.75,58,16.7520921714716,16.8415459259913,1
7,1,17.75,58,16.8415459259913,17.0927887652698,1
7,1,17.75,58,17.0927887652698,17.1319686008088,1
7,1,17.75,58,17.1319686008088,17.3706230423134,1
7,1,17.75,58,17.3706230423134,17.75,0
8,1,18.75,53,0,4.71850897544815,1
8,1,18.75,53,4.71850897544815,4.89099489377328,1
8,1,18.75,53,4.89099489377328,6.84453442349284,1
8,1,18.75,53,6.84453442349284,8.38277063110164,1
8,1,18.75,53,8.38277063110164,9.25666283924875,1
8,1,18.75,53,9.25666283924875,9.95409790177587,1
8,1,18.75,53,9.95409790177587,10.1937653669676,1
8,1,18.75,53,10.1937653669676,10.3212398622249,1
8,1,18.75,53,10.3212398622249,10.7032024627082,1
8,1,18.75,53,10.7032024627082,10.8108597908008,1
8,1,18.75,53,10.8108597908008,10.9248806008924,1
8,1,18.75,53,10.9248806008924,10.9436639798909,1
8,1,18.75,53,10.9436639798909,11.2061328619433,1
8,1,18.75,53,11.2061328619433,11.2616896180294,1
8,1,18.75,53,11.2616896180294,11.3816979105945,1
8,1,18.75,53,11.3816979105945,11.4802431388739,1
8,1,18.75,53,11.4802431388739,11.6404535370535,1
8,1,18.75,53,11.6404535370535,11.8598798762513,1
8,1,18.75,53,11.8598798762513,12.0656346615016,1
8,1,18.75,53,12.0656346615016,12.0840492415989,1
8,1,18.75,53,12.0840492415989,12.1504394557557,1
8,1,18.75,53,12.1504394557557,12.2798952931746,1
8,1,18.75,53,12.2798952931746,12.519679389549,1
8,1,18.75,53,12.519679389549,12.6583827361999,1
8,1,18.75,53,12.6583827361999,12.8814681888305,1
8,1,18.75,53,12.8814681888305,12.9709505689042,1
8,1,18.75,53,12.9709505689042,13.0164925286709,1
8,1,18.75,53,13.0164925286709,13.4822284064507,1
8,1,18.75,53,13.4822284064507,13.5163297712012,1
8,1,18.75,53,13.5163297712012,13.9235671166293,1
8,1,18.75,53,13.9235671166293,13.9243741486335,1
8,1,18.75,53,13.9243741486335,14.6611176622982,1
8,1,18.75,53,14.6611176622982,14.8916462230671,1
8,1,18.75,53,14.8916462230671,15.0452562164162,1
8,1,18.75,53,15.0452562164162,15.1879748708795,1
8,1,18.75,53,15.1879748708795,15.4900539099157,1
8,1,18.75,53,15.4900539099157,15.5697206905938,1
8,1,18.75,53,15.5697206905938,16.6288950957966,1
8,1,18.75,53,16.6288950957966,16.661124911678,1
8,1,18.75,53,16.661124911678,17.3700748641408,1
8,1,18.75,53,17.3700748641408,17.4329277323995,1
8,1,18.75,53,17.4329277323995,17.4414444208229,1
8,1,18.75,53,17.4414444208229,17.4955419441947,1
8,1,18.75,53,17.4955419441947,17.5302389797892,1
8,1,18.75,53,17.5302389797892,17.6591554026272,1
8,1,18.75,53,17.6591554026272,17.8781139559881,1
8,1,18.75,53,17.8781139559881,17.9706623978524,1
8,1,18.75,53,17.9706623978524,18.1204014259731,1
8,1,18.75,53,18.1204014259731,18.3648269168146,1
8,1,18.75,53,18.3648269168146,18.5434861446198,1
8,1,18.75,53,18.5434861446198,18.5585446731792,1
8,1,18.75,53,18.5585446731792,18.6395116449357,1
8,1,18.75,53,18.6395116449357,18.6666075715244,1
8,1,18.75,53,18.6666075715244,18.75,0
9,1,15.75,4,0,1.39763905205756,1
9,1,15.75,4,1.39763905205756,4.35631429337742,1
9,1,15.75,4,4.35631429337742,4.41653892294294,1
9,1,15.75,4,4.41653892294294,8.00886087740827,1
9,1,15.75,4,8.00886087740827,15.75,0
10,1,13.75,2,0,0.196340109090506,1
10,1,13.75,2,0.196340109090506,3.17716186895156,1
10,1,13.75,2,3.17716186895156,13.75,0
11,1,12.75,0,0,12.75,0
12,1,20.75,3,0,0.0914459576245898,1
12,1,20.75,3,0.0914459576245898,14.7202695886724,1
12,1,20.75,3,14.7202695886724,20.1984143780503,1
12,1,20.75,3,20.1984143780503,20.75,0
13,1,10.75,6,0,2.33672623341404,1
13,1,10.75,6,2.33672623341404,5.34036303143074,1
13,1,10.75,6,5.34036303143074,5.97056585129687,1
13,1,10.75,6,5.97056585129687,7.82400912365483,1
13,1,10.75,6,7.82400912365483,10.4219633733349,1
13,1,10.75,6,10.4219633733349,10.5457457831512,1
13,1,10.75,6,10.5457457831512,10.75,0
14,1,18.75,45,0,2.66711722129621,1
14,1,18.75,45,2.66711722129621,3.53583953459534,1
14,1,18.75,45,3.53583953459534,5.35482761999215,1
14,1,18.75,45,5.35482761999215,5.48615312848608,1
14,1,18.75,45,5.48615312848608,6.67547686323897,1
14,1,18.75,45,6.67547686323897,7.7212943541106,1
14,1,18.75,45,7.7212943541106,7.7884218508035,1
14,1,18.75,45,7.7884218508035,9.37744915753605,1
14,1,18.75,45,9.37744915753605,9.67817966986471,1
14,1,18.75,45,9.67817966986471,10.3918102416455,1
14,1,18.75,45,10.3918102416455,10.4268469762783,1
14,1,18.75,45,10.4268469762783,10.8746917956839,1
14,1,18.75,45,10.8746917956839,11.2049784542325,1
14,1,18.75,45,11.2049784542325,11.3484738962661,1
14,1,18.75,45,11.3484738962661,11.4046970389475,1
14,1,18.75,45,11.4046970389475,11.4346998473858,1
14,1,18.75,45,11.4346998473858,11.4995046257932,1
14,1,18.75,45,11.4995046257932,11.7173168818734,1
14,1,18.75,45,11.7173168818734,11.8857414914917,1
14,1,18.75,45,11.8857414914917,11.9857717376625,1
14,1,18.75,45,11.9857717376625,12.4027385854699,1
14,1,18.75,45,12.4027385854699,12.4360878174709,1
14,1,18.75,45,12.4360878174709,12.7206998751219,1
14,1,18.75,45,12.7206998751219,13.2559953436565,1
14,1,18.75,45,13.2559953436565,13.504451871582,1
14,1,18.75,45,13.504451871582,13.7892689978231,1
14,1,18.75,45,13.7892689978231,13.8983328966526,1
14,1,18.75,45,13.8983328966526,15.7698249245183,1
14,1,18.75,45,15.7698249245183,16.0031110884952,1
14,1,18.75,45,16.0031110884952,16.0570451200167,1
14,1,18.75,45,16.0570451200167,16.0847557980755,1
14,1,18.75,45,16.0847557980755,16.5458218435935,1
14,1,18.75,45,16.5458218435935,16.6201861840716,1
14,1,18.75,45,16.6201861840716,16.8039525690557,1
14,1,18.75,45,16.8039525690557,16.9551669263374,1
14,1,18.75,45,16.9551669263374,16.9561918881937,1
14,1,18.75,45,16.9561918881937,17.1058779944717,1
14,1,18.75,45,17.1058779944717,17.1318605973267,1
14,1,18.75,45,17.1318605973267,17.3024021836185,1
14,1,18.75,45,17.3024021836185,17.5043135721321,1
14,1,18.75,45,17.5043135721321,17.6734306985578,1
14,1,18.75,45,17.6734306985578,18.0904682854419,1
14,1,18.75,45,18.0904682854419,18.3798777182341,1
14,1,18.75,45,18.3798777182341,18.4414533028368,1
14,1,18.75,45,18.4414533028368,18.6936972367363,1
14,1,18.75,45,18.6936972367363,18.75,0
15,1,15.75,3,0,0.0391158325976212,1
15,1,15.75,3,0.0391158325976212,0.54970984025042,1
15,1,15.75,3,0.54970984025042,3.3536968335429,1
15,1,15.75,3,3.3536968335429,15.75,0
16,1,10.75,9,0,2.53322481496052,1
16,1,10.75,9,2.53322481496052,3.37754050550157,1
16,1,10.75,9,3.37754050550157,6.86030595869654,1
16,1,10.75,9,6.86030595869654,7.2024694705087,1
16,1,10.75,9,7.2024694705087,7.24814223903176,1
16,1,10.75,9,7.24814223903176,8.45178490874792,1
16,1,10.75,9,8.45178490874792,8.93012090809642,1
16,1,10.75,9,8.93012090809642,9.8669829937007,1
16,1,10.75,9,9.8669829937007,10.0651244891077,1
16,1,10.75,9,10.0651244891077,10.75,0
17,1,20.75,1,0,8.67482225853395,1
17,1,20.75,1,8.67482225853395,20.75,0
18,1,15.75,1,0,1.22267625609557,1
18,1,15.75,1,1.22267625609557,15.75,0
19,1,11.75,1,0,2.07370018026855,1
19,1,11.75,1,2.07370018026855,11.75,0
20,1,13.75,19,0,3.51455018318693,1
20,1,13.75,19,3.51455018318693,3.7583937408167,1
20,1,13.75,19,3.7583937408167,3.94485482319161,1
20,1,13.75,19,3.94485482319161,5.64367424838778,1
20,1,13.75,19,5.64367424838778,6.51732510470743,1
20,1,13.75,19,6.51732510470743,6.70558244435606,1
20,1,13.75,19,6.70558244435606,7.04050438887795,1
20,1,13.75,19,7.04050438887795,7.8312951733389,1
20,1,13.75,19,7.8312951733389,7.84480127150285,1
20,1,13.75,19,7.84480127150285,8.3555247351619,1
20,1,13.75,19,8.3555247351619,8.65227352318551,1
20,1,13.75,19,8.65227352318551,10.5152593000149,1
20,1,13.75,19,10.5152593000149,11.7339291370834,1
20,1,13.75,19,11.7339291370834,11.8497602894359,1
20,1,13.75,19,11.8497602894359,12.1112011340649,1
20,1,13.75,19,12.1112011340649,12.8165541134842,1
20,1,13.75,19,12.8165541134842,13.3248735651578,1
20,1,13.75,19,13.3248735651578,13.3317827832092,1
20,1,13.75,19,13.3317827832092,13.5503907331557,1
20,1,13.75,19,13.5503907331557,13.75,0
21,1,14.75,56,0,1.69300730897545,1
21,1,14.75,56,1.69300730897545,2.47264540286354,1
21,1,14.75,56,2.47264540286354,3.21538773383006,1
21,1,14.75,56,3.21538773383006,3.37375677389201,1
21,1,14.75,56,3.37375677389201,5.16748902407588,1
21,1,14.75,56,5.16748902407588,5.17095928465988,1
21,1,14.75,56,5.17095928465988,5.17103644909714,1
21,1,14.75,56,5.17103644909714,5.73793424474471,1
21,1,14.75,56,5.73793424474471,6.90725782113994,1
21,1,14.75,56,6.90725782113994,8.52313283859593,1
21,1,14.75,56,8.52313283859593,8.65252196072353,1
21,1,14.75,56,8.65252196072353,8.69425581387176,1
21,1,14.75,56,8.69425581387176,8.78286304191593,1
21,1,14.75,56,8.78286304191593,8.79482183456721,1
21,1,14.75,56,8.79482183456721,9.02606982847983,1
21,1,14.75,56,9.02606982847983,9.38425505789386,1
21,1,14.75,56,9.38425505789386,9.59090496021095,1
21,1,14.75,56,9.59090496021095,9.80989783666061,1
21,1,14.75,56,9.80989783666061,9.88847458907572,1
21,1,14.75,56,9.88847458907572,10.0491710828452,1
21,1,14.75,56,10.0491710828452,10.6130599726929,1
21,1,14.75,56,10.6130599726929,10.6474483431988,1
21,1,14.75,56,10.6474483431988,10.6501816348029,1
21,1,14.75,56,10.6501816348029,11.0073633058617,1
21,1,14.75,56,11.0073633058617,11.0677764740597,1
21,1,14.75,56,11.0677764740597,11.7283299141432,1
21,1,14.75,56,11.7283299141432,11.7544408874187,1
21,1,14.75,56,11.7544408874187,11.8311334365573,1
21,1,14.75,56,11.8311334365573,11.9035679328872,1
21,1,14.75,56,11.9035679328872,12.1345562749533,1
21,1,14.75,56,12.1345562749533,12.1967086714478,1
21,1,14.75,56,12.1967086714478,12.3000942842269,1
21,1,14.75,56,12.3000942842269,12.439865653067,1
21,1,14.75,56,12.439865653067,12.5907161221219,1
21,1,14.75,56,12.5907161221219,12.6678176890541,1
21,1,14.75,56,12.6678176890541,12.7002967194535,1
21,1,14.75,56,12.7002967194535,12.8189667997178,1
21,1,14.75,56,12.8189667997178,12.9343147235486,1
21,1,14.75,56,12.9343147235486,13.0734806088643,1
21,1,14.75,56,13.0734806088643,13.12618130598,1
21,1,14.75,56,13.12618130598,13.178144923834,1
21,1,14.75,56,13.178144923834,13.2599070003756,1
21,1,14.75,56,13.2599070003756,13.3966830576045,1
21,1,14.75,56,13.3966830576045,13.5845034161805,1
21,1,14.75,56,13.5845034161805,13.7082701264583,1
21,1,14.75,56,13.7082701264583,13.7135828219566,1
21,1,14.75,56,13.7135828219566,14.0345719438905,1
21,1,14.75,56,14.0345719438905,14.1156688190771,1
21,1,14.75,56,14.1156688190771,14.1488566078573,1
21,1,14.75,56,14.1488566078573,14.1504797470393,1
21,1,14.75,56,14.1504797470393,14.1579967469673,1
21,1,14.75,56,14.1579967469673,14.1685910517535,1
21,1,14.75,56,14.1685910517535,14.3084710549264,1
21,1,14.75,56,14.3084710549264,14.3372715986799,1
21,1,14.75,56,14.3372715986799,14.3990490245029,1
21,1,14.75,56,14.3990490245029,14.7301682832515,1
21,1,14.75,56,14.7301682832515,14.75,0
22,1,14.75,1,0,9.00259880002501,1
22,1,14.75,1,9.00259880002501,14.75,0
23,1,14.75,4,0,4.25627630859811,1
23,1,14.75,4,4.25627630859811,4.6409038397686,1
23,1,14.75,4,4.6409038397686,4.84449900575094,1
23,1,14.75,4,4.84449900575094,13.3196869834998,1
23,1,14.75,4,13.3196869834998,14.75,0
24,1,15.75,14,0,4.36779495517095,1
24,1,15.75,14,4.36779495517095,6.28994345590934,1
24,1,15.75,14,6.28994345590934,6.62559604751572,1
24,1,15.75,14,6.62559604751572,8.00941286765398,1
24,1,15.75,14,8.00941286765398,9.4472929826858,1
24,1,15.75,14,9.4472929826858,10.7605650092765,1
24,1,15.75,14,10.7605650092765,11.2301781742111,1
24,1,15.75,14,11.2301781742111,11.5729260270984,1
24,1,15.75,14,11.5729260270984,12.0140934196103,1
24,1,15.75,14,12.0140934196103,14.0284990104652,1
24,1,15.75,14,14.0284990104652,14.8005905752692,1
24,1,15.75,14,14.8005905752692,15.4058124625378,1
24,1,15.75,14,15.4058124625378,15.4421315070695,1
24,1,15.75,14,15.4421315070695,15.6829654728055,1
24,1,15.75,14,15.6829654728055,15.75,0
25,1,9.75,10,0,5.05569373860893,1
25,1,9.75,10,5.05569373860893,5.31545389076934,1
25,1,9.75,10,5.31545389076934,6.1744811660693,1
25,1,9.75,10,6.1744811660693,7.92254865376984,1
25,1,9.75,10,7.92254865376984,8.30381121208445,1
25,1,9.75,10,8.30381121208445,8.42282876520913,1
25,1,9.75,10,8.42282876520913,8.76749918610918,1
25,1,9.75,10,8.76749918610918,9.28191480836272,1
25,1,9.75,10,9.28191480836272,9.30801277298868,1
25,1,9.75,10,9.30801277298868,9.55570407743659,1
25,1,9.75,10,9.55570407743659,9.75,0
26,1,15.75,5,0,0.561525120898407,1
26,1,15.75,5,0.561525120898407,2.39367442710285,1
26,1,15.75,5,2.39367442710285,7.85498471693904,1
26,1,15.75,5,7.85498471693904,10.4910858914937,1
26,1,15.75,5,10.4910858914937,15.6037645868517,1
26,1,15.75,5,15.6037645868517,15.75,0
27,1,13.75,3,0,1.44303846083611,1
27,1,13.75,3,1.44303846083611,7.70366244956199,1
27,1,13.75,3,7.70366244956199,11.1647543512499,1
27,1,13.75,3,11.1647543512499,13.75,0
28,1,19.75,5,0,0.0202523916169667,1
28,1,19.75,5,0.0202523916169667,0.81477952472122,1
28,1,19.75,5,0.81477952472122,2.72167780303281,1
28,1,19.75,5,2.72167780303281,7.0825288504384,1
28,1,19.75,5,7.0825288504384,12.9461511854898,1
28,1,19.75,5,12.9461511854898,19.75,0
29,1,13.75,1,0,12.1436583517913,1
29,1,13.75,1,12.1436583517913,13.75,0
30,1,8.75,0,0,8.75,0
31,1,20.75,82,0,2.77390504005134,1
31,1,20.75,82,2.77390504005134,3.94042987255344,1
31,1,20.75,82,3.94042987255344,4.71976842083075,1
31,1,20.75,82,4.71976842083075,6.00421776882073,1
31,1,20.75,82,6.00421776882073,7.12181382022053,1
31,1,20.75,82,7.12181382022053,7.25952858264041,1
31,1,20.75,82,7.25952858264041,7.6774182352297,1
31,1,20.75,82,7.6774182352297,8.45050400967812,1
31,1,20.75,82,8.45050400967812,8.55872669094261,1
31,1,20.75,82,8.55872669094261,9.16358665713168,1
31,1,20.75,82,9.16358665713168,9.47828112742428,1
31,1,20.75,82,9.47828112742428,9.55347245147464,1
31,1,20.75,82,9.55347245147464,9.57547254966791,1
31,1,20.75,82,9.57547254966791,9.74403630403877,1
31,1,20.75,82,9.74403630403877,9.90111107652952,1
31,1,20.75,82,9.90111107652952,10.1338278993102,1
31,1,20.75,82,10.1338278993102,10.4938055756482,1
31,1,20.75,82,10.4938055756482,10.8440249947351,1
31,1,20.75,82,10.8440249947351,10.8598449470507,1
31,1,20.75,82,10.8598449470507,11.1029734643165,1
31,1,20.75,82,11.1029734643165,11.2727421925961,1
31,1,20.75,82,11.2727421925961,11.2826520156894,1
31,1,20.75,82,11.2826520156894,11.379554293601,1
31,1,20.75,82,11.379554293601,11.6820989794428,1
31,1,20.75,82,11.6820989794428,11.7049716024713,1
31,1,20.75,82,11.7049716024713,12.0970902034806,1
31,1,20.75,82,12.0970902034806,12.570889417459,1
31,1,20.75,82,12.570889417459,12.5856525118633,1
31,1,20.75,82,12.5856525118633,12.6254903857862,1
31,1,20.75,82,12.6254903857862,12.6694054963494,1
31,1,20.75,82,12.6694054963494,13.7707755722193,1
31,1,20.75,82,13.7707755722193,14.3316791463468,1
31,1,20.75,82,14.3316791463468,14.8224438832842,1
31,1,20.75,82,14.8224438832842,14.8715065469682,1
31,1,20.75,82,14.8715065469682,14.9194290745896,1
31,1,20.75,82,14.9194290745896,15.0931569601043,1
31,1,20.75,82,15.0931569601043,15.2405921623984,1
31,1,20.75,82,15.2405921623984,15.3737436968624,1
31,1,20.75,82,15.3737436968624,15.4475189127334,1
31,1,20.75,82,15.4475189127334,15.5697907150517,1
31,1,20.75,82,15.5697907150517,15.6076070690913,1
31,1,20.75,82,15.6076070690913,15.7682242087431,1
31,1,20.75,82,15.7682242087431,15.9062863066779,1
31,1,20.75,82,15.9062863066779,16.4274897395956,1
31,1,20.75,82,16.4274897395956,16.4860982025696,1
31,1,20.75,82,16.4860982025696,16.5111086003186,1
31,1,20.75,82,16.5111086003186,16.6464959242206,1
31,1,20.75,82,16.6464959242206,17.074981843686,1
31,1,20.75,82,17.074981843686,17.1560874962554,1
31,1,20.75,82,17.1560874962554,17.1610893352139,1
31,1,20.75,82,17.1610893352139,17.2167104687478,1
31,1,20.75,82,17.2167104687478,17.2174025137118,1
31,1,20.75,82,17.2174025137118,17.2201133529904,1
31,1,20.75,82,17.2201133529904,17.2319221150502,1
31,1,20.75,82,17.2319221150502,17.5763627302846,1
31,1,20.75,82,17.5763627302846,17.614324420562,1
31,1,20.75,82,17.614324420562,17.6275663459353,1
31,1,20.75,82,17.6275663459353,17.6326315727135,1
31,1,20.75,82,17.6326315727135,17.734789869324,1
31,1,20.75,82,17.734789869324,17.850310851122,1
31,1,20.75,82,17.850310851122,17.9645561558757,1
31,1,20.75,82,17.9645561558757,17.9699967416995,1
31,1,20.75,82,17.9699967416995,18.2965262429506,1
31,1,20.75,82,18.2965262429506,18.4692164851389,1
31,1,20.75,82,18.4692164851389,18.4985458916742,1
31,1,20.75,82,18.4985458916742,18.5296634003813,1
31,1,20.75,82,18.5296634003813,18.9879319921942,1
31,1,20.75,82,18.9879319921942,19.2955708095686,1
31,1,20.75,82,19.2955708095686,19.402338686886,1
31,1,20.75,82,19.402338686886,19.4489028629552,1
31,1,20.75,82,19.4489028629552,19.6706716881349,1
31,1,20.75,82,19.6706716881349,19.7868492627494,1
31,1,20.75,82,19.7868492627494,19.8434655962823,1
31,1,20.75,82,19.8434655962823,19.8467010692947,1
31,1,20.75,82,19.8467010692947,19.883132088015,1
31,1,20.75,82,19.883132088015,20.0056893607301,1
31,1,20.75,82,20.0056893607301,20.0098578989089,1
31,1,20.75,82,20.0098578989089,20.0885819871376,1
31,1,20.75,82,20.0885819871376,20.4667047347114,1
31,1,20.75,82,20.4667047347114,20.5341014964889,1
31,1,20.75,82,20.5341014964889,20.5367254923079,1
31,1,20.75,82,20.5367254923079,20.6842855497558,1
31,1,20.75,82,20.6842855497558,20.75,0
32,1,15.75,0,0,15.75,0
33,1,10.75,20,0,1.37318842872116,1
33,1,10.75,20,1.37318842872116,1.94387346598146,1
33,1,10.75,20,1.94387346598146,2.52201800687233,1
33,1,10.75,20,2.52201800687233,4.11950420641818,1
33,1,10.75,20,4.11950420641818,4.12660785081066,1
33,1,10.75,20,4.12660785081066,4.20422411461064,1
33,1,10.75,20,4.20422411461064,5.76671213676434,1
33,1,10.75,20,5.76671213676434,6.77500741522662,1
33,1,10.75,20,6.77500741522662,7.53609187141472,1
33,1,10.75,20,7.53609187141472,8.17356542637541,1
33,1,10.75,20,8.17356542637541,8.44071445381997,1
33,1,10.75,20,8.44071445381997,8.63100343652045,1
33,1,10.75,20,8.63100343652045,8.7130008667147,1
33,1,10.75,20,8.7130008667147,8.84403482841734,1
33,1,10.75,20,8.84403482841734,8.95947989318397,1
33,1,10.75,20,8.95947989318397,9.15623448393737,1
33,1,10.75,20,9.15623448393737,9.61769603281818,1
33,1,10.75,20,9.61769603281818,9.6704852983647,1
33,1,10.75,20,9.6704852983647,9.89473136108695,1
33,1,10.75,20,9.89473136108695,10.084965500874,1
33,1,10.75,20,10.084965500874,10.75,0
34,1,14.75,30,0,3.11069471202313,1
34,1,14.75,30,3.11069471202313,3.9427815794181,1
34,1,14.75,30,3.9427815794181,5.65541569079847,1
34,1,14.75,30,5.65541569079847,5.94267769038917,1
34,1,14.75,30,5.94267769038917,6.67926219808986,1
34,1,14.75,30,6.67926219808986,6.77255686203825,1
34,1,14.75,30,6.77255686203825,6.79089683716601,1
34,1,14.75,30,6.79089683716601,6.9288995807817,1
34,1,14.75,30,6.9288995807817,7.43671874878989,1
34,1,14.75,30,7.43671874878989,9.09450430044217,1
34,1,14.75,30,9.09450430044217,9.33577300529779,1
34,1,14.75,30,9.33577300529779,9.39392015120325,1
34,1,14.75,30,9.39392015120325,9.98838085145571,1
34,1,14.75,30,9.98838085145571,10.1309184793769,1
34,1,14.75,30,10.1309184793769,10.1963130458827,1
34,1,14.75,30,10.1963130458827,11.4143539164831,1
34,1,14.75,30,11.4143539164831,11.8588185964472,1
34,1,14.75,30,11.8588185964472,12.1792337525353,1
34,1,14.75,30,12.1792337525353,12.2672973548703,1
34,1,14.75,30,12.2672973548703,12.4576170923664,1
34,1,14.75,30,12.4576170923664,12.502496134876,1
34,1,14.75,30,12.502496134876,12.7977999231206,1
34,1,14.75,30,12.7977999231206,12.8635870184978,1
34,1,14.75,30,12.8635870184978,13.2528118148063,1
34,1,14.75,30,13.2528118148063,13.4412696319351,1
34,1,14.75,30,13.4412696319351,13.577703879753,1
34,1,14.75,30,13.577703879753,13.8368928437292,1
34,1,14.75,30,13.8368928437292,14.1066917212269,1
34,1,14.75,30,14.1066917212269,14.1273660032272,1
34,1,14.75,30,14.1273660032272,14.2415503735012,1
34,1,14.75,30,14.2415503735012,14.75,0
35,1,12.75,25,0,3.27561313353351,1
35,1,12.75,25,3.27561313353351,4.71580769197393,1
35,1,12.75,25,4.71580769197393,4.77762880895949,1
35,1,12.75,25,4.77762880895949,5.38685590228538,1
35,1,12.75,25,5.38685590228538,5.60067177862309,1
35,1,12.75,25,5.60067177862309,5.68034193253153,1
35,1,12.75,25,5.68034193253153,6.28392209033837,1
35,1,12.75,25,6.28392209033837,6.33679718111934,1
35,1,12.75,25,6.33679718111934,6.47153178508507,1
35,1,12.75,25,6.47153178508507,7.24749440276262,1
35,1,12.75,25,7.24749440276262,7.39505133524544,1
35,1,12.75,25,7.39505133524544,7.52355108232227,1
35,1,12.75,25,7.52355108232227,7.7074801087,1
35,1,12.75,25,7.7074801087,8.38638520326345,1
35,1,12.75,25,8.38638520326345,8.58475496283978,1
35,1,12.75,25,8.58475496283978,8.59323442840701,1
35,1,12.75,25,8.59323442840701,9.31677830734924,1
35,1,12.75,25,9.31677830734924,10.763496656961,1
35,1,12.75,25,10.763496656961,10.9156967833192,1
35,1,12.75,25,10.9156967833192,11.5266042510575,1
35,1,12.75,25,11.5266042510575,11.9719853355285,1
35,1,12.75,25,11.9719853355285,12.2669106527504,1
35,1,12.75,25,12.2669106527504,12.3542176948234,1
35,1,12.75,25,12.3542176948234,12.5471926612004,1
35,1,12.75,25,12.5471926612004,12.6120320387227,1
35,1,12.75,25,12.6120320387227,12.75,0
36,1,11.75,1,0,4.01362456574663,1
36,1,11.75,1,4.01362456574663,11.75,0
37,1,8.75,29,0,3.5567130510485,1
37,1,8.75,29,3.5567130510485,3.8305110961786,1
37,1,8.75,29,3.8305110961786,4.06574163948707,1
37,1,8.75,29,4.06574163948707,4.68622186607862,1
37,1,8.75,29,4.68622186607862,5.43221178223296,1
37,1,8.75,29,5.43221178223296,5.60946624435064,1
37,1,8.75,29,5.60946624435064,5.67658877563338,1
37,1,8.75,29,5.67658877563338,5.70695897385399,1
37,1,8.75,29,5.70695897385399,5.84816331558035,1
37,1,8.75,29,5.84816331558035,6.35238073824895,1
37,1,8.75,29,6.35238073824895,6.40287032918959,1
37,1,8.75,29,6.40287032918959,6.95627132363251,1
37,1,8.75,29,6.95627132363251,7.01492621835659,1
37,1,8.75,29,7.01492621835659,7.18427609633819,1
37,1,8.75,29,7.18427609633819,7.22209084499739,1
37,1,8.75,29,7.22209084499739,7.24206696279265,1
37,1,8.75,29,7.24206696279265,7.39029913019798,1
37,1,8.75,29,7.39029913019798,7.40804584369869,1
37,1,8.75,29,7.40804584369869,7.62050983804573,1
37,1,8.75,29,7.62050983804573,7.85755684600687,1
37,1,8.75,29,7.85755684600687,8.05807496575946,1
37,1,8.75,29,8.05807496575946,8.16252457611095,1
37,1,8.75,29,8.16252457611095,8.36828848824345,1
37,1,8.75,29,8.36828848824345,8.413521664167,1
37,1,8.75,29,8.413521664167,8.46679632163482,1
37,1,8.75,29,8.46679632163482,8.50557111934861,1
37,1,8.75,29,8.50557111934861,8.53587428077106,1
37,1,8.75,29,8.53587428077106,8.7145551601578,1
37,1,8.75,29,8.7145551601578,8.73941515567704,1
37,1,8.75,29,8.73941515567704,8.75,0
38,1,10.75,2,0,2.73651420020212,1
38,1,10.75,2,2.73651420020212,7.23570271801072,1
38,1,10.75,2,7.23570271801072,10.75,0
39,1,10.75,12,0,4.54064975234003,1
39,1,10.75,12,4.54064975234003,5.09043681944822,1
39,1,10.75,12,5.09043681944822,6.63109126332911,1
39,1,10.75,12,6.63109126332911,6.65940465065662,1
39,1,10.75,12,6.65940465065662,7.95575096450014,1
39,1,10.75,12,7.95575096450014,8.81479539355984,1
39,1,10.75,12,8.81479539355984,9.29461374913752,1
39,1,10.75,12,9.29461374913752,9.93950984998455,1
39,1,10.75,12,9.93950984998455,10.3048362790712,1
39,1,10.75,12,10.3048362790712,10.4424216852876,1
39,1,10.75,12,10.4424216852876,10.6359357485084,1
39,1,10.75,12,10.6359357485084,10.6886303723272,1
39,1,10.75,12,10.6886303723272,10.75,0
40,1,15.75,68,0,2.77485970798229,1
40,1,15.75,68,2.77485970798229,3.9730902936075,1
40,1,15.75,68,3.9730902936075,4.27539045295803,1
40,1,15.75,68,4.27539045295803,4.48101079744638,1
40,1,15.75,68,4.48101079744638,5.22655015970117,1
40,1,15.75,68,5.22655015970117,5.4047915919295,1
40,1,15.75,68,5.4047915919295,5.69930979995125,1
40,1,15.75,68,5.69930979995125,5.99362394620955,1
40,1,15.75,68,5.99362394620955,6.00570063753141,1
40,1,15.75,68,6.00570063753141,6.06984739409134,1
40,1,15.75,68,6.06984739409134,6.08168343390044,1
40,1,15.75,68,6.08168343390044,6.21769549324574,1
40,1,15.75,68,6.21769549324574,6.9069377782945,1
40,1,15.75,68,6.9069377782945,6.96176656900169,1
40,1,15.75,68,6.96176656900169,7.14956858180253,1
40,1,15.75,68,7.14956858180253,7.32016200878558,1
40,1,15.75,68,7.32016200878558,7.68104203580151,1
40,1,15.75,68,7.68104203580151,7.8876037255561,1
40,1,15.75,68,7.8876037255561,8.06681410153915,1
40,1,15.75,68,8.06681410153915,8.63237427513315,1
40,1,15.75,68,8.63237427513315,8.70419347324195,1
40,1,15.75,68,8.70419347324195,8.7140195059957,1
40,1,15.75,68,8.7140195059957,8.72364832548364,1
40,1,15.75,68,8.72364832548364,8.98502518430344,1
40,1,15.75,68,8.98502518430344,9.25400142367056,1
40,1,15.75,68,9.25400142367056,9.28735843052573,1
40,1,15.75,68,9.28735843052573,9.6385317566514,1
40,1,15.75,68,9.6385317566514,10.1776340535702,1
40,1,15.75,68,10.1776340535702,10.4111137044834,1
40,1,15.75,68,10.4111137044834,10.6496470267922,1
40,1,15.75,68,10.6496470267922,10.8760860981093,1
40,1,15.75,68,10.8760860981093,11.0413457920002,1
40,1,15.75,68,11.0413457920002,11.108905298342,1
40,1,15.75,68,11.108905298342,11.1301194109458,1
40,1,15.75,68,11.1301194109458,11.6859429471249,1
40,1,15.75,68,11.6859429471249,11.8767838655572,1
40,1,15.75,68,11.8767838655572,11.8957851697091,1
40,1,15.75,68,11.8957851697091,12.0987891525492,1
40,1,15.75,68,12.0987891525492,12.2271541263298,1
40,1,15.75,68,12.2271541263298,12.3642009377021,1
40,1,15.75,68,12.3642009377021,12.4151160129661,1
40,1,15.75,68,12.4151160129661,12.6838687667893,1
40,1,15.75,68,12.6838687667893,12.7795761151617,1
40,1,15.75,68,12.7795761151617,12.8831149310764,1
40,1,15.75,68,12.8831149310764,13.3183463427795,1
40,1,15.75,68,13.3183463427795,13.4229071271611,1
40,1,15.75,68,13.4229071271611,13.5681853460926,1
40,1,15.75,68,13.5681853460926,13.6430177814377,1
40,1,15.75,68,13.6430177814377,13.7608324830623,1
40,1,15.75,68,13.7608324830623,13.7835004080737,1
40,1,15.75,68,13.7835004080737,13.8871215041691,1
40,1,15.75,68,13.8871215041691,13.9125385606445,1
40,1,15.75,68,13.9125385606445,14.1466777865197,1
40,1,15.75,68,14.1466777865197,14.2715961801721,1
40,1,15.75,68,14.2715961801721,14.4253049090098,1
40,1,15.75,68,14.4253049090098,14.4609168605032,1
40,1,15.75,68,14.4609168605032,14.4768896970574,1
40,1,15.75,68,14.4768896970574,14.7458448550875,1
40,1,15.75,68,14.7458448550875,14.9448585239762,1
40,1,15.75,68,14.9448585239762,15.0357619028184,1
40,1,15.75,68,15.0357619028184,15.0487111668275,1
40,1,15.75,68,15.0487111668275,15.0662826779212,1
40,1,15.75,68,15.0662826779212,15.1044788030371,1
40,1,15.75,68,15.1044788030371,15.3630901805326,1
40,1,15.75,68,15.3630901805326,15.5653385859849,1
40,1,15.75,68,15.5653385859849,15.700990540166,1
40,1,15.75,68,15.700990540166,15.7224773477446,1
40,1,15.75,68,15.7224773477446,15.7450988739772,1
40,1,15.75,68,15.7450988739772,15.75,0
41,1,12.75,38,0,1.92740506694046,1
41,1,12.75,38,1.92740506694046,2.53653846415502,1
41,1,12.75,38,2.53653846415502,2.77445905874576,1
41,1,12.75,38,2.77445905874576,3.20982042594472,1
41,1,12.75,38,3.20982042594472,3.43614913637766,1
41,1,12.75,38,3.43614913637766,4.20441744115538,1
41,1,12.75,38,4.20441744115538,5.01108644774138,1
41,1,12.75,38,5.01108644774138,5.5758548058235,1
41,1,12.75,38,5.5758548058235,5.76262662850433,1
41,1,12.75,38,5.76262662850433,6.69414464374466,1
41,1,12.75,38,6.69414464374466,7.41475382442601,1
41,1,12.75,38,7.41475382442601,7.67711728736561,1
41,1,12.75,38,7.67711728736561,7.77351385679549,1
41,1,12.75,38,7.77351385679549,7.80615695892579,1
41,1,12.75,38,7.80615695892579,8.12334839674518,1
41,1,12.75,38,8.12334839674518,8.61689884909515,1
41,1,12.75,38,8.61689884909515,8.79401702544201,1
41,1,12.75,38,8.79401702544201,8.79748834940991,1
41,1,12.75,38,8.79748834940991,9.07651470484338,1
41,1,12.75,38,9.07651470484338,9.10049022305033,1
41,1,12.75,38,9.10049022305033,9.25652391431795,1
41,1,12.75,38,9.25652391431795,9.39387760848992,1
41,1,12.75,38,9.39387760848992,9.64810276814089,1
41,1,12.75,38,9.64810276814089,9.71427543615191,1
41,1,12.75,38,9.71427543615191,9.79363645001561,1
41,1,12.75,38,9.79363645001561,10.0526418030075,1
41,1,12.75,38,10.0526418030075,10.8030713648873,1
41,1,12.75,38,10.8030713648873,10.8314179065559,1
41,1,12.75,38,10.8314179065559,10.9566204772069,1
41,1,12.75,38,10.9566204772069,10.9703713490724,1
41,1,12.75,38,10.9703713490724,11.1791022487821,1
41,1,12.75,38,11.1791022487821,11.3129963529575,1
41,1,12.75,38,11.3129963529575,11.8437791772569,1
41,1,12.75,38,11.8437791772569,11.8475718282012,1
41,1,12.75,38,11.8475718282012,12.1621663462155,1
41,1,12.75,38,12.1621663462155,12.3199057646249,1
41,1,12.75,38,12.3199057646249,12.334694035923,1
41,1,12.75,38,12.334694035923,12.4605554670748,1
41,1,12.75,38,12.4605554670748,12.75,0
42,1,19.75,47,0,4.27901098539891,1
42,1,19.75,47,4.27901098539891,5.69028613328362,1
42,1,19.75,47,5.69028613328362,6.05784204126465,1
42,1,19.75,47,6.05784204126465,6.57499801653055,1
42,1,19.75,47,6.57499801653055,6.92539829533156,1
42,1,19.75,47,6.92539829533156,8.73598720520599,1
42,1,19.75,47,8.73598720520599,8.83814847502378,1
42,1,19.75,47,8.83814847502378,9.6056363965513,1
42,1,19.75,47,9.6056363965513,9.63007938418315,1
42,1,19.75,47,9.63007938418315,10.1199883006949,1
42,1,19.75,47,10.1199883006949,10.1290040623063,1
42,1,19.75,47,10.1290040623063,11.230718183725,1
42,1,19.75,47,11.230718183725,11.2717847985885,1
42,1,19.75,47,11.2717847985885,11.748855732823,1
42,1,19.75,47,11.748855732823,12.0104603084462,1
42,1,19.75,47,12.0104603084462,12.192797389321,1
42,1,19.75,47,12.192797389321,12.4056724677141,1
42,1,19.75,47,12.4056724677141,12.580288125019,1
42,1,19.75,47,12.580288125019,12.8691027381114,1
42,1,19.75,47,12.8691027381114,13.2510673851889,1
42,1,19.75,47,13.2510673851889,13.6363231596364,1
42,1,19.75,47,13.6363231596364,14.1568132564978,1
42,1,19.75,47,14.1568132564978,14.1632964621831,1
42,1,19.75,47,14.1632964621831,14.2110589942069,1
42,1,19.75,47,14.2110589942069,14.3679999545914,1
42,1,19.75,47,14.3679999545914,14.7717103791313,1
42,1,19.75,47,14.7717103791313,14.9654594744114,1
42,1,19.75,47,14.9654594744114,14.9940065367278,1
42,1,19.75,47,14.9940065367278,15.2672709119639,1
42,1,19.75,47,15.2672709119639,15.305250123963,1
42,1,19.75,47,15.305250123963,15.7009761263085,1
42,1,19.75,47,15.7009761263085,15.8078840312906,1
42,1,19.75,47,15.8078840312906,16.1675490462193,1
42,1,19.75,47,16.1675490462193,16.3237256414046,1
42,1,19.75,47,16.3237256414046,16.5615488734232,1
42,1,19.75,47,16.5615488734232,16.6548386885822,1
42,1,19.75,47,16.6548386885822,16.6601992793668,1
42,1,19.75,47,16.6601992793668,17.2317485180054,1
42,1,19.75,47,17.2317485180054,17.3085514539814,1
42,1,19.75,47,17.3085514539814,17.4958102514727,1
42,1,19.75,47,17.4958102514727,17.563409717954,1
42,1,19.75,47,17.563409717954,17.8873482580439,1
42,1,19.75,47,17.8873482580439,18.4921338935669,1
42,1,19.75,47,18.4921338935669,18.5376452192044,1
42,1,19.75,47,18.5376452192044,19.3210501369512,1
42,1,19.75,47,19.3210501369512,19.3432561664789,1
42,1,19.75,47,19.3432561664789,19.4357764704998,1
42,1,19.75,47,19.4357764704998,19.75,0
43,1,17.75,1,0,0.0152342716053094,1
43,1,17.75,1,0.0152342716053094,17.75,0
44,1,14.75,4,0,3.83272168784674,1
44,1,14.75,4,3.83272168784674,7.46533837576869,1
44,1,14.75,4,7.46533837576869,11.0196376383278,1
44,1,14.75,4,11.0196376383278,11.4706410449688,1
44,1,14.75,4,11.4706410449688,14.75,0
45,1,19.75,0,0,19.75,0
46,1,16.75,1,0,0.00487633232526507,1
46,1,16.75,1,0.00487633232526507,16.75,0
47,1,10.75,12,0,3.23816324008039,1
47,1,10.75,12,3.23816324008039,4.12878392109308,1
47,1,10.75,12,4.12878392109308,6.2099722845518,1
47,1,10.75,12,6.2099722845518,6.6092163190298,1
47,1,10.75,12,6.6092163190298,7.9110564039543,1
47,1,10.75,12,7.9110564039543,8.39528688266329,1
47,1,10.75,12,8.39528688266329,8.70497017080106,1
47,1,10.75,12,8.70497017080106,9.41403570648445,1
47,1,10.75,12,9.41403570648445,10.1359977801393,1
47,1,10.75,12,10.1359977801393,10.1887551190517,1
47,1,10.75,12,10.1887551190517,10.3607873799916,1
47,1,10.75,12,10.3607873799916,10.5917158821718,1
47,1,10.75,12,10.5917158821718,10.75,0
48,1,20.75,61,0,3.43621817638747,1
48,1,20.75,61,3.43621817638747,4.75104383275976,1
48,1,20.75,61,4.75104383275976,5.62481127857475,1
48,1,20.75,61,5.62481127857475,6.81200324081951,1
48,1,20.75,61,6.81200324081951,6.8122406426817,1
48,1,20.75,61,6.8122406426817,7.20341465084917,1
48,1,20.75,61,7.20341465084917,7.90112562634688,1
48,1,20.75,61,7.90112562634688,8.44856601648913,1
48,1,20.75,61,8.44856601648913,8.85352027773028,1
48,1,20.75,61,8.85352027773028,9.41984279067448,1
48,1,20.75,61,9.41984279067448,9.64814164757783,1
48,1,20.75,61,9.64814164757783,9.76792865375306,1
48,1,20.75,61,9.76792865375306,10.2409895737703,1
48,1,20.75,61,10.2409895737703,11.3050270427002,1
48,1,20.75,61,11.3050270427002,11.324599470214,1
48,1,20.75,61,11.324599470214,11.3701605342821,1
48,1,20.75,61,11.3701605342821,11.8099959494928,1
48,1,20.75,61,11.8099959494928,12.1467888565669,1
48,1,20.75,61,12.1467888565669,12.3546174982904,1
48,1,20.75,61,12.3546174982904,12.5198171189567,1
48,1,20.75,61,12.5198171189567,12.625180684492,1
48,1,20.75,61,12.625180684492,12.8161899451319,1
48,1,20.75,61,12.8161899451319,13.447269506834,1
48,1,20.75,61,13.447269506834,13.5742798309976,1
48,1,20.75,61,13.5742798309976,13.9679933578721,1
48,1,20.75,61,13.9679933578721,13.9839133330412,1
48,1,20.75,61,13.9839133330412,14.0128778027511,1
48,1,20.75,61,14.0128778027511,14.1532469301286,1
48,1,20.75,61,14.1532469301286,14.326026181954,1
48,1,20.75,61,14.326026181954,14.5173362790373,1
48,1,20.75,61,14.5173362790373,14.7238974478591,1
48,1,20.75,61,14.7238974478591,15.4226738594395,1
48,1,20.75,61,15.4226738594395,15.5284940782058,1
48,1,20.75,61,15.5284940782058,15.5285043139316,1
48,1,20.75,61,15.5285043139316,15.5464413659877,1
48,1,20.75,61,15.5464413659877,15.8153333589561,1
48,1,20.75,61,15.8153333589561,15.8308248962719,1
48,1,20.75,61,15.8308248962719,16.0096220375107,1
48,1,20.75,61,16.0096220375107,16.1413913559774,1
48,1,20.75,61,16.1413913559774,16.2919877281805,1
48,1,20.75,61,16.2919877281805,16.3471474382022,1
48,1,20.75,61,16.3471474382022,16.3589314077086,1
48,1,20.75,61,16.3589314077086,16.516243020838,1
48,1,20.75,61,16.516243020838,16.7960148658838,1
48,1,20.75,61,16.7960148658838,16.9493243067859,1
48,1,20.75,61,16.9493243067859,17.1155317106001,1
48,1,20.75,61,17.1155317106001,18.2182727885051,1
48,1,20.75,61,18.2182727885051,18.2500172472651,1
48,1,20.75,61,18.2500172472651,18.2823597909891,1
48,1,20.75,61,18.2823597909891,18.5791736057857,1
48,1,20.75,61,18.5791736057857,18.6453036425587,1
48,1,20.75,61,18.6453036425587,18.6602608218467,1
48,1,20.75,61,18.6602608218467,18.9282605898021,1
48,1,20.75,61,18.9282605898021,19.1596096984531,1
48,1,20.75,61,19.1596096984531,19.2836336793792,1
48,1,20.75,61,19.2836336793792,19.8050797861155,1
48,1,20.75,61,19.8050797861155,19.9359261357033,1
48,1,20.75,61,19.9359261357033,19.9939945988382,1
48,1,20.75,61,19.9939945988382,20.1564036854745,1
48,1,20.75,61,20.1564036854745,20.1760888331089,1
48,1,20.75,61,20.1760888331089,20.3005848503212,1
48,1,20.75,61,20.3005848503212,20.75,0
49,1,11.75,3,0,1.26791646718376,1
49,1,11.75,3,1.26791646718376,4.56043601472186,1
49,1,11.75,3,4.56043601472186,6.326761127272,1
49,1,11.75,3,6.326761127272,11.75,0
50,1,19.75,84,0,4.31577652192916,1
50,1,19.75,84,4.31577652192916,4.49775159281582,1
50,1,19.75,84,4.49775159281582,4.63471569367429,1
50,1,19.75,84,4.63471569367429,4.72381717707082,1
50,1,19.75,84,4.72381717707082,5.50485964789354,1
50,1,19.75,84,5.50485964789354,5.74541019870989,1
50,1,19.75,84,5.74541019870989,6.22730872035875,1
50,1,19.75,84,6.22730872035875,6.3499108398696,1
50,1,19.75,84,6.3499108398696,6.39360618805433,1
50,1,19.75,84,6.39360618805433,6.49001735021871,1
50,1,19.75,84,6.49001735021871,7.18490406564234,1
50,1,19.75,84,7.18490406564234,7.33692933878707,1
50,1,19.75,84,7.33692933878707,8.35159750294115,1
50,1,19.75,84,8.35159750294115,8.59275184414667,1
50,1,19.75,84,8.59275184414667,8.92074068105022,1
50,1,19.75,84,8.92074068105022,9.5301273784399,1
50,1,19.75,84,9.5301273784399,9.8755953473961,1
50,1,19.75,84,9.8755953473961,10.1335145591581,1
50,1,19.75,84,10.1335145591581,10.5224249197232,1
50,1,19.75,84,10.5224249197232,10.5408910518545,1
50,1,19.75,84,10.5408910518545,10.624497067183,1
50,1,19.75,84,10.624497067183,10.6331710021173,1
50,1,19.75,84,10.6331710021173,10.9072549857289,1
50,1,19.75,84,10.9072549857289,11.0808505008151,1
50,1,19.75,84,11.0808505008151,11.1786363928008,1
50,1,19.75,84,11.1786363928008,11.3368123464754,1
50,1,19.75,84,11.3368123464754,11.3441552161394,1
50,1,19.75,84,11.3441552161394,11.4960825323131,1
50,1,19.75,84,11.4960825323131,11.9620658919543,1
50,1,19.75,84,11.9620658919543,12.6897750748037,1
50,1,19.75,84,12.6897750748037,13.1393908037267,1
50,1,19.75,84,13.1393908037267,13.2198377863379,1
50,1,19.75,84,13.2198377863379,13.3392689508352,1
50,1,19.75,84,13.3392689508352,13.8693275331237,1
50,1,19.75,84,13.8693275331237,14.001781968546,1
50,1,19.75,84,14.001781968546,14.0661404255147,1
50,1,19.75,84,14.0661404255147,14.2597874101374,1
50,1,19.75,84,14.2597874101374,14.2773055743617,1
50,1,19.75,84,14.2773055743617,14.3011804572157,1
50,1,19.75,84,14.3011804572157,14.3349349166936,1
50,1,19.75,84,14.3349349166936,14.4140872603931,1
50,1,19.75,84,14.4140872603931,14.6240177712968,1
50,1,19.75,84,14.6240177712968,14.6662081902838,1
50,1,19.75,84,14.6662081902838,14.6684172138232,1
50,1,19.75,84,14.6684172138232,15.0362583754209,1
50,1,19.75,84,15.0362583754209,15.2005789305392,1
50,1,19.75,84,15.2005789305392,15.7098574964107,1
50,1,19.75,84,15.7098574964107,15.8240465396743,1
50,1,19.75,84,15.8240465396743,15.9899546380011,1
50,1,19.75,84,15.9899546380011,16.1700332931956,1
50,1,19.75,84,16.1700332931956,16.1976098091319,1
50,1,19.75,84,16.1976098091319,16.2557287467392,1
50,1,19.75,84,16.2557287467392,16.2927798395556,1
50,1,19.75,84,16.2927798395556,16.7023965965428,1
50,1,19.75,84,16.7023965965428,16.948780945349,1
50,1,19.75,84,16.948780945349,16.9717477706772,1
50,1,19.75,84,16.9717477706772,17.0771286683424,1
50,1,19.75,84,17.0771286683424,17.1975875192106,1
50,1,19.75,84,17.1975875192106,17.2367999462884,1
50,1,19.75,84,17.2367999462884,17.2506465507452,1
50,1,19.75,84,17.2506465507452,17.2508222557606,1
50,1,19.75,84,17.2508222557606,17.3548390367142,1
50,1,19.75,84,17.3548390367142,17.4032804231827,1
50,1,19.75,84,17.4032804231827,17.6972312670751,1
50,1,19.75,84,17.6972312670751,17.8365412969617,1
50,1,19.75,84,17.8365412969617,17.87067363561,1
50,1,19.75,84,17.87067363561,18.1866247062364,1
50,1,19.75,84,18.1866247062364,18.232095778281,1
50,1,19.75,84,18.232095778281,18.2370364522405,1
50,1,19.75,84,18.2370364522405,18.2836101088468,1
50,1,19.75,84,18.2836101088468,18.358603261256,1
50,1,19.75,84,18.358603261256,18.3903368194128,1
50,1,19.75,84,18.3903368194128,18.5506439801061,1
50,1,19.75,84,18.5506439801061,18.5543143524131,1
50,1,19.75,84,18.5543143524131,18.6515888973786,1
50,1,19.75,84,18.6515888973786,18.8776343598044,1
50,1,19.75,84,18.8776343598044,18.9785966641857,1
50,1,19.75,84,18.9785966641857,19.3286172613024,1
50,1,19.75,84,19.3286172613024,19.37809830181,1
50,1,19.75,84,19.37809830181,19.4315721353042,1
50,1,19.75,84,19.4315721353042,19.4700465800655,1
50,1,19.75,84,19.4700465800655,19.4924559103723,1
50,1,19.75,84,19.4924559103723,19.5196513878228,1
50,1,19.75,84,19.5196513878228,19.7488741703038,1
50,1,19.75,84,19.7488741703038,19.75,0
51,1,8.75,2,0,1.10135704312995,1
51,1,8.75,2,1.10135704312995,5.87225332476565,1
51,1,8.75,2,5.87225332476565,8.75,0
52,1,13.75,40,0,3.19801226045783,1
52,1,13.75,40,3.19801226045783,4.64725422849185,1
52,1,13.75,40,4.64725422849185,5.54284319547496,1
52,1,13.75,40,5.54284319547496,5.74025689995426,1
52,1,13.75,40,5.74025689995426,6.45397991821311,1
52,1,13.75,40,6.45397991821311,6.84547574996415,1
52,1,13.75,40,6.84547574996415,7.26648889067363,1
52,1,13.75,40,7.26648889067363,7.4246985348796,1
52,1,13.75,40,7.4246985348796,7.49718426378981,1
52,1,13.75,40,7.49718426378981,7.79274694590266,1
52,1,13.75,40,7.79274694590266,8.2901403493896,1
52,1,13.75,40,8.2901403493896,8.52397185678159,1
52,1,13.75,40,8.52397185678159,8.65928577157225,1
52,1,13.75,40,8.65928577157225,8.89444923825447,1
52,1,13.75,40,8.89444923825447,9.19680251669594,1
52,1,13.75,40,9.19680251669594,9.25338596074431,1
52,1,13.75,40,9.25338596074431,9.255248762742,1
52,1,13.75,40,9.255248762742,9.5926975605678,1
52,1,13.75,40,9.5926975605678,10.0382154502573,1
52,1,13.75,40,10.0382154502573,10.2634991746613,1
52,1,13.75,40,10.2634991746613,10.3543734743941,1
52,1,13.75,40,10.3543734743941,10.6982472436695,1
52,1,13.75,40,10.6982472436695,11.3899418061071,1
52,1,13.75,40,11.3899418061071,11.3941410296847,1
52,1,13.75,40,11.3941410296847,11.5120390298703,1
52,1,13.75,40,11.5120390298703,11.5490341278988,1
52,1,13.75,40,11.5490341278988,11.6510559575196,1
52,1,13.75,40,11.6510559575196,11.7421666035446,1
52,1,13.75,40,11.7421666035446,11.8839727976731,1
52,1,13.75,40,11.8839727976731,11.89591634153,1
52,1,13.75,40,11.89591634153,12.2472264526646,1
52,1,13.75,40,12.2472264526646,12.3196984158309,1
52,1,13.75,40,12.3196984158309,12.3960428711472,1
52,1,13.75,40,12.3960428711472,12.6750207937085,1
52,1,13.75,40,12.6750207937085,12.705867966751,1
52,1,13.75,40,12.705867966751,12.7716609794643,1
52,1,13.75,40,12.7716609794643,13.3762368206575,1
52,1,13.75,40,13.3762368206575,13.5101696407644,1
52,1,13.75,40,13.5101696407644,13.512366757255,1
52,1,13.75,40,13.512366757255,13.5785358538494,1
52,1,13.75,40,13.5785358538494,13.75,0
53,1,15.75,37,0,4.78643597807167,1
53,1,15.75,37,4.78643597807167,4.85771644607474,1
53,1,15.75,37,4.85771644607474,5.02604984843765,1
53,1,15.75,37,5.02604984843765,7.55910193976165,1
53,1,15.75,37,7.55910193976165,8.135360340216,1
53,1,15.75,37,8.135360340216,8.91954319951734,1
53,1,15.75,37,8.91954319951734,9.32231226099675,1
53,1,15.75,37,9.32231226099675,9.44249324801764,1
53,1,15.75,37,9.44249324801764,9.87006175675874,1
53,1,15.75,37,9.87006175675874,10.0861728882408,1
53,1,15.75,37,10.0861728882408,10.2530572911431,1
53,1,15.75,37,10.2530572911431,11.2866666457289,1
53,1,15.75,37,11.2866666457289,11.361128253311,1
53,1,15.75,37,11.361128253311,11.8152642806643,1
53,1,15.75,37,11.8152642806643,11.839760207932,1
53,1,15.75,37,11.839760207932,12.0282464189535,1
53,1,15.75,37,12.0282464189535,12.1372948070305,1
53,1,15.75,37,12.1372948070305,12.2279883256875,1
53,1,15.75,37,12.2279883256875,12.5826506863474,1
53,1,15.75,37,12.5826506863474,13.1024277937984,1
53,1,15.75,37,13.1024277937984,13.3751165913473,1
53,1,15.75,37,13.3751165913473,13.6597440487751,1
53,1,15.75,37,13.6597440487751,13.6872731223866,1
53,1,15.75,37,13.6872731223866,13.6935142365959,1
53,1,15.75,37,13.6935142365959,13.7803124557467,1
53,1,15.75,37,13.7803124557467,14.3671308266565,1
53,1,15.75,37,14.3671308266565,14.4572633525535,1
53,1,15.75,37,14.4572633525535,14.5171347499983,1
53,1,15.75,37,14.5171347499983,14.7202168828064,1
53,1,15.75,37,14.7202168828064,14.7510469727287,1
53,1,15.75,37,14.7510469727287,14.9833210873414,1
53,1,15.75,37,14.9833210873414,15.0276261732955,1
53,1,15.75,37,15.0276261732955,15.0704615499273,1
53,1,15.75,37,15.0704615499273,15.1077566822137,1
53,1,15.75,37,15.1077566822137,15.1195918764366,1
53,1,15.75,37,15.1195918764366,15.2168359024187,1
53,1,15.75,37,15.2168359024187,15.599409472815,1
53,1,15.75,37,15.599409472815,15.75,0
54,1,12.75,12,0,4.0998160252732,1
54,1,12.75,12,4.0998160252732,5.03230008207285,1
54,1,12.75,12,5.03230008207285,7.97644157748026,1
54,1,12.75,12,7.97644157748026,8.0959854449209,1
54,1,12.75,12,8.0959854449209,8.2775573706711,1
54,1,12.75,12,8.2775573706711,8.79063958650226,1
54,1,12.75,12,8.79063958650226,9.32479916067848,1
54,1,12.75,12,9.32479916067848,9.5385850662914,1
54,1,12.75,12,9.5385850662914,10.4254900521471,1
54,1,12.75,12,10.4254900521471,10.636361042598,1
54,1,12.75,12,10.636361042598,11.3452689879253,1
54,1,12.75,12,11.3452689879253,12.1572949225901,1
54,1,12.75,12,12.1572949225901,12.75,0
55,1,14.75,1,0,1.34075553087284,1
55,1,14.75,1,1.34075553087284,14.75,0
56,1,15.75,2,0,0.343212593741738,1
56,1,15.75,2,0.343212593741738,12.4319788507461,1
56,1,15.75,2,12.4319788507461,15.75,0
57,1,14.75,0,0,14.75,0
58,1,18.75,41,0,1.73119131518449,1
58,1,18.75,41,1.73119131518449,2.48946402821741,1
58,1,18.75,41,2.48946402821741,3.79353302143168,1
58,1,18.75,41,3.79353302143168,4.36861881153147,1
58,1,18.75,41,4.36861881153147,4.37082679654023,1
58,1,18.75,41,4.37082679654023,5.43937126733268,1
58,1,18.75,41,5.43937126733268,5.77128096745297,1
58,1,18.75,41,5.77128096745297,6.24819737379662,1
58,1,18.75,41,6.24819737379662,7.44163682150132,1
58,1,18.75,41,7.44163682150132,7.53467508973642,1
58,1,18.75,41,7.53467508973642,7.66255734968811,1
58,1,18.75,41,7.66255734968811,10.18187939186,1
58,1,18.75,41,10.18187939186,11.2991830059156,1
58,1,18.75,41,11.2991830059156,12.3221197452117,1
58,1,18.75,41,12.3221197452117,12.3780765203505,1
58,1,18.75,41,12.3780765203505,12.7448258390888,1
58,1,18.75,41,12.7448258390888,12.9222593519344,1
58,1,18.75,41,12.9222593519344,13.9305368493669,1
58,1,18.75,41,13.9305368493669,14.2625643661941,1
58,1,18.75,41,14.2625643661941,14.5567159713634,1
58,1,18.75,41,14.5567159713634,15.6250048696705,1
58,1,18.75,41,15.6250048696705,15.7803018694287,1
58,1,18.75,41,15.7803018694287,16.0897642201579,1
58,1,18.75,41,16.0897642201579,16.1643992542364,1
58,1,18.75,41,16.1643992542364,16.2134763706824,1
58,1,18.75,41,16.2134763706824,16.2898295743504,1
58,1,18.75,41,16.2898295743504,16.4360246227273,1
58,1,18.75,41,16.4360246227273,16.7533846458,1
58,1,18.75,41,16.7533846458,16.7648534345173,1
58,1,18.75,41,16.7648534345173,16.7699205773806,1
58,1,18.75,41,16.7699205773806,17.0854592569678,1
58,1,18.75,41,17.0854592569678,17.168965311012,1
58,1,18.75,41,17.168965311012,17.1921487060409,1
58,1,18.75,41,17.1921487060409,17.3225760174146,1
58,1,18.75,41,17.3225760174146,17.8450034078935,1
58,1,18.75,41,17.8450034078935,17.9798330011001,1
58,1,18.75,41,17.9798330011001,18.3937194844,1
58,1,18.75,41,18.3937194844,18.4417477163631,1
58,1,18.75,41,18.4417477163631,18.6360802838406,1
58,1,18.75,41,18.6360802838406,18.7145707501932,1
58,1,18.75,41,18.7145707501932,18.7183700109055,1
58,1,18.75,41,18.7183700109055,18.75,0
59,1,19.75,3,0,3.69699585474753,1
59,1,19.75,3,3.69699585474753,16.0483616688632,1
59,1,19.75,3,16.0483616688632,16.3379118555244,1
59,1,19.75,3,16.3379118555244,19.75,0
60,1,16.75,0,0,16.75,0
61,1,20.75,1,0,0.127438237576534,1
61,1,20.75,1,0.127438237576534,20.75,0
62,1,9.75,15,0,4.52275873159179,1
62,1,9.75,15,4.52275873159179,4.69813844062915,1
62,1,9.75,15,4.69813844062915,5.46823866120502,1
62,1,9.75,15,5.46823866120502,5.4970306053021,1
62,1,9.75,15,5.4970306053021,5.56289747420587,1
62,1,9.75,15,5.56289747420587,6.19035929353442,1
62,1,9.75,15,6.19035929353442,6.21267265978776,1
62,1,9.75,15,6.21267265978776,7.29413312249926,1
62,1,9.75,15,7.29413312249926,7.54374279214773,1
62,1,9.75,15,7.54374279214773,7.8837757075991,1
62,1,9.75,15,7.8837757075991,8.0735465770677,1
62,1,9.75,15,8.0735465770677,8.07745865428875,1
62,1,9.75,15,8.07745865428875,9.25222615062944,1
62,1,9.75,15,9.25222615062944,9.30085929815797,1
62,1,9.75,15,9.30085929815797,9.52479747765942,1
62,1,9.75,15,9.52479747765942,9.75,0
63,1,8.75,7,0,3.01903969893682,1
63,1,8.75,7,3.01903969893682,3.76703850915921,1
63,1,8.75,7,3.76703850915921,5.61291120419568,1
63,1,8.75,7,5.61291120419568,6.20925943285515,1
63,1,8.75,7,6.20925943285515,6.44079857232826,1
63,1,8.75,7,6.44079857232826,7.6956294045946,1
63,1,8.75,7,7.6956294045946,8.54225579875938,1
63,1,8.75,7,8.54225579875938,8.75,0
64,1,10.75,0,0,10.75,0
65,1,15.75,58,0,3.17661761359182,1
65,1,15.75,58,3.17661761359182,3.49963051222382,1
65,1,15.75,58,3.49963051222382,3.89455913279029,1
65,1,15.75,58,3.89455913279029,4.01731264270841,1
65,1,15.75,58,4.01731264270841,4.29768988850242,1
65,1,15.75,58,4.29768988850242,4.53909543287113,1
65,1,15.75,58,4.53909543287113,4.55430767245249,1
65,1,15.75,58,4.55430767245249,4.58368873347265,1
65,1,15.75,58,4.58368873347265,5.77309585136744,1
65,1,15.75,58,5.77309585136744,5.80141539890366,1
65,1,15.75,58,5.80141539890366,6.93001280211194,1
65,1,15.75,58,6.93001280211194,7.21321970804315,1
65,1,15.75,58,7.21321970804315,7.63523413869916,1
65,1,15.75,58,7.63523413869916,7.90282228995016,1
65,1,15.75,58,7.90282228995016,7.93847189778323,1
65,1,15.75,58,7.93847189778323,8.64538141318456,1
65,1,15.75,58,8.64538141318456,8.75120397916376,1
65,1,15.75,58,8.75120397916376,8.76113695938719,1
65,1,15.75,58,8.76113695938719,9.3109812912253,1
65,1,15.75,58,9.3109812912253,10.2832346611052,1
65,1,15.75,58,10.2832346611052,10.3749926074497,1
65,1,15.75,58,10.3749926074497,10.4430976564692,1
65,1,15.75,58,10.4430976564692,10.4596908535847,1
65,1,15.75,58,10.4596908535847,10.5154862197511,1
65,1,15.75,58,10.5154862197511,10.7092958908137,1
65,1,15.75,58,10.7092958908137,11.4116811315978,1
65,1,15.75,58,11.4116811315978,11.8275912281579,1
65,1,15.75,58,11.8275912281579,11.8436834088426,1
65,1,15.75,58,11.8436834088426,11.8688521062167,1
65,1,15.75,58,11.8688521062167,11.9334665108192,1
65,1,15.75,58,11.9334665108192,12.0290459327511,1
65,1,15.75,58,12.0290459327511,12.1151264427957,1
65,1,15.75,58,12.1151264427957,12.3605862940404,1
65,1,15.75,58,12.3605862940404,12.4512447706329,1
65,1,15.75,58,12.4512447706329,12.4647417751674,1
65,1,15.75,58,12.4647417751674,12.7314386338345,1
65,1,15.75,58,12.7314386338345,12.7705984081796,1
65,1,15.75,58,12.7705984081796,12.7966469476409,1
65,1,15.75,58,12.7966469476409,13.1197072824299,1
65,1,15.75,58,13.1197072824299,13.3988586753079,1
65,1,15.75,58,13.3988586753079,13.5559944990458,1
65,1,15.75,58,13.5559944990458,13.6444611006543,1
65,1,15.75,58,13.6444611006543,14.072703846355,1
65,1,15.75,58,14.072703846355,14.3127844603773,1
65,1,15.75,58,14.3127844603773,14.3329087135481,1
65,1,15.75,58,14.3329087135481,14.3449663645157,1
65,1,15.75,58,14.3449663645157,14.4485321253072,1
65,1,15.75,58,14.4485321253072,14.4576438234719,1
65,1,15.75,58,14.4576438234719,14.6889316749878,1
65,1,15.75,58,14.6889316749878,14.8847439810588,1
65,1,15.75,58,14.8847439810588,15.0602773219411,1
65,1,15.75,58,15.0602773219411,15.1144377212618,1
65,1,15.75,58,15.1144377212618,15.3062619811069,1
65,1,15.75,58,15.3062619811069,15.3537738265874,1
65,1,15.75,58,15.3537738265874,15.3779840886448,1
65,1,15.75,58,15.3779840886448,15.6044790543148,1
65,1,15.75,58,15.6044790543148,15.6549425269934,1
65,1,15.75,58,15.6549425269934,15.7055407526741,1
65,1,15.75,58,15.7055407526741,15.75,0
66,1,14.75,28,0,3.93460776153101,1
66,1,14.75,28,3.93460776153101,4.26707780428446,1
66,1,14.75,28,4.26707780428446,4.9683584679163,1
66,1,14.75,28,4.9683584679163,6.20611259506818,1
66,1,14.75,28,6.20611259506818,6.55379104915061,1
66,1,14.75,28,6.55379104915061,7.10094268323791,1
66,1,14.75,28,7.10094268323791,7.64428645095808,1
66,1,14.75,28,7.64428645095808,8.46060752804495,1
66,1,14.75,28,8.46060752804495,9.41748309560893,1
66,1,14.75,28,9.41748309560893,10.0217534651025,1
66,1,14.75,28,10.0217534651025,10.1931866471583,1
66,1,14.75,28,10.1931866471583,10.2265929849314,1
66,1,14.75,28,10.2265929849314,10.2406903571183,1
66,1,14.75,28,10.2406903571183,10.5330361765766,1
66,1,14.75,28,10.5330361765766,10.9431816977997,1
66,1,14.75,28,10.9431816977997,11.0577271531704,1
66,1,14.75,28,11.0577271531704,11.5212986719915,1
66,1,14.75,28,11.5212986719915,12.3005017185308,1
66,1,14.75,28,12.3005017185308,12.3071878698983,1
66,1,14.75,28,12.3071878698983,12.353044102463,1
66,1,14.75,28,12.353044102463,12.4019128163608,1
66,1,14.75,28,12.4019128163608,13.6094745672731,1
66,1,14.75,28,13.6094745672731,13.8192678510698,1
66,1,14.75,28,13.8192678510698,14.0062062410788,1
66,1,14.75,28,14.0062062410788,14.0489857650256,1
66,1,14.75,28,14.0489857650256,14.0763891277371,1
66,1,14.75,28,14.0763891277371,14.2704616420779,1
66,1,14.75,28,14.2704616420779,14.4885884048283,1
66,1,14.75,28,14.4885884048283,14.75,0
67,1,15.75,3,0,4.87522931400426,1
67,1,15.75,3,4.87522931400426,5.46780797956716,1
67,1,15.75,3,5.46780797956716,15.6520976567349,1
67,1,15.75,3,15.6520976567349,15.75,0
68,1,10.75,8,0,4.87325467994972,1
68,1,10.75,8,4.87325467994972,4.91733264644297,1
68,1,10.75,8,4.91733264644297,5.69963408509443,1
68,1,10.75,8,5.69963408509443,7.41053345780542,1
68,1,10.75,8,7.41053345780542,7.41888452149121,1
68,1,10.75,8,7.41888452149121,8.3663282444897,1
68,1,10.75,8,8.3663282444897,9.08479594540911,1
68,1,10.75,8,9.08479594540911,10.4383697162724,1
68,1,10.75,8,10.4383697162724,10.75,0
69,1,14.75,4,0,0.306394210915874,1
69,1,14.75,4,0.306394210915874,1.44473190465804,1
69,1,14.75,4,1.44473190465804,4.63954993481399,1
69,1,14.75,4,4.63954993481399,6.27014669719484,1
69,1,14.75,4,6.27014669719484,14.75,0
70,1,13.75,24,0,4.13691766847819,1
70,1,13.75,24,4.13691766847819,4.22131984719315,1
70,1,13.75,24,4.22131984719315,4.9493070511126,1
70,1,13.75,24,4.9493070511126,5.09716422562578,1
70,1,13.75,24,5.09716422562578,6.24963282349127,1
70,1,13.75,24,6.24963282349127,7.05754338666541,1
70,1,13.75,24,7.05754338666541,7.17949582118414,1
70,1,13.75,24,7.17949582118414,8.18550264606429,1
70,1,13.75,24,8.18550264606429,8.23949608887636,1
70,1,13.75,24,8.23949608887636,8.31357865754237,1
70,1,13.75,24,8.31357865754237,9.30541077451847,1
70,1,13.75,24,9.30541077451847,9.74834853622579,1
70,1,13.75,24,9.74834853622579,10.1452895755675,1
70,1,13.75,24,10.1452895755675,10.6550560231574,1
70,1,13.75,24,10.6550560231574,11.748281310169,1
70,1,13.75,24,11.748281310169,12.0843854390631,1
70,1,13.75,24,12.0843854390631,12.1613699644983,1
70,1,13.75,24,12.1613699644983,12.2608379842017,1
70,1,13.75,24,12.2608379842017,12.2876850913016,1
70,1,13.75,24,12.2876850913016,12.3230985239052,1
70,1,13.75,24,12.3230985239052,12.6799787960277,1
70,1,13.75,24,12.6799787960277,12.7889693024108,1
70,1,13.75,24,12.7889693024108,13.3267692114471,1
70,1,13.75,24,13.3267692114471,13.6739420180233,1
70,1,13.75,24,13.6739420180233,13.75,0
71,1,10.75,2,0,0.551509932214266,1
71,1,10.75,2,0.551509932214266,10.5003093761216,1
71,1,10.75,2,10.5003093761216,10.75,0
72,1,11.75,3,0,0.00289105339193142,1
72,1,11.75,3,0.00289105339193142,0.408410440007598,1
72,1,11.75,3,0.408410440007598,3.19702571280778,1
72,1,11.75,3,3.19702571280778,11.75,0
73,1,10.75,11,0,5.42204419863443,1
73,1,10.75,11,5.42204419863443,5.60434721790379,1
73,1,10.75,11,5.60434721790379,7.17601736023463,1
73,1,10.75,11,7.17601736023463,7.59362258701971,1
73,1,10.75,11,7.59362258701971,7.76552184500768,1
73,1,10.75,11,7.76552184500768,8.14220663297787,1
73,1,10.75,11,8.14220663297787,8.98889013717287,1
73,1,10.75,11,8.98889013717287,9.28533715945789,1
73,1,10.75,11,9.28533715945789,9.42786166049378,1
73,1,10.75,11,9.42786166049378,10.1855113599634,1
73,1,10.75,11,10.1855113599634,10.5941911715524,1
73,1,10.75,11,10.5941911715524,10.75,0
74,1,20.75,2,0,0.000362083723618508,1
74,1,20.75,2,0.000362083723618508,8.0605340776026,1
74,1,20.75,2,8.0605340776026,20.75,0
75,1,15.75,1,0,6.60337207206169,1
75,1,15.75,1,6.60337207206169,15.75,0
76,1,16.75,0,0,16.75,0
77,1,9.75,3,0,2.42250403284348,1
77,1,9.75,3,2.42250403284348,3.55736307618104,1
77,1,9.75,3,3.55736307618104,5.28313465235034,1
77,1,9.75,3,5.28313465235034,9.75,0
78,1,14.75,47,0,3.06321573632114,1
78,1,14.75,47,3.06321573632114,4.66856766763375,1
78,1,14.75,47,4.66856766763375,5.60673749851088,1
78,1,14.75,47,5.60673749851088,5.60891664492268,1
78,1,14.75,47,5.60891664492268,6.47761421250231,1
78,1,14.75,47,6.47761421250231,6.50809535982608,1
78,1,14.75,47,6.50809535982608,6.54437768030955,1
78,1,14.75,47,6.54437768030955,8.08455736879584,1
78,1,14.75,47,8.08455736879584,8.58420962032512,1
78,1,14.75,47,8.58420962032512,8.62167353963249,1
78,1,14.75,47,8.62167353963249,9.04481694871362,1
78,1,14.75,47,9.04481694871362,9.28311646227956,1
78,1,14.75,47,9.28311646227956,9.40210600329592,1
78,1,14.75,47,9.40210600329592,9.44005241625133,1
78,1,14.75,47,9.44005241625133,9.83205321513538,1
78,1,14.75,47,9.83205321513538,9.92206429836006,1
78,1,14.75,47,9.92206429836006,10.2760025412345,1
78,1,14.75,47,10.2760025412345,10.3370888792705,1
78,1,14.75,47,10.3370888792705,10.7199526228052,1
78,1,14.75,47,10.7199526228052,11.1287736839783,1
78,1,14.75,47,11.1287736839783,11.1942663960106,1
78,1,14.75,47,11.1942663960106,11.2684207779144,1
78,1,14.75,47,11.2684207779144,11.4054699311706,1
78,1,14.75,47,11.4054699311706,11.5514347115972,1
78,1,14.75,47,11.5514347115972,11.5696983562772,1
78,1,14.75,47,11.5696983562772,11.6344811709027,1
78,1,14.75,47,11.6344811709027,11.6398144447279,1
78,1,14.75,47,11.6398144447279,11.7833558584802,1
78,1,14.75,47,11.7833558584802,12.1041344888124,1
78,1,14.75,47,12.1041344888124,12.4194728068491,1
78,1,14.75,47,12.4194728068491,12.5227689079801,1
78,1,14.75,47,12.5227689079801,12.5505495776308,1
78,1,14.75,47,12.5505495776308,12.5580409494615,1
78,1,14.75,47,12.5580409494615,12.6481359352013,1
78,1,14.75,47,12.6481359352013,12.8098472090641,1
78,1,14.75,47,12.8098472090641,13.0856102144255,1
78,1,14.75,47,13.0856102144255,13.5733061564206,1
78,1,14.75,47,13.5733061564206,13.6299786746183,1
78,1,14.75,47,13.6299786746183,13.9160139804304,1
78,1,14.75,47,13.9160139804304,14.003535505603,1
78,1,14.75,47,14.003535505603,14.1502836372825,1
78,1,14.75,47,14.1502836372825,14.247192447886,1
78,1,14.75,47,14.247192447886,14.2521902370748,1
78,1,14.75,47,14.2521902370748,14.2594133938709,1
78,1,14.75,47,14.2594133938709,14.5616280417867,1
78,1,14.75,47,14.5616280417867,14.5823670852118,1
78,1,14.75,47,14.5823670852118,14.6386790308257,1
78,1,14.75,47,14.6386790308257,14.75,0
79,1,14.75,1,0,3.80642103981443,1
79,1,14.75,1,3.80642103981443,14.75,0
80,1,11.75,12,0,1.45954094815244,1
80,1,11.75,12,1.45954094815244,6.70839221467062,1
80,1,11.75,12,6.70839221467062,6.97971436998026,1
80,1,11.75,12,6.97971436998026,7.95973174634503,1
80,1,11.75,12,7.95973174634503,8.02345281833953,1
80,1,11.75,12,8.02345281833953,8.21613283677251,1
80,1,11.75,12,8.21613283677251,9.01407919515983,1
80,1,11.75,12,9.01407919515983,9.93715477059802,1
80,1,11.75,12,9.93715477059802,10.644375145041,1
80,1,11.75,12,10.644375145041,11.3150310958395,1
80,1,11.75,12,11.3150310958395,11.4149036160257,1
80,1,11.75,12,11.4149036160257,11.6686910484173,1
80,1,11.75,12,11.6686910484173,11.75,0
81,1,20.75,90,0,1.20748930706712,1
81,1,20.75,90,1.20748930706712,1.86739760728059,1
81,1,20.75,90,1.86739760728059,4.23700207387522,1
81,1,20.75,90,4.23700207387522,4.55440956913914,1
81,1,20.75,90,4.55440956913914,5.76501703469678,1
81,1,20.75,90,5.76501703469678,6.08846979008815,1
81,1,20.75,90,6.08846979008815,6.40262619543174,1
81,1,20.75,90,6.40262619543174,6.42701084751517,1
81,1,20.75,90,6.42701084751517,7.08182897558897,1
81,1,20.75,90,7.08182897558897,7.42376515942714,1
81,1,20.75,90,7.42376515942714,7.58796235609532,1
81,1,20.75,90,7.58796235609532,7.61370735655551,1
81,1,20.75,90,7.61370735655551,7.95693655404505,1
81,1,20.75,90,7.95693655404505,9.2416773461504,1
81,1,20.75,90,9.2416773461504,9.38190377862235,1
81,1,20.75,90,9.38190377862235,9.49261381414117,1
81,1,20.75,90,9.49261381414117,10.0293258614667,1
81,1,20.75,90,10.0293258614667,10.1215156749174,1
81,1,20.75,90,10.1215156749174,10.1872301040998,1
81,1,20.75,90,10.1872301040998,10.624624683732,1
81,1,20.75,90,10.624624683732,10.6470436934533,1
81,1,20.75,90,10.6470436934533,10.6470785418869,1
81,1,20.75,90,10.6470785418869,10.9469135904847,1
81,1,20.75,90,10.9469135904847,11.0833919584156,1
81,1,20.75,90,11.0833919584156,11.2685685306783,1
81,1,20.75,90,11.2685685306783,11.4816611409108,1
81,1,20.75,90,11.4816611409108,11.606036555884,1
81,1,20.75,90,11.606036555884,11.7923433810816,1
81,1,20.75,90,11.7923433810816,11.810927190813,1
81,1,20.75,90,11.810927190813,11.8473583631971,1
81,1,20.75,90,11.8473583631971,11.9131266408713,1
81,1,20.75,90,11.9131266408713,12.1649725340227,1
81,1,20.75,90,12.1649725340227,12.1781770048837,1
81,1,20.75,90,12.1781770048837,12.2119545694789,1
81,1,20.75,90,12.2119545694789,12.2539692572794,1
81,1,20.75,90,12.2539692572794,12.6154562267213,1
81,1,20.75,90,12.6154562267213,12.6556593235353,1
81,1,20.75,90,12.6556593235353,12.9396578906677,1
81,1,20.75,90,12.9396578906677,13.2637862166097,1
81,1,20.75,90,13.2637862166097,13.2911758274138,1
81,1,20.75,90,13.2911758274138,13.4007594089309,1
81,1,20.75,90,13.4007594089309,13.5321956495493,1
81,1,20.75,90,13.5321956495493,13.586732713442,1
81,1,20.75,90,13.586732713442,13.7088874594668,1
81,1,20.75,90,13.7088874594668,13.8527519536989,1
81,1,20.75,90,13.8527519536989,13.8709960838804,1
81,1,20.75,90,13.8709960838804,13.9396393810029,1
81,1,20.75,90,13.9396393810029,13.9482330601438,1
81,1,20.75,90,13.9482330601438,14.3652715255405,1
81,1,20.75,90,14.3652715255405,14.7007671540203,1
81,1,20.75,90,14.7007671540203,14.8845861565875,1
81,1,20.75,90,14.8845861565875,14.9185633591373,1
81,1,20.75,90,14.9185633591373,15.7807511279717,1
81,1,20.75,90,15.7807511279717,16.1260663075812,1
81,1,20.75,90,16.1260663075812,16.2111637168246,1
81,1,20.75,90,16.2111637168246,16.7986092931661,1
81,1,20.75,90,16.7986092931661,16.8872447409228,1
81,1,20.75,90,16.8872447409228,16.9077109896415,1
81,1,20.75,90,16.9077109896415,17.0062772718156,1
81,1,20.75,90,17.0062772718156,17.0684173508288,1
81,1,20.75,90,17.0684173508288,17.1808332192894,1
81,1,20.75,90,17.1808332192894,17.2692617543122,1
81,1,20.75,90,17.2692617543122,17.2696344020047,1
81,1,20.75,90,17.2696344020047,17.3998348585684,1
81,1,20.75,90,17.3998348585684,17.4913161731728,1
81,1,20.75,90,17.4913161731728,17.587287388672,1
81,1,20.75,90,17.587287388672,17.5887925762652,1
81,1,20.75,90,17.5887925762652,17.6756344410823,1
81,1,20.75,90,17.6756344410823,17.8168108733328,1
81,1,20.75,90,17.8168108733328,17.9044496370075,1
81,1,20.75,90,17.9044496370075,17.9425526545263,1
81,1,20.75,90,17.9425526545263,18.1124811218336,1
81,1,20.75,90,18.1124811218336,18.1750759816763,1
81,1,20.75,90,18.1750759816763,18.2664178686571,1
81,1,20.75,90,18.2664178686571,18.4391182748241,1
81,1,20.75,90,18.4391182748241,18.4463543831448,1
81,1,20.75,90,18.4463543831448,18.4789935893932,1
81,1,20.75,90,18.4789935893932,18.6055474962652,1
81,1,20.75,90,18.6055474962652,18.6216827579702,1
81,1,20.75,90,18.6216827579702,18.7028998535038,1
81,1,20.75,90,18.7028998535038,18.8021061074666,1
81,1,20.75,90,18.8021061074666,19.1082257182044,1
81,1,20.75,90,19.1082257182044,19.2588553180226,1
81,1,20.75,90,19.2588553180226,19.6580823776356,1
81,1,20.75,90,19.6580823776356,19.8222028047104,1
81,1,20.75,90,19.8222028047104,19.970175382495,1
81,1,20.75,90,19.970175382495,20.0897463003662,1
81,1,20.75,90,20.0897463003662,20.5378968888477,1
81,1,20.75,90,20.5378968888477,20.5480756816111,1
81,1,20.75,90,20.5480756816111,20.6598185916514,1
81,1,20.75,90,20.6598185916514,20.75,0
82,1,19.75,92,0,1.9135267046394,1
82,1,19.75,92,1.9135267046394,2.37144516884202,1
82,1,19.75,92,2.37144516884202,3.29216974088562,1
82,1,19.75,92,3.29216974088562,5.66535998293383,1
82,1,19.75,92,5.66535998293383,5.72864807760992,1
82,1,19.75,92,5.72864807760992,7.05206156746284,1
82,1,19.75,92,7.05206156746284,8.15416939843762,1
82,1,19.75,92,8.15416939843762,8.24375307675242,1
82,1,19.75,92,8.24375307675242,8.65547080971855,1
82,1,19.75,92,8.65547080971855,8.75236794551984,1
82,1,19.75,92,8.75236794551984,8.75438167664406,1
82,1,19.75,92,8.75438167664406,8.78667788393621,1
82,1,19.75,92,8.78667788393621,8.78689663440031,1
82,1,19.75,92,8.78689663440031,8.86321647658291,1
82,1,19.75,92,8.86321647658291,8.95399146267336,1
82,1,19.75,92,8.95399146267336,9.45814515548781,1
82,1,19.75,92,9.45814515548781,9.6641780329309,1
82,1,19.75,92,9.6641780329309,10.0028017311221,1
82,1,19.75,92,10.0028017311221,10.0696742801233,1
82,1,19.75,92,10.0696742801233,10.089843484542,1
82,1,19.75,92,10.089843484542,10.3878763291758,1
82,1,19.75,92,10.3878763291758,10.5789419722447,1
82,1,19.75,92,10.5789419722447,10.5874976334964,1
82,1,19.75,92,10.5874976334964,10.778445921139,1
82,1,19.75,92,10.778445921139,10.8683679273975,1
82,1,19.75,92,10.8683679273975,10.9679273902427,1
82,1,19.75,92,10.9679273902427,11.0208581300978,1
82,1,19.75,92,11.0208581300978,11.476725412424,1
82,1,19.75,92,11.476725412424,11.8450984743608,1
82,1,19.75,92,11.8450984743608,12.2983771450646,1
82,1,19.75,92,12.2983771450646,12.3824620138589,1
82,1,19.75,92,12.3824620138589,12.5306974319323,1
82,1,19.75,92,12.5306974319323,12.6241929765935,1
82,1,19.75,92,12.6241929765935,12.831934242642,1
82,1,19.75,92,12.831934242642,12.9793651703408,1
82,1,19.75,92,12.9793651703408,13.4298563863506,1
82,1,19.75,92,13.4298563863506,13.5388067279056,1
82,1,19.75,92,13.5388067279056,13.5807760448433,1
82,1,19.75,92,13.5807760448433,13.9163122151117,1
82,1,19.75,92,13.9163122151117,14.021557991888,1
82,1,19.75,92,14.021557991888,14.1881973133673,1
82,1,19.75,92,14.1881973133673,14.2286153563857,1
82,1,19.75,92,14.2286153563857,14.2914152730827,1
82,1,19.75,92,14.2914152730827,14.3253978849992,1
82,1,19.75,92,14.3253978849992,14.4241571306321,1
82,1,19.75,92,14.4241571306321,14.4456313908415,1
82,1,19.75,92,14.4456313908415,14.4851306481697,1
82,1,19.75,92,14.4851306481697,14.8820656343273,1
82,1,19.75,92,14.8820656343273,14.9981171522578,1
82,1,19.75,92,14.9981171522578,15.0284211576806,1
82,1,19.75,92,15.0284211576806,15.058338576861,1
82,1,19.75,92,15.058338576861,15.5796648133219,1
82,1,19.75,92,15.5796648133219,15.6404020090915,1
82,1,19.75,92,15.6404020090915,15.7166742625608,1
82,1,19.75,92,15.7166742625608,15.743118341297,1
82,1,19.75,92,15.743118341297,15.7610931632638,1
82,1,19.75,92,15.7610931632638,16.1201745805745,1
82,1,19.75,92,16.1201745805745,16.245162021555,1
82,1,19.75,92,16.245162021555,16.2545053373748,1
82,1,19.75,92,16.2545053373748,16.3393122386248,1
82,1,19.75,92,16.3393122386248,16.3448772425833,1
82,1,19.75,92,16.3448772425833,16.3508037400141,1
82,1,19.75,92,16.3508037400141,16.5387725105772,1
82,1,19.75,92,16.5387725105772,16.7711382287422,1
82,1,19.75,92,16.7711382287422,16.8386348750985,1
82,1,19.75,92,16.8386348750985,16.9426433388555,1
82,1,19.75,92,16.9426433388555,17.0652203994633,1
82,1,19.75,92,17.0652203994633,17.1238962022121,1
82,1,19.75,92,17.1238962022121,17.1890960244251,1
82,1,19.75,92,17.1890960244251,17.4599276308607,1
82,1,19.75,92,17.4599276308607,17.4884094316589,1
82,1,19.75,92,17.4884094316589,17.5172007350093,1
82,1,19.75,92,17.5172007350093,17.5602011357975,1
82,1,19.75,92,17.5602011357975,17.631043321216,1
82,1,19.75,92,17.631043321216,17.9181460175941,1
82,1,19.75,92,17.9181460175941,18.0660940566873,1
82,1,19.75,92,18.0660940566873,18.1350831423329,1
82,1,19.75,92,18.1350831423329,18.603808344472,1
82,1,19.75,92,18.603808344472,18.619694887142,1
82,1,19.75,92,18.619694887142,18.6228809709634,1
82,1,19.75,92,18.6228809709634,18.6732330618812,1
82,1,19.75,92,18.6732330618812,18.6936448100229,1
82,1,19.75,92,18.6936448100229,18.7695036356315,1
82,1,19.75,92,18.7695036356315,18.9236580068232,1
82,1,19.75,92,18.9236580068232,18.9494465013215,1
82,1,19.75,92,18.9494465013215,18.9794448753671,1
82,1,19.75,92,18.9794448753671,19.0759187947698,1
82,1,19.75,92,19.0759187947698,19.1926262068127,1
82,1,19.75,92,19.1926262068127,19.3563270052745,1
82,1,19.75,92,19.3563270052745,19.4539776822031,1
82,1,19.75,92,19.4539776822031,19.4808060989188,1
82,1,19.75,92,19.4808060989188,19.5177662012645,1
82,1,19.75,92,19.5177662012645,19.75,0
83,1,17.75,4,0,0.0289646531015597,1
83,1,17.75,4,0.0289646531015597,1.02832274338485,1
83,1,17.75,4,1.02832274338485,5.69395184667371,1
83,1,17.75,4,5.69395184667371,14.6214435293107,1
83,1,17.75,4,14.6214435293107,17.75,0
84,1,9.75,0,0,9.75,0
85,1,14.75,2,0,0.423109906201829,1
85,1,14.75,2,0.423109906201829,6.37279281421821,1
85,1,14.75,2,6.37279281421821,14.75,0
86,1,10.75,21,0,4.38174395380054,1
86,1,10.75,21,4.38174395380054,4.65916081629015,1
86,1,10.75,21,4.65916081629015,4.6868765909198,1
86,1,10.75,21,4.6868765909198,4.83398483918034,1
86,1,10.75,21,4.83398483918034,4.85977681957321,1
86,1,10.75,21,4.85977681957321,5.28804070515268,1
86,1,10.75,21,5.28804070515268,6.57062724387809,1
86,1,10.75,21,6.57062724387809,7.14943219228328,1
86,1,10.75,21,7.14943219228328,7.78332083985203,1
86,1,10.75,21,7.78332083985203,8.02361266911587,1
86,1,10.75,21,8.02361266911587,8.27149162197197,1
86,1,10.75,21,8.27149162197197,8.67520199648211,1
86,1,10.75,21,8.67520199648211,8.91793411534421,1
86,1,10.75,21,8.91793411534421,9.19180217090038,1
86,1,10.75,21,9.19180217090038,9.31520354251766,1
86,1,10.75,21,9.31520354251766,9.66781566467817,1
86,1,10.75,21,9.66781566467817,10.1828104130048,1
86,1,10.75,21,10.1828104130048,10.2833829301292,1
86,1,10.75,21,10.2833829301292,10.4385257612875,1
86,1,10.75,21,10.4385257612875,10.4515379254278,1
86,1,10.75,21,10.4515379254278,10.7421687240713,1
86,1,10.75,21,10.7421687240713,10.75,0
87,1,13.75,2,0,1.14610762097343,1
87,1,13.75,2,1.14610762097343,12.8928375105314,1
87,1,13.75,2,12.8928375105314,13.75,0
88,1,8.75,1,0,0.0492266192015529,1
88,1,8.75,1,0.0492266192015529,8.75,0
89,1,8.75,10,0,3.53838150444838,1
89,1,8.75,10,3.53838150444838,3.82049225003926,1
89,1,8.75,10,3.82049225003926,5.28610247075012,1
89,1,8.75,10,5.28610247075012,6.85439773217938,1
89,1,8.75,10,6.85439773217938,6.99704784972603,1
89,1,8.75,10,6.99704784972603,7.29128550231507,1
89,1,8.75,10,7.29128550231507,7.65494667442516,1
89,1,8.75,10,7.65494667442516,7.86839653564617,1
89,1,8.75,10,7.86839653564617,8.11745077108432,1
89,1,8.75,10,8.11745077108432,8.67526360023914,1
89,1,8.75,10,8.67526360023914,8.75,0
90,1,11.75,9,0,3.24886678100285,1
90,1,11.75,9,3.24886678100285,7.89465736435015,1
90,1,11.75,9,7.89465736435015,8.47548925115689,1
90,1,11.75,9,8.47548925115689,8.49991090480379,1
90,1,11.75,9,8.49991090480379,8.58758003711838,1
90,1,11.75,9,8.58758003711838,9.31945630717578,1
90,1,11.75,9,9.31945630717578,10.3404564282478,1
90,1,11.75,9,10.3404564282478,11.019696973638,1
90,1,11.75,9,11.019696973638,11.3457733993445,1
90,1,11.75,9,11.3457733993445,11.75,0
91,1,14.75,1,0,0.736892280355215,1
91,1,14.75,1,0.736892280355215,14.75,0
92,1,13.75,23,0,5.051272906627,1
92,1,13.75,23,5.051272906627,6.81757136553112,1
92,1,13.75,23,6.81757136553112,6.89339615368729,1
92,1,13.75,23,6.89339615368729,6.89648934237425,1
92,1,13.75,23,6.89648934237425,7.70831303788971,1
92,1,13.75,23,7.70831303788971,7.75160084872532,1
92,1,13.75,23,7.75160084872532,8.15055997170549,1
92,1,13.75,23,8.15055997170549,8.22713211483956,1
92,1,13.75,23,8.22713211483956,8.64494460151653,1
92,1,13.75,23,8.64494460151653,8.65072636431169,1
92,1,13.75,23,8.65072636431169,8.87300833953248,1
92,1,13.75,23,8.87300833953248,9.20586238264926,1
92,1,13.75,23,9.20586238264926,9.24180375899989,1
92,1,13.75,23,9.24180375899989,10.2448516903284,1
92,1,13.75,23,10.2448516903284,10.9478441699754,1
92,1,13.75,23,10.9478441699754,11.1917370135714,1
92,1,13.75,23,11.1917370135714,11.3596974978672,1
92,1,13.75,23,11.3596974978672,12.1051547616834,1
92,1,13.75,23,12.1051547616834,12.3213925952444,1
92,1,13.75,23,12.3213925952444,12.4150757140562,1
92,1,13.75,23,12.4150757140562,12.5747920008192,1
92,1,13.75,23,12.5747920008192,13.0919599608608,1
92,1,13.75,23,13.0919599608608,13.5450230437098,1
92,1,13.75,23,13.5450230437098,13.75,0
93,1,10.75,5,0,1.2915572262912,1
93,1,10.75,5,1.2915572262912,3.76167308101476,1
93,1,10.75,5,3.76167308101476,6.42940994185095,1
93,1,10.75,5,6.42940994185095,8.82140206680815,1
93,1,10.75,5,8.82140206680815,8.88504352460359,1
93,1,10.75,5,8.88504352460359,10.75,0
94,1,12.75,2,0,2.17034685717112,1
94,1,12.75,2,2.17034685717112,4.54489134630468,1
94,1,12.75,2,4.54489134630468,12.75,0
95,1,11.75,15,0,3.16914821030726,1
95,1,11.75,15,3.16914821030726,3.93489609023027,1
95,1,11.75,15,3.93489609023027,5.72543983635405,1
95,1,11.75,15,5.72543983635405,6.00128922897835,1
95,1,11.75,15,6.00128922897835,7.58741419235762,1
95,1,11.75,15,7.58741419235762,8.02408007886891,1
95,1,11.75,15,8.02408007886891,8.52564719214824,1
95,1,11.75,15,8.52564719214824,8.8277394786218,1
95,1,11.75,15,8.8277394786218,9.36963064460894,1
95,1,11.75,15,9.36963064460894,10.3520647344731,1
95,1,11.75,15,10.3520647344731,10.9281505297547,1
95,1,11.75,15,10.9281505297547,11.2587274253921,1
95,1,11.75,15,11.2587274253921,11.3462209163316,1
95,1,11.75,15,11.3462209163316,11.5858371406561,1
95,1,11.75,15,11.5858371406561,11.5906416638286,1
95,1,11.75,15,11.5906416638286,11.75,0
96,1,11.75,1,0,0.126761030866197,1
96,1,11.75,1,0.126761030866197,11.75,0
97,1,18.75,2,0,2.50293423515692,1
97,1,18.75,2,2.50293423515692,4.86536932942432,1
97,1,18.75,2,4.86536932942432,18.75,0
98,1,19.75,2,0,6.37388853977278,1
98,1,19.75,2,6.37388853977278,19.4567192238332,1
98,1,19.75,2,19.4567192238332,19.75,0
99,1,14.75,1,0,1.1083571683402,1
99,1,14.75,1,1.1083571683402,14.75,0
100,1,14.75,38,0,1.77112179401392,1
100,1,14.75,38,1.77112179401392,1.83495946030446,1
100,1,14.75,38,1.83495946030446,3.12499842170929,1
100,1,14.75,38,3.12499842170929,4.9272707936429,1
100,1,14.75,38,4.9272707936429,5.70525240955315,1
100,1,14.75,38,5.70525240955315,5.94983472564842,1
100,1,14.75,38,5.94983472564842,6.16973349585932,1
100,1,14.75,38,6.16973349585932,6.340241471917,1
100,1,14.75,38,6.340241471917,8.08733124158577,1
100,1,14.75,38,8.08733124158577,8.56324012080926,1
100,1,14.75,38,8.56324012080926,9.38133885072153,1
100,1,14.75,38,9.38133885072153,9.40912413530058,1
100,1,14.75,38,9.40912413530058,9.53917655133678,1
100,1,14.75,38,9.53917655133678,9.58856502028157,1
100,1,14.75,38,9.58856502028157,9.80980170232573,1
100,1,14.75,38,9.80980170232573,10.3806727229792,1
100,1,14.75,38,10.3806727229792,10.4163101692854,1
100,1,14.75,38,10.4163101692854,10.6558306707412,1
100,1,14.75,38,10.6558306707412,10.7767577663774,1
100,1,14.75,38,10.7767577663774,10.8774741306677,1
100,1,14.75,38,10.8774741306677,11.0905592112083,1
100,1,14.75,38,11.0905592112083,11.3011749338433,1
100,1,14.75,38,11.3011749338433,11.8363212305309,1
100,1,14.75,38,11.8363212305309,11.9216703446531,1
100,1,14.75,38,11.9216703446531,12.5145785400451,1
100,1,14.75,38,12.5145785400451,12.7239094405159,1
100,1,14.75,38,12.7239094405159,12.749933501071,1
100,1,14.75,38,12.749933501071,12.7979606181693,1
100,1,14.75,38,12.7979606181693,12.8678735947401,1
100,1,14.75,38,12.8678735947401,12.9717362948385,1
100,1,14.75,38,12.9717362948385,13.0182562160535,1
100,1,14.75,38,13.0182562160535,13.0199047116344,1
100,1,14.75,38,13.0199047116344,13.4979962889176,1
100,1,14.75,38,13.4979962889176,13.6162480133622,1
100,1,14.75,38,13.6162480133622,13.6297876637109,1
100,1,14.75,38,13.6297876637109,13.6432013696603,1
100,1,14.75,38,13.6432013696603,14.2195389266885,1
100,1,14.75,38,14.2195389266885,14.3134650944635,1
100,1,14.75,38,14.3134650944635,14.75,0
101,1,12.75,25,0,5.30577365440042,1
101,1,12.75,25,5.30577365440042,7.28629291823869,1
101,1,12.75,25,7.28629291823869,8.32139001974035,1
101,1,12.75,25,8.32139001974035,9.07867841418895,1
101,1,12.75,25,9.07867841418895,9.25624953464014,1
101,1,12.75,25,9.25624953464014,9.63999260033408,1
101,1,12.75,25,9.63999260033408,9.82291775648088,1
101,1,12.75,25,9.82291775648088,9.86716114777671,1
101,1,12.75,25,9.86716114777671,9.98874057897694,1
101,1,12.75,25,9.98874057897694,10.49762626186,1
101,1,12.75,25,10.49762626186,10.5311788383029,1
101,1,12.75,25,10.5311788383029,10.56279675578,1
101,1,12.75,25,10.56279675578,10.6773516145059,1
101,1,12.75,25,10.6773516145059,10.6803471061718,1
101,1,12.75,25,10.6803471061718,10.7345523514094,1
101,1,12.75,25,10.7345523514094,11.2453056016507,1
101,1,12.75,25,11.2453056016507,11.3317567195371,1
101,1,12.75,25,11.3317567195371,11.7008925232137,1
101,1,12.75,25,11.7008925232137,11.7740804614966,1
101,1,12.75,25,11.7740804614966,11.86628588634,1
101,1,12.75,25,11.86628588634,12.0267494986667,1
101,1,12.75,25,12.0267494986667,12.16951597743,1
101,1,12.75,25,12.16951597743,12.1795679467862,1
101,1,12.75,25,12.1795679467862,12.2647876493925,1
101,1,12.75,25,12.2647876493925,12.3357191819211,1
101,1,12.75,25,12.3357191819211,12.75,0
102,1,12.75,0,0,12.75,0
103,1,13.75,3,0,1.99937637620374,1
103,1,13.75,3,1.99937637620374,9.70356728442458,1
103,1,13.75,3,9.70356728442458,10.991494295244,1
103,1,13.75,3,10.991494295244,13.75,0
104,1,12.75,12,0,3.65972709056065,1
104,1,12.75,12,3.65972709056065,6.88763798846746,1
104,1,12.75,12,6.88763798846746,8.15530525043625,1
104,1,12.75,12,8.15530525043625,8.47368766791283,1
104,1,12.75,12,8.47368766791283,8.58511429706477,1
104,1,12.75,12,8.58511429706477,9.16410339993793,1
104,1,12.75,12,9.16410339993793,9.47001876817641,1
104,1,12.75,12,9.47001876817641,10.218965212265,1
104,1,12.75,12,10.218965212265,10.4372082973914,1
104,1,12.75,12,10.4372082973914,10.7350496877087,1
104,1,12.75,12,10.7350496877087,11.8134063759167,1
104,1,12.75,12,11.8134063759167,12.2397513461534,1
104,1,12.75,12,12.2397513461534,12.75,0
105,1,19.75,0,0,19.75,0
106,1,8.75,0,0,8.75,0
107,1,14.75,3,0,0.990754869947782,1
107,1,14.75,3,0.990754869947782,1.18217822440617,1
107,1,14.75,3,1.18217822440617,3.29532080508297,1
107,1,14.75,3,3.29532080508297,14.75,0
108,1,16.75,3,0,1.6930794070401,1
108,1,16.75,3,1.6930794070401,7.87166174804113,1
108,1,16.75,3,7.87166174804113,14.8932295707729,1
108,1,16.75,3,14.8932295707729,16.75,0
109,1,11.75,9,0,6.06557527030306,1
109,1,11.75,9,6.06557527030306,7.47740785773901,1
109,1,11.75,9,7.47740785773901,7.89454011495791,1
109,1,11.75,9,7.89454011495791,8.53902554547964,1
109,1,11.75,9,8.53902554547964,9.20221482326462,1
109,1,11.75,9,9.20221482326462,9.58141473102359,1
109,1,11.75,9,9.58141473102359,10.2661563823737,1
109,1,11.75,9,10.2661563823737,10.5545470296912,1
109,1,11.75,9,10.5545470296912,11.1711814705738,1
109,1,11.75,9,11.1711814705738,11.75,0
110,1,17.75,85,0,2.08084184619763,1
110,1,17.75,85,2.08084184619763,3.90346021921666,1
110,1,17.75,85,3.90346021921666,4.36133610736993,1
110,1,17.75,85,4.36133610736993,4.66754216686046,1
110,1,17.75,85,4.66754216686046,5.10460042872529,1
110,1,17.75,85,5.10460042872529,5.6017474447363,1
110,1,17.75,85,5.6017474447363,6.30111605540931,1
110,1,17.75,85,6.30111605540931,6.62801400327486,1
110,1,17.75,85,6.62801400327486,6.65317243100614,1
110,1,17.75,85,6.65317243100614,6.73166866523375,1
110,1,17.75,85,6.73166866523375,6.98817969037403,1
110,1,17.75,85,6.98817969037403,7.20254832445495,1
110,1,17.75,85,7.20254832445495,7.37079263311264,1
110,1,17.75,85,7.37079263311264,8.61688170305381,1
110,1,17.75,85,8.61688170305381,8.70342771774316,1
110,1,17.75,85,8.70342771774316,8.72157520797193,1
110,1,17.75,85,8.72157520797193,8.7691986263071,1
110,1,17.75,85,8.7691986263071,9.48723376086186,1
110,1,17.75,85,9.48723376086186,9.69814849631249,1
110,1,17.75,85,9.69814849631249,9.88590761932128,1
110,1,17.75,85,9.88590761932128,10.156249854474,1
110,1,17.75,85,10.156249854474,10.3083280123201,1
110,1,17.75,85,10.3083280123201,10.3526567247893,1
110,1,17.75,85,10.3526567247893,10.4635926329645,1
110,1,17.75,85,10.4635926329645,10.5168217359943,1
110,1,17.75,85,10.5168217359943,10.7112075522189,1
110,1,17.75,85,10.7112075522189,10.8407448216586,1
110,1,17.75,85,10.8407448216586,11.1099731960514,1
110,1,17.75,85,11.1099731960514,11.16549616184,1
110,1,17.75,85,11.16549616184,11.3056120602444,1
110,1,17.75,85,11.3056120602444,11.3812715757862,1
110,1,17.75,85,11.3812715757862,12.0198807423261,1
110,1,17.75,85,12.0198807423261,12.2241954960091,1
110,1,17.75,85,12.2241954960091,12.4660116828841,1
110,1,17.75,85,12.4660116828841,12.7929538487167,1
110,1,17.75,85,12.7929538487167,13.2092001159849,1
110,1,17.75,85,13.2092001159849,13.4032230549691,1
110,1,17.75,85,13.4032230549691,13.6297704830439,1
110,1,17.75,85,13.6297704830439,13.9745253228959,1
110,1,17.75,85,13.9745253228959,14.093058691581,1
110,1,17.75,85,14.093058691581,14.1830956242657,1
110,1,17.75,85,14.1830956242657,14.282373621853,1
110,1,17.75,85,14.282373621853,14.3182918048989,1
110,1,17.75,85,14.3182918048989,14.3306565859372,1
110,1,17.75,85,14.3306565859372,14.6705863572548,1
110,1,17.75,85,14.6705863572548,14.8188958190599,1
110,1,17.75,85,14.8188958190599,14.8382535803584,1
110,1,17.75,85,14.8382535803584,14.9329418004624,1
110,1,17.75,85,14.9329418004624,14.9958829575329,1
110,1,17.75,85,14.9958829575329,15.0127744194933,1
110,1,17.75,85,15.0127744194933,15.174518218066,1
110,1,17.75,85,15.174518218066,15.4458465508391,1
110,1,17.75,85,15.4458465508391,15.496177443328,1
110,1,17.75,85,15.496177443328,15.6010821972317,1
110,1,17.75,85,15.6010821972317,15.6520498012499,1
110,1,17.75,85,15.6520498012499,15.6539200586931,1
110,1,17.75,85,15.6539200586931,15.8212576250465,1
110,1,17.75,85,15.8212576250465,15.9282244811866,1
110,1,17.75,85,15.9282244811866,15.9814915666272,1
110,1,17.75,85,15.9814915666272,16.2368487132552,1
110,1,17.75,85,16.2368487132552,16.2481855629863,1
110,1,17.75,85,16.2481855629863,16.2947210749935,1
110,1,17.75,85,16.2947210749935,16.3764791757018,1
110,1,17.75,85,16.3764791757018,16.3870830786844,1
110,1,17.75,85,16.3870830786844,16.3982183484628,1
110,1,17.75,85,16.3982183484628,16.4098412562696,1
110,1,17.75,85,16.4098412562696,16.4133784269563,1
110,1,17.75,85,16.4133784269563,16.4610856692989,1
110,1,17.75,85,16.4610856692989,16.5135354221483,1
110,1,17.75,85,16.5135354221483,16.6265318237469,1
110,1,17.75,85,16.6265318237469,16.7173698412093,1
110,1,17.75,85,16.7173698412093,16.7942149877522,1
110,1,17.75,85,16.7942149877522,16.9718943802097,1
110,1,17.75,85,16.9718943802097,17.0211646472535,1
110,1,17.75,85,17.0211646472535,17.186006506271,1
110,1,17.75,85,17.186006506271,17.2116646435337,1
110,1,17.75,85,17.2116646435337,17.2589796295543,1
110,1,17.75,85,17.2589796295543,17.2810288871723,1
110,1,17.75,85,17.2810288871723,17.3627252209871,1
110,1,17.75,85,17.3627252209871,17.3652151600879,1
110,1,17.75,85,17.3652151600879,17.5330783965897,1
110,1,17.75,85,17.5330783965897,17.5940675317584,1
110,1,17.75,85,17.5940675317584,17.6263685019091,1
110,1,17.75,85,17.6263685019091,17.6890668136745,1
110,1,17.75,85,17.6890668136745,17.7174398534668,1
110,1,17.75,85,17.7174398534668,17.75,0
111,1,8.75,2,0,1.45752995574696,1
111,1,8.75,2,1.45752995574696,3.84359132681685,1
111,1,8.75,2,3.84359132681685,8.75,0
112,1,12.75,1,0,1.37107944581464,1
112,1,12.75,1,1.37107944581464,12.75,0
113,1,8.75,0,0,8.75,0
114,1,8.75,1,0,0.186692297277923,1
114,1,8.75,1,0.186692297277923,8.75,0
115,1,12.75,2,0,0.900261873285863,1
115,1,12.75,2,0.900261873285863,2.0261073238092,1
115,1,12.75,2,2.0261073238092,12.75,0
116,1,8.75,2,0,1.77872580974953,1
116,1,8.75,2,1.77872580974953,3.48039879779357,1
116,1,8.75,2,3.48039879779357,8.75,0
117,1,16.75,2,0,0.744052615450458,1
117,1,16.75,2,0.744052615450458,2.23430429566137,1
117,1,16.75,2,2.23430429566137,16.75,0
118,1,14.75,31,0,3.60717862951848,1
118,1,14.75,31,3.60717862951848,5.36804072237375,1
118,1,14.75,31,5.36804072237375,6.3574302939615,1
118,1,14.75,31,6.3574302939615,6.48104694573337,1
118,1,14.75,31,6.48104694573337,6.62452362767133,1
118,1,14.75,31,6.62452362767133,8.26056086181867,1
118,1,14.75,31,8.26056086181867,8.47339037452,1
118,1,14.75,31,8.47339037452,8.82657665682698,1
118,1,14.75,31,8.82657665682698,9.18884382812177,1
118,1,14.75,31,9.18884382812177,9.29472249016826,1
118,1,14.75,31,9.29472249016826,9.43449106233771,1
118,1,14.75,31,9.43449106233771,10.2020802395627,1
118,1,14.75,31,10.2020802395627,10.7066104614058,1
118,1,14.75,31,10.7066104614058,10.8594952493141,1
118,1,14.75,31,10.8594952493141,11.1675076180835,1
118,1,14.75,31,11.1675076180835,11.235040574027,1
118,1,14.75,31,11.235040574027,11.773966406676,1
118,1,14.75,31,11.773966406676,11.81359985932,1
118,1,14.75,31,11.81359985932,12.1811476749614,1
118,1,14.75,31,12.1811476749614,12.4435684377892,1
118,1,14.75,31,12.4435684377892,13.0374213275462,1
118,1,14.75,31,13.0374213275462,13.108163399425,1
118,1,14.75,31,13.108163399425,13.4897329139679,1
118,1,14.75,31,13.4897329139679,13.6432591305703,1
118,1,14.75,31,13.6432591305703,13.9862496023262,1
118,1,14.75,31,13.9862496023262,14.1001829090535,1
118,1,14.75,31,14.1001829090535,14.15666123584,1
118,1,14.75,31,14.15666123584,14.1687139100835,1
118,1,14.75,31,14.1687139100835,14.2800290129199,1
118,1,14.75,31,14.2800290129199,14.5693866023827,1
118,1,14.75,31,14.5693866023827,14.7212555657923,1
118,1,14.75,31,14.7212555657923,14.75,0
119,1,15.75,4,0,0.00113033262412142,1
119,1,15.75,4,0.00113033262412142,0.122467557503815,1
119,1,15.75,4,0.122467557503815,9.57928724611749,1
119,1,15.75,4,9.57928724611749,12.5571459522605,1
119,1,15.75,4,12.5571459522605,15.75,0
120,1,11.75,1,0,1.70137964734862,1
120,1,11.75,1,1.70137964734862,11.75,0
121,1,11.75,1,0,1.96743844061757,1
121,1,11.75,1,1.96743844061757,11.75,0
122,1,16.75,1,0,6.63696022495021,1
122,1,16.75,1,6.63696022495021,16.75,0
123,1,17.75,3,0,0.435665567495004,1
123,1,17.75,3,0.435665567495004,4.09550221013975,1
123,1,17.75,3,4.09550221013975,13.4587111634353,1
123,1,17.75,3,13.4587111634353,17.75,0
124,1,14.75,2,0,0.446105622779086,1
124,1,14.75,2,0.446105622779086,7.20199566531794,1
124,1,14.75,2,7.20199566531794,14.75,0
125,1,10.75,28,0,2.13340243589841,1
125,1,10.75,28,2.13340243589841,3.27025132660763,1
125,1,10.75,28,3.27025132660763,4.18825552675672,1
125,1,10.75,28,4.18825552675672,4.25298308046435,1
125,1,10.75,28,4.25298308046435,4.3489954104409,1
125,1,10.75,28,4.3489954104409,4.97038072607549,1
125,1,10.75,28,4.97038072607549,5.01544348612525,1
125,1,10.75,28,5.01544348612525,5.6847005688505,1
125,1,10.75,28,5.6847005688505,5.98135240074067,1
125,1,10.75,28,5.98135240074067,6.27712718328648,1
125,1,10.75,28,6.27712718328648,6.4144343996078,1
125,1,10.75,28,6.4144343996078,6.62081850153974,1
125,1,10.75,28,6.62081850153974,6.97162049201533,1
125,1,10.75,28,6.97162049201533,7.08074785906483,1
125,1,10.75,28,7.08074785906483,7.15067853976647,1
125,1,10.75,28,7.15067853976647,7.25906024598085,1
125,1,10.75,28,7.25906024598085,7.52479377485144,1
125,1,10.75,28,7.52479377485144,7.7539994147541,1
125,1,10.75,28,7.7539994147541,8.95935598621898,1
125,1,10.75,28,8.95935598621898,9.22245402884555,1
125,1,10.75,28,9.22245402884555,9.32201154359787,1
125,1,10.75,28,9.32201154359787,9.41947581764178,1
125,1,10.75,28,9.41947581764178,9.65241924041716,1
125,1,10.75,28,9.65241924041716,10.2733583218371,1
125,1,10.75,28,10.2733583218371,10.288770848439,1
125,1,10.75,28,10.288770848439,10.3192209833314,1
125,1,10.75,28,10.3192209833314,10.6904320394029,1
125,1,10.75,28,10.6904320394029,10.7316936777775,1
125,1,10.75,28,10.7316936777775,10.75,0
126,1,14.75,34,0,3.46560829975331,1
126,1,14.75,34,3.46560829975331,4.02877131620262,1
126,1,14.75,34,4.02877131620262,4.585184600752,1
126,1,14.75,34,4.585184600752,5.5777632357613,1
126,1,14.75,34,5.5777632357613,5.67530599854799,1
126,1,14.75,34,5.67530599854799,6.104761112978,1
126,1,14.75,34,6.104761112978,6.80394285282837,1
126,1,14.75,34,6.80394285282837,7.48852653314301,1
126,1,14.75,34,7.48852653314301,8.23071134840037,1
126,1,14.75,34,8.23071134840037,8.66378015264069,1
126,1,14.75,34,8.66378015264069,9.57734807311232,1
126,1,14.75,34,9.57734807311232,9.59074456829395,1
126,1,14.75,34,9.59074456829395,10.1169881502859,1
126,1,14.75,34,10.1169881502859,10.4025139003914,1
126,1,14.75,34,10.4025139003914,10.6348978129069,1
126,1,14.75,34,10.6348978129069,10.9040930515108,1
126,1,14.75,34,10.9040930515108,11.002359276669,1
126,1,14.75,34,11.002359276669,11.343727270712,1
126,1,14.75,34,11.343727270712,11.6344410680451,1
126,1,14.75,34,11.6344410680451,11.6548029993821,1
126,1,14.75,34,11.6548029993821,12.039913433584,1
126,1,14.75,34,12.039913433584,12.1485522300694,1
126,1,14.75,34,12.1485522300694,12.5184614914674,1
126,1,14.75,34,12.5184614914674,12.563386526837,1
126,1,14.75,34,12.563386526837,12.8307494400728,1
126,1,14.75,34,12.8307494400728,12.9163655930358,1
126,1,14.75,34,12.9163655930358,12.9214793426046,1
126,1,14.75,34,12.9214793426046,13.2834465038221,1
126,1,14.75,34,13.2834465038221,13.7214717181452,1
126,1,14.75,34,13.7214717181452,14.0164548672332,1
126,1,14.75,34,14.0164548672332,14.1733824032859,1
126,1,14.75,34,14.1733824032859,14.4323029458228,1
126,1,14.75,34,14.4323029458228,14.5721536400895,1
126,1,14.75,34,14.5721536400895,14.6127309242398,1
126,1,14.75,34,14.6127309242398,14.75,0
127,1,15.75,19,0,6.42649996614851,1
127,1,15.75,19,6.42649996614851,7.29246813583049,1
127,1,15.75,19,7.29246813583049,9.80112283591604,1
127,1,15.75,19,9.80112283591604,9.94587643859824,1
127,1,15.75,19,9.94587643859824,10.4213077358366,1
127,1,15.75,19,10.4213077358366,11.1719750801565,1
127,1,15.75,19,11.1719750801565,11.2019558521984,1
127,1,15.75,19,11.2019558521984,11.3690553730804,1
127,1,15.75,19,11.3690553730804,12.0088706968238,1
127,1,15.75,19,12.0088706968238,13.3470088512472,1
127,1,15.75,19,13.3470088512472,13.6203293591374,1
127,1,15.75,19,13.6203293591374,14.2633092402111,1
127,1,15.75,19,14.2633092402111,14.4677803608644,1
127,1,15.75,19,14.4677803608644,14.6605424805431,1
127,1,15.75,19,14.6605424805431,14.9349343251888,1
127,1,15.75,19,14.9349343251888,15.0052338559476,1
127,1,15.75,19,15.0052338559476,15.0890259012738,1
127,1,15.75,19,15.0890259012738,15.5840881173193,1
127,1,15.75,19,15.5840881173193,15.664838191617,1
127,1,15.75,19,15.664838191617,15.75,0
128,1,15.75,6,0,1.82289289354655,1
128,1,15.75,6,1.82289289354655,2.43956964857795,1
128,1,15.75,6,2.43956964857795,3.36324379902731,1
128,1,15.75,6,3.36324379902731,4.08746606547163,1
128,1,15.75,6,4.08746606547163,9.69661948485194,1
128,1,15.75,6,9.69661948485194,10.9101198303952,1
128,1,15.75,6,10.9101198303952,15.75,0
129,1,16.75,1,0,1.2840278327837,1
129,1,16.75,1,1.2840278327837,16.75,0
130,1,13.75,1,0,13.596467739255,1
130,1,13.75,1,13.596467739255,13.75,0
131,1,15.75,3,0,0.0739346946036787,1
131,1,15.75,3,0.0739346946036787,0.287055049312506,1
131,1,15.75,3,0.287055049312506,0.459445821673232,1
131,1,15.75,3,0.459445821673232,15.75,0
132,1,14.75,0,0,14.75,0
133,1,19.75,1,0,1.45934410330289,1
133,1,19.75,1,1.45934410330289,19.75,0
134,1,17.75,3,0,0.696081372626051,1
134,1,17.75,3,0.696081372626051,6.63535940161728,1
134,1,17.75,3,6.63535940161728,10.4540061534981,1
134,1,17.75,3,10.4540061534981,17.75,0
135,1,13.75,1,0,2.28714545596346,1
135,1,13.75,1,2.28714545596346,13.75,0
136,1,11.75,1,0,9.45522308572927,1
136,1,11.75,1,9.45522308572927,11.75,0
137,1,11.75,1,0,0.145279693166776,1
137,1,11.75,1,0.145279693166776,11.75,0
138,1,17.75,0,0,17.75,0
139,1,13.75,19,0,1.77279536715381,1
139,1,13.75,19,1.77279536715381,2.29230241620824,1
139,1,13.75,19,2.29230241620824,5.69530607746872,1
139,1,13.75,19,5.69530607746872,6.52422268399928,1
139,1,13.75,19,6.52422268399928,7.8157687786414,1
139,1,13.75,19,7.8157687786414,9.58261450626409,1
139,1,13.75,19,9.58261450626409,10.3339530291265,1
139,1,13.75,19,10.3339530291265,10.4200448428964,1
139,1,13.75,19,10.4200448428964,10.5846044525273,1
139,1,13.75,19,10.5846044525273,11.2087508096006,1
139,1,13.75,19,11.2087508096006,11.2553627163514,1
139,1,13.75,19,11.2553627163514,11.2808872272255,1
139,1,13.75,19,11.2808872272255,12.0095706739921,1
139,1,13.75,19,12.0095706739921,12.1568455368964,1
139,1,13.75,19,12.1568455368964,12.2335455964958,1
139,1,13.75,19,12.2335455964958,12.2940526300712,1
139,1,13.75,19,12.2940526300712,12.3478701806328,1
139,1,13.75,19,12.3478701806328,13.0346856085453,1
139,1,13.75,19,13.0346856085453,13.4185073996499,1
139,1,13.75,19,13.4185073996499,13.75,0
140,1,16.75,0,0,16.75,0
141,1,14.75,1,0,4.66878069574663,1
141,1,14.75,1,4.66878069574663,14.75,0
142,1,8.75,8,0,1.11515645936586,1
142,1,8.75,8,1.11515645936586,4.2525808883974,1
142,1,8.75,8,4.2525808883974,5.41114882344927,1
142,1,8.75,8,5.41114882344927,6.37492090502231,1
142,1,8.75,8,6.37492090502231,7.4138519458227,1
142,1,8.75,8,7.4138519458227,7.54686665978553,1
142,1,8.75,8,7.54686665978553,8.08267710896682,1
142,1,8.75,8,8.08267710896682,8.39545700004618,1
142,1,8.75,8,8.39545700004618,8.75,0
143,1,19.75,45,0,1.41376264106012,1
143,1,19.75,45,1.41376264106012,2.81280049016993,1
143,1,19.75,45,2.81280049016993,3.78400851313612,1
143,1,19.75,45,3.78400851313612,3.94168322490097,1
143,1,19.75,45,3.94168322490097,4.56037146664801,1
143,1,19.75,45,4.56037146664801,5.76906717088989,1
143,1,19.75,45,5.76906717088989,5.94285410807886,1
143,1,19.75,45,5.94285410807886,7.45232327820982,1
143,1,19.75,45,7.45232327820982,7.56438679386926,1
143,1,19.75,45,7.56438679386926,7.83640768249055,1
143,1,19.75,45,7.83640768249055,9.27204642606894,1
143,1,19.75,45,9.27204642606894,9.75997127579917,1
143,1,19.75,45,9.75997127579917,10.3380118719878,1
143,1,19.75,45,10.3380118719878,10.6914689259906,1
143,1,19.75,45,10.6914689259906,10.9755144148115,1
143,1,19.75,45,10.9755144148115,11.6719984982783,1
143,1,19.75,45,11.6719984982783,11.9923568544874,1
143,1,19.75,45,11.9923568544874,11.9925149152767,1
143,1,19.75,45,11.9925149152767,12.0516479473252,1
143,1,19.75,45,12.0516479473252,12.1849668619901,1
143,1,19.75,45,12.1849668619901,13.670261922239,1
143,1,19.75,45,13.670261922239,14.00957348112,1
143,1,19.75,45,14.00957348112,14.0935373383902,1
143,1,19.75,45,14.0935373383902,14.4614907001225,1
143,1,19.75,45,14.4614907001225,14.4674380837372,1
143,1,19.75,45,14.4674380837372,14.6695284461051,1
143,1,19.75,45,14.6695284461051,15.3899000383207,1
143,1,19.75,45,15.3899000383207,15.8335604396701,1
143,1,19.75,45,15.8335604396701,16.3210812374507,1
143,1,19.75,45,16.3210812374507,16.5458156855876,1
143,1,19.75,45,16.5458156855876,17.2484480632048,1
143,1,19.75,45,17.2484480632048,17.4259905599315,1
143,1,19.75,45,17.4259905599315,17.5164891951479,1
143,1,19.75,45,17.5164891951479,17.5276433385898,1
143,1,19.75,45,17.5276433385898,17.5783703845991,1
143,1,19.75,45,17.5783703845991,17.6065828302959,1
143,1,19.75,45,17.6065828302959,18.061739703272,1
143,1,19.75,45,18.061739703272,18.4476491112373,1
143,1,19.75,45,18.4476491112373,18.6745831656746,1
143,1,19.75,45,18.6745831656746,18.9592440661943,1
143,1,19.75,45,18.9592440661943,19.0953997836588,1
143,1,19.75,45,19.0953997836588,19.1497603383387,1
143,1,19.75,45,19.1497603383387,19.1641067802426,1
143,1,19.75,45,19.1641067802426,19.3687042554988,1
143,1,19.75,45,19.3687042554988,19.5385909611054,1
143,1,19.75,45,19.5385909611054,19.75,0
144,1,12.75,2,0,0.863179839925637,1
144,1,12.75,2,0.863179839925637,4.31230049254014,1
144,1,12.75,2,4.31230049254014,12.75,0
145,1,11.75,2,0,0.451538279691245,1
145,1,11.75,2,0.451538279691245,1.96387501004253,1
145,1,11.75,2,1.96387501004253,11.75,0
146,1,17.75,47,0,3.72174129585914,1
146,1,17.75,47,3.72174129585914,5.02057879241881,1
146,1,17.75,47,5.02057879241881,5.31518825417743,1
146,1,17.75,47,5.31518825417743,7.94309307397871,1
146,1,17.75,47,7.94309307397871,8.09175690524881,1
146,1,17.75,47,8.09175690524881,8.69723093675966,1
146,1,17.75,47,8.69723093675966,8.71037166092006,1
146,1,17.75,47,8.71037166092006,9.03619351465765,1
146,1,17.75,47,9.03619351465765,9.63423567492495,1
146,1,17.75,47,9.63423567492495,9.92148887259364,1
146,1,17.75,47,9.92148887259364,10.8741493076214,1
146,1,17.75,47,10.8741493076214,11.2930643191351,1
146,1,17.75,47,11.2930643191351,11.5964233173092,1
146,1,17.75,47,11.5964233173092,12.097617186488,1
146,1,17.75,47,12.097617186488,12.2725273096567,1
146,1,17.75,47,12.2725273096567,12.4849388009667,1
146,1,17.75,47,12.4849388009667,12.7127453163657,1
146,1,17.75,47,12.7127453163657,12.735305721665,1
146,1,17.75,47,12.735305721665,12.8452340298154,1
146,1,17.75,47,12.8452340298154,13.062354111572,1
146,1,17.75,47,13.062354111572,13.3747566829434,1
146,1,17.75,47,13.3747566829434,13.4499110718646,1
146,1,17.75,47,13.4499110718646,13.6916122761696,1
146,1,17.75,47,13.6916122761696,13.7996484348896,1
146,1,17.75,47,13.7996484348896,13.8869612580096,1
146,1,17.75,47,13.8869612580096,13.9209496913415,1
146,1,17.75,47,13.9209496913415,13.9302776384965,1
146,1,17.75,47,13.9302776384965,14.1689545012247,1
146,1,17.75,47,14.1689545012247,14.6850513932685,1
146,1,17.75,47,14.6850513932685,14.7058506561262,1
146,1,17.75,47,14.7058506561262,14.7091185073572,1
146,1,17.75,47,14.7091185073572,15.0877318257016,1
146,1,17.75,47,15.0877318257016,15.1905428509947,1
146,1,17.75,47,15.1905428509947,15.2048449007385,1
146,1,17.75,47,15.2048449007385,15.3193272467001,1
146,1,17.75,47,15.3193272467001,15.3199358310372,1
146,1,17.75,47,15.3199358310372,16.0467869467789,1
146,1,17.75,47,16.0467869467789,16.1142736363366,1
146,1,17.75,47,16.1142736363366,16.202605904626,1
146,1,17.75,47,16.202605904626,16.5118781422651,1
146,1,17.75,47,16.5118781422651,16.7809065807576,1
146,1,17.75,47,16.7809065807576,16.7941609882414,1
146,1,17.75,47,16.7941609882414,16.8444722329121,1
146,1,17.75,47,16.8444722329121,17.0282840116685,1
146,1,17.75,47,17.0282840116685,17.0628126579251,1
146,1,17.75,47,17.0628126579251,17.1789851235516,1
146,1,17.75,47,17.1789851235516,17.5828513300556,1
146,1,17.75,47,17.5828513300556,17.75,0
147,1,19.75,4,0,1.16506026857096,1
147,1,19.75,4,1.16506026857096,1.91430224450165,1
147,1,19.75,4,1.91430224450165,8.99409129133346,1
147,1,19.75,4,8.99409129133346,12.6354287245312,1
147,1,19.75,4,12.6354287245312,19.75,0
148,1,19.75,55,0,5.0616688067272,1
148,1,19.75,55,5.0616688067272,5.66218814187624,1
148,1,19.75,55,5.66218814187624,5.67271012645062,1
148,1,19.75,55,5.67271012645062,6.08575575625298,1
148,1,19.75,55,6.08575575625298,7.40124428860328,1
148,1,19.75,55,7.40124428860328,8.24613981154852,1
148,1,19.75,55,8.24613981154852,8.84781579261614,1
148,1,19.75,55,8.84781579261614,8.89387513919432,1
148,1,19.75,55,8.89387513919432,9.37714124746811,1
148,1,19.75,55,9.37714124746811,10.1607322040697,1
148,1,19.75,55,10.1607322040697,11.2897026411182,1
148,1,19.75,55,11.2897026411182,11.2948106454357,1
148,1,19.75,55,11.2948106454357,11.6654768835411,1
148,1,19.75,55,11.6654768835411,11.8206613645994,1
148,1,19.75,55,11.8206613645994,11.9181203438699,1
148,1,19.75,55,11.9181203438699,11.9633634719239,1
148,1,19.75,55,11.9633634719239,12.7621440259732,1
148,1,19.75,55,12.7621440259732,13.0980861269763,1
148,1,19.75,55,13.0980861269763,13.1372520793733,1
148,1,19.75,55,13.1372520793733,13.2831694045443,1
148,1,19.75,55,13.2831694045443,13.3911083862896,1
148,1,19.75,55,13.3911083862896,13.6354396990756,1
148,1,19.75,55,13.6354396990756,14.3110659259347,1
148,1,19.75,55,14.3110659259347,14.3351519180841,1
148,1,19.75,55,14.3351519180841,14.3369443134865,1
148,1,19.75,55,14.3369443134865,14.6632812660167,1
148,1,19.75,55,14.6632812660167,15.0791997816403,1
148,1,19.75,55,15.0791997816403,15.1300419211439,1
148,1,19.75,55,15.1300419211439,15.1463551312264,1
148,1,19.75,55,15.1463551312264,15.2896554690377,1
148,1,19.75,55,15.2896554690377,15.3548994846604,1
148,1,19.75,55,15.3548994846604,15.4153349295489,1
148,1,19.75,55,15.4153349295489,15.5915230982478,1
148,1,19.75,55,15.5915230982478,15.7125656295753,1
148,1,19.75,55,15.7125656295753,15.7625520579417,1
148,1,19.75,55,15.7625520579417,16.28880342444,1
148,1,19.75,55,16.28880342444,16.6324777925532,1
148,1,19.75,55,16.6324777925532,16.7960971687837,1
148,1,19.75,55,16.7960971687837,16.8437497161023,1
148,1,19.75,55,16.8437497161023,17.444933749863,1
148,1,19.75,55,17.444933749863,17.704142813877,1
148,1,19.75,55,17.704142813877,17.7333586106854,1
148,1,19.75,55,17.7333586106854,17.8952771187939,1
148,1,19.75,55,17.8952771187939,18.0739227704808,1
148,1,19.75,55,18.0739227704808,18.3565406867038,1
148,1,19.75,55,18.3565406867038,18.3585217300667,1
148,1,19.75,55,18.3585217300667,18.8000759026949,1
148,1,19.75,55,18.8000759026949,18.8913417406376,1
148,1,19.75,55,18.8913417406376,18.9027004959593,1
148,1,19.75,55,18.9027004959593,18.9707218119129,1
148,1,19.75,55,18.9707218119129,19.103348572921,1
148,1,19.75,55,19.103348572921,19.4012591932472,1
148,1,19.75,55,19.4012591932472,19.6665148581425,1
148,1,19.75,55,19.6665148581425,19.7269070116279,1
148,1,19.75,55,19.7269070116279,19.7278000602689,1
148,1,19.75,55,19.7278000602689,19.75,0
149,1,18.75,62,0,2.44386973077655,1
149,1,18.75,62,2.44386973077655,3.75204635784138,1
149,1,18.75,62,3.75204635784138,4.29529770063858,1
149,1,18.75,62,4.29529770063858,4.7051418958734,1
149,1,18.75,62,4.7051418958734,5.20965568602277,1
149,1,18.75,62,5.20965568602277,5.73861354291174,1
149,1,18.75,62,5.73861354291174,5.96149784144776,1
149,1,18.75,62,5.96149784144776,6.02477974017158,1
149,1,18.75,62,6.02477974017158,6.15036503680118,1
149,1,18.75,62,6.15036503680118,6.25692253106191,1
149,1,18.75,62,6.25692253106191,7.50969402450505,1
149,1,18.75,62,7.50969402450505,7.73503165358694,1
149,1,18.75,62,7.73503165358694,7.86530480713816,1
149,1,18.75,62,7.86530480713816,8.0309884976066,1
149,1,18.75,62,8.0309884976066,8.24575264248448,1
149,1,18.75,62,8.24575264248448,9.42263223242204,1
149,1,18.75,62,9.42263223242204,9.60803405450374,1
149,1,18.75,62,9.60803405450374,9.78867871180196,1
149,1,18.75,62,9.78867871180196,9.8540216892764,1
149,1,18.75,62,9.8540216892764,10.9718205967418,1
149,1,18.75,62,10.9718205967418,11.2381861714481,1
149,1,18.75,62,11.2381861714481,11.2459250031036,1
149,1,18.75,62,11.2459250031036,11.9390621516497,1
149,1,18.75,62,11.9390621516497,12.0663929612063,1
149,1,18.75,62,12.0663929612063,12.2449304117035,1
149,1,18.75,62,12.2449304117035,12.2572969657763,1
149,1,18.75,62,12.2572969657763,13.0516220407899,1
149,1,18.75,62,13.0516220407899,13.3835041059427,1
149,1,18.75,62,13.3835041059427,13.548430604323,1
149,1,18.75,62,13.548430604323,13.6514266177945,1
149,1,18.75,62,13.6514266177945,13.7291086279785,1
149,1,18.75,62,13.7291086279785,13.8056077834562,1
149,1,18.75,62,13.8056077834562,14.2407324528519,1
149,1,18.75,62,14.2407324528519,14.2558098738547,1
149,1,18.75,62,14.2558098738547,14.2584908215537,1
149,1,18.75,62,14.2584908215537,14.4562613536741,1
149,1,18.75,62,14.4562613536741,14.5684824903925,1
149,1,18.75,62,14.5684824903925,14.7437772306445,1
149,1,18.75,62,14.7437772306445,15.0971097834896,1
149,1,18.75,62,15.0971097834896,15.1612205369505,1
149,1,18.75,62,15.1612205369505,15.247987404957,1
149,1,18.75,62,15.247987404957,15.335522712858,1
149,1,18.75,62,15.335522712858,15.3825166048717,1
149,1,18.75,62,15.3825166048717,15.7659606479526,1
149,1,18.75,62,15.7659606479526,15.7907414448829,1
149,1,18.75,62,15.7907414448829,15.9515274208158,1
149,1,18.75,62,15.9515274208158,16.0555860732755,1
149,1,18.75,62,16.0555860732755,16.0651445690341,1
149,1,18.75,62,16.0651445690341,16.0698118735624,1
149,1,18.75,62,16.0698118735624,16.143891745121,1
149,1,18.75,62,16.143891745121,16.4864984359294,1
149,1,18.75,62,16.4864984359294,16.784479518584,1
149,1,18.75,62,16.784479518584,16.8128393970652,1
149,1,18.75,62,16.8128393970652,16.8414095793054,1
149,1,18.75,62,16.8414095793054,17.0297983878003,1
149,1,18.75,62,17.0297983878003,17.0371805572212,1
149,1,18.75,62,17.0371805572212,17.0916165401925,1
149,1,18.75,62,17.0916165401925,17.3622579921535,1
149,1,18.75,62,17.3622579921535,17.9748349298728,1
149,1,18.75,62,17.9748349298728,17.9757514442525,1
149,1,18.75,62,17.9757514442525,18.089586938986,1
149,1,18.75,62,18.089586938986,18.3699545666324,1
149,1,18.75,62,18.3699545666324,18.75,0
150,1,18.75,53,0,0.622520409885634,1
150,1,18.75,53,0.622520409885634,5.15490103807327,1
150,1,18.75,53,5.15490103807327,5.28784200057901,1
150,1,18.75,53,5.28784200057901,7.07865053959249,1
150,1,18.75,53,7.07865053959249,7.28855920891048,1
150,1,18.75,53,7.28855920891048,7.43201560695552,1
150,1,18.75,53,7.43201560695552,7.68558294181567,1
150,1,18.75,53,7.68558294181567,8.12498531251455,1
150,1,18.75,53,8.12498531251455,9.45769070905309,1
150,1,18.75,53,9.45769070905309,9.75205099254049,1
150,1,18.75,53,9.75205099254049,9.91783079307494,1
150,1,18.75,53,9.91783079307494,10.0591123834265,1
150,1,18.75,53,10.0591123834265,10.3322922915597,1
150,1,18.75,53,10.3322922915597,10.9917068636878,1
150,1,18.75,53,10.9917068636878,11.1870068272856,1
150,1,18.75,53,11.1870068272856,11.9987828242573,1
150,1,18.75,53,11.9987828242573,12.1291901721763,1
150,1,18.75,53,12.1291901721763,12.3412976235667,1
150,1,18.75,53,12.3412976235667,12.4278923207465,1
150,1,18.75,53,12.4278923207465,12.4996526425177,1
150,1,18.75,53,12.4996526425177,12.5751687563726,1
150,1,18.75,53,12.5751687563726,12.5764763958924,1
150,1,18.75,53,12.5764763958924,12.7951697193749,1
150,1,18.75,53,12.7951697193749,12.9239910398777,1
150,1,18.75,53,12.9239910398777,13.2750945196915,1
150,1,18.75,53,13.2750945196915,13.4618452560472,1
150,1,18.75,53,13.4618452560472,13.5780506205213,1
150,1,18.75,53,13.5780506205213,14.6591662069393,1
150,1,18.75,53,14.6591662069393,14.8739816766827,1
150,1,18.75,53,14.8739816766827,14.9108269649833,1
150,1,18.75,53,14.9108269649833,15.0242367920767,1
150,1,18.75,53,15.0242367920767,15.6086222310516,1
150,1,18.75,53,15.6086222310516,15.6266980783693,1
150,1,18.75,53,15.6266980783693,15.767400331304,1
150,1,18.75,53,15.767400331304,16.1335986345317,1
150,1,18.75,53,16.1335986345317,16.4843239352514,1
150,1,18.75,53,16.4843239352514,16.6136694062619,1
150,1,18.75,53,16.6136694062619,16.6178107636165,1
150,1,18.75,53,16.6178107636165,16.6606431422024,1
150,1,18.75,53,16.6606431422024,16.6793670495574,1
150,1,18.75,53,16.6793670495574,16.7938800434678,1
150,1,18.75,53,16.7938800434678,16.8108114110039,1
150,1,18.75,53,16.8108114110039,17.1598832256122,1
150,1,18.75,53,17.1598832256122,17.1902631446344,1
150,1,18.75,53,17.1902631446344,17.5434570179001,1
150,1,18.75,53,17.5434570179001,17.7531461404406,1
150,1,18.75,53,17.7531461404406,17.9709780197062,1
150,1,18.75,53,17.9709780197062,18.0032209223275,1
150,1,18.75,53,18.0032209223275,18.0521207188492,1
150,1,18.75,53,18.0521207188492,18.2365134523243,1
150,1,18.75,53,18.2365134523243,18.3326319059219,1
150,1,18.75,53,18.3326319059219,18.5011119971324,1
150,1,18.75,53,18.5011119971324,18.5996614254294,1
150,1,18.75,53,18.5996614254294,18.75,0
151,1,12.75,2,0,0.634029297779282,1
151,1,12.75,2,0.634029297779282,9.97255437739185,1
151,1,12.75,2,9.97255437739185,12.75,0
152,1,16.75,3,0,0.262174393665361,1
152,1,16.75,3,0.262174393665361,0.267707868601449,1
152,1,16.75,3,0.267707868601449,9.64045749657475,1
152,1,16.75,3,9.64045749657475,16.75,0
153,1,18.75,52,0,4.34702396160574,1
153,1,18.75,52,4.34702396160574,6.07714055134814,1
153,1,18.75,52,6.07714055134814,6.32003748688124,1
153,1,18.75,52,6.32003748688124,6.64751631971445,1
153,1,18.75,52,6.64751631971445,6.6705446365623,1
153,1,18.75,52,6.6705446365623,6.84702401611705,1
153,1,18.75,52,6.84702401611705,7.55782065893139,1
153,1,18.75,52,7.55782065893139,8.58275625223279,1
153,1,18.75,52,8.58275625223279,8.77427348672622,1
153,1,18.75,52,8.77427348672622,9.2361034453802,1
153,1,18.75,52,9.2361034453802,9.91513517729161,1
153,1,18.75,52,9.91513517729161,10.0887650758961,1
153,1,18.75,52,10.0887650758961,10.163111474766,1
153,1,18.75,52,10.163111474766,10.2300698461319,1
153,1,18.75,52,10.2300698461319,10.5457063745216,1
153,1,18.75,52,10.5457063745216,10.550386148989,1
153,1,18.75,52,10.550386148989,11.8425203670361,1
153,1,18.75,52,11.8425203670361,12.3862398866266,1
153,1,18.75,52,12.3862398866266,12.6344977873064,1
153,1,18.75,52,12.6344977873064,12.7318428108389,1
153,1,18.75,52,12.7318428108389,13.1249270081044,1
153,1,18.75,52,13.1249270081044,13.417511717024,1
153,1,18.75,52,13.417511717024,13.4426735738662,1
153,1,18.75,52,13.4426735738662,13.705160527435,1
153,1,18.75,52,13.705160527435,13.9100484082449,1
153,1,18.75,52,13.9100484082449,13.9865554898625,1
153,1,18.75,52,13.9865554898625,14.1398656962686,1
153,1,18.75,52,14.1398656962686,14.4457087770136,1
153,1,18.75,52,14.4457087770136,15.1719511096675,1
153,1,18.75,52,15.1719511096675,15.220902997074,1
153,1,18.75,52,15.220902997074,15.5200539382367,1
153,1,18.75,52,15.5200539382367,15.6145172507382,1
153,1,18.75,52,15.6145172507382,15.8153784054977,1
153,1,18.75,52,15.8153784054977,15.8752689577198,1
153,1,18.75,52,15.8752689577198,16.1115101632882,1
153,1,18.75,52,16.1115101632882,16.2807939563947,1
153,1,18.75,52,16.2807939563947,16.4319898561522,1
153,1,18.75,52,16.4319898561522,16.452654828135,1
153,1,18.75,52,16.452654828135,16.48062580194,1
153,1,18.75,52,16.48062580194,16.7760958832402,1
153,1,18.75,52,16.7760958832402,16.9033708814102,1
153,1,18.75,52,16.9033708814102,16.9322313612489,1
153,1,18.75,52,16.9322313612489,17.0193484206112,1
153,1,18.75,52,17.0193484206112,17.0304782629133,1
153,1,18.75,52,17.0304782629133,17.0575268403995,1
153,1,18.75,52,17.0575268403995,17.2226869429515,1
153,1,18.75,52,17.2226869429515,17.4600057296301,1
153,1,18.75,52,17.4600057296301,17.8256151956366,1
153,1,18.75,52,17.8256151956366,17.9592198366501,1
153,1,18.75,52,17.9592198366501,18.1297419073788,1
153,1,18.75,52,18.1297419073788,18.2434964708018,1
153,1,18.75,52,18.2434964708018,18.486092848434,1
153,1,18.75,52,18.486092848434,18.75,0
154,1,8.75,1,0,0.111421426747202,1
154,1,8.75,1,0.111421426747202,8.75,0
155,1,14.75,2,0,2.5395285560859,1
155,1,14.75,2,2.5395285560859,2.79302629056139,1
155,1,14.75,2,2.79302629056139,14.75,0
156,1,8.75,0,0,8.75,0
157,1,8.75,1,0,1.55348504619461,1
157,1,8.75,1,1.55348504619461,8.75,0
158,1,16.75,4,0,1.22020960890352,1
158,1,16.75,4,1.22020960890352,3.29086064601653,1
158,1,16.75,4,3.29086064601653,5.00326545892337,1
158,1,16.75,4,5.00326545892337,7.53900877021623,1
158,1,16.75,4,7.53900877021623,16.75,0
159,1,15.75,2,0,0.455862862724331,1
159,1,15.75,2,0.455862862724331,5.60109729228285,1
159,1,15.75,2,5.60109729228285,15.75,0
160,1,12.75,2,0,5.93915198729893,1
160,1,12.75,2,5.93915198729893,11.2237050632904,1
160,1,12.75,2,11.2237050632904,12.75,0
161,1,11.75,5,0,0.0307369469520152,1
161,1,11.75,5,0.0307369469520152,0.245470300543674,1
161,1,11.75,5,0.245470300543674,0.735847562688512,1
161,1,11.75,5,0.735847562688512,3.12519094725522,1
161,1,11.75,5,3.12519094725522,5.83475270264529,1
161,1,11.75,5,5.83475270264529,11.75,0
162,1,18.75,52,0,2.1091300864009,1
162,1,18.75,52,2.1091300864009,3.35217412722417,1
162,1,18.75,52,3.35217412722417,4.23784372706685,1
162,1,18.75,52,4.23784372706685,4.82287467458315,1
162,1,18.75,52,4.82287467458315,4.88563293474597,1
162,1,18.75,52,4.88563293474597,5.9452945358332,1
162,1,18.75,52,5.9452945358332,7.55135379723001,1
162,1,18.75,52,7.55135379723001,7.95897884852833,1
162,1,18.75,52,7.95897884852833,7.99575477042171,1
162,1,18.75,52,7.99575477042171,8.04572600274029,1
162,1,18.75,52,8.04572600274029,8.48158022259399,1
162,1,18.75,52,8.48158022259399,10.3792859576774,1
162,1,18.75,52,10.3792859576774,10.4030651865685,1
162,1,18.75,52,10.4030651865685,10.9714969322741,1
162,1,18.75,52,10.9714969322741,11.4062202656518,1
162,1,18.75,52,11.4062202656518,12.0418936924679,1
162,1,18.75,52,12.0418936924679,12.5220689650013,1
162,1,18.75,52,12.5220689650013,13.1077896929572,1
162,1,18.75,52,13.1077896929572,13.1126998605738,1
162,1,18.75,52,13.1126998605738,13.1595956935669,1
162,1,18.75,52,13.1595956935669,13.5085807340736,1
162,1,18.75,52,13.5085807340736,13.6912656213696,1
162,1,18.75,52,13.6912656213696,13.69601897439,1
162,1,18.75,52,13.69601897439,14.0676726397801,1
162,1,18.75,52,14.0676726397801,14.1655426606159,1
162,1,18.75,52,14.1655426606159,14.5214519614626,1
162,1,18.75,52,14.5214519614626,14.6601321479203,1
162,1,18.75,52,14.6601321479203,14.7743593670371,1
162,1,18.75,52,14.7743593670371,14.9000367837765,1
162,1,18.75,52,14.9000367837765,15.0780775984399,1
162,1,18.75,52,15.0780775984399,15.2734051901874,1
162,1,18.75,52,15.2734051901874,15.6396577748991,1
162,1,18.75,52,15.6396577748991,15.7683778566838,1
162,1,18.75,52,15.7683778566838,15.7827747167491,1
162,1,18.75,52,15.7827747167491,15.8849276195766,1
162,1,18.75,52,15.8849276195766,16.0776721199274,1
162,1,18.75,52,16.0776721199274,16.674652987655,1
162,1,18.75,52,16.674652987655,16.8056502110659,1
162,1,18.75,52,16.8056502110659,16.993461857717,1
162,1,18.75,52,16.993461857717,17.0882678007576,1
162,1,18.75,52,17.0882678007576,17.1795536845188,1
162,1,18.75,52,17.1795536845188,17.2088726477478,1
162,1,18.75,52,17.2088726477478,17.6660655471895,1
162,1,18.75,52,17.6660655471895,18.0384666730472,1
162,1,18.75,52,18.0384666730472,18.1266875128296,1
162,1,18.75,52,18.1266875128296,18.1402710135707,1
162,1,18.75,52,18.1402710135707,18.1957864875496,1
162,1,18.75,52,18.1957864875496,18.3956150032869,1
162,1,18.75,52,18.3956150032869,18.6634751438777,1
162,1,18.75,52,18.6634751438777,18.6862968479091,1
162,1,18.75,52,18.6862968479091,18.7013419395603,1
162,1,18.75,52,18.7013419395603,18.7381925768354,1
162,1,18.75,52,18.7381925768354,18.75,0
163,1,18.75,1,0,8.66637046274435,1
163,1,18.75,1,8.66637046274435,18.75,0
164,1,10.75,35,0,0.897742364192816,1
164,1,10.75,35,0.897742364192816,1.52068450834881,1
164,1,10.75,35,1.52068450834881,3.76254259424455,1
164,1,10.75,35,3.76254259424455,4.57713924282706,1
164,1,10.75,35,4.57713924282706,4.6172947627903,1
164,1,10.75,35,4.6172947627903,4.90929476097597,1
164,1,10.75,35,4.90929476097597,5.269170209843,1
164,1,10.75,35,5.269170209843,6.19245633905955,1
164,1,10.75,35,6.19245633905955,6.20450855976817,1
164,1,10.75,35,6.20450855976817,6.2604801420097,1
164,1,10.75,35,6.2604801420097,6.87813628124081,1
164,1,10.75,35,6.87813628124081,6.91368586680759,1
164,1,10.75,35,6.91368586680759,7.06060851303781,1
164,1,10.75,35,7.06060851303781,7.62897240107912,1
164,1,10.75,35,7.62897240107912,7.7117956925425,1
164,1,10.75,35,7.7117956925425,7.75864229719653,1
164,1,10.75,35,7.75864229719653,7.85170604357757,1
164,1,10.75,35,7.85170604357757,7.97682054430826,1
164,1,10.75,35,7.97682054430826,8.09938884174146,1
164,1,10.75,35,8.09938884174146,9.28612972978925,1
164,1,10.75,35,9.28612972978925,9.5602568569398,1
164,1,10.75,35,9.5602568569398,9.73798923196426,1
164,1,10.75,35,9.73798923196426,9.80560311091669,1
164,1,10.75,35,9.80560311091669,9.96169541433343,1
164,1,10.75,35,9.96169541433343,9.9723144667796,1
164,1,10.75,35,9.9723144667796,10.0125511911841,1
164,1,10.75,35,10.0125511911841,10.2560137945324,1
164,1,10.75,35,10.2560137945324,10.3278236999139,1
164,1,10.75,35,10.3278236999139,10.3350212954751,1
164,1,10.75,35,10.3350212954751,10.3812511964739,1
164,1,10.75,35,10.3812511964739,10.4600173048191,1
164,1,10.75,35,10.4600173048191,10.4974661975396,1
164,1,10.75,35,10.4974661975396,10.5672945384344,1
164,1,10.75,35,10.5672945384344,10.5943659250143,1
164,1,10.75,35,10.5943659250143,10.6776046750679,1
164,1,10.75,35,10.6776046750679,10.75,0
165,1,14.75,1,0,5.6679238512558,1
165,1,14.75,1,5.6679238512558,14.75,0
166,1,17.75,46,0,3.05399595223623,1
166,1,17.75,46,3.05399595223623,3.48112499435483,1
166,1,17.75,46,3.48112499435483,3.54684071394383,1
166,1,17.75,46,3.54684071394383,5.40923397796737,1
166,1,17.75,46,5.40923397796737,5.98488396854678,1
166,1,17.75,46,5.98488396854678,6.42686415817509,1
166,1,17.75,46,6.42686415817509,7.30676019531797,1
166,1,17.75,46,7.30676019531797,7.42341547908597,1
166,1,17.75,46,7.42341547908597,7.79389063567505,1
166,1,17.75,46,7.79389063567505,7.81179394730825,1
166,1,17.75,46,7.81179394730825,8.2176977520459,1
166,1,17.75,46,8.2176977520459,9.57994919918425,1
166,1,17.75,46,9.57994919918425,9.64930600310846,1
166,1,17.75,46,9.64930600310846,10.0735233324975,1
166,1,17.75,46,10.0735233324975,10.3015861798891,1
166,1,17.75,46,10.3015861798891,10.3091051585873,1
166,1,17.75,46,10.3091051585873,11.2726045821215,1
166,1,17.75,46,11.2726045821215,11.4361975673477,1
166,1,17.75,46,11.4361975673477,11.7536600041603,1
166,1,17.75,46,11.7536600041603,11.9991329587128,1
166,1,17.75,46,11.9991329587128,12.0863547442456,1
166,1,17.75,46,12.0863547442456,12.1388497506462,1
166,1,17.75,46,12.1388497506462,12.7925423241391,1
166,1,17.75,46,12.7925423241391,12.9727328329631,1
166,1,17.75,46,12.9727328329631,13.0810234944953,1
166,1,17.75,46,13.0810234944953,13.3540771577214,1
166,1,17.75,46,13.3540771577214,13.4488952512141,1
166,1,17.75,46,13.4488952512141,13.5956725018825,1
166,1,17.75,46,13.5956725018825,14.0718335813355,1
166,1,17.75,46,14.0718335813355,14.2925848431216,1
166,1,17.75,46,14.2925848431216,14.3072461226462,1
166,1,17.75,46,14.3072461226462,14.4435222089244,1
166,1,17.75,46,14.4435222089244,14.8698909383158,1
166,1,17.75,46,14.8698909383158,15.2395068921779,1
166,1,17.75,46,15.2395068921779,15.4545295282517,1
166,1,17.75,46,15.4545295282517,15.8088099065844,1
166,1,17.75,46,15.8088099065844,15.8457894406803,1
166,1,17.75,46,15.8457894406803,16.1527409078948,1
166,1,17.75,46,16.1527409078948,16.2043937761086,1
166,1,17.75,46,16.2043937761086,16.3335052764941,1
166,1,17.75,46,16.3335052764941,16.4194651639115,1
166,1,17.75,46,16.4194651639115,16.6255722890416,1
166,1,17.75,46,16.6255722890416,16.9851721136425,1
166,1,17.75,46,16.9851721136425,17.3288595144484,1
166,1,17.75,46,17.3288595144484,17.3611947159149,1
166,1,17.75,46,17.3611947159149,17.3637518728963,1
166,1,17.75,46,17.3637518728963,17.75,0
167,1,11.75,1,0,1.47191085620064,1
167,1,11.75,1,1.47191085620064,11.75,0
168,1,10.75,2,0,3.58111407005913,1
168,1,10.75,2,3.58111407005913,4.36854157845587,1
168,1,10.75,2,4.36854157845587,10.75,0
169,1,17.75,2,0,5.84882221640975,1
169,1,17.75,2,5.84882221640975,10.7562191450191,1
169,1,17.75,2,10.7562191450191,17.75,0
170,1,15.75,49,0,3.13068207947307,1
170,1,15.75,49,3.13068207947307,4.17862317041892,1
170,1,15.75,49,4.17862317041892,4.84734794801345,1
170,1,15.75,49,4.84734794801345,5.800697088387,1
170,1,15.75,49,5.800697088387,6.1614433219741,1
170,1,15.75,49,6.1614433219741,6.42076741051892,1
170,1,15.75,49,6.42076741051892,7.89587845419421,1
170,1,15.75,49,7.89587845419421,8.29523680777574,1
170,1,15.75,49,8.29523680777574,8.90804725661364,1
170,1,15.75,49,8.90804725661364,9.10477464015129,1
170,1,15.75,49,9.10477464015129,9.35253979168888,1
170,1,15.75,49,9.35253979168888,9.58431144513462,1
170,1,15.75,49,9.58431144513462,9.66709421135091,1
170,1,15.75,49,9.66709421135091,9.75661510759892,1
170,1,15.75,49,9.75661510759892,9.80018202863289,1
170,1,15.75,49,9.80018202863289,9.80597221815147,1
170,1,15.75,49,9.80597221815147,10.4300390006959,1
170,1,15.75,49,10.4300390006959,11.4473925684108,1
170,1,15.75,49,11.4473925684108,11.5209884058636,1
170,1,15.75,49,11.5209884058636,11.56437827948,1
170,1,15.75,49,11.56437827948,11.6985158254877,1
170,1,15.75,49,11.6985158254877,11.819548933006,1
170,1,15.75,49,11.819548933006,11.8584286647455,1
170,1,15.75,49,11.8584286647455,12.0087210714507,1
170,1,15.75,49,12.0087210714507,12.17659399026,1
170,1,15.75,49,12.17659399026,12.1773264272808,1
170,1,15.75,49,12.1773264272808,12.2561400350751,1
170,1,15.75,49,12.2561400350751,12.3538824291957,1
170,1,15.75,49,12.3538824291957,12.543353885228,1
170,1,15.75,49,12.543353885228,12.6991991269246,1
170,1,15.75,49,12.6991991269246,12.9985552450041,1
170,1,15.75,49,12.9985552450041,13.0537515794311,1
170,1,15.75,49,13.0537515794311,13.2091903137496,1
170,1,15.75,49,13.2091903137496,13.5137058805081,1
170,1,15.75,49,13.5137058805081,13.5861043165052,1
170,1,15.75,49,13.5861043165052,13.7035839756086,1
170,1,15.75,49,13.7035839756086,13.8332094828982,1
170,1,15.75,49,13.8332094828982,13.9824633559985,1
170,1,15.75,49,13.9824633559985,14.1199737825203,1
170,1,15.75,49,14.1199737825203,14.4824910305575,1
170,1,15.75,49,14.4824910305575,14.5162039304307,1
170,1,15.75,49,14.5162039304307,14.5661476226659,1
170,1,15.75,49,14.5661476226659,14.6120401848502,1
170,1,15.75,49,14.6120401848502,14.6366599409207,1
170,1,15.75,49,14.6366599409207,14.8362244265589,1
170,1,15.75,49,14.8362244265589,14.8990781121157,1
170,1,15.75,49,14.8990781121157,15.5028471279224,1
170,1,15.75,49,15.5028471279224,15.5219458491768,1
170,1,15.75,49,15.5219458491768,15.6708817745799,1
170,1,15.75,49,15.6708817745799,15.75,0
171,1,17.75,50,0,1.39507613711561,1
171,1,17.75,50,1.39507613711561,1.70684679558653,1
171,1,17.75,50,1.70684679558653,3.6271789429878,1
171,1,17.75,50,3.6271789429878,4.42637858033023,1
171,1,17.75,50,4.42637858033023,4.45107340202557,1
171,1,17.75,50,4.45107340202557,5.16854347279013,1
171,1,17.75,50,5.16854347279013,5.5338526474737,1
171,1,17.75,50,5.5338526474737,6.21911064447004,1
171,1,17.75,50,6.21911064447004,6.80096168752253,1
171,1,17.75,50,6.80096168752253,8.24987573365311,1
171,1,17.75,50,8.24987573365311,8.49169623404141,1
171,1,17.75,50,8.49169623404141,9.92696563556482,1
171,1,17.75,50,9.92696563556482,9.93337067909197,1
171,1,17.75,50,9.93337067909197,10.2765808007994,1
171,1,17.75,50,10.2765808007994,11.3927489843052,1
171,1,17.75,50,11.3927489843052,11.4319498228279,1
171,1,17.75,50,11.4319498228279,11.6054371323842,1
171,1,17.75,50,11.6054371323842,11.9130477287645,1
171,1,17.75,50,11.9130477287645,12.0762475114137,1
171,1,17.75,50,12.0762475114137,12.4468985795606,1
171,1,17.75,50,12.4468985795606,12.6161430354016,1
171,1,17.75,50,12.6161430354016,12.9337757260084,1
171,1,17.75,50,12.9337757260084,13.0974689554669,1
171,1,17.75,50,13.0974689554669,13.1745845314422,1
171,1,17.75,50,13.1745845314422,13.4282776923556,1
171,1,17.75,50,13.4282776923556,13.4821203756112,1
171,1,17.75,50,13.4821203756112,13.8177957701452,1
171,1,17.75,50,13.8177957701452,14.2649988547827,1
171,1,17.75,50,14.2649988547827,14.8284673083048,1
171,1,17.75,50,14.8284673083048,14.9525340398767,1
171,1,17.75,50,14.9525340398767,15.0842014703308,1
171,1,17.75,50,15.0842014703308,15.4163018378686,1
171,1,17.75,50,15.4163018378686,15.6590646738855,1
171,1,17.75,50,15.6590646738855,15.7053235966606,1
171,1,17.75,50,15.7053235966606,15.9797041078984,1
171,1,17.75,50,15.9797041078984,15.9935607807297,1
171,1,17.75,50,15.9935607807297,16.0688468905416,1
171,1,17.75,50,16.0688468905416,16.2843669821344,1
171,1,17.75,50,16.2843669821344,16.3041513382994,1
171,1,17.75,50,16.3041513382994,16.5262635484361,1
171,1,17.75,50,16.5262635484361,16.5385694315366,1
171,1,17.75,50,16.5385694315366,16.6190823748854,1
171,1,17.75,50,16.6190823748854,16.8575822273165,1
171,1,17.75,50,16.8575822273165,16.9322646775038,1
171,1,17.75,50,16.9322646775038,17.0564066983457,1
171,1,17.75,50,17.0564066983457,17.3963675853238,1
171,1,17.75,50,17.3963675853238,17.4856956748001,1
171,1,17.75,50,17.4856956748001,17.5356632801227,1
171,1,17.75,50,17.5356632801227,17.6439879410558,1
171,1,17.75,50,17.6439879410558,17.6461645556781,1
171,1,17.75,50,17.6461645556781,17.75,0
172,1,18.75,2,0,2.28840033283859,1
172,1,18.75,2,2.28840033283859,13.699329801773,1
172,1,18.75,2,13.699329801773,18.75,0
173,1,17.75,4,0,2.54015056735891,1
173,1,17.75,4,2.54015056735891,4.62438252125568,1
173,1,17.75,4,4.62438252125568,8.51848759360151,1
173,1,17.75,4,8.51848759360151,10.2409563767693,1
173,1,17.75,4,10.2409563767693,17.75,0
174,1,10.75,24,0,0.40456272056482,1
174,1,10.75,24,0.40456272056482,2.98925993183889,1
174,1,10.75,24,2.98925993183889,5.87325991345858,1
174,1,10.75,24,5.87325991345858,5.9705704155498,1
174,1,10.75,24,5.9705704155498,6.05693833763685,1
174,1,10.75,24,6.05693833763685,6.57117981850775,1
174,1,10.75,24,6.57117981850775,6.82936495883634,1
174,1,10.75,24,6.82936495883634,6.8406106564863,1
174,1,10.75,24,6.8406106564863,6.91160857901724,1
174,1,10.75,24,6.91160857901724,7.16900646124563,1
174,1,10.75,24,7.16900646124563,7.51800228723961,1
174,1,10.75,24,7.51800228723961,7.70598010538094,1
174,1,10.75,24,7.70598010538094,7.77088861342343,1
174,1,10.75,24,7.77088861342343,8.14993745555587,1
174,1,10.75,24,8.14993745555587,8.24606582875898,1
174,1,10.75,24,8.24606582875898,8.39718886081396,1
174,1,10.75,24,8.39718886081396,8.62906021212428,1
174,1,10.75,24,8.62906021212428,8.76777296681462,1
174,1,10.75,24,8.76777296681462,9.80297991180493,1
174,1,10.75,24,9.80297991180493,10.0038260103437,1
174,1,10.75,24,10.0038260103437,10.0654434377098,1
174,1,10.75,24,10.0654434377098,10.1036263556309,1
174,1,10.75,24,10.1036263556309,10.2361122410239,1
174,1,10.75,24,10.2361122410239,10.6620646217004,1
174,1,10.75,24,10.6620646217004,10.75,0
175,1,13.75,4,0,0.375461335276308,1
175,1,13.75,4,0.375461335276308,2.62727388907661,1
175,1,13.75,4,2.62727388907661,6.82800336110723,1
175,1,13.75,4,6.82800336110723,8.28061270425718,1
175,1,13.75,4,8.28061270425718,13.75,0
176,1,16.75,35,0,0.802518820994088,1
176,1,16.75,35,0.802518820994088,1.64923409452194,1
176,1,16.75,35,1.64923409452194,2.46086315993708,1
176,1,16.75,35,2.46086315993708,7.56469207299707,1
176,1,16.75,35,7.56469207299707,8.11852770732795,1
176,1,16.75,35,8.11852770732795,8.42470442986096,1
176,1,16.75,35,8.42470442986096,9.04666099905793,1
176,1,16.75,35,9.04666099905793,9.04811486226103,1
176,1,16.75,35,9.04811486226103,9.19636327864099,1
176,1,16.75,35,9.19636327864099,9.75946770419614,1
176,1,16.75,35,9.75946770419614,10.0759883727174,1
176,1,16.75,35,10.0759883727174,10.1954188811842,1
176,1,16.75,35,10.1954188811842,10.5334089977439,1
176,1,16.75,35,10.5334089977439,11.5033736930564,1
176,1,16.75,35,11.5033736930564,11.6004728068472,1
176,1,16.75,35,11.6004728068472,11.7015114657997,1
176,1,16.75,35,11.7015114657997,11.9442638013338,1
176,1,16.75,35,11.9442638013338,11.9496671927026,1
176,1,16.75,35,11.9496671927026,12.1210174850384,1
176,1,16.75,35,12.1210174850384,12.2611478040113,1
176,1,16.75,35,12.2611478040113,12.3010336659061,1
176,1,16.75,35,12.3010336659061,13.1273534571149,1
176,1,16.75,35,13.1273534571149,13.2835958370349,1
176,1,16.75,35,13.2835958370349,13.5042546679248,1
176,1,16.75,35,13.5042546679248,13.7513118118457,1
176,1,16.75,35,13.7513118118457,14.1634394495665,1
176,1,16.75,35,14.1634394495665,14.3873555867374,1
176,1,16.75,35,14.3873555867374,14.423215881462,1
176,1,16.75,35,14.423215881462,14.8894671403766,1
176,1,16.75,35,14.8894671403766,15.1369457147185,1
176,1,16.75,35,15.1369457147185,15.8751084771944,1
176,1,16.75,35,15.8751084771944,16.0656728980962,1
176,1,16.75,35,16.0656728980962,16.0818745938401,1
176,1,16.75,35,16.0818745938401,16.4014774152341,1
176,1,16.75,35,16.4014774152341,16.416250200783,1
176,1,16.75,35,16.416250200783,16.75,0
177,1,14.75,1,0,14.5440662699136,1
177,1,14.75,1,14.5440662699136,14.75,0
178,1,14.75,1,0,1.56283747164926,1
178,1,14.75,1,1.56283747164926,14.75,0
179,1,13.75,3,0,0.0768874133046314,1
179,1,13.75,3,0.0768874133046314,0.148194468273916,1
179,1,13.75,3,0.148194468273916,4.98069658727393,1
179,1,13.75,3,4.98069658727393,13.75,0
180,1,11.75,16,0,3.05949029994719,1
180,1,11.75,16,3.05949029994719,4.83402560653642,1
180,1,11.75,16,4.83402560653642,5.4668965034873,1
180,1,11.75,16,5.4668965034873,6.98309361531692,1
180,1,11.75,16,6.98309361531692,7.00877966004637,1
180,1,11.75,16,7.00877966004637,7.4227429308998,1
180,1,11.75,16,7.4227429308998,7.82107371335935,1
180,1,11.75,16,7.82107371335935,8.01226948614549,1
180,1,11.75,16,8.01226948614549,8.09556790605102,1
180,1,11.75,16,8.09556790605102,8.13754136345867,1
180,1,11.75,16,8.13754136345867,8.70272411110419,1
180,1,11.75,16,8.70272411110419,10.0832906996682,1
180,1,11.75,16,10.0832906996682,10.2464746316992,1
180,1,11.75,16,10.2464746316992,10.7111022453016,1
180,1,11.75,16,10.7111022453016,11.0439100925218,1
180,1,11.75,16,11.0439100925218,11.7467132227392,1
180,1,11.75,16,11.7467132227392,11.75,0
181,1,20.75,80,0,2.51504514970361,1
181,1,20.75,80,2.51504514970361,4.46368903781752,1
181,1,20.75,80,4.46368903781752,6.53788934925422,1
181,1,20.75,80,6.53788934925422,6.54657979029238,1
181,1,20.75,80,6.54657979029238,8.75342101234427,1
181,1,20.75,80,8.75342101234427,9.33823328989626,1
181,1,20.75,80,9.33823328989626,9.66506743599957,1
181,1,20.75,80,9.66506743599957,9.98634480070055,1
181,1,20.75,80,9.98634480070055,10.0031286391287,1
181,1,20.75,80,10.0031286391287,10.1469245396115,1
181,1,20.75,80,10.1469245396115,10.872696164213,1
181,1,20.75,80,10.872696164213,10.9830646815071,1
181,1,20.75,80,10.9830646815071,11.1080198899476,1
181,1,20.75,80,11.1080198899476,11.8524371060853,1
181,1,20.75,80,11.8524371060853,12.0843005551541,1
181,1,20.75,80,12.0843005551541,12.3019892238947,1
181,1,20.75,80,12.3019892238947,12.3621891051118,1
181,1,20.75,80,12.3621891051118,12.6244009796231,1
181,1,20.75,80,12.6244009796231,13.5451492563825,1
181,1,20.75,80,13.5451492563825,13.6717857061263,1
181,1,20.75,80,13.6717857061263,13.678859062858,1
181,1,20.75,80,13.678859062858,13.9646201346207,1
181,1,20.75,80,13.9646201346207,13.9648255597699,1
181,1,20.75,80,13.9648255597699,14.0692082371881,1
181,1,20.75,80,14.0692082371881,14.0777789317281,1
181,1,20.75,80,14.0777789317281,14.2440166553023,1
181,1,20.75,80,14.2440166553023,14.4294863883764,1
181,1,20.75,80,14.4294863883764,14.6074893073942,1
181,1,20.75,80,14.6074893073942,14.6272615498286,1
181,1,20.75,80,14.6272615498286,14.713958073465,1
181,1,20.75,80,14.713958073465,14.7356921080134,1
181,1,20.75,80,14.7356921080134,14.7399114396098,1
181,1,20.75,80,14.7399114396098,14.8187672763264,1
181,1,20.75,80,14.8187672763264,14.8604198485357,1
181,1,20.75,80,14.8604198485357,15.0082981069954,1
181,1,20.75,80,15.0082981069954,15.1240972911401,1
181,1,20.75,80,15.1240972911401,15.163017572711,1
181,1,20.75,80,15.163017572711,15.3936453359126,1
181,1,20.75,80,15.3936453359126,15.4799130971196,1
181,1,20.75,80,15.4799130971196,15.4899860708512,1
181,1,20.75,80,15.4899860708512,15.5042725806671,1
181,1,20.75,80,15.5042725806671,15.5310400621236,1
181,1,20.75,80,15.5310400621236,15.5397587302006,1
181,1,20.75,80,15.5397587302006,15.8500720411802,1
181,1,20.75,80,15.8500720411802,16.1278516537209,1
181,1,20.75,80,16.1278516537209,16.5849166851645,1
181,1,20.75,80,16.5849166851645,16.6120664933108,1
181,1,20.75,80,16.6120664933108,16.9774859731873,1
181,1,20.75,80,16.9774859731873,17.0092252622448,1
181,1,20.75,80,17.0092252622448,17.0705105950198,1
181,1,20.75,80,17.0705105950198,17.103543469914,1
181,1,20.75,80,17.103543469914,17.1324139946556,1
181,1,20.75,80,17.1324139946556,17.1350495086022,1
181,1,20.75,80,17.1350495086022,17.3686364423282,1
181,1,20.75,80,17.3686364423282,17.5748842974015,1
181,1,20.75,80,17.5748842974015,17.5907365519577,1
181,1,20.75,80,17.5907365519577,17.8705381245988,1
181,1,20.75,80,17.8705381245988,17.8966867627432,1
181,1,20.75,80,17.8966867627432,17.9932094186257,1
181,1,20.75,80,17.9932094186257,18.0741783880409,1
181,1,20.75,80,18.0741783880409,18.3333982275538,1
181,1,20.75,80,18.3333982275538,18.4148329776586,1
181,1,20.75,80,18.4148329776586,18.7153318681395,1
181,1,20.75,80,18.7153318681395,18.7808912420336,1
181,1,20.75,80,18.7808912420336,18.969955692864,1
181,1,20.75,80,18.969955692864,19.154801426457,1
181,1,20.75,80,19.154801426457,19.1568868654578,1
181,1,20.75,80,19.1568868654578,19.1922332392569,1
181,1,20.75,80,19.1922332392569,19.1982309358659,1
181,1,20.75,80,19.1982309358659,19.2004820471127,1
181,1,20.75,80,19.2004820471127,19.6297279837769,1
181,1,20.75,80,19.6297279837769,19.7992107090739,1
181,1,20.75,80,19.7992107090739,19.8273588227025,1
181,1,20.75,80,19.8273588227025,20.1195955282859,1
181,1,20.75,80,20.1195955282859,20.1434867771823,1
181,1,20.75,80,20.1434867771823,20.3751286908874,1
181,1,20.75,80,20.3751286908874,20.3869745815151,1
181,1,20.75,80,20.3869745815151,20.5317421933605,1
181,1,20.75,80,20.5317421933605,20.5394862533914,1
181,1,20.75,80,20.5394862533914,20.6025816053002,1
181,1,20.75,80,20.6025816053002,20.75,0
182,1,16.75,33,0,2.58473077558617,1
182,1,16.75,33,2.58473077558617,5.28085238944698,1
182,1,16.75,33,5.28085238944698,6.10578020220026,1
182,1,16.75,33,6.10578020220026,6.57372703271733,1
182,1,16.75,33,6.57372703271733,6.63750597579414,1
182,1,16.75,33,6.63750597579414,7.22641951826537,1
182,1,16.75,33,7.22641951826537,7.68253960397565,1
182,1,16.75,33,7.68253960397565,9.55882326276262,1
182,1,16.75,33,9.55882326276262,9.78619690394387,1
182,1,16.75,33,9.78619690394387,10.3595626811743,1
182,1,16.75,33,10.3595626811743,10.6856333657122,1
182,1,16.75,33,10.6856333657122,10.9368980864535,1
182,1,16.75,33,10.9368980864535,11.387318310139,1
182,1,16.75,33,11.387318310139,12.1488835328084,1
182,1,16.75,33,12.1488835328084,12.6127461110175,1
182,1,16.75,33,12.6127461110175,12.7415654235801,1
182,1,16.75,33,12.7415654235801,12.8308287877331,1
182,1,16.75,33,12.8308287877331,12.8831674359021,1
182,1,16.75,33,12.8831674359021,12.9538811940066,1
182,1,16.75,33,12.9538811940066,12.9836980632657,1
182,1,16.75,33,12.9836980632657,14.0784093203456,1
182,1,16.75,33,14.0784093203456,14.1992458145001,1
182,1,16.75,33,14.1992458145001,14.4757762411151,1
182,1,16.75,33,14.4757762411151,14.743284550359,1
182,1,16.75,33,14.743284550359,15.1673634627049,1
182,1,16.75,33,15.1673634627049,15.2767065050344,1
182,1,16.75,33,15.2767065050344,15.3409542873535,1
182,1,16.75,33,15.3409542873535,16.0819180248506,1
182,1,16.75,33,16.0819180248506,16.4119939629504,1
182,1,16.75,33,16.4119939629504,16.5475264056841,1
182,1,16.75,33,16.5475264056841,16.5886175120076,1
182,1,16.75,33,16.5886175120076,16.621874411947,1
182,1,16.75,33,16.621874411947,16.6955991690903,1
182,1,16.75,33,16.6955991690903,16.75,0
183,1,17.75,8,0,0.00156930611944714,1
183,1,17.75,8,0.00156930611944714,0.512684515399975,1
183,1,17.75,8,0.512684515399975,2.30223021328152,1
183,1,17.75,8,2.30223021328152,5.71351121951644,1
183,1,17.75,8,5.71351121951644,8.35061216162599,1
183,1,17.75,8,8.35061216162599,8.42072073167037,1
183,1,17.75,8,8.42072073167037,12.0794711337072,1
183,1,17.75,8,12.0794711337072,14.5288166584591,1
183,1,17.75,8,14.5288166584591,17.75,0
184,1,19.75,60,0,4.0574176174551,1
184,1,19.75,60,4.0574176174551,4.88587810635037,1
184,1,19.75,60,4.88587810635037,5.09613505820534,1
184,1,19.75,60,5.09613505820534,7.054306307709,1
184,1,19.75,60,7.054306307709,7.18877395710102,1
184,1,19.75,60,7.18877395710102,7.77833215755283,1
184,1,19.75,60,7.77833215755283,7.92400532354436,1
184,1,19.75,60,7.92400532354436,7.95609553310896,1
184,1,19.75,60,7.95609553310896,8.80927644841512,1
184,1,19.75,60,8.80927644841512,8.86816927619768,1
184,1,19.75,60,8.86816927619768,9.23789544692603,1
184,1,19.75,60,9.23789544692603,9.29827147061949,1
184,1,19.75,60,9.29827147061949,10.0468638992003,1
184,1,19.75,60,10.0468638992003,10.4703169925338,1
184,1,19.75,60,10.4703169925338,11.4598887931221,1
184,1,19.75,60,11.4598887931221,11.5035884843092,1
184,1,19.75,60,11.5035884843092,11.6737204294527,1
184,1,19.75,60,11.6737204294527,12.1100110760478,1
184,1,19.75,60,12.1100110760478,12.2722814154294,1
184,1,19.75,60,12.2722814154294,12.9569295991369,1
184,1,19.75,60,12.9569295991369,12.9898290012858,1
184,1,19.75,60,12.9898290012858,13.8554154654395,1
184,1,19.75,60,13.8554154654395,13.9107118661997,1
184,1,19.75,60,13.9107118661997,13.9154158731782,1
184,1,19.75,60,13.9154158731782,14.0302651460937,1
184,1,19.75,60,14.0302651460937,14.1476968524239,1
184,1,19.75,60,14.1476968524239,15.3288591258133,1
184,1,19.75,60,15.3288591258133,15.5915296959934,1
184,1,19.75,60,15.5915296959934,15.622921727898,1
184,1,19.75,60,15.622921727898,15.7681196241306,1
184,1,19.75,60,15.7681196241306,15.9927823058598,1
184,1,19.75,60,15.9927823058598,16.0246226595689,1
184,1,19.75,60,16.0246226595689,16.0747383571489,1
184,1,19.75,60,16.0747383571489,16.398472386072,1
184,1,19.75,60,16.398472386072,16.6889554422302,1
184,1,19.75,60,16.6889554422302,16.7461631319335,1
184,1,19.75,60,16.7461631319335,17.1838746983849,1
184,1,19.75,60,17.1838746983849,17.3491585519327,1
184,1,19.75,60,17.3491585519327,17.6367549962072,1
184,1,19.75,60,17.6367549962072,17.6545961859802,1
184,1,19.75,60,17.6545961859802,17.666708851918,1
184,1,19.75,60,17.666708851918,17.6721657467325,1
184,1,19.75,60,17.6721657467325,17.7396049356404,1
184,1,19.75,60,17.7396049356404,17.7796415355283,1
184,1,19.75,60,17.7796415355283,17.8831540387842,1
184,1,19.75,60,17.8831540387842,17.8902775138333,1
184,1,19.75,60,17.8902775138333,17.9266805175723,1
184,1,19.75,60,17.9266805175723,18.0272638797022,1
184,1,19.75,60,18.0272638797022,18.0641164856347,1
184,1,19.75,60,18.0641164856347,18.2326022743354,1
184,1,19.75,60,18.2326022743354,18.3640089598032,1
184,1,19.75,60,18.3640089598032,18.5853361447095,1
184,1,19.75,60,18.5853361447095,18.6932783795936,1
184,1,19.75,60,18.6932783795936,18.926800587543,1
184,1,19.75,60,18.926800587543,19.2446336985915,1
184,1,19.75,60,19.2446336985915,19.3044099249059,1
184,1,19.75,60,19.3044099249059,19.4478016408244,1
184,1,19.75,60,19.4478016408244,19.448406498574,1
184,1,19.75,60,19.448406498574,19.5766260756216,1
184,1,19.75,60,19.5766260756216,19.642332206123,1
184,1,19.75,60,19.642332206123,19.75,0
185,1,15.75,3,0,2.4478783830674,1
185,1,15.75,3,2.4478783830674,4.23875800935292,1
185,1,15.75,3,4.23875800935292,11.216243578571,1
185,1,15.75,3,11.216243578571,15.75,0
186,1,15.75,4,0,0.140279538928329,1
186,1,15.75,4,0.140279538928329,1.71065608059077,1
186,1,15.75,4,1.71065608059077,8.90647066245295,1
186,1,15.75,4,8.90647066245295,10.8987492498919,1
186,1,15.75,4,10.8987492498919,15.75,0
187,1,11.75,16,0,2.2825594306314,1
187,1,11.75,16,2.2825594306314,2.77912831590907,1
187,1,11.75,16,2.77912831590907,6.2041189740902,1
187,1,11.75,16,6.2041189740902,6.23789395103917,1
187,1,11.75,16,6.23789395103917,6.98631683115535,1
187,1,11.75,16,6.98631683115535,8.45828922083501,1
187,1,11.75,16,8.45828922083501,8.60506396087957,1
187,1,11.75,16,8.60506396087957,8.90390550414442,1
187,1,11.75,16,8.90390550414442,9.80180757905755,1
187,1,11.75,16,9.80180757905755,10.3655398666821,1
187,1,11.75,16,10.3655398666821,10.3885607714919,1
187,1,11.75,16,10.3885607714919,10.4175616369638,1
187,1,11.75,16,10.4175616369638,10.6336675055211,1
187,1,11.75,16,10.6336675055211,10.6675571693484,1
187,1,11.75,16,10.6675571693484,10.9461687624057,1
187,1,11.75,16,10.9461687624057,11.0600953940047,1
187,1,11.75,16,11.0600953940047,11.75,0
188,1,10.75,5,0,0.071538374462773,1
188,1,10.75,5,0.071538374462773,2.17630974162998,1
188,1,10.75,5,2.17630974162998,3.6823235585518,1
188,1,10.75,5,3.6823235585518,6.09375522777033,1
188,1,10.75,5,6.09375522777033,7.57053614565867,1
188,1,10.75,5,7.57053614565867,10.75,0
189,1,13.75,2,0,2.2984442721915,1
189,1,13.75,2,2.2984442721915,7.71420930027713,1
189,1,13.75,2,7.71420930027713,13.75,0
190,1,17.75,43,0,2.43047947800546,1
190,1,17.75,43,2.43047947800546,4.37168111486994,1
190,1,17.75,43,4.37168111486994,5.0125305214416,1
190,1,17.75,43,5.0125305214416,6.33577677930939,1
190,1,17.75,43,6.33577677930939,6.46921576387958,1
190,1,17.75,43,6.46921576387958,6.48098351227232,1
190,1,17.75,43,6.48098351227232,7.36539258780224,1
190,1,17.75,43,7.36539258780224,7.75536113896818,1
190,1,17.75,43,7.75536113896818,9.8569689694465,1
190,1,17.75,43,9.8569689694465,9.97182143708779,1
190,1,17.75,43,9.97182143708779,10.0958315349486,1
190,1,17.75,43,10.0958315349486,10.4525412459116,1
190,1,17.75,43,10.4525412459116,10.5099839149299,1
190,1,17.75,43,10.5099839149299,10.6453647598217,1
190,1,17.75,43,10.6453647598217,10.8782346221388,1
190,1,17.75,43,10.8782346221388,11.366892709352,1
190,1,17.75,43,11.366892709352,11.5005261659572,1
190,1,17.75,43,11.5005261659572,12.0280218501745,1
190,1,17.75,43,12.0280218501745,12.0460057201654,1
190,1,17.75,43,12.0460057201654,12.1234250504453,1
190,1,17.75,43,12.1234250504453,12.503699637138,1
190,1,17.75,43,12.503699637138,12.5611800059152,1
190,1,17.75,43,12.5611800059152,12.960226861936,1
190,1,17.75,43,12.960226861936,12.9934064915057,1
190,1,17.75,43,12.9934064915057,13.1579330739111,1
190,1,17.75,43,13.1579330739111,13.6046525318182,1
190,1,17.75,43,13.6046525318182,14.0600809669534,1
190,1,17.75,43,14.0600809669534,14.1993972470314,1
190,1,17.75,43,14.1993972470314,14.5151525595071,1
190,1,17.75,43,14.5151525595071,14.6804238747869,1
190,1,17.75,43,14.6804238747869,14.7045865076638,1
190,1,17.75,43,14.7045865076638,14.8614819395423,1
190,1,17.75,43,14.8614819395423,14.9713464181687,1
190,1,17.75,43,14.9713464181687,15.096249679386,1
190,1,17.75,43,15.096249679386,15.1414313436097,1
190,1,17.75,43,15.1414313436097,15.1784043164746,1
190,1,17.75,43,15.1784043164746,15.3009896398404,1
190,1,17.75,43,15.3009896398404,15.3578006530902,1
190,1,17.75,43,15.3578006530902,15.5273789139725,1
190,1,17.75,43,15.5273789139725,16.2626942196947,1
190,1,17.75,43,16.2626942196947,16.6045308852293,1
190,1,17.75,43,16.6045308852293,17.3776676121496,1
190,1,17.75,43,17.3776676121496,17.394352933419,1
190,1,17.75,43,17.394352933419,17.75,0
191,1,15.75,1,0,0.0199923028513708,1
191,1,15.75,1,0.0199923028513708,15.75,0
192,1,14.75,39,0,1.59311647806128,1
192,1,14.75,39,1.59311647806128,4.93704420661483,1
192,1,14.75,39,4.93704420661483,5.04550358091551,1
192,1,14.75,39,5.04550358091551,6.27916073081836,1
192,1,14.75,39,6.27916073081836,6.49632034444443,1
192,1,14.75,39,6.49632034444443,8.11997539690236,1
192,1,14.75,39,8.11997539690236,8.2093726407885,1
192,1,14.75,39,8.2093726407885,8.22803171873245,1
192,1,14.75,39,8.22803171873245,8.34580637584984,1
192,1,14.75,39,8.34580637584984,9.41834545051207,1
192,1,14.75,39,9.41834545051207,9.65211539623463,1
192,1,14.75,39,9.65211539623463,9.67217729127225,1
192,1,14.75,39,9.67217729127225,9.7111474556429,1
192,1,14.75,39,9.7111474556429,9.94245393591971,1
192,1,14.75,39,9.94245393591971,10.7678552897721,1
192,1,14.75,39,10.7678552897721,10.7719237560981,1
192,1,14.75,39,10.7719237560981,10.9355592499815,1
192,1,14.75,39,10.9355592499815,10.9817724287822,1
192,1,14.75,39,10.9817724287822,11.0861249755976,1
192,1,14.75,39,11.0861249755976,11.0998896105002,1
192,1,14.75,39,11.0998896105002,11.2582411731882,1
192,1,14.75,39,11.2582411731882,11.5077263275032,1
192,1,14.75,39,11.5077263275032,11.5861157132462,1
192,1,14.75,39,11.5861157132462,11.7146832461514,1
192,1,14.75,39,11.7146832461514,12.4794030130402,1
192,1,14.75,39,12.4794030130402,12.6580262769329,1
192,1,14.75,39,12.6580262769329,12.7160646545705,1
192,1,14.75,39,12.7160646545705,12.7289469271818,1
192,1,14.75,39,12.7289469271818,12.9326097403814,1
192,1,14.75,39,12.9326097403814,12.9610556449733,1
192,1,14.75,39,12.9610556449733,13.1143227491112,1
192,1,14.75,39,13.1143227491112,13.7676207439926,1
192,1,14.75,39,13.7676207439926,13.9522286977504,1
192,1,14.75,39,13.9522286977504,14.0910503642724,1
192,1,14.75,39,14.0910503642724,14.4291706727315,1
192,1,14.75,39,14.4291706727315,14.5178631653608,1
192,1,14.75,39,14.5178631653608,14.5232946136958,1
192,1,14.75,39,14.5232946136958,14.5786904910256,1
192,1,14.75,39,14.5786904910256,14.7136317085136,1
192,1,14.75,39,14.7136317085136,14.75,0
193,1,12.75,24,0,2.2281853366042,1
193,1,12.75,24,2.2281853366042,4.0701921975338,1
193,1,12.75,24,4.0701921975338,4.32607226965279,1
193,1,12.75,24,4.32607226965279,5.12283323646016,1
193,1,12.75,24,5.12283323646016,5.48111437202074,1
193,1,12.75,24,5.48111437202074,6.78001792641963,1
193,1,12.75,24,6.78001792641963,7.92218733586579,1
193,1,12.75,24,7.92218733586579,8.03220001343537,1
193,1,12.75,24,8.03220001343537,8.85957490389362,1
193,1,12.75,24,8.85957490389362,8.86344069401203,1
193,1,12.75,24,8.86344069401203,9.11441359459707,1
193,1,12.75,24,9.11441359459707,9.15344063568547,1
193,1,12.75,24,9.15344063568547,10.4263502992386,1
193,1,12.75,24,10.4263502992386,10.8137219163609,1
193,1,12.75,24,10.8137219163609,10.9335812729798,1
193,1,12.75,24,10.9335812729798,11.2079310308076,1
193,1,12.75,24,11.2079310308076,11.4784314870094,1
193,1,12.75,24,11.4784314870094,11.7200131726508,1
193,1,12.75,24,11.7200131726508,12.3991954565886,1
193,1,12.75,24,12.3991954565886,12.4312000222399,1
193,1,12.75,24,12.4312000222399,12.527848840997,1
193,1,12.75,24,12.527848840997,12.5502904065043,1
193,1,12.75,24,12.5502904065043,12.5959414870693,1
193,1,12.75,24,12.5959414870693,12.6916625833938,1
193,1,12.75,24,12.6916625833938,12.75,0
194,1,9.75,1,0,3.22831301866984,1
194,1,9.75,1,3.22831301866984,9.75,0
195,1,14.75,1,0,3.16093599848457,1
195,1,14.75,1,3.16093599848457,14.75,0
196,1,18.75,1,0,11.3752771518215,1
196,1,18.75,1,11.3752771518215,18.75,0
197,1,9.75,3,0,0.0065571245855485,1
197,1,9.75,3,0.0065571245855485,0.56584835942389,1
197,1,9.75,3,0.56584835942389,0.849695979972742,1
197,1,9.75,3,0.849695979972742,9.75,0
198,1,9.75,4,0,1.38019515584325,1
198,1,9.75,4,1.38019515584325,2.12304757224013,1
198,1,9.75,4,2.12304757224013,4.36183115199968,1
198,1,9.75,4,4.36183115199968,8.17354596598896,1
198,1,9.75,4,8.17354596598896,9.75,0
199,1,16.75,1,0,0.35696536687204,1
199,1,16.75,1,0.35696536687204,16.75,0
200,1,14.75,25,0,5.12831821140075,1
200,1,14.75,25,5.12831821140075,5.50004641154144,1
200,1,14.75,25,5.50004641154144,6.39760755218758,1
200,1,14.75,25,6.39760755218758,6.9287158266815,1
200,1,14.75,25,6.9287158266815,7.63370642890162,1
200,1,14.75,25,7.63370642890162,8.35331124284418,1
200,1,14.75,25,8.35331124284418,8.60498607863171,1
200,1,14.75,25,8.60498607863171,9.29626836787596,1
200,1,14.75,25,9.29626836787596,9.47814952937791,1
200,1,14.75,25,9.47814952937791,9.86842632253841,1
200,1,14.75,25,9.86842632253841,10.243938476443,1
200,1,14.75,25,10.243938476443,10.676949284344,1
200,1,14.75,25,10.676949284344,11.0994985125133,1
200,1,14.75,25,11.0994985125133,11.1246125944185,1
200,1,14.75,25,11.1246125944185,11.510560017703,1
200,1,14.75,25,11.510560017703,11.9743470492183,1
200,1,14.75,25,11.9743470492183,12.0508455001704,1
200,1,14.75,25,12.0508455001704,12.5635809754521,1
200,1,14.75,25,12.5635809754521,12.7987423263323,1
200,1,14.75,25,12.7987423263323,12.8521936703007,1
200,1,14.75,25,12.8521936703007,12.9361897924916,1
200,1,14.75,25,12.9361897924916,12.9521117579938,1
200,1,14.75,25,12.9521117579938,13.3332580895193,1
200,1,14.75,25,13.3332580895193,13.6310563973743,1
200,1,14.75,25,13.6310563973743,14.0484804565725,1
200,1,14.75,25,14.0484804565725,14.75,0
201,1,14.75,3,0,3.54764937113735,1
201,1,14.75,3,3.54764937113735,4.95668723913041,1
201,1,14.75,3,4.95668723913041,6.86342420468581,1
201,1,14.75,3,6.86342420468581,14.75,0
202,1,14.75,43,0,0.697345122398826,1
202,1,14.75,43,0.697345122398826,3.50394068271199,1
202,1,14.75,43,3.50394068271199,5.07290281599599,1
202,1,14.75,43,5.07290281599599,5.38599002090598,1
202,1,14.75,43,5.38599002090598,5.43729184106518,1
202,1,14.75,43,5.43729184106518,5.71600123988932,1
202,1,14.75,43,5.71600123988932,6.49488919391835,1
202,1,14.75,43,6.49488919391835,7.08774468328447,1
202,1,14.75,43,7.08774468328447,7.1573840588878,1
202,1,14.75,43,7.1573840588878,7.22709942565841,1
202,1,14.75,43,7.22709942565841,7.31971181543632,1
202,1,14.75,43,7.31971181543632,7.35643289851816,1
202,1,14.75,43,7.35643289851816,7.75058405253102,1
202,1,14.75,43,7.75058405253102,8.03391893077692,1
202,1,14.75,43,8.03391893077692,8.4244615810391,1
202,1,14.75,43,8.4244615810391,9.04868803690145,1
202,1,14.75,43,9.04868803690145,9.19860126740181,1
202,1,14.75,43,9.19860126740181,9.23521523699875,1
202,1,14.75,43,9.23521523699875,9.47046418109853,1
202,1,14.75,43,9.47046418109853,10.1042251992166,1
202,1,14.75,43,10.1042251992166,10.1468984154286,1
202,1,14.75,43,10.1468984154286,10.7522222414316,1
202,1,14.75,43,10.7522222414316,10.9126097494375,1
202,1,14.75,43,10.9126097494375,11.6764057760988,1
202,1,14.75,43,11.6764057760988,12.2218634070738,1
202,1,14.75,43,12.2218634070738,12.76322185612,1
202,1,14.75,43,12.76322185612,12.9050158619392,1
202,1,14.75,43,12.9050158619392,12.9761340391715,1
202,1,14.75,43,12.9761340391715,13.1630299308241,1
202,1,14.75,43,13.1630299308241,13.3266846991045,1
202,1,14.75,43,13.3266846991045,13.3835209299117,1
202,1,14.75,43,13.3835209299117,13.5150070850791,1
202,1,14.75,43,13.5150070850791,13.5580065271174,1
202,1,14.75,43,13.5580065271174,14.0296784014118,1
202,1,14.75,43,14.0296784014118,14.0497508403362,1
202,1,14.75,43,14.0497508403362,14.0852718063614,1
202,1,14.75,43,14.0852718063614,14.331892696071,1
202,1,14.75,43,14.331892696071,14.3545989239395,1
202,1,14.75,43,14.3545989239395,14.4097654423092,1
202,1,14.75,43,14.4097654423092,14.4581974228703,1
202,1,14.75,43,14.4581974228703,14.475553085064,1
202,1,14.75,43,14.475553085064,14.5614690636533,1
202,1,14.75,43,14.5614690636533,14.5881516215191,1
202,1,14.75,43,14.5881516215191,14.75,0
203,1,15.75,31,0,3.10552675329598,1
203,1,15.75,31,3.10552675329598,3.47358930828337,1
203,1,15.75,31,3.47358930828337,6.00037399614104,1
203,1,15.75,31,6.00037399614104,7.48654924978889,1
203,1,15.75,31,7.48654924978889,7.54506949217228,1
203,1,15.75,31,7.54506949217228,7.68449767404284,1
203,1,15.75,31,7.68449767404284,8.98533499789081,1
203,1,15.75,31,8.98533499789081,9.34153574066866,1
203,1,15.75,31,9.34153574066866,10.744212098359,1
203,1,15.75,31,10.744212098359,11.0621718813919,1
203,1,15.75,31,11.0621718813919,11.1404766081506,1
203,1,15.75,31,11.1404766081506,11.5880534573144,1
203,1,15.75,31,11.5880534573144,11.6673188152017,1
203,1,15.75,31,11.6673188152017,11.7878863389617,1
203,1,15.75,31,11.7878863389617,12.0028587412999,1
203,1,15.75,31,12.0028587412999,12.3496910974196,1
203,1,15.75,31,12.3496910974196,12.4623547239078,1
203,1,15.75,31,12.4623547239078,12.4773365173928,1
203,1,15.75,31,12.4773365173928,12.4874987989566,1
203,1,15.75,31,12.4874987989566,12.5864774279885,1
203,1,15.75,31,12.5864774279885,12.8734800521194,1
203,1,15.75,31,12.8734800521194,12.9420116789979,1
203,1,15.75,31,12.9420116789979,12.9790778290243,1
203,1,15.75,31,12.9790778290243,13.1738684044752,1
203,1,15.75,31,13.1738684044752,13.2503680679078,1
203,1,15.75,31,13.2503680679078,13.2937230762058,1
203,1,15.75,31,13.2937230762058,13.3779214999433,1
203,1,15.75,31,13.3779214999433,14.2787436259681,1
203,1,15.75,31,14.2787436259681,14.2788630187673,1
203,1,15.75,31,14.2788630187673,14.861992724253,1
203,1,15.75,31,14.861992724253,15.0732909083475,1
203,1,15.75,31,15.0732909083475,15.75,0
204,1,12.75,1,0,8.03418669725521,1
204,1,12.75,1,8.03418669725521,12.75,0
205,1,13.75,4,0,0.182613162989149,1
205,1,13.75,4,0.182613162989149,5.72148025436832,1
205,1,13.75,4,5.72148025436832,8.91680528915036,1
205,1,13.75,4,8.91680528915036,9.62531553628024,1
205,1,13.75,4,9.62531553628024,13.75,0
206,1,17.75,0,0,17.75,0
207,1,10.75,12,0,0.828696670383372,1
207,1,10.75,12,0.828696670383372,3.03352186886477,1
207,1,10.75,12,3.03352186886477,5.01057576714032,1
207,1,10.75,12,5.01057576714032,6.49385532081301,1
207,1,10.75,12,6.49385532081301,7.00460348745094,1
207,1,10.75,12,7.00460348745094,8.54859684501602,1
207,1,10.75,12,8.54859684501602,9.00603169966628,1
207,1,10.75,12,9.00603169966628,9.31775479952805,1
207,1,10.75,12,9.31775479952805,9.7174898329323,1
207,1,10.75,12,9.7174898329323,10.0197155587406,1
207,1,10.75,12,10.0197155587406,10.2129627265236,1
207,1,10.75,12,10.2129627265236,10.5084796000511,1
207,1,10.75,12,10.5084796000511,10.75,0
208,1,15.75,27,0,4.33854813454757,1
208,1,15.75,27,4.33854813454757,4.39153918971295,1
208,1,15.75,27,4.39153918971295,4.57474079087694,1
208,1,15.75,27,4.57474079087694,4.84622353881652,1
208,1,15.75,27,4.84622353881652,5.66744924074018,1
208,1,15.75,27,5.66744924074018,6.09094077504415,1
208,1,15.75,27,6.09094077504415,6.47970367987555,1
208,1,15.75,27,6.47970367987555,7.38304571830482,1
208,1,15.75,27,7.38304571830482,7.69523485774396,1
208,1,15.75,27,7.69523485774396,8.41313641305999,1
208,1,15.75,27,8.41313641305999,8.61759475280995,1
208,1,15.75,27,8.61759475280995,9.003411287677,1
208,1,15.75,27,9.003411287677,9.81673932608911,1
208,1,15.75,27,9.81673932608911,10.8755918374534,1
208,1,15.75,27,10.8755918374534,11.029747991572,1
208,1,15.75,27,11.029747991572,11.6826722066704,1
208,1,15.75,27,11.6826722066704,11.9736698664223,1
208,1,15.75,27,11.9736698664223,12.7651103685472,1
208,1,15.75,27,12.7651103685472,13.2791878090936,1
208,1,15.75,27,13.2791878090936,13.4456834243966,1
208,1,15.75,27,13.4456834243966,13.5406864711393,1
208,1,15.75,27,13.5406864711393,13.9700690563758,1
208,1,15.75,27,13.9700690563758,14.0331212520057,1
208,1,15.75,27,14.0331212520057,14.2447251122116,1
208,1,15.75,27,14.2447251122116,14.5746882972973,1
208,1,15.75,27,14.5746882972973,15.3873094760188,1
208,1,15.75,27,15.3873094760188,15.5179844157557,1
208,1,15.75,27,15.5179844157557,15.75,0
209,1,17.75,1,0,6.07240307807254,1
209,1,17.75,1,6.07240307807254,17.75,0
210,1,8.75,2,0,0.546050234923725,1
210,1,8.75,2,0.546050234923725,0.744419419874152,1
210,1,8.75,2,0.744419419874152,8.75,0
211,1,20.75,2,0,0.015118707411541,1
211,1,20.75,2,0.015118707411541,8.93786015832816,1
211,1,20.75,2,8.93786015832816,20.75,0
212,1,11.75,13,0,2.08463598605481,1
212,1,11.75,13,2.08463598605481,2.22424474154298,1
212,1,11.75,13,2.22424474154298,3.08350779360895,1
212,1,11.75,13,3.08350779360895,5.5678227233573,1
212,1,11.75,13,5.5678227233573,5.93403077469392,1
212,1,11.75,13,5.93403077469392,6.6674214387475,1
212,1,11.75,13,6.6674214387475,6.71249166614878,1
212,1,11.75,13,6.71249166614878,6.93105743414634,1
212,1,11.75,13,6.93105743414634,8.28097575592772,1
212,1,11.75,13,8.28097575592772,9.10390162760275,1
212,1,11.75,13,9.10390162760275,10.8441668082235,1
212,1,11.75,13,10.8441668082235,11.5176396467302,1
212,1,11.75,13,11.5176396467302,11.6548472923164,1
212,1,11.75,13,11.6548472923164,11.75,0
213,1,8.75,20,0,1.56689517702468,1
213,1,8.75,20,1.56689517702468,1.6709247269503,1
213,1,8.75,20,1.6709247269503,3.47532862690167,1
213,1,8.75,20,3.47532862690167,3.8712867659202,1
213,1,8.75,20,3.8712867659202,5.12649095869486,1
213,1,8.75,20,5.12649095869486,5.32264542896414,1
213,1,8.75,20,5.32264542896414,5.65035942971108,1
213,1,8.75,20,5.65035942971108,6.17877972508481,1
213,1,8.75,20,6.17877972508481,6.87530005274977,1
213,1,8.75,20,6.87530005274977,7.04323813254527,1
213,1,8.75,20,7.04323813254527,7.4090808070464,1
213,1,8.75,20,7.4090808070464,7.68138598003019,1
213,1,8.75,20,7.68138598003019,7.7017325404499,1
213,1,8.75,20,7.7017325404499,7.76050660576971,1
213,1,8.75,20,7.76050660576971,7.82778848928163,1
213,1,8.75,20,7.82778848928163,7.87668941235867,1
213,1,8.75,20,7.87668941235867,7.99831044561836,1
213,1,8.75,20,7.99831044561836,8.31022949605297,1
213,1,8.75,20,8.31022949605297,8.35671349731014,1
213,1,8.75,20,8.35671349731014,8.7383218938264,1
213,1,8.75,20,8.7383218938264,8.75,0
214,1,9.75,20,0,3.15777327035801,1
214,1,9.75,20,3.15777327035801,3.19835325526333,1
214,1,9.75,20,3.19835325526333,3.37627926870138,1
214,1,9.75,20,3.37627926870138,3.77602195984218,1
214,1,9.75,20,3.77602195984218,5.39107936410237,1
214,1,9.75,20,5.39107936410237,6.11540014401217,1
214,1,9.75,20,6.11540014401217,6.87355652535685,1
214,1,9.75,20,6.87355652535685,7.32885002826171,1
214,1,9.75,20,7.32885002826171,7.35995026302291,1
214,1,9.75,20,7.35995026302291,7.62872245894668,1
214,1,9.75,20,7.62872245894668,7.67564315472166,1
214,1,9.75,20,7.67564315472166,7.69399823767661,1
214,1,9.75,20,7.69399823767661,7.85557321702137,1
214,1,9.75,20,7.85557321702137,7.91615163675683,1
214,1,9.75,20,7.91615163675683,8.6487479236389,1
214,1,9.75,20,8.6487479236389,8.83160041791784,1
214,1,9.75,20,8.83160041791784,9.17894111106441,1
214,1,9.75,20,9.17894111106441,9.20171318711258,1
214,1,9.75,20,9.20171318711258,9.29562318140941,1
214,1,9.75,20,9.29562318140941,9.63786386598546,1
214,1,9.75,20,9.63786386598546,9.75,0
215,1,14.75,4,0,0.600502414368033,1
215,1,14.75,4,0.600502414368033,1.46273142582799,1
215,1,14.75,4,1.46273142582799,2.52073016872109,1
215,1,14.75,4,2.52073016872109,11.6678363405827,1
215,1,14.75,4,11.6678363405827,14.75,0
216,1,14.75,3,0,1.60580546901187,1
216,1,14.75,3,1.60580546901187,7.88617045357281,1
216,1,14.75,3,7.88617045357281,12.3294243779152,1
216,1,14.75,3,12.3294243779152,14.75,0
217,1,13.75,28,0,2.70963424135784,1
217,1,13.75,28,2.70963424135784,4.08329220611279,1
217,1,13.75,28,4.08329220611279,4.70200701262114,1
217,1,13.75,28,4.70200701262114,5.39562754782205,1
217,1,13.75,28,5.39562754782205,6.40846816118991,1
217,1,13.75,28,6.40846816118991,6.53577221599155,1
217,1,13.75,28,6.53577221599155,7.06056573377651,1
217,1,13.75,28,7.06056573377651,7.4299815819258,1
217,1,13.75,28,7.4299815819258,8.40260343190939,1
217,1,13.75,28,8.40260343190939,8.8483053392132,1
217,1,13.75,28,8.8483053392132,9.38281390682773,1
217,1,13.75,28,9.38281390682773,9.49446893271715,1
217,1,13.75,28,9.49446893271715,9.58834268335313,1
217,1,13.75,28,9.58834268335313,9.66590724522194,1
217,1,13.75,28,9.66590724522194,9.89525004220884,1
217,1,13.75,28,9.89525004220884,10.0288842323852,1
217,1,13.75,28,10.0288842323852,10.6467404772919,1
217,1,13.75,28,10.6467404772919,10.6792121336512,1
217,1,13.75,28,10.6792121336512,11.4696840363986,1
217,1,13.75,28,11.4696840363986,11.5480642248407,1
217,1,13.75,28,11.5480642248407,12.0473386799665,1
217,1,13.75,28,12.0473386799665,12.2068814634884,1
217,1,13.75,28,12.2068814634884,12.5590524509154,1
217,1,13.75,28,12.5590524509154,12.7693874963412,1
217,1,13.75,28,12.7693874963412,12.8381180062526,1
217,1,13.75,28,12.8381180062526,12.9148708506157,1
217,1,13.75,28,12.9148708506157,13.0959414736808,1
217,1,13.75,28,13.0959414736808,13.1528455905883,1
217,1,13.75,28,13.1528455905883,13.75,0
218,1,14.75,2,0,6.22913243267047,1
218,1,14.75,2,6.22913243267047,12.3151889182693,1
218,1,14.75,2,12.3151889182693,14.75,0
219,1,18.75,1,0,14.9529053857651,1
219,1,18.75,1,14.9529053857651,18.75,0
220,1,8.75,3,0,0.00907444513265403,1
220,1,8.75,3,0.00907444513265403,7.85062986745576,1
220,1,8.75,3,7.85062986745576,8.17556196615658,1
220,1,8.75,3,8.17556196615658,8.75,0
221,1,11.75,1,0,1.49730727248901,1
221,1,11.75,1,1.49730727248901,11.75,0
222,1,8.75,2,0,2.3021203998205,1
222,1,8.75,2,2.3021203998205,7.51385030850184,1
222,1,8.75,2,7.51385030850184,8.75,0
223,1,14.75,0,0,14.75,0
224,1,15.75,46,0,3.57948930573981,1
224,1,15.75,46,3.57948930573981,5.68141889068587,1
224,1,15.75,46,5.68141889068587,6.45852912870645,1
224,1,15.75,46,6.45852912870645,7.098215775016,1
224,1,15.75,46,7.098215775016,7.31521075851976,1
224,1,15.75,46,7.31521075851976,7.45925487239168,1
224,1,15.75,46,7.45925487239168,7.53163481213053,1
224,1,15.75,46,7.53163481213053,8.41753515767462,1
224,1,15.75,46,8.41753515767462,8.64881213988456,1
224,1,15.75,46,8.64881213988456,8.86960379244916,1
224,1,15.75,46,8.86960379244916,8.98951872381034,1
224,1,15.75,46,8.98951872381034,9.36008531198725,1
224,1,15.75,46,9.36008531198725,9.70586533006729,1
224,1,15.75,46,9.70586533006729,9.76466445227855,1
224,1,15.75,46,9.76466445227855,10.3348180639231,1
224,1,15.75,46,10.3348180639231,10.3908697342262,1
224,1,15.75,46,10.3908697342262,10.9317288872056,1
224,1,15.75,46,10.9317288872056,11.2444324074313,1
224,1,15.75,46,11.2444324074313,11.51836795921,1
224,1,15.75,46,11.51836795921,11.8657749167729,1
224,1,15.75,46,11.8657749167729,11.9660022973339,1
224,1,15.75,46,11.9660022973339,12.1167410712314,1
224,1,15.75,46,12.1167410712314,12.6162176322722,1
224,1,15.75,46,12.6162176322722,12.6826220356266,1
224,1,15.75,46,12.6826220356266,12.7116355386224,1
224,1,15.75,46,12.7116355386224,12.7183468551513,1
224,1,15.75,46,12.7183468551513,12.9377912922527,1
224,1,15.75,46,12.9377912922527,12.9498370243396,1
224,1,15.75,46,12.9498370243396,13.0543115179655,1
224,1,15.75,46,13.0543115179655,13.2483120188787,1
224,1,15.75,46,13.2483120188787,13.5198919561985,1
224,1,15.75,46,13.5198919561985,13.5621203127822,1
224,1,15.75,46,13.5621203127822,13.635251271022,1
224,1,15.75,46,13.635251271022,13.7426682837211,1
224,1,15.75,46,13.7426682837211,13.8760032780858,1
224,1,15.75,46,13.8760032780858,13.8781504564299,1
224,1,15.75,46,13.8781504564299,14.0149528814754,1
224,1,15.75,46,14.0149528814754,14.017421896537,1
224,1,15.75,46,14.017421896537,14.3739238936057,1
224,1,15.75,46,14.3739238936057,14.3932884238333,1
224,1,15.75,46,14.3932884238333,14.8265290179938,1
224,1,15.75,46,14.8265290179938,14.8779225954668,1
224,1,15.75,46,14.8779225954668,14.916099100276,1
224,1,15.75,46,14.916099100276,15.025794422165,1
224,1,15.75,46,15.025794422165,15.366978190705,1
224,1,15.75,46,15.366978190705,15.6369887165103,1
224,1,15.75,46,15.6369887165103,15.75,0
225,1,13.75,17,0,5.62333406001391,1
225,1,13.75,17,5.62333406001391,8.03454971440787,1
225,1,13.75,17,8.03454971440787,8.20044971879746,1
225,1,13.75,17,8.20044971879746,8.92139902176625,1
225,1,13.75,17,8.92139902176625,10.0362636328323,1
225,1,13.75,17,10.0362636328323,10.8127723461241,1
225,1,13.75,17,10.8127723461241,11.1153508807216,1
225,1,13.75,17,11.1153508807216,11.7868051009386,1
225,1,13.75,17,11.7868051009386,11.8133331399176,1
225,1,13.75,17,11.8133331399176,12.0952512955451,1
225,1,13.75,17,12.0952512955451,12.312408623628,1
225,1,13.75,17,12.312408623628,12.6941923587287,1
225,1,13.75,17,12.6941923587287,12.7268247346181,1
225,1,13.75,17,12.7268247346181,12.9772816846483,1
225,1,13.75,17,12.9772816846483,13.3998413290315,1
225,1,13.75,17,13.3998413290315,13.4752117518758,1
225,1,13.75,17,13.4752117518758,13.602488544068,1
225,1,13.75,17,13.602488544068,13.75,0
226,1,14.75,0,0,14.75,0
227,1,16.75,5,0,0.0241586410235897,1
227,1,16.75,5,0.0241586410235897,3.60078186157459,1
227,1,16.75,5,3.60078186157459,4.0085756899123,1
227,1,16.75,5,4.0085756899123,8.79884877534706,1
227,1,16.75,5,8.79884877534706,15.2493612255783,1
227,1,16.75,5,15.2493612255783,16.75,0
228,1,20.75,45,0,3.98653600983995,1
228,1,20.75,45,3.98653600983995,4.05817511289473,1
228,1,20.75,45,4.05817511289473,4.5838355274706,1
228,1,20.75,45,4.5838355274706,5.83755273634418,1
228,1,20.75,45,5.83755273634418,8.60511051856784,1
228,1,20.75,45,8.60511051856784,8.77773583865804,1
228,1,20.75,45,8.77773583865804,8.8699713770714,1
228,1,20.75,45,8.8699713770714,8.92257061651862,1
228,1,20.75,45,8.92257061651862,10.6908900456108,1
228,1,20.75,45,10.6908900456108,10.7515716851823,1
228,1,20.75,45,10.7515716851823,10.9538829567326,1
228,1,20.75,45,10.9538829567326,12.1670320905426,1
228,1,20.75,45,12.1670320905426,12.4705483659359,1
228,1,20.75,45,12.4705483659359,12.7406298957732,1
228,1,20.75,45,12.7406298957732,12.9813360961216,1
228,1,20.75,45,12.9813360961216,13.1877618590154,1
228,1,20.75,45,13.1877618590154,13.2447307556486,1
228,1,20.75,45,13.2447307556486,13.4736877820162,1
228,1,20.75,45,13.4736877820162,13.5642376712123,1
228,1,20.75,45,13.5642376712123,13.7440772456685,1
228,1,20.75,45,13.7440772456685,14.3121656643212,1
228,1,20.75,45,14.3121656643212,14.3696768715109,1
228,1,20.75,45,14.3696768715109,14.7339114168253,1
228,1,20.75,45,14.7339114168253,14.7857351467953,1
228,1,20.75,45,14.7857351467953,14.8049411008478,1
228,1,20.75,45,14.8049411008478,14.9547888400822,1
228,1,20.75,45,14.9547888400822,15.3380601065085,1
228,1,20.75,45,15.3380601065085,15.6079504833543,1
228,1,20.75,45,15.6079504833543,15.8111543325306,1
228,1,20.75,45,15.8111543325306,15.8550157419695,1
228,1,20.75,45,15.8550157419695,15.8893341612584,1
228,1,20.75,45,15.8893341612584,16.014418461623,1
228,1,20.75,45,16.014418461623,16.108443994503,1
228,1,20.75,45,16.108443994503,16.6291863903592,1
228,1,20.75,45,16.6291863903592,17.1028712264831,1
228,1,20.75,45,17.1028712264831,17.3918672913606,1
228,1,20.75,45,17.3918672913606,17.6286215425782,1
228,1,20.75,45,17.6286215425782,18.659894825026,1
228,1,20.75,45,18.659894825026,19.1590633804596,1
228,1,20.75,45,19.1590633804596,19.5461295617037,1
228,1,20.75,45,19.5461295617037,19.776440931753,1
228,1,20.75,45,19.776440931753,19.9777940827921,1
228,1,20.75,45,19.9777940827921,20.3823080183049,1
228,1,20.75,45,20.3823080183049,20.3928187537431,1
228,1,20.75,45,20.3928187537431,20.4120387732998,1
228,1,20.75,45,20.4120387732998,20.75,0
229,1,18.75,0,0,18.75,0
230,1,13.75,3,0,4.2701383766052,1
230,1,13.75,3,4.2701383766052,10.1238865888145,1
230,1,13.75,3,10.1238865888145,10.9266151642279,1
230,1,13.75,3,10.9266151642279,13.75,0
231,1,14.75,1,0,0.703669493859468,1
231,1,14.75,1,0.703669493859468,14.75,0
232,1,10.75,25,0,3.13301078955099,1
232,1,10.75,25,3.13301078955099,3.28208921709914,1
232,1,10.75,25,3.28208921709914,3.84457787833816,1
232,1,10.75,25,3.84457787833816,4.58751007795012,1
232,1,10.75,25,4.58751007795012,4.9385297523627,1
232,1,10.75,25,4.9385297523627,5.615046033694,1
232,1,10.75,25,5.615046033694,6.04516710848608,1
232,1,10.75,25,6.04516710848608,7.12450531607395,1
232,1,10.75,25,7.12450531607395,7.36267841711918,1
232,1,10.75,25,7.36267841711918,7.4719368884385,1
232,1,10.75,25,7.4719368884385,7.629126613261,1
232,1,10.75,25,7.629126613261,7.87115083972282,1
232,1,10.75,25,7.87115083972282,7.95935120897482,1
232,1,10.75,25,7.95935120897482,8.28746664661422,1
232,1,10.75,25,8.28746664661422,8.6164240636704,1
232,1,10.75,25,8.6164240636704,9.06060366790022,1
232,1,10.75,25,9.06060366790022,9.12304556696272,1
232,1,10.75,25,9.12304556696272,9.96832211213749,1
232,1,10.75,25,9.96832211213749,9.98449184853869,1
232,1,10.75,25,9.98449184853869,9.98760743215435,1
232,1,10.75,25,9.98760743215435,10.2967049764016,1
232,1,10.75,25,10.2967049764016,10.4617919556111,1
232,1,10.75,25,10.4617919556111,10.4767526546297,1
232,1,10.75,25,10.4767526546297,10.6168480233103,1
232,1,10.75,25,10.6168480233103,10.7027169034112,1
232,1,10.75,25,10.7027169034112,10.75,0
233,1,11.75,3,0,0.350431936690114,1
233,1,11.75,3,0.350431936690114,2.94039800468783,1
233,1,11.75,3,2.94039800468783,9.97329528033831,1
233,1,11.75,3,9.97329528033831,11.75,0
234,1,13.75,1,0,3.80889644817323,1
234,1,13.75,1,3.80889644817323,13.75,0
235,1,17.75,2,0,0.218442826756701,1
235,1,17.75,2,0.218442826756701,2.00086285983855,1
235,1,17.75,2,2.00086285983855,17.75,0
236,1,18.75,0,0,18.75,0
237,1,18.75,6,0,0.0179294907680822,1
237,1,18.75,6,0.0179294907680822,4.83650458849555,1
237,1,18.75,6,4.83650458849555,11.261711060391,1
237,1,18.75,6,11.261711060391,12.5064652468275,1
237,1,18.75,6,12.5064652468275,16.3670094650354,1
237,1,18.75,6,16.3670094650354,16.4319391622809,1
237,1,18.75,6,16.4319391622809,18.75,0
238,1,10.75,1,0,1.98300223159151,1
238,1,10.75,1,1.98300223159151,10.75,0
239,1,16.75,2,0,1.1463154619515,1
239,1,16.75,2,1.1463154619515,7.01000822728382,1
239,1,16.75,2,7.01000822728382,16.75,0
240,1,9.75,10,0,2.5163984655695,1
240,1,9.75,10,2.5163984655695,4.35250684968459,1
240,1,9.75,10,4.35250684968459,4.40422250247058,1
240,1,9.75,10,4.40422250247058,5.34128095580155,1
240,1,9.75,10,5.34128095580155,6.16203496385557,1
240,1,9.75,10,6.16203496385557,6.2103586170979,1
240,1,9.75,10,6.2103586170979,6.52055361735323,1
240,1,9.75,10,6.52055361735323,6.99750974003447,1
240,1,9.75,10,6.99750974003447,7.17137790164987,1
240,1,9.75,10,7.17137790164987,8.41383561866901,1
240,1,9.75,10,8.41383561866901,9.75,0
241,1,10.75,5,0,1.65776700132078,1
241,1,10.75,5,1.65776700132078,3.13897324114919,1
241,1,10.75,5,3.13897324114919,8.08265819038392,1
241,1,10.75,5,8.08265819038392,8.36386829339302,1
241,1,10.75,5,8.36386829339302,8.50289663870908,1
241,1,10.75,5,8.50289663870908,10.75,0
242,1,13.75,33,0,1.84959249896237,1
242,1,13.75,33,1.84959249896237,3.68055020850115,1
242,1,13.75,33,3.68055020850115,5.92230536017708,1
242,1,13.75,33,5.92230536017708,6.76146291048037,1
242,1,13.75,33,6.76146291048037,7.31900295797189,1
242,1,13.75,33,7.31900295797189,7.44076876478466,1
242,1,13.75,33,7.44076876478466,7.92905071798316,1
242,1,13.75,33,7.92905071798316,7.9812584925045,1
242,1,13.75,33,7.9812584925045,8.0738357503996,1
242,1,13.75,33,8.0738357503996,8.55126743932017,1
242,1,13.75,33,8.55126743932017,9.11197950605515,1
242,1,13.75,33,9.11197950605515,9.484007067527,1
242,1,13.75,33,9.484007067527,9.50739467292894,1
242,1,13.75,33,9.50739467292894,9.58344239037649,1
242,1,13.75,33,9.58344239037649,9.65586588913521,1
242,1,13.75,33,9.65586588913521,9.95540558333247,1
242,1,13.75,33,9.95540558333247,10.0995555460427,1
242,1,13.75,33,10.0995555460427,10.2199445404487,1
242,1,13.75,33,10.2199445404487,10.7812761478245,1
242,1,13.75,33,10.7812761478245,10.8256612835279,1
242,1,13.75,33,10.8256612835279,11.1281794891976,1
242,1,13.75,33,11.1281794891976,11.2298555510462,1
242,1,13.75,33,11.2298555510462,11.25454337857,1
242,1,13.75,33,11.25454337857,11.2696978574064,1
242,1,13.75,33,11.2696978574064,11.373268260256,1
242,1,13.75,33,11.373268260256,11.4213047904854,1
242,1,13.75,33,11.4213047904854,11.6187741230841,1
242,1,13.75,33,11.6187741230841,11.7865986103066,1
242,1,13.75,33,11.7865986103066,12.0376326557297,1
242,1,13.75,33,12.0376326557297,12.7261036337433,1
242,1,13.75,33,12.7261036337433,13.3831766956866,1
242,1,13.75,33,13.3831766956866,13.6085894394666,1
242,1,13.75,33,13.6085894394666,13.7049078630896,1
242,1,13.75,33,13.7049078630896,13.75,0
243,1,15.75,48,0,3.21311011632103,1
243,1,15.75,48,3.21311011632103,3.76281082445941,1
243,1,15.75,48,3.76281082445941,5.98473750264657,1
243,1,15.75,48,5.98473750264657,6.6187983758042,1
243,1,15.75,48,6.6187983758042,6.69830175771641,1
243,1,15.75,48,6.69830175771641,7.28139264958553,1
243,1,15.75,48,7.28139264958553,7.31821559719828,1
243,1,15.75,48,7.31821559719828,7.39948136009662,1
243,1,15.75,48,7.39948136009662,8.16574938480121,1
243,1,15.75,48,8.16574938480121,8.83128857050022,1
243,1,15.75,48,8.83128857050022,8.83258296202897,1
243,1,15.75,48,8.83258296202897,10.0781837391659,1
243,1,15.75,48,10.0781837391659,10.0997913433117,1
243,1,15.75,48,10.0997913433117,10.1782486135787,1
243,1,15.75,48,10.1782486135787,10.3980570694813,1
243,1,15.75,48,10.3980570694813,10.525667696958,1
243,1,15.75,48,10.525667696958,10.6772122242555,1
243,1,15.75,48,10.6772122242555,10.8067484001791,1
243,1,15.75,48,10.8067484001791,11.0858266293786,1
243,1,15.75,48,11.0858266293786,11.2407856605213,1
243,1,15.75,48,11.2407856605213,11.4797844276879,1
243,1,15.75,48,11.4797844276879,11.8220595952915,1
243,1,15.75,48,11.8220595952915,11.8325272772281,1
243,1,15.75,48,11.8325272772281,11.9123168568045,1
243,1,15.75,48,11.9123168568045,12.7059996392148,1
243,1,15.75,48,12.7059996392148,12.7650236751715,1
243,1,15.75,48,12.7650236751715,13.0444504681186,1
243,1,15.75,48,13.0444504681186,13.3041487764667,1
243,1,15.75,48,13.3041487764667,13.4330437412523,1
243,1,15.75,48,13.4330437412523,13.7387045864681,1
243,1,15.75,48,13.7387045864681,13.8539347718288,1
243,1,15.75,48,13.8539347718288,13.8578553543884,1
243,1,15.75,48,13.8578553543884,14.1214219656639,1
243,1,15.75,48,14.1214219656639,14.2557843485021,1
243,1,15.75,48,14.2557843485021,14.4640109636211,1
243,1,15.75,48,14.4640109636211,14.490446652256,1
243,1,15.75,48,14.490446652256,14.5126523064682,1
243,1,15.75,48,14.5126523064682,14.5153094424542,1
243,1,15.75,48,14.5153094424542,14.5437233040622,1
243,1,15.75,48,14.5437233040622,14.5630718264381,1
243,1,15.75,48,14.5630718264381,14.6266148601316,1
243,1,15.75,48,14.6266148601316,14.7319428062136,1
243,1,15.75,48,14.7319428062136,14.7605538595563,1
243,1,15.75,48,14.7605538595563,14.924405900994,1
243,1,15.75,48,14.924405900994,14.9794646594683,1
243,1,15.75,48,14.9794646594683,15.0823602807271,1
243,1,15.75,48,15.0823602807271,15.159978090056,1
243,1,15.75,48,15.159978090056,15.5368739794467,1
243,1,15.75,48,15.5368739794467,15.75,0
244,1,14.75,25,0,2.01826938045689,1
244,1,14.75,25,2.01826938045689,5.62130799634037,1
244,1,14.75,25,5.62130799634037,7.43140035408377,1
244,1,14.75,25,7.43140035408377,7.78261796195788,1
244,1,14.75,25,7.78261796195788,8.03133046844358,1
244,1,14.75,25,8.03133046844358,8.72688011719855,1
244,1,14.75,25,8.72688011719855,8.74152914792793,1
244,1,14.75,25,8.74152914792793,9.29174173036104,1
244,1,14.75,25,9.29174173036104,10.2013824789301,1
244,1,14.75,25,10.2013824789301,10.3174575042099,1
244,1,14.75,25,10.3174575042099,10.4148676651577,1
244,1,14.75,25,10.4148676651577,10.4166247034409,1
244,1,14.75,25,10.4166247034409,11.0384589059766,1
244,1,14.75,25,11.0384589059766,11.4243273708924,1
244,1,14.75,25,11.4243273708924,12.0786795572421,1
244,1,14.75,25,12.0786795572421,12.096790092309,1
244,1,14.75,25,12.096790092309,12.3442313174293,1
244,1,14.75,25,12.3442313174293,12.3482468738268,1
244,1,14.75,25,12.3482468738268,12.449206171345,1
244,1,14.75,25,12.449206171345,12.9109709379135,1
244,1,14.75,25,12.9109709379135,12.9253230014234,1
244,1,14.75,25,12.9253230014234,12.9490061721231,1
244,1,14.75,25,12.9490061721231,13.0862641607144,1
244,1,14.75,25,13.0862641607144,14.0421327379249,1
244,1,14.75,25,14.0421327379249,14.1395798237591,1
244,1,14.75,25,14.1395798237591,14.75,0
245,1,11.75,2,0,0.0380392575029602,1
245,1,11.75,2,0.0380392575029602,1.01481180436933,1
245,1,11.75,2,1.01481180436933,11.75,0
246,1,11.75,13,0,2.79539034695339,1
246,1,11.75,13,2.79539034695339,3.42511605161272,1
246,1,11.75,13,3.42511605161272,3.58076482027476,1
246,1,11.75,13,3.58076482027476,6.90026016780741,1
246,1,11.75,13,6.90026016780741,7.4620030052147,1
246,1,11.75,13,7.4620030052147,8.28099986511742,1
246,1,11.75,13,8.28099986511742,8.66853049968209,1
246,1,11.75,13,8.66853049968209,8.72628541239299,1
246,1,11.75,13,8.72628541239299,9.04375647648259,1
246,1,11.75,13,9.04375647648259,10.5798642892341,1
246,1,11.75,13,10.5798642892341,11.0943932677592,1
246,1,11.75,13,11.0943932677592,11.1874761554751,1
246,1,11.75,13,11.1874761554751,11.7429497383693,1
246,1,11.75,13,11.7429497383693,11.75,0
247,1,11.75,12,0,5.66371778127208,1
247,1,11.75,12,5.66371778127208,7.31519465792452,1
247,1,11.75,12,7.31519465792452,7.64932194261064,1
247,1,11.75,12,7.64932194261064,8.05272402414432,1
247,1,11.75,12,8.05272402414432,8.48375289010035,1
247,1,11.75,12,8.48375289010035,9.1305782746293,1
247,1,11.75,12,9.1305782746293,10.2683374050712,1
247,1,11.75,12,10.2683374050712,10.5223909740608,1
247,1,11.75,12,10.5223909740608,10.5871638207687,1
247,1,11.75,12,10.5871638207687,10.8033385488808,1
247,1,11.75,12,10.8033385488808,11.4630858902407,1
247,1,11.75,12,11.4630858902407,11.7202462399679,1
247,1,11.75,12,11.7202462399679,11.75,0
248,1,10.75,6,0,1.65002947844336,1
248,1,10.75,6,1.65002947844336,4.71759936333682,1
248,1,10.75,6,4.71759936333682,6.55715877685691,1
248,1,10.75,6,6.55715877685691,6.8151733310509,1
248,1,10.75,6,6.8151733310509,6.81809973037455,1
248,1,10.75,6,6.81809973037455,8.34052356632563,1
248,1,10.75,6,8.34052356632563,10.75,0
249,1,17.75,1,0,4.28748778883472,1
249,1,17.75,1,4.28748778883472,17.75,0
250,1,14.75,62,0,1.45147837520407,1
250,1,14.75,62,1.45147837520407,3.04340979100843,1
250,1,14.75,62,3.04340979100843,3.57366083196372,1
250,1,14.75,62,3.57366083196372,4.31285277073245,1
250,1,14.75,62,4.31285277073245,5.91720186668331,1
250,1,14.75,62,5.91720186668331,6.52446973201806,1
250,1,14.75,62,6.52446973201806,7.01118801226528,1
250,1,14.75,62,7.01118801226528,7.05832341698451,1
250,1,14.75,62,7.05832341698451,7.43829340859727,1
250,1,14.75,62,7.43829340859727,7.6243691403922,1
250,1,14.75,62,7.6243691403922,7.70824347945308,1
250,1,14.75,62,7.70824347945308,7.95471578151488,1
250,1,14.75,62,7.95471578151488,8.08308382168554,1
250,1,14.75,62,8.08308382168554,8.18961918517536,1
250,1,14.75,62,8.18961918517536,8.55624899117617,1
250,1,14.75,62,8.55624899117617,8.57461402903619,1
250,1,14.75,62,8.57461402903619,8.73552387452492,1
250,1,14.75,62,8.73552387452492,8.84234185828718,1
250,1,14.75,62,8.84234185828718,8.9439345081489,1
250,1,14.75,62,8.9439345081489,9.00170003056336,1
250,1,14.75,62,9.00170003056336,9.22229714421545,1
250,1,14.75,62,9.22229714421545,9.27813963114467,1
250,1,14.75,62,9.27813963114467,9.31353644378282,1
250,1,14.75,62,9.31353644378282,9.6383078392813,1
250,1,14.75,62,9.6383078392813,9.79760395354032,1
250,1,14.75,62,9.79760395354032,9.80203089603005,1
250,1,14.75,62,9.80203089603005,9.92090416000302,1
250,1,14.75,62,9.92090416000302,10.1577500712714,1
250,1,14.75,62,10.1577500712714,10.5037841555556,1
250,1,14.75,62,10.5037841555556,10.6153781827845,1
250,1,14.75,62,10.6153781827845,10.6919093909549,1
250,1,14.75,62,10.6919093909549,10.7896488697214,1
250,1,14.75,62,10.7896488697214,10.9843372273894,1
250,1,14.75,62,10.9843372273894,11.0955989629103,1
250,1,14.75,62,11.0955989629103,11.1053507900375,1
250,1,14.75,62,11.1053507900375,11.2949668210354,1
250,1,14.75,62,11.2949668210354,11.3044584553521,1
250,1,14.75,62,11.3044584553521,11.7509093456472,1
250,1,14.75,62,11.7509093456472,11.7692668309962,1
250,1,14.75,62,11.7692668309962,12.0091295551631,1
250,1,14.75,62,12.0091295551631,12.0171538082718,1
250,1,14.75,62,12.0171538082718,12.045413912582,1
250,1,14.75,62,12.045413912582,12.192045176009,1
250,1,14.75,62,12.192045176009,12.4269174217273,1
250,1,14.75,62,12.4269174217273,12.5911032425219,1
250,1,14.75,62,12.5911032425219,12.6036031810822,1
250,1,14.75,62,12.6036031810822,12.6842934114679,1
250,1,14.75,62,12.6842934114679,12.6949371387961,1
250,1,14.75,62,12.6949371387961,12.8541830126705,1
250,1,14.75,62,12.8541830126705,13.5549812095875,1
250,1,14.75,62,13.5549812095875,13.633196589456,1
250,1,14.75,62,13.633196589456,13.6726906296313,1
250,1,14.75,62,13.6726906296313,13.9384345635621,1
250,1,14.75,62,13.9384345635621,14.0277668793856,1
250,1,14.75,62,14.0277668793856,14.0968430365928,1
250,1,14.75,62,14.0968430365928,14.2079439769636,1
250,1,14.75,62,14.2079439769636,14.3933592801115,1
250,1,14.75,62,14.3933592801115,14.4635605468943,1
250,1,14.75,62,14.4635605468943,14.4929679960915,1
250,1,14.75,62,14.4929679960915,14.5186096063101,1
250,1,14.75,62,14.5186096063101,14.5285314815897,1
250,1,14.75,62,14.5285314815897,14.6137552326544,1
250,1,14.75,62,14.6137552326544,14.75,0
251,1,17.75,2,0,0.0598603879358102,1
251,1,17.75,2,0.0598603879358102,7.71414839960152,1
251,1,17.75,2,7.71414839960152,17.75,0
252,1,16.75,3,0,0.0404461643093289,1
252,1,16.75,3,0.0404461643093289,9.51735598716796,1
252,1,16.75,3,9.51735598716796,16.5639431027481,1
252,1,16.75,3,16.5639431027481,16.75,0
253,1,16.75,2,0,0.222142570835016,1
253,1,16.75,2,0.222142570835016,16.1249189831389,1
253,1,16.75,2,16.1249189831389,16.75,0
254,1,12.75,0,0,12.75,0
255,1,8.75,8,0,4.61615548969756,1
255,1,8.75,8,4.61615548969756,5.18614612343679,1
255,1,8.75,8,5.18614612343679,5.196561493938,1
255,1,8.75,8,5.196561493938,5.26942135680619,1
255,1,8.75,8,5.26942135680619,6.65106616324519,1
255,1,8.75,8,6.65106616324519,7.54711485442733,1
255,1,8.75,8,7.54711485442733,8.23367002921921,1
255,1,8.75,8,8.23367002921921,8.71848902887102,1
255,1,8.75,8,8.71848902887102,8.75,0
256,1,13.75,5,0,0.295227445775988,1
256,1,13.75,5,0.295227445775988,1.21469495916258,1
256,1,13.75,5,1.21469495916258,4.05673057568886,1
256,1,13.75,5,4.05673057568886,6.92517387219126,1
256,1,13.75,5,6.92517387219126,10.0226203609463,1
256,1,13.75,5,10.0226203609463,13.75,0
257,1,13.75,0,0,13.75,0
258,1,18.75,2,0,7.88142359303559,1
258,1,18.75,2,7.88142359303559,17.1600621387186,1
258,1,18.75,2,17.1600621387186,18.75,0
259,1,9.75,20,0,1.8183275691626,1
259,1,9.75,20,1.8183275691626,2.62258024370524,1
259,1,9.75,20,2.62258024370524,3.91338611419721,1
259,1,9.75,20,3.91338611419721,4.12533298928203,1
259,1,9.75,20,4.12533298928203,5.67256938845318,1
259,1,9.75,20,5.67256938845318,6.2984150610536,1
259,1,9.75,20,6.2984150610536,6.54388203243705,1
259,1,9.75,20,6.54388203243705,6.67976977016187,1
259,1,9.75,20,6.67976977016187,7.51985548784791,1
259,1,9.75,20,7.51985548784791,7.67033568386235,1
259,1,9.75,20,7.67033568386235,7.75077405214028,1
259,1,9.75,20,7.75077405214028,7.7646784960221,1
259,1,9.75,20,7.7646784960221,7.92045669942193,1
259,1,9.75,20,7.92045669942193,7.98449784439716,1
259,1,9.75,20,7.98449784439716,8.40155242670844,1
259,1,9.75,20,8.40155242670844,8.95563072822584,1
259,1,9.75,20,8.95563072822584,8.99998871352894,1
259,1,9.75,20,8.99998871352894,9.23657353273957,1
259,1,9.75,20,9.23657353273957,9.30873496998641,1
259,1,9.75,20,9.30873496998641,9.42570991268122,1
259,1,9.75,20,9.42570991268122,9.75,0
260,1,20.75,55,0,5.80633375408652,1
260,1,20.75,55,5.80633375408652,6.71770115239111,1
260,1,20.75,55,6.71770115239111,6.79697635215954,1
260,1,20.75,55,6.79697635215954,6.8325107836397,1
260,1,20.75,55,6.8325107836397,7.42078714326867,1
260,1,20.75,55,7.42078714326867,8.29872108348937,1
260,1,20.75,55,8.29872108348937,8.6912894098053,1
260,1,20.75,55,8.6912894098053,8.75537760300008,1
260,1,20.75,55,8.75537760300008,10.0212198607616,1
260,1,20.75,55,10.0212198607616,10.1392315692735,1
260,1,20.75,55,10.1392315692735,10.423544926658,1
260,1,20.75,55,10.423544926658,10.6076544465022,1
260,1,20.75,55,10.6076544465022,11.0203583127106,1
260,1,20.75,55,11.0203583127106,11.8484237403851,1
260,1,20.75,55,11.8484237403851,12.3247085839834,1
260,1,20.75,55,12.3247085839834,12.6695181568254,1
260,1,20.75,55,12.6695181568254,12.9244307710429,1
260,1,20.75,55,12.9244307710429,12.9802399508194,1
260,1,20.75,55,12.9802399508194,13.161944493218,1
260,1,20.75,55,13.161944493218,13.2424354744209,1
260,1,20.75,55,13.2424354744209,13.3385083180149,1
260,1,20.75,55,13.3385083180149,14.249548540371,1
260,1,20.75,55,14.249548540371,14.3632152207487,1
260,1,20.75,55,14.3632152207487,14.4697813468197,1
260,1,20.75,55,14.4697813468197,15.3234554387803,1
260,1,20.75,55,15.3234554387803,15.5379740805848,1
260,1,20.75,55,15.5379740805848,15.982306005723,1
260,1,20.75,55,15.982306005723,16.0996225480458,1
260,1,20.75,55,16.0996225480458,16.1872114610352,1
260,1,20.75,55,16.1872114610352,16.4452889034255,1
260,1,20.75,55,16.4452889034255,16.476385465223,1
260,1,20.75,55,16.476385465223,16.4952804013476,1
260,1,20.75,55,16.4952804013476,16.6877817407338,1
260,1,20.75,55,16.6877817407338,16.7831128107602,1
260,1,20.75,55,16.7831128107602,17.498828580025,1
260,1,20.75,55,17.498828580025,17.6471920618462,1
260,1,20.75,55,17.6471920618462,17.8768785832879,1
260,1,20.75,55,17.8768785832879,18.2083917667628,1
260,1,20.75,55,18.2083917667628,18.3647018334461,1
260,1,20.75,55,18.3647018334461,18.411037327965,1
260,1,20.75,55,18.411037327965,18.6681876665039,1
260,1,20.75,55,18.6681876665039,18.6896052740975,1
260,1,20.75,55,18.6896052740975,19.2633088876876,1
260,1,20.75,55,19.2633088876876,19.3494438537877,1
260,1,20.75,55,19.3494438537877,19.5176961704231,1
260,1,20.75,55,19.5176961704231,19.6402372500777,1
260,1,20.75,55,19.6402372500777,19.7254104146626,1
260,1,20.75,55,19.7254104146626,19.7996154071573,1
260,1,20.75,55,19.7996154071573,19.8070889378153,1
260,1,20.75,55,19.8070889378153,20.0579219060827,1
260,1,20.75,55,20.0579219060827,20.0735477762212,1
260,1,20.75,55,20.0735477762212,20.5844158527047,1
260,1,20.75,55,20.5844158527047,20.6272273955659,1
260,1,20.75,55,20.6272273955659,20.6503962967748,1
260,1,20.75,55,20.6503962967748,20.7069429617377,1
260,1,20.75,55,20.7069429617377,20.75,0
261,1,9.75,8,0,2.60335683857659,1
261,1,9.75,8,2.60335683857659,2.89460027157106,1
261,1,9.75,8,2.89460027157106,6.55814789235387,1
261,1,9.75,8,6.55814789235387,7.09888285791175,1
261,1,9.75,8,7.09888285791175,8.15434885119957,1
261,1,9.75,8,8.15434885119957,8.84242343767334,1
261,1,9.75,8,8.84242343767334,9.40148494410723,1
261,1,9.75,8,9.40148494410723,9.61339771218218,1
261,1,9.75,8,9.61339771218218,9.75,0
262,1,15.75,2,0,11.421743651384,1
262,1,15.75,2,11.421743651384,12.254759281435,1
262,1,15.75,2,12.254759281435,15.75,0
263,1,16.75,1,0,16.1301225745849,1
263,1,16.75,1,16.1301225745849,16.75,0
264,1,12.75,0,0,12.75,0
265,1,11.75,3,0,1.84085533498046,1
265,1,11.75,3,1.84085533498046,8.28206663130404,1
265,1,11.75,3,8.28206663130404,11.6001894432424,1
265,1,11.75,3,11.6001894432424,11.75,0
266,1,11.75,1,0,1.89127386162321,1
266,1,11.75,1,1.89127386162321,11.75,0
267,1,17.75,1,0,2.49143841218534,1
267,1,17.75,1,2.49143841218534,17.75,0
268,1,14.75,0,0,14.75,0
269,1,15.75,1,0,10.7456581450934,1
269,1,15.75,1,10.7456581450934,15.75,0
270,1,16.75,22,0,4.43085567383327,1
270,1,16.75,22,4.43085567383327,4.90600751308295,1
270,1,16.75,22,4.90600751308295,8.80526831005572,1
270,1,16.75,22,8.80526831005572,9.3413544679324,1
270,1,16.75,22,9.3413544679324,9.65213563121456,1
270,1,16.75,22,9.65213563121456,9.87094099358943,1
270,1,16.75,22,9.87094099358943,9.97227238929747,1
270,1,16.75,22,9.97227238929747,10.2497727067252,1
270,1,16.75,22,10.2497727067252,10.498634914286,1
270,1,16.75,22,10.498634914286,10.7396282755978,1
270,1,16.75,22,10.7396282755978,10.8772668397457,1
270,1,16.75,22,10.8772668397457,11.1802887544454,1
270,1,16.75,22,11.1802887544454,11.5833994448113,1
270,1,16.75,22,11.5833994448113,11.7170653367992,1
270,1,16.75,22,11.7170653367992,11.9612982280923,1
270,1,16.75,22,11.9612982280923,12.2949147289011,1
270,1,16.75,22,12.2949147289011,12.6362519639272,1
270,1,16.75,22,12.6362519639272,14.0904425141252,1
270,1,16.75,22,14.0904425141252,14.5752903940117,1
270,1,16.75,22,14.5752903940117,15.3447554490718,1
270,1,16.75,22,15.3447554490718,16.2126198360139,1
270,1,16.75,22,16.2126198360139,16.3275955768401,1
270,1,16.75,22,16.3275955768401,16.75,0
271,1,10.75,0,0,10.75,0
272,1,13.75,1,0,2.21486006408731,1
272,1,13.75,1,2.21486006408731,13.75,0
273,1,12.75,11,0,4.68832375596668,1
273,1,12.75,11,4.68832375596668,4.83539801578886,1
273,1,12.75,11,4.83539801578886,5.72484880281009,1
273,1,12.75,11,5.72484880281009,6.33678341161169,1
273,1,12.75,11,6.33678341161169,6.53216630484616,1
273,1,12.75,11,6.53216630484616,7.13890947786688,1
273,1,12.75,11,7.13890947786688,8.65208487209487,1
273,1,12.75,11,8.65208487209487,9.81410604168177,1
273,1,12.75,11,9.81410604168177,10.820083765837,1
273,1,12.75,11,10.820083765837,11.0790507552654,1
273,1,12.75,11,11.0790507552654,11.25973497782,1
273,1,12.75,11,11.25973497782,12.75,0
274,1,13.75,22,0,4.02137633305621,1
274,1,13.75,22,4.02137633305621,7.436888101594,1
274,1,13.75,22,7.436888101594,7.46795475712862,1
274,1,13.75,22,7.46795475712862,7.71865306741962,1
274,1,13.75,22,7.71865306741962,7.89307181363428,1
274,1,13.75,22,7.89307181363428,9.28858435588774,1
274,1,13.75,22,9.28858435588774,9.64086960855987,1
274,1,13.75,22,9.64086960855987,11.0381891447201,1
274,1,13.75,22,11.0381891447201,11.4623987233417,1
274,1,13.75,22,11.4623987233417,11.5774606368394,1
274,1,13.75,22,11.5774606368394,11.7296593310624,1
274,1,13.75,22,11.7296593310624,12.1953229718916,1
274,1,13.75,22,12.1953229718916,12.4670210528802,1
274,1,13.75,22,12.4670210528802,12.523561943743,1
274,1,13.75,22,12.523561943743,12.6351854444092,1
274,1,13.75,22,12.6351854444092,12.7719460719895,1
274,1,13.75,22,12.7719460719895,12.9637364938919,1
274,1,13.75,22,12.9637364938919,13.0977163529195,1
274,1,13.75,22,13.0977163529195,13.223598446464,1
274,1,13.75,22,13.223598446464,13.4236437668974,1
274,1,13.75,22,13.4236437668974,13.4838456610737,1
274,1,13.75,22,13.4838456610737,13.4878900043844,1
274,1,13.75,22,13.4878900043844,13.75,0
275,1,13.75,30,0,0.819888902708902,1
275,1,13.75,30,0.819888902708902,2.74600707398263,1
275,1,13.75,30,2.74600707398263,4.01302181166078,1
275,1,13.75,30,4.01302181166078,5.44578393812042,1
275,1,13.75,30,5.44578393812042,5.8589644289044,1
275,1,13.75,30,5.8589644289044,6.07607376144579,1
275,1,13.75,30,6.07607376144579,6.34224799385896,1
275,1,13.75,30,6.34224799385896,6.47147169734962,1
275,1,13.75,30,6.47147169734962,7.7115318166861,1
275,1,13.75,30,7.7115318166861,9.10045257247449,1
275,1,13.75,30,9.10045257247449,9.1224489897517,1
275,1,13.75,30,9.1224489897517,9.98961893450073,1
275,1,13.75,30,9.98961893450073,10.2689703455248,1
275,1,13.75,30,10.2689703455248,10.3659181363652,1
275,1,13.75,30,10.3659181363652,10.3753574690259,1
275,1,13.75,30,10.3753574690259,10.4010501163457,1
275,1,13.75,30,10.4010501163457,10.4118257766626,1
275,1,13.75,30,10.4118257766626,10.9411637687938,1
275,1,13.75,30,10.9411637687938,11.1966482667748,1
275,1,13.75,30,11.1966482667748,11.6143069573744,1
275,1,13.75,30,11.6143069573744,12.0450011398733,1
275,1,13.75,30,12.0450011398733,12.0580581190155,1
275,1,13.75,30,12.0580581190155,12.4092474942985,1
275,1,13.75,30,12.4092474942985,12.4401426558847,1
275,1,13.75,30,12.4401426558847,12.5988904722535,1
275,1,13.75,30,12.5988904722535,12.6784261617926,1
275,1,13.75,30,12.6784261617926,12.8557694533604,1
275,1,13.75,30,12.8557694533604,13.1665773713673,1
275,1,13.75,30,13.1665773713673,13.2737562235183,1
275,1,13.75,30,13.2737562235183,13.7366161627075,1
275,1,13.75,30,13.7366161627075,13.75,0
276,1,12.75,4,0,1.72968666881428,1
276,1,12.75,4,1.72968666881428,3.41064733563206,1
276,1,12.75,4,3.41064733563206,7.26554705033764,1
276,1,12.75,4,7.26554705033764,11.8533761713707,1
276,1,12.75,4,11.8533761713707,12.75,0
277,1,11.75,18,0,0.903650158312454,1
277,1,11.75,18,0.903650158312454,3.63042813823991,1
277,1,11.75,18,3.63042813823991,3.64347654643244,1
277,1,11.75,18,3.64347654643244,3.94028679297368,1
277,1,11.75,18,3.94028679297368,6.17809262230457,1
277,1,11.75,18,6.17809262230457,6.81398309047213,1
277,1,11.75,18,6.81398309047213,7.08193856086711,1
277,1,11.75,18,7.08193856086711,7.51556413678858,1
277,1,11.75,18,7.51556413678858,8.42338793531276,1
277,1,11.75,18,8.42338793531276,8.55796979488488,1
277,1,11.75,18,8.55796979488488,8.90026071573207,1
277,1,11.75,18,8.90026071573207,8.99946253269192,1
277,1,11.75,18,8.99946253269192,9.01648470026022,1
277,1,11.75,18,9.01648470026022,9.96026408501959,1
277,1,11.75,18,9.96026408501959,10.6988861059564,1
277,1,11.75,18,10.6988861059564,11.0880198803236,1
277,1,11.75,18,11.0880198803236,11.1728366898444,1
277,1,11.75,18,11.1728366898444,11.5347130454349,1
277,1,11.75,18,11.5347130454349,11.75,0
278,1,20.75,1,0,0.38553336067449,1
278,1,20.75,1,0.38553336067449,20.75,0
279,1,18.75,2,0,4.1661663896031,1
279,1,18.75,2,4.1661663896031,9.67456689529073,1
279,1,18.75,2,9.67456689529073,18.75,0
280,1,8.75,10,0,3.94199712360501,1
280,1,8.75,10,3.94199712360501,5.27399850042628,1
280,1,8.75,10,5.27399850042628,6.69988988193331,1
280,1,8.75,10,6.69988988193331,6.7072563257848,1
280,1,8.75,10,6.7072563257848,7.19218485880328,1
280,1,8.75,10,7.19218485880328,7.89986947428626,1
280,1,8.75,10,7.89986947428626,8.02234287569994,1
280,1,8.75,10,8.02234287569994,8.10909991086753,1
280,1,8.75,10,8.10909991086753,8.51836665868271,1
280,1,8.75,10,8.51836665868271,8.73729824312816,1
280,1,8.75,10,8.73729824312816,8.75,0
281,1,9.75,2,0,0.424185467833583,1
281,1,9.75,2,0.424185467833583,7.13327523405286,1
281,1,9.75,2,7.13327523405286,9.75,0
282,1,13.75,2,0,2.94753583381782,1
282,1,13.75,2,2.94753583381782,6.18274931913144,1
282,1,13.75,2,6.18274931913144,13.75,0
283,1,18.75,4,0,0.505903936076656,1
283,1,18.75,4,0.505903936076656,7.85779669311376,1
283,1,18.75,4,7.85779669311376,9.36163042878303,1
283,1,18.75,4,9.36163042878303,17.2376269709701,1
283,1,18.75,4,17.2376269709701,18.75,0
284,1,16.75,4,0,0.00585788212623722,1
284,1,16.75,4,0.00585788212623722,0.467209578523368,1
284,1,16.75,4,0.467209578523368,13.5342732191869,1
284,1,16.75,4,13.5342732191869,16.6765077802397,1
284,1,16.75,4,16.6765077802397,16.75,0
285,1,9.75,9,0,3.0995590483317,1
285,1,9.75,9,3.0995590483317,4.81793605847526,1
285,1,9.75,9,4.81793605847526,5.7271985665621,1
285,1,9.75,9,5.7271985665621,8.11732330926096,1
285,1,9.75,9,8.11732330926096,8.18242857367097,1
285,1,9.75,9,8.18242857367097,8.60957558869137,1
285,1,9.75,9,8.60957558869137,9.18970432284058,1
285,1,9.75,9,9.18970432284058,9.22671269044104,1
285,1,9.75,9,9.22671269044104,9.55191630854002,1
285,1,9.75,9,9.55191630854002,9.75,0
286,1,8.75,8,0,6.50230912132189,1
286,1,8.75,8,6.50230912132189,6.8642215556754,1
286,1,8.75,8,6.8642215556754,7.00217067115022,1
286,1,8.75,8,7.00217067115022,7.17939787705115,1
286,1,8.75,8,7.17939787705115,7.47800153569665,1
286,1,8.75,8,7.47800153569665,7.86192423296356,1
286,1,8.75,8,7.86192423296356,8.18389284674068,1
286,1,8.75,8,8.18389284674068,8.24163439157858,1
286,1,8.75,8,8.24163439157858,8.75,0
287,1,8.75,3,0,0.00086791277960978,1
287,1,8.75,3,0.00086791277960978,0.785332209410975,1
287,1,8.75,3,0.785332209410975,4.02152273745852,1
287,1,8.75,3,4.02152273745852,8.75,0
288,1,16.75,35,0,3.68674471017862,1
288,1,16.75,35,3.68674471017862,5.383814187221,1
288,1,16.75,35,5.383814187221,5.83363625326579,1
288,1,16.75,35,5.83363625326579,6.51185954169586,1
288,1,16.75,35,6.51185954169586,7.092178724244,1
288,1,16.75,35,7.092178724244,7.34840366734834,1
288,1,16.75,35,7.34840366734834,7.71979995902404,1
288,1,16.75,35,7.71979995902404,9.54908224950008,1
288,1,16.75,35,9.54908224950008,10.1682656538029,1
288,1,16.75,35,10.1682656538029,10.9070758797754,1
288,1,16.75,35,10.9070758797754,11.497237121511,1
288,1,16.75,35,11.497237121511,11.8791815795018,1
288,1,16.75,35,11.8791815795018,12.6608191424562,1
288,1,16.75,35,12.6608191424562,12.6664083854161,1
288,1,16.75,35,12.6664083854161,13.0177438709863,1
288,1,16.75,35,13.0177438709863,13.3208107861299,1
288,1,16.75,35,13.3208107861299,13.3908376107547,1
288,1,16.75,35,13.3908376107547,13.4210436206304,1
288,1,16.75,35,13.4210436206304,13.6741886462261,1
288,1,16.75,35,13.6741886462261,13.7289975691812,1
288,1,16.75,35,13.7289975691812,13.7415296100388,1
288,1,16.75,35,13.7415296100388,13.9528347213744,1
288,1,16.75,35,13.9528347213744,14.4800143677073,1
288,1,16.75,35,14.4800143677073,14.6244670082579,1
288,1,16.75,35,14.6244670082579,14.8591065202751,1
288,1,16.75,35,14.8591065202751,15.5171007271426,1
288,1,16.75,35,15.5171007271426,15.5336577697894,1
288,1,16.75,35,15.5336577697894,15.6630733844205,1
288,1,16.75,35,15.6630733844205,15.8920313452765,1
288,1,16.75,35,15.8920313452765,15.9213473244706,1
288,1,16.75,35,15.9213473244706,16.1946920262317,1
288,1,16.75,35,16.1946920262317,16.4289917989214,1
288,1,16.75,35,16.4289917989214,16.5243818627962,1
288,1,16.75,35,16.5243818627962,16.604888176727,1
288,1,16.75,35,16.604888176727,16.6343864381933,1
288,1,16.75,35,16.6343864381933,16.75,0
289,1,13.75,45,0,3.52796989529337,1
289,1,13.75,45,3.52796989529337,3.90659724868744,1
289,1,13.75,45,3.90659724868744,5.61999203601867,1
289,1,13.75,45,5.61999203601867,6.15482844684773,1
289,1,13.75,45,6.15482844684773,6.74702991278233,1
289,1,13.75,45,6.74702991278233,6.87878218879779,1
289,1,13.75,45,6.87878218879779,6.8867678280596,1
289,1,13.75,45,6.8867678280596,7.56215620378134,1
289,1,13.75,45,7.56215620378134,7.69427515842948,1
289,1,13.75,45,7.69427515842948,8.02963795669505,1
289,1,13.75,45,8.02963795669505,8.58742771650488,1
289,1,13.75,45,8.58742771650488,8.61496692323871,1
289,1,13.75,45,8.61496692323871,9.01457729326512,1
289,1,13.75,45,9.01457729326512,9.03483774688898,1
289,1,13.75,45,9.03483774688898,9.3996325343257,1
289,1,13.75,45,9.3996325343257,9.65224219106521,1
289,1,13.75,45,9.65224219106521,9.74838770034917,1
289,1,13.75,45,9.74838770034917,9.75182154954202,1
289,1,13.75,45,9.75182154954202,9.77209777986475,1
289,1,13.75,45,9.77209777986475,9.80717534693232,1
289,1,13.75,45,9.80717534693232,9.99398054402404,1
289,1,13.75,45,9.99398054402404,10.4207215699452,1
289,1,13.75,45,10.4207215699452,10.5810412864969,1
289,1,13.75,45,10.5810412864969,10.8867565840057,1
289,1,13.75,45,10.8867565840057,10.9105257064737,1
289,1,13.75,45,10.9105257064737,11.524979477828,1
289,1,13.75,45,11.524979477828,11.6707396750841,1
289,1,13.75,45,11.6707396750841,11.8534922618461,1
289,1,13.75,45,11.8534922618461,11.8651828135365,1
289,1,13.75,45,11.8651828135365,12.1071924891633,1
289,1,13.75,45,12.1071924891633,12.1604990788139,1
289,1,13.75,45,12.1604990788139,12.521676062878,1
289,1,13.75,45,12.521676062878,12.6103599188405,1
289,1,13.75,45,12.6103599188405,12.6554487619001,1
289,1,13.75,45,12.6554487619001,12.6995026140078,1
289,1,13.75,45,12.6995026140078,12.8358172241759,1
289,1,13.75,45,12.8358172241759,13.0836213494032,1
289,1,13.75,45,13.0836213494032,13.1487463118915,1
289,1,13.75,45,13.1487463118915,13.265084623873,1
289,1,13.75,45,13.265084623873,13.3684301644607,1
289,1,13.75,45,13.3684301644607,13.3900288054737,1
289,1,13.75,45,13.3900288054737,13.3976691921047,1
289,1,13.75,45,13.3976691921047,13.4267980883719,1
289,1,13.75,45,13.4267980883719,13.4844124736208,1
289,1,13.75,45,13.4844124736208,13.5781706830751,1
289,1,13.75,45,13.5781706830751,13.75,0
290,1,16.75,0,0,16.75,0
291,1,8.75,5,0,2.08972443788731,1
291,1,8.75,5,2.08972443788731,5.75107816550623,1
291,1,8.75,5,5.75107816550623,6.69195253828264,1
291,1,8.75,5,6.69195253828264,6.78634100557671,1
291,1,8.75,5,6.78634100557671,8.02468928627941,1
291,1,8.75,5,8.02468928627941,8.75,0
292,1,11.75,1,0,0.0412901194713435,1
292,1,11.75,1,0.0412901194713435,11.75,0
293,1,8.75,0,0,8.75,0
294,1,8.75,1,0,5.09764871239897,1
294,1,8.75,1,5.09764871239897,8.75,0
295,1,15.75,5,0,0.434509832043923,1
295,1,15.75,5,0.434509832043923,2.59486783144183,1
295,1,15.75,5,2.59486783144183,5.17004740570515,1
295,1,15.75,5,5.17004740570515,13.0662498870036,1
295,1,15.75,5,13.0662498870036,14.5131169195548,1
295,1,15.75,5,14.5131169195548,15.75,0
296,1,14.75,26,0,4.74428037788536,1
296,1,14.75,26,4.74428037788536,5.84050973512818,1
296,1,14.75,26,5.84050973512818,5.88942034447623,1
296,1,14.75,26,5.88942034447623,8.64144631978316,1
296,1,14.75,26,8.64144631978316,8.96063586328991,1
296,1,14.75,26,8.96063586328991,9.06649039251589,1
296,1,14.75,26,9.06649039251589,9.29939268376868,1
296,1,14.75,26,9.29939268376868,9.5743661198407,1
296,1,14.75,26,9.5743661198407,10.2088621508874,1
296,1,14.75,26,10.2088621508874,10.333609112124,1
296,1,14.75,26,10.333609112124,11.1820770895926,1
296,1,14.75,26,11.1820770895926,11.4121019497272,1
296,1,14.75,26,11.4121019497272,11.4521006358723,1
296,1,14.75,26,11.4521006358723,11.7287460919963,1
296,1,14.75,26,11.7287460919963,12.1964463070694,1
296,1,14.75,26,12.1964463070694,12.4997355674437,1
296,1,14.75,26,12.4997355674437,12.6679231955397,1
296,1,14.75,26,12.6679231955397,12.6731636316236,1
296,1,14.75,26,12.6731636316236,12.9852409246007,1
296,1,14.75,26,12.9852409246007,13.1148448775229,1
296,1,14.75,26,13.1148448775229,13.403131415732,1
296,1,14.75,26,13.403131415732,13.5153054142195,1
296,1,14.75,26,13.5153054142195,13.6646692650362,1
296,1,14.75,26,13.6646692650362,14.0150438047893,1
296,1,14.75,26,14.0150438047893,14.0687207419721,1
296,1,14.75,26,14.0687207419721,14.3294128170371,1
296,1,14.75,26,14.3294128170371,14.75,0
297,1,12.75,38,0,3.14736237463324,1
297,1,12.75,38,3.14736237463324,3.37438215561575,1
297,1,12.75,38,3.37438215561575,6.3456370222824,1
297,1,12.75,38,6.3456370222824,6.78611234048508,1
297,1,12.75,38,6.78611234048508,7.37508131026887,1
297,1,12.75,38,7.37508131026887,7.50015414329118,1
297,1,12.75,38,7.50015414329118,7.63305306912337,1
297,1,12.75,38,7.63305306912337,7.86628478910935,1
297,1,12.75,38,7.86628478910935,7.92461591579311,1
297,1,12.75,38,7.92461591579311,7.93425679217235,1
297,1,12.75,38,7.93425679217235,8.24075227764306,1
297,1,12.75,38,8.24075227764306,8.28529266659749,1
297,1,12.75,38,8.28529266659749,8.3579848594811,1
297,1,12.75,38,8.3579848594811,8.46523598124895,1
297,1,12.75,38,8.46523598124895,8.52167627066624,1
297,1,12.75,38,8.52167627066624,8.68895227985155,1
297,1,12.75,38,8.68895227985155,8.74518731056389,1
297,1,12.75,38,8.74518731056389,8.89191361621395,1
297,1,12.75,38,8.89191361621395,8.96170249705775,1
297,1,12.75,38,8.96170249705775,9.06491557578546,1
297,1,12.75,38,9.06491557578546,9.24265345773886,1
297,1,12.75,38,9.24265345773886,9.5871880557043,1
297,1,12.75,38,9.5871880557043,9.62468415133961,1
297,1,12.75,38,9.62468415133961,10.1085316402692,1
297,1,12.75,38,10.1085316402692,10.4782017275227,1
297,1,12.75,38,10.4782017275227,10.5660460602367,1
297,1,12.75,38,10.5660460602367,10.6926682267682,1
297,1,12.75,38,10.6926682267682,10.8081447770661,1
297,1,12.75,38,10.8081447770661,10.9802545430908,1
297,1,12.75,38,10.9802545430908,11.1152259599236,1
297,1,12.75,38,11.1152259599236,11.1173015778603,1
297,1,12.75,38,11.1173015778603,11.2156160183319,1
297,1,12.75,38,11.2156160183319,11.6188583648298,1
297,1,12.75,38,11.6188583648298,11.6488844242187,1
297,1,12.75,38,11.6488844242187,11.9023792178907,1
297,1,12.75,38,11.9023792178907,11.9304001895835,1
297,1,12.75,38,11.9304001895835,12.4943836474173,1
297,1,12.75,38,12.4943836474173,12.7314594818702,1
297,1,12.75,38,12.7314594818702,12.75,0
298,1,12.75,26,0,1.70867825945674,1
298,1,12.75,26,1.70867825945674,4.34822517440288,1
298,1,12.75,26,4.34822517440288,4.49015728924933,1
298,1,12.75,26,4.49015728924933,5.26959091498462,1
298,1,12.75,26,5.26959091498462,6.99962782304203,1
298,1,12.75,26,6.99962782304203,7.66239465168757,1
298,1,12.75,26,7.66239465168757,7.67532102672328,1
298,1,12.75,26,7.67532102672328,7.9698848128004,1
298,1,12.75,26,7.9698848128004,8.78936833139229,1
298,1,12.75,26,8.78936833139229,9.09500256682524,1
298,1,12.75,26,9.09500256682524,9.09654440133772,1
298,1,12.75,26,9.09654440133772,9.13822363873351,1
298,1,12.75,26,9.13822363873351,9.17717058640725,1
298,1,12.75,26,9.17717058640725,9.22120105508898,1
298,1,12.75,26,9.22120105508898,9.56650468802654,1
298,1,12.75,26,9.56650468802654,9.73279671684086,1
298,1,12.75,26,9.73279671684086,9.86530365634668,1
298,1,12.75,26,9.86530365634668,10.3140037705329,1
298,1,12.75,26,10.3140037705329,10.3150567730829,1
298,1,12.75,26,10.3150567730829,10.4802285941823,1
298,1,12.75,26,10.4802285941823,10.8880516940967,1
298,1,12.75,26,10.8880516940967,10.936217389426,1
298,1,12.75,26,10.936217389426,11.011499234021,1
298,1,12.75,26,11.011499234021,11.5974105638065,1
298,1,12.75,26,11.5974105638065,11.9088436403567,1
298,1,12.75,26,11.9088436403567,12.1987873476263,1
298,1,12.75,26,12.1987873476263,12.75,0
299,1,18.75,6,0,1.12092959488748,1
299,1,18.75,6,1.12092959488748,2.31735272569281,1
299,1,18.75,6,2.31735272569281,5.47994798049645,1
299,1,18.75,6,5.47994798049645,7.85504992964304,1
299,1,18.75,6,7.85504992964304,12.0780191428369,1
299,1,18.75,6,12.0780191428369,15.4969221391737,1
299,1,18.75,6,15.4969221391737,18.75,0
300,1,17.75,3,0,1.60474496975201,1
300,1,17.75,3,1.60474496975201,7.30133947872074,1
300,1,17.75,3,7.30133947872074,10.0407683521377,1
300,1,17.75,3,10.0407683521377,17.75,0
301,0,14.75,0,0,14.75,0
302,0,13.75,0,0,13.75,0
303,0,11.75,0,0,11.75,0
304,0,14.75,28,0,1.79682163383994,1
304,0,14.75,28,1.79682163383994,5.04959866811647,1
304,0,14.75,28,5.04959866811647,5.94403640179167,1
304,0,14.75,28,5.94403640179167,7.45116095928791,1
304,0,14.75,28,7.45116095928791,7.68259819717146,1
304,0,14.75,28,7.68259819717146,7.97364592774181,1
304,0,14.75,28,7.97364592774181,8.04926419791589,1
304,0,14.75,28,8.04926419791589,8.54167424626006,1
304,0,14.75,28,8.54167424626006,9.15927062986359,1
304,0,14.75,28,9.15927062986359,9.35934184422296,1
304,0,14.75,28,9.35934184422296,9.93229717562833,1
304,0,14.75,28,9.93229717562833,10.5320672574653,1
304,0,14.75,28,10.5320672574653,11.1017523525255,1
304,0,14.75,28,11.1017523525255,11.5415971866745,1
304,0,14.75,28,11.5415971866745,11.5721049636065,1
304,0,14.75,28,11.5721049636065,11.8051417162685,1
304,0,14.75,28,11.8051417162685,12.0009428022574,1
304,0,14.75,28,12.0009428022574,12.109166909409,1
304,0,14.75,28,12.109166909409,12.3831553708495,1
304,0,14.75,28,12.3831553708495,12.5429619032855,1
304,0,14.75,28,12.5429619032855,12.9191053386162,1
304,0,14.75,28,12.9191053386162,13.0432656946152,1
304,0,14.75,28,13.0432656946152,13.1008235697338,1
304,0,14.75,28,13.1008235697338,13.4981415620176,1
304,0,14.75,28,13.4981415620176,14.031662527588,1
304,0,14.75,28,14.031662527588,14.2102770877338,1
304,0,14.75,28,14.2102770877338,14.2787894508436,1
304,0,14.75,28,14.2787894508436,14.4799054272655,1
304,0,14.75,28,14.4799054272655,14.75,0
305,0,13.75,1,0,0.0111601113603646,1
305,0,13.75,1,0.0111601113603646,13.75,0
306,0,10.75,6,0,5.34358426818869,1
306,0,10.75,6,5.34358426818869,6.04650333366798,1
306,0,10.75,6,6.04650333366798,7.51300076579194,1
306,0,10.75,6,7.51300076579194,8.47350141204147,1
306,0,10.75,6,8.47350141204147,9.20640683256576,1
306,0,10.75,6,9.20640683256576,10.4237588997736,1
306,0,10.75,6,10.4237588997736,10.75,0
307,0,11.75,1,0,0.00832459808334398,1
307,0,11.75,1,0.00832459808334398,11.75,0
308,0,11.75,1,0,2.40950603069034,1
308,0,11.75,1,2.40950603069034,11.75,0
309,0,16.75,2,0,0.761441704164027,1
309,0,16.75,2,0.761441704164027,3.93893061430648,1
309,0,16.75,2,3.93893061430648,16.75,0
310,0,16.75,2,0,5.90804806507922,1
310,0,16.75,2,5.90804806507922,15.6078407526744,1
310,0,16.75,2,15.6078407526744,16.75,0
311,0,8.75,1,0,4.30914099244053,1
311,0,8.75,1,4.30914099244053,8.75,0
312,0,17.75,3,0,2.43260943569245,1
312,0,17.75,3,2.43260943569245,13.427738880724,1
312,0,17.75,3,13.427738880724,16.0662004754242,1
312,0,17.75,3,16.0662004754242,17.75,0
313,0,16.75,23,0,2.62962298265802,1
313,0,16.75,23,2.62962298265802,2.81206960453062,1
313,0,16.75,23,2.81206960453062,5.76932740955973,1
313,0,16.75,23,5.76932740955973,7.7976957085465,1
313,0,16.75,23,7.7976957085465,7.84439629300461,1
313,0,16.75,23,7.84439629300461,8.48614551511726,1
313,0,16.75,23,8.48614551511726,9.43925673539662,1
313,0,16.75,23,9.43925673539662,9.71013991254901,1
313,0,16.75,23,9.71013991254901,11.4404337653148,1
313,0,16.75,23,11.4404337653148,11.5754063026646,1
313,0,16.75,23,11.5754063026646,11.7513454795201,1
313,0,16.75,23,11.7513454795201,11.7607626627818,1
313,0,16.75,23,11.7607626627818,12.3437756523047,1
313,0,16.75,23,12.3437756523047,12.565608073803,1
313,0,16.75,23,12.565608073803,13.7124523224354,1
313,0,16.75,23,13.7124523224354,14.442226298924,1
313,0,16.75,23,14.442226298924,14.5950254366683,1
313,0,16.75,23,14.5950254366683,14.6325251125022,1
313,0,16.75,23,14.6325251125022,15.4339947173121,1
313,0,16.75,23,15.4339947173121,15.5148622907819,1
313,0,16.75,23,15.5148622907819,15.6703239511185,1
313,0,16.75,23,15.6703239511185,15.7705374528816,1
313,0,16.75,23,15.7705374528816,16.501956750586,1
313,0,16.75,23,16.501956750586,16.75,0
314,0,18.75,3,0,1.36670582116112,1
314,0,18.75,3,1.36670582116112,2.58245837373269,1
314,0,18.75,3,2.58245837373269,10.9240341003731,1
314,0,18.75,3,10.9240341003731,18.75,0
315,0,8.75,3,0,2.23838566986715,1
315,0,8.75,3,2.23838566986715,7.75006857133975,1
315,0,8.75,3,7.75006857133975,8.58093258435403,1
315,0,8.75,3,8.58093258435403,8.75,0
316,0,11.75,12,0,4.82522910174277,1
316,0,11.75,12,4.82522910174277,5.23689972524396,1
316,0,11.75,12,5.23689972524396,6.94255273979024,1
316,0,11.75,12,6.94255273979024,7.33032374949118,1
316,0,11.75,12,7.33032374949118,9.37970370851141,1
316,0,11.75,12,9.37970370851141,9.40787445631885,1
316,0,11.75,12,9.40787445631885,9.73402528785798,1
316,0,11.75,12,9.73402528785798,10.3675669318863,1
316,0,11.75,12,10.3675669318863,11.2631939955206,1
316,0,11.75,12,11.2631939955206,11.3893235312126,1
316,0,11.75,12,11.3893235312126,11.5550834680648,1
316,0,11.75,12,11.5550834680648,11.744377242734,1
316,0,11.75,12,11.744377242734,11.75,0
317,0,14.75,29,0,3.31331306514123,1
317,0,14.75,29,3.31331306514123,4.73848062407154,1
317,0,14.75,29,4.73848062407154,4.85130573383485,1
317,0,14.75,29,4.85130573383485,6.33074281907919,1
317,0,14.75,29,6.33074281907919,6.40859897788108,1
317,0,14.75,29,6.40859897788108,6.68261254564607,1
317,0,14.75,29,6.68261254564607,6.77582507456235,1
317,0,14.75,29,6.77582507456235,6.79809085817675,1
317,0,14.75,29,6.79809085817675,7.10735177933283,1
317,0,14.75,29,7.10735177933283,7.30648137052057,1
317,0,14.75,29,7.30648137052057,7.36012352254874,1
317,0,14.75,29,7.36012352254874,8.65083591719466,1
317,0,14.75,29,8.65083591719466,8.95309731548838,1
317,0,14.75,29,8.95309731548838,9.80953167675383,1
317,0,14.75,29,9.80953167675383,10.470529785021,1
317,0,14.75,29,10.470529785021,11.1535297138015,1
317,0,14.75,29,11.1535297138015,11.5237079456345,1
317,0,14.75,29,11.5237079456345,11.9159726930062,1
317,0,14.75,29,11.9159726930062,12.0322150885049,1
317,0,14.75,29,12.0322150885049,12.0633318752658,1
317,0,14.75,29,12.0633318752658,12.2634972793841,1
317,0,14.75,29,12.2634972793841,12.2924306793579,1
317,0,14.75,29,12.2924306793579,12.7329576660861,1
317,0,14.75,29,12.7329576660861,12.8562419025823,1
317,0,14.75,29,12.8562419025823,13.0284589850127,1
317,0,14.75,29,13.0284589850127,13.4837181806154,1
317,0,14.75,29,13.4837181806154,13.9281537615022,1
317,0,14.75,29,13.9281537615022,14.3772580501678,1
317,0,14.75,29,14.3772580501678,14.6025259401541,1
317,0,14.75,29,14.6025259401541,14.75,0
318,0,10.75,17,0,3.23062832702489,1
318,0,10.75,17,3.23062832702489,3.41772359952518,1
318,0,10.75,17,3.41772359952518,3.88250501663954,1
318,0,10.75,17,3.88250501663954,5.07385170525373,1
318,0,10.75,17,5.07385170525373,6.32892012815913,1
318,0,10.75,17,6.32892012815913,6.86580888141404,1
318,0,10.75,17,6.86580888141404,7.19745652025116,1
318,0,10.75,17,7.19745652025116,7.52664203056469,1
318,0,10.75,17,7.52664203056469,7.84027195637656,1
318,0,10.75,17,7.84027195637656,8.27358936545012,1
318,0,10.75,17,8.27358936545012,8.50822121604308,1
318,0,10.75,17,8.50822121604308,9.04832671753492,1
318,0,10.75,17,9.04832671753492,9.94818153180902,1
318,0,10.75,17,9.94818153180902,10.0208175849737,1
318,0,10.75,17,10.0208175849737,10.2362888706714,1
318,0,10.75,17,10.2362888706714,10.2442862728051,1
318,0,10.75,17,10.2442862728051,10.2899193075588,1
318,0,10.75,17,10.2899193075588,10.75,0
319,0,13.75,19,0,2.27459845319093,1
319,0,13.75,19,2.27459845319093,2.64650269710764,1
319,0,13.75,19,2.64650269710764,6.5556482126935,1
319,0,13.75,19,6.5556482126935,6.93780003164534,1
319,0,13.75,19,6.93780003164534,7.3538068463499,1
319,0,13.75,19,7.3538068463499,7.74756957972199,1
319,0,13.75,19,7.74756957972199,7.88893830824781,1
319,0,13.75,19,7.88893830824781,9.46661046152989,1
319,0,13.75,19,9.46661046152989,9.67920506262515,1
319,0,13.75,19,9.67920506262515,10.6050687371648,1
319,0,13.75,19,10.6050687371648,10.8278295869806,1
319,0,13.75,19,10.8278295869806,11.7699060879017,1
319,0,13.75,19,11.7699060879017,12.1517372376211,1
319,0,13.75,19,12.1517372376211,12.1874248887576,1
319,0,13.75,19,12.1874248887576,12.3278369694945,1
319,0,13.75,19,12.3278369694945,12.3433118977069,1
319,0,13.75,19,12.3433118977069,12.4398320305973,1
319,0,13.75,19,12.4398320305973,12.4465184573132,1
319,0,13.75,19,12.4465184573132,13.5866309278576,1
319,0,13.75,19,13.5866309278576,13.75,0
320,0,15.75,2,0,0.00221532823573193,1
320,0,15.75,2,0.00221532823573193,0.0805430375966457,1
320,0,15.75,2,0.0805430375966457,15.75,0
321,0,12.75,2,0,0.376472247698029,1
321,0,12.75,2,0.376472247698029,1.96675378181214,1
321,0,12.75,2,1.96675378181214,12.75,0
322,0,17.75,36,0,4.96191740662882,1
322,0,17.75,36,4.96191740662882,5.56181839910216,1
322,0,17.75,36,5.56181839910216,6.27558043490888,1
322,0,17.75,36,6.27558043490888,6.53114265417634,1
322,0,17.75,36,6.53114265417634,6.65129958259397,1
322,0,17.75,36,6.65129958259397,6.92401497379466,1
322,0,17.75,36,6.92401497379466,7.36432221846072,1
322,0,17.75,36,7.36432221846072,7.6778429840248,1
322,0,17.75,36,7.6778429840248,7.75456192743429,1
322,0,17.75,36,7.75456192743429,8.01397293299446,1
322,0,17.75,36,8.01397293299446,8.48916846341524,1
322,0,17.75,36,8.48916846341524,8.91939798570696,1
322,0,17.75,36,8.91939798570696,9.53089436673641,1
322,0,17.75,36,9.53089436673641,9.90501843543976,1
322,0,17.75,36,9.90501843543976,9.99336136842498,1
322,0,17.75,36,9.99336136842498,10.1964525749739,1
322,0,17.75,36,10.1964525749739,10.8682578657252,1
322,0,17.75,36,10.8682578657252,11.024595888025,1
322,0,17.75,36,11.024595888025,12.2692194123285,1
322,0,17.75,36,12.2692194123285,12.7741544919213,1
322,0,17.75,36,12.7741544919213,13.0218332315504,1
322,0,17.75,36,13.0218332315504,13.159203945783,1
322,0,17.75,36,13.159203945783,13.2623474037569,1
322,0,17.75,36,13.2623474037569,13.9169990804414,1
322,0,17.75,36,13.9169990804414,13.94482213481,1
322,0,17.75,36,13.94482213481,14.3701795549692,1
322,0,17.75,36,14.3701795549692,14.4397231264579,1
322,0,17.75,36,14.4397231264579,14.4834176735903,1
322,0,17.75,36,14.4834176735903,15.0706944054394,1
322,0,17.75,36,15.0706944054394,15.2633556997856,1
322,0,17.75,36,15.2633556997856,15.949811489115,1
322,0,17.75,36,15.949811489115,17.0087307563809,1
322,0,17.75,36,17.0087307563809,17.2909804725942,1
322,0,17.75,36,17.2909804725942,17.4138983214346,1
322,0,17.75,36,17.4138983214346,17.4756508419592,1
322,0,17.75,36,17.4756508419592,17.6434511370618,1
322,0,17.75,36,17.6434511370618,17.75,0
323,0,17.75,1,0,12.7262953618926,1
323,0,17.75,1,12.7262953618926,17.75,0
324,0,18.75,0,0,18.75,0
325,0,16.75,27,0,6.1313961967501,1
325,0,16.75,27,6.1313961967501,6.28839654262219,1
325,0,16.75,27,6.28839654262219,8.00523244203553,1
325,0,16.75,27,8.00523244203553,8.93164746130499,1
325,0,16.75,27,8.93164746130499,9.61647111630079,1
325,0,16.75,27,9.61647111630079,10.4095934433901,1
325,0,16.75,27,10.4095934433901,10.8089588096902,1
325,0,16.75,27,10.8089588096902,10.953776696645,1
325,0,16.75,27,10.953776696645,11.27886187793,1
325,0,16.75,27,11.27886187793,11.288952713274,1
325,0,16.75,27,11.288952713274,11.5342310587536,1
325,0,16.75,27,11.5342310587536,11.6374923699288,1
325,0,16.75,27,11.6374923699288,11.7296574567168,1
325,0,16.75,27,11.7296574567168,12.7182878261218,1
325,0,16.75,27,12.7182878261218,12.9100713297891,1
325,0,16.75,27,12.9100713297891,12.9992468629659,1
325,0,16.75,27,12.9992468629659,13.1864477012297,1
325,0,16.75,27,13.1864477012297,13.3089600677053,1
325,0,16.75,27,13.3089600677053,13.4562532809349,1
325,0,16.75,27,13.4562532809349,13.6794266459633,1
325,0,16.75,27,13.6794266459633,14.3331752870105,1
325,0,16.75,27,14.3331752870105,14.4664449585641,1
325,0,16.75,27,14.4664449585641,14.6969876708967,1
325,0,16.75,27,14.6969876708967,15.4371735299506,1
325,0,16.75,27,15.4371735299506,15.4968840556316,1
325,0,16.75,27,15.4968840556316,16.2405900375082,1
325,0,16.75,27,16.2405900375082,16.6841789061717,1
325,0,16.75,27,16.6841789061717,16.75,0
326,0,14.75,19,0,6.64280327375505,1
326,0,14.75,19,6.64280327375505,7.00658985991315,1
326,0,14.75,19,7.00658985991315,7.59284767354194,1
326,0,14.75,19,7.59284767354194,7.99728306408242,1
326,0,14.75,19,7.99728306408242,8.15126082748148,1
326,0,14.75,19,8.15126082748148,8.30422220859747,1
326,0,14.75,19,8.30422220859747,8.33154266592576,1
326,0,14.75,19,8.33154266592576,9.24846669410054,1
326,0,14.75,19,9.24846669410054,10.612870462749,1
326,0,14.75,19,10.612870462749,11.0262725146061,1
326,0,14.75,19,11.0262725146061,12.4557528845776,1
326,0,14.75,19,12.4557528845776,12.7737586023625,1
326,0,14.75,19,12.7737586023625,12.917923514948,1
326,0,14.75,19,12.917923514948,13.4041375470571,1
326,0,14.75,19,13.4041375470571,13.4626365048232,1
326,0,14.75,19,13.4626365048232,13.5727857723713,1
326,0,14.75,19,13.5727857723713,13.6651734396573,1
326,0,14.75,19,13.6651734396573,14.4824815077656,1
326,0,14.75,19,14.4824815077656,14.7384375069124,1
326,0,14.75,19,14.7384375069124,14.75,0
327,0,8.75,2,0,1.84744043072375,1
327,0,8.75,2,1.84744043072375,3.31530504107898,1
327,0,8.75,2,3.31530504107898,8.75,0
328,0,11.75,4,0,0.026173987355616,1
328,0,11.75,4,0.026173987355616,2.78494118626078,1
328,0,11.75,4,2.78494118626078,5.41019035598426,1
328,0,11.75,4,5.41019035598426,9.61740961946099,1
328,0,11.75,4,9.61740961946099,11.75,0
329,0,14.75,2,0,10.3633780458913,1
329,0,14.75,2,10.3633780458913,11.2198963491852,1
329,0,14.75,2,11.2198963491852,14.75,0
330,0,14.75,19,0,1.26941756011397,1
330,0,14.75,19,1.26941756011397,5.89191306377948,1
330,0,14.75,19,5.89191306377948,6.80336268137419,1
330,0,14.75,19,6.80336268137419,6.93757644677921,1
330,0,14.75,19,6.93757644677921,7.0015876902127,1
330,0,14.75,19,7.0015876902127,10.5499728210368,1
330,0,14.75,19,10.5499728210368,11.1704573013462,1
330,0,14.75,19,11.1704573013462,11.3291163096326,1
330,0,14.75,19,11.3291163096326,11.3818900144507,1
330,0,14.75,19,11.3818900144507,11.6951798345413,1
330,0,14.75,19,11.6951798345413,11.6958108354713,1
330,0,14.75,19,11.6958108354713,11.8281478462879,1
330,0,14.75,19,11.8281478462879,12.5677531280559,1
330,0,14.75,19,12.5677531280559,12.739507342698,1
330,0,14.75,19,12.739507342698,13.4129883208555,1
330,0,14.75,19,13.4129883208555,14.0474385477516,1
330,0,14.75,19,14.0474385477516,14.1137436134587,1
330,0,14.75,19,14.1137436134587,14.3016961803633,1
330,0,14.75,19,14.3016961803633,14.6023363348894,1
330,0,14.75,19,14.6023363348894,14.75,0
331,0,16.75,28,0,2.7798624612579,1
331,0,16.75,28,2.7798624612579,4.26388995428336,1
331,0,16.75,28,4.26388995428336,4.90479484172748,1
331,0,16.75,28,4.90479484172748,5.77376559752311,1
331,0,16.75,28,5.77376559752311,5.98696886585492,1
331,0,16.75,28,5.98696886585492,6.53149522681207,1
331,0,16.75,28,6.53149522681207,7.10930286866793,1
331,0,16.75,28,7.10930286866793,8.17710848695196,1
331,0,16.75,28,8.17710848695196,8.23265159647706,1
331,0,16.75,28,8.23265159647706,8.84045583328098,1
331,0,16.75,28,8.84045583328098,8.85950551210348,1
331,0,16.75,28,8.85950551210348,9.04681470369353,1
331,0,16.75,28,9.04681470369353,9.73043202408033,1
331,0,16.75,28,9.73043202408033,9.84036149952602,1
331,0,16.75,28,9.84036149952602,10.254981896798,1
331,0,16.75,28,10.254981896798,10.6987481538472,1
331,0,16.75,28,10.6987481538472,11.2521772149056,1
331,0,16.75,28,11.2521772149056,12.0871771770452,1
331,0,16.75,28,12.0871771770452,12.1041069784396,1
331,0,16.75,28,12.1041069784396,13.0132253078959,1
331,0,16.75,28,13.0132253078959,13.1635538841832,1
331,0,16.75,28,13.1635538841832,13.5522110067587,1
331,0,16.75,28,13.5522110067587,13.9190384054467,1
331,0,16.75,28,13.9190384054467,14.2281211935541,1
331,0,16.75,28,14.2281211935541,15.1194138991878,1
331,0,16.75,28,15.1194138991878,15.3085832088547,1
331,0,16.75,28,15.3085832088547,16.2297972596493,1
331,0,16.75,28,16.2297972596493,16.649006171926,1
331,0,16.75,28,16.649006171926,16.75,0
332,0,8.75,1,0,5.78715778730697,1
332,0,8.75,1,5.78715778730697,8.75,0
333,0,9.75,2,0,3.24699382944266,1
333,0,9.75,2,3.24699382944266,6.60082531611443,1
333,0,9.75,2,6.60082531611443,9.75,0
334,0,11.75,10,0,2.09617317507126,1
334,0,11.75,10,2.09617317507126,3.62792830982671,1
334,0,11.75,10,3.62792830982671,4.61422643589732,1
334,0,11.75,10,4.61422643589732,5.84556408672949,1
334,0,11.75,10,5.84556408672949,6.205119016126,1
334,0,11.75,10,6.205119016126,8.62409833830519,1
334,0,11.75,10,8.62409833830519,8.80353617471383,1
334,0,11.75,10,8.80353617471383,8.83180218205736,1
334,0,11.75,10,8.83180218205736,10.4497296945299,1
334,0,11.75,10,10.4497296945299,10.5234709075027,1
334,0,11.75,10,10.5234709075027,11.75,0
335,0,12.75,1,0,7.03439564337905,1
335,0,12.75,1,7.03439564337905,12.75,0
336,0,9.75,9,0,1.43570908895162,1
336,0,9.75,9,1.43570908895162,5.24447807096821,1
336,0,9.75,9,5.24447807096821,5.53106691943452,1
336,0,9.75,9,5.53106691943452,6.96143531519455,1
336,0,9.75,9,6.96143531519455,7.04856269393903,1
336,0,9.75,9,7.04856269393903,7.6513311357008,1
336,0,9.75,9,7.6513311357008,8.34160323786562,1
336,0,9.75,9,8.34160323786562,8.6748871657289,1
336,0,9.75,9,8.6748871657289,9.14906447855243,1
336,0,9.75,9,9.14906447855243,9.75,0
337,0,15.75,0,0,15.75,0
338,0,19.75,112,0,2.8175768723881,1
338,0,19.75,112,2.8175768723881,3.05103940020662,1
338,0,19.75,112,3.05103940020662,4.28928847615137,1
338,0,19.75,112,4.28928847615137,5.1880822662759,1
338,0,19.75,112,5.1880822662759,5.49268429336343,1
338,0,19.75,112,5.49268429336343,5.76162172804871,1
338,0,19.75,112,5.76162172804871,6.93430023864895,1
338,0,19.75,112,6.93430023864895,7.0418423453882,1
338,0,19.75,112,7.0418423453882,7.2291476525719,1
338,0,19.75,112,7.2291476525719,7.45540280081,1
338,0,19.75,112,7.45540280081,7.5411925287434,1
338,0,19.75,112,7.5411925287434,7.8207493432968,1
338,0,19.75,112,7.8207493432968,8.09189094970742,1
338,0,19.75,112,8.09189094970742,8.19052339338587,1
338,0,19.75,112,8.19052339338587,8.59262940988764,1
338,0,19.75,112,8.59262940988764,9.07961956919187,1
338,0,19.75,112,9.07961956919187,9.19999533096716,1
338,0,19.75,112,9.19999533096716,9.67012358591658,1
338,0,19.75,112,9.67012358591658,9.88259851898527,1
338,0,19.75,112,9.88259851898527,10.109324779715,1
338,0,19.75,112,10.109324779715,10.3624551192876,1
338,0,19.75,112,10.3624551192876,10.4111597258102,1
338,0,19.75,112,10.4111597258102,10.549041236693,1
338,0,19.75,112,10.549041236693,10.6025259274809,1
338,0,19.75,112,10.6025259274809,10.9587497986387,1
338,0,19.75,112,10.9587497986387,11.1858543556645,1
338,0,19.75,112,11.1858543556645,11.4629254919483,1
338,0,19.75,112,11.4629254919483,11.6686518705954,1
338,0,19.75,112,11.6686518705954,11.7029754602599,1
338,0,19.75,112,11.7029754602599,11.8292172657579,1
338,0,19.75,112,11.8292172657579,11.9008588056765,1
338,0,19.75,112,11.9008588056765,12.167069678371,1
338,0,19.75,112,12.167069678371,12.4790545193258,1
338,0,19.75,112,12.4790545193258,12.7349761575493,1
338,0,19.75,112,12.7349761575493,12.8663111893854,1
338,0,19.75,112,12.8663111893854,13.2884743212525,1
338,0,19.75,112,13.2884743212525,13.5308441511245,1
338,0,19.75,112,13.5308441511245,13.5312319764551,1
338,0,19.75,112,13.5312319764551,13.8628540857457,1
338,0,19.75,112,13.8628540857457,14.0175097437949,1
338,0,19.75,112,14.0175097437949,14.1806610398588,1
338,0,19.75,112,14.1806610398588,14.2032320857032,1
338,0,19.75,112,14.2032320857032,14.2361806878788,1
338,0,19.75,112,14.2361806878788,14.3616852063061,1
338,0,19.75,112,14.3616852063061,14.3858524924008,1
338,0,19.75,112,14.3858524924008,14.4198906494781,1
338,0,19.75,112,14.4198906494781,14.4584077820114,1
338,0,19.75,112,14.4584077820114,14.4710688544179,1
338,0,19.75,112,14.4710688544179,14.5257201990215,1
338,0,19.75,112,14.5257201990215,14.726991319764,1
338,0,19.75,112,14.726991319764,14.9170596942378,1
338,0,19.75,112,14.9170596942378,15.0345667190919,1
338,0,19.75,112,15.0345667190919,15.1357997440716,1
338,0,19.75,112,15.1357997440716,15.2757611978514,1
338,0,19.75,112,15.2757611978514,15.2815146899077,1
338,0,19.75,112,15.2815146899077,15.3825396477874,1
338,0,19.75,112,15.3825396477874,15.5010661931179,1
338,0,19.75,112,15.5010661931179,15.7494064873252,1
338,0,19.75,112,15.7494064873252,15.9371048421632,1
338,0,19.75,112,15.9371048421632,15.9597739652622,1
338,0,19.75,112,15.9597739652622,16.0950306657743,1
338,0,19.75,112,16.0950306657743,16.2676061521373,1
338,0,19.75,112,16.2676061521373,16.3577734423067,1
338,0,19.75,112,16.3577734423067,16.4872260578423,1
338,0,19.75,112,16.4872260578423,16.5271903364794,1
338,0,19.75,112,16.5271903364794,16.8052993075833,1
338,0,19.75,112,16.8052993075833,16.8172022604946,1
338,0,19.75,112,16.8172022604946,16.8442425873439,1
338,0,19.75,112,16.8442425873439,16.9647283238736,1
338,0,19.75,112,16.9647283238736,17.0860184364547,1
338,0,19.75,112,17.0860184364547,17.0911612673046,1
338,0,19.75,112,17.0911612673046,17.1065319779006,1
338,0,19.75,112,17.1065319779006,17.2500017735505,1
338,0,19.75,112,17.2500017735505,17.2819316561725,1
338,0,19.75,112,17.2819316561725,17.5284184807644,1
338,0,19.75,112,17.5284184807644,17.5288711946919,1
338,0,19.75,112,17.5288711946919,17.538207496054,1
338,0,19.75,112,17.538207496054,17.5668978704378,1
338,0,19.75,112,17.5668978704378,17.6122808236403,1
338,0,19.75,112,17.6122808236403,17.6439312010694,1
338,0,19.75,112,17.6439312010694,17.7088958570352,1
338,0,19.75,112,17.7088958570352,17.8764115139233,1
338,0,19.75,112,17.8764115139233,17.8918296031276,1
338,0,19.75,112,17.8918296031276,17.9592769955112,1
338,0,19.75,112,17.9592769955112,17.9681748907997,1
338,0,19.75,112,17.9681748907997,18.0378111170423,1
338,0,19.75,112,18.0378111170423,18.0960572777651,1
338,0,19.75,112,18.0960572777651,18.1374695563529,1
338,0,19.75,112,18.1374695563529,18.3200598714734,1
338,0,19.75,112,18.3200598714734,18.3765389194614,1
338,0,19.75,112,18.3765389194614,18.6530200944981,1
338,0,19.75,112,18.6530200944981,18.7498445310544,1
338,0,19.75,112,18.7498445310544,18.7569092249584,1
338,0,19.75,112,18.7569092249584,18.7815479750468,1
338,0,19.75,112,18.7815479750468,18.7934412958342,1
338,0,19.75,112,18.7934412958342,18.8418425953298,1
338,0,19.75,112,18.8418425953298,18.9426600423287,1
338,0,19.75,112,18.9426600423287,19.0715324722103,1
338,0,19.75,112,19.0715324722103,19.1314772741978,1
338,0,19.75,112,19.1314772741978,19.1629838336675,1
338,0,19.75,112,19.1629838336675,19.1793782172046,1
338,0,19.75,112,19.1793782172046,19.1845261888621,1
338,0,19.75,112,19.1845261888621,19.3103094486814,1
338,0,19.75,112,19.3103094486814,19.3250724710026,1
338,0,19.75,112,19.3250724710026,19.3573950893711,1
338,0,19.75,112,19.3573950893711,19.4486924225329,1
338,0,19.75,112,19.4486924225329,19.519579814799,1
338,0,19.75,112,19.519579814799,19.5411346429261,1
338,0,19.75,112,19.5411346429261,19.5682996882412,1
338,0,19.75,112,19.5682996882412,19.7311456169617,1
338,0,19.75,112,19.7311456169617,19.7336559172853,1
338,0,19.75,112,19.7336559172853,19.7484743667721,1
338,0,19.75,112,19.7484743667721,19.75,0
339,0,17.75,2,0,8.28104490126002,1
339,0,17.75,2,8.28104490126002,10.8846105086664,1
339,0,17.75,2,10.8846105086664,17.75,0
340,0,13.75,12,0,4.85616400370264,1
340,0,13.75,12,4.85616400370264,5.19666900913315,1
340,0,13.75,12,5.19666900913315,5.32989666085746,1
340,0,13.75,12,5.32989666085746,5.57565054921289,1
340,0,13.75,12,5.57565054921289,6.56903147021137,1
340,0,13.75,12,6.56903147021137,6.92234226148043,1
340,0,13.75,12,6.92234226148043,7.1145060856278,1
340,0,13.75,12,7.1145060856278,8.10344442992388,1
340,0,13.75,12,8.10344442992388,8.8412454020586,1
340,0,13.75,12,8.8412454020586,10.0724258753319,1
340,0,13.75,12,10.0724258753319,10.8856651496121,1
340,0,13.75,12,10.8856651496121,13.5777952428262,1
340,0,13.75,12,13.5777952428262,13.75,0
341,0,13.75,1,0,0.00528029564847039,1
341,0,13.75,1,0.00528029564847039,13.75,0
342,0,14.75,1,0,0.255147341051823,1
342,0,14.75,1,0.255147341051823,14.75,0
343,0,9.75,1,0,8.94613370439984,1
343,0,9.75,1,8.94613370439984,9.75,0
344,0,18.75,3,0,0.11666683734186,1
344,0,18.75,3,0.11666683734186,0.956086493115348,1
344,0,18.75,3,0.956086493115348,2.33156871191562,1
344,0,18.75,3,2.33156871191562,18.75,0
345,0,15.75,51,0,2.48245701806104,1
345,0,15.75,51,2.48245701806104,2.9995434300515,1
345,0,15.75,51,2.9995434300515,4.64249925786998,1
345,0,15.75,51,4.64249925786998,4.85534440197039,1
345,0,15.75,51,4.85534440197039,5.33590939277217,1
345,0,15.75,51,5.33590939277217,5.56440662263768,1
345,0,15.75,51,5.56440662263768,5.93262993429469,1
345,0,15.75,51,5.93262993429469,6.60945682406729,1
345,0,15.75,51,6.60945682406729,6.66138419627176,1
345,0,15.75,51,6.66138419627176,7.22668042615666,1
345,0,15.75,51,7.22668042615666,7.32205272939435,1
345,0,15.75,51,7.32205272939435,7.70692854498297,1
345,0,15.75,51,7.70692854498297,8.39546020648467,1
345,0,15.75,51,8.39546020648467,9.25222617905859,1
345,0,15.75,51,9.25222617905859,9.30796982414178,1
345,0,15.75,51,9.30796982414178,9.44734922976276,1
345,0,15.75,51,9.44734922976276,9.46346460969818,1
345,0,15.75,51,9.46346460969818,9.60903517537923,1
345,0,15.75,51,9.60903517537923,10.1223061401669,1
345,0,15.75,51,10.1223061401669,10.3552954540934,1
345,0,15.75,51,10.3552954540934,11.1832800953255,1
345,0,15.75,51,11.1832800953255,11.1981810946414,1
345,0,15.75,51,11.1981810946414,11.3914095195769,1
345,0,15.75,51,11.3914095195769,11.3964819107706,1
345,0,15.75,51,11.3964819107706,11.4632539373917,1
345,0,15.75,51,11.4632539373917,12.1637975692247,1
345,0,15.75,51,12.1637975692247,12.1745030942401,1
345,0,15.75,51,12.1745030942401,12.4098406182871,1
345,0,15.75,51,12.4098406182871,12.4194432438574,1
345,0,15.75,51,12.4194432438574,12.5046354972226,1
345,0,15.75,51,12.5046354972226,12.6314856356634,1
345,0,15.75,51,12.6314856356634,12.7526964220591,1
345,0,15.75,51,12.7526964220591,12.8728828183465,1
345,0,15.75,51,12.8728828183465,12.9100779108792,1
345,0,15.75,51,12.9100779108792,12.9389533115366,1
345,0,15.75,51,12.9389533115366,13.1730225964688,1
345,0,15.75,51,13.1730225964688,13.4988715257745,1
345,0,15.75,51,13.4988715257745,13.9553888380548,1
345,0,15.75,51,13.9553888380548,14.3010581435205,1
345,0,15.75,51,14.3010581435205,14.3895643825787,1
345,0,15.75,51,14.3895643825787,14.3919176351898,1
345,0,15.75,51,14.3919176351898,14.4920386282175,1
345,0,15.75,51,14.4920386282175,14.5158452738102,1
345,0,15.75,51,14.5158452738102,14.6818157397102,1
345,0,15.75,51,14.6818157397102,14.7796121124421,1
345,0,15.75,51,14.7796121124421,14.9633119252488,1
345,0,15.75,51,14.9633119252488,15.146347132248,1
345,0,15.75,51,15.146347132248,15.3384664978322,1
345,0,15.75,51,15.3384664978322,15.4555686391264,1
345,0,15.75,51,15.4555686391264,15.4721075120059,1
345,0,15.75,51,15.4721075120059,15.7207552208179,1
345,0,15.75,51,15.7207552208179,15.75,0
346,0,18.75,43,0,6.16202905363413,1
346,0,18.75,43,6.16202905363413,7.42826351520364,1
346,0,18.75,43,7.42826351520364,8.95755262836321,1
346,0,18.75,43,8.95755262836321,9.02756655295198,1
346,0,18.75,43,9.02756655295198,9.13452830085896,1
346,0,18.75,43,9.13452830085896,10.2554133804079,1
346,0,18.75,43,10.2554133804079,10.3388743885424,1
346,0,18.75,43,10.3388743885424,10.5102734470501,1
346,0,18.75,43,10.5102734470501,10.957247644435,1
346,0,18.75,43,10.957247644435,11.5460433765311,1
346,0,18.75,43,11.5460433765311,11.7222919589596,1
346,0,18.75,43,11.7222919589596,12.1843126614584,1
346,0,18.75,43,12.1843126614584,12.6091237383711,1
346,0,18.75,43,12.6091237383711,12.7315367200448,1
346,0,18.75,43,12.7315367200448,12.7813076119356,1
346,0,18.75,43,12.7813076119356,12.8211038743891,1
346,0,18.75,43,12.8211038743891,12.9474700494506,1
346,0,18.75,43,12.9474700494506,12.9980617752798,1
346,0,18.75,43,12.9980617752798,13.0902373583232,1
346,0,18.75,43,13.0902373583232,13.4349610269034,1
346,0,18.75,43,13.4349610269034,14.7185512447933,1
346,0,18.75,43,14.7185512447933,14.9683442858192,1
346,0,18.75,43,14.9683442858192,15.4302693730269,1
346,0,18.75,43,15.4302693730269,15.5303816363002,1
346,0,18.75,43,15.5303816363002,15.5903758305683,1
346,0,18.75,43,15.5903758305683,15.846680869699,1
346,0,18.75,43,15.846680869699,15.925184353356,1
346,0,18.75,43,15.925184353356,16.3439084262893,1
346,0,18.75,43,16.3439084262893,16.4392194499871,1
346,0,18.75,43,16.4392194499871,16.6159932296597,1
346,0,18.75,43,16.6159932296597,16.9741527777889,1
346,0,18.75,43,16.9741527777889,17.0752959007866,1
346,0,18.75,43,17.0752959007866,17.488876242104,1
346,0,18.75,43,17.488876242104,17.5429712836903,1
346,0,18.75,43,17.5429712836903,17.7162837812756,1
346,0,18.75,43,17.7162837812756,17.7352580497903,1
346,0,18.75,43,17.7352580497903,17.7618931239486,1
346,0,18.75,43,17.7618931239486,17.8925935032448,1
346,0,18.75,43,17.8925935032448,17.9511348057363,1
346,0,18.75,43,17.9511348057363,17.9878461850059,1
346,0,18.75,43,17.9878461850059,18.4859715131391,1
346,0,18.75,43,18.4859715131391,18.511331622164,1
346,0,18.75,43,18.511331622164,18.7475256635139,1
346,0,18.75,43,18.7475256635139,18.75,0
347,0,18.75,45,0,3.90717185626781,1
347,0,18.75,45,3.90717185626781,7.17634774854582,1
347,0,18.75,45,7.17634774854582,9.08374803224133,1
347,0,18.75,45,9.08374803224133,9.11522068755514,1
347,0,18.75,45,9.11522068755514,9.58800575036541,1
347,0,18.75,45,9.58800575036541,10.0592888615191,1
347,0,18.75,45,10.0592888615191,10.1144855526611,1
347,0,18.75,45,10.1144855526611,10.228641130165,1
347,0,18.75,45,10.228641130165,10.3129854516753,1
347,0,18.75,45,10.3129854516753,10.392792373254,1
347,0,18.75,45,10.392792373254,10.5365770575582,1
347,0,18.75,45,10.5365770575582,10.9310954726985,1
347,0,18.75,45,10.9310954726985,11.0089533912011,1
347,0,18.75,45,11.0089533912011,11.0662975916014,1
347,0,18.75,45,11.0662975916014,11.3306236923676,1
347,0,18.75,45,11.3306236923676,11.7342306722753,1
347,0,18.75,45,11.7342306722753,12.4350844665103,1
347,0,18.75,45,12.4350844665103,12.8837377672659,1
347,0,18.75,45,12.8837377672659,12.9435210707776,1
347,0,18.75,45,12.9435210707776,13.0254918262105,1
347,0,18.75,45,13.0254918262105,13.3074352456617,1
347,0,18.75,45,13.3074352456617,13.3499966502827,1
347,0,18.75,45,13.3499966502827,13.7208975334434,1
347,0,18.75,45,13.7208975334434,13.8999505023099,1
347,0,18.75,45,13.8999505023099,13.9602042121233,1
347,0,18.75,45,13.9602042121233,14.560015717208,1
347,0,18.75,45,14.560015717208,14.7013862744425,1
347,0,18.75,45,14.7013862744425,15.0272485752303,1
347,0,18.75,45,15.0272485752303,15.2302200772645,1
347,0,18.75,45,15.2302200772645,15.8131714281302,1
347,0,18.75,45,15.8131714281302,16.1558068681433,1
347,0,18.75,45,16.1558068681433,16.247116632013,1
347,0,18.75,45,16.247116632013,16.3532112336987,1
347,0,18.75,45,16.3532112336987,16.3596305109701,1
347,0,18.75,45,16.3596305109701,16.3692901869316,1
347,0,18.75,45,16.3692901869316,16.6736579779597,1
347,0,18.75,45,16.6736579779597,17.2522335359979,1
347,0,18.75,45,17.2522335359979,17.2632580856217,1
347,0,18.75,45,17.2632580856217,17.2706997592124,1
347,0,18.75,45,17.2706997592124,17.3957149346724,1
347,0,18.75,45,17.3957149346724,17.5444867901319,1
347,0,18.75,45,17.5444867901319,17.5531391219464,1
347,0,18.75,45,17.5531391219464,18.0908318173474,1
347,0,18.75,45,18.0908318173474,18.1295897032504,1
347,0,18.75,45,18.1295897032504,18.1787099220963,1
347,0,18.75,45,18.1787099220963,18.75,0
348,0,16.75,38,0,1.96873951657003,1
348,0,16.75,38,1.96873951657003,3.9167095153079,1
348,0,16.75,38,3.9167095153079,4.83767307162675,1
348,0,16.75,38,4.83767307162675,6.09095990304393,1
348,0,16.75,38,6.09095990304393,7.91894364137299,1
348,0,16.75,38,7.91894364137299,8.90936745270634,1
348,0,16.75,38,8.90936745270634,9.00345856996557,1
348,0,16.75,38,9.00345856996557,9.17571065881112,1
348,0,16.75,38,9.17571065881112,9.41207759678849,1
348,0,16.75,38,9.41207759678849,9.56903701868115,1
348,0,16.75,38,9.56903701868115,10.1412507422531,1
348,0,16.75,38,10.1412507422531,11.1217434095202,1
348,0,16.75,38,11.1217434095202,11.3000182268633,1
348,0,16.75,38,11.3000182268633,11.3708203058675,1
348,0,16.75,38,11.3708203058675,11.4861660483746,1
348,0,16.75,38,11.4861660483746,12.3030419613079,1
348,0,16.75,38,12.3030419613079,12.3149426122263,1
348,0,16.75,38,12.3149426122263,12.5168402107458,1
348,0,16.75,38,12.5168402107458,13.0476996533598,1
348,0,16.75,38,13.0476996533598,13.1441756396492,1
348,0,16.75,38,13.1441756396492,13.2183887551842,1
348,0,16.75,38,13.2183887551842,13.4670289804819,1
348,0,16.75,38,13.4670289804819,13.5043066660035,1
348,0,16.75,38,13.5043066660035,13.5531322092031,1
348,0,16.75,38,13.5531322092031,13.7801250531275,1
348,0,16.75,38,13.7801250531275,14.2417780024329,1
348,0,16.75,38,14.2417780024329,14.5501130194549,1
348,0,16.75,38,14.5501130194549,14.5542106651423,1
348,0,16.75,38,14.5542106651423,14.954256567082,1
348,0,16.75,38,14.954256567082,14.9770656131471,1
348,0,16.75,38,14.9770656131471,14.987396964693,1
348,0,16.75,38,14.987396964693,15.3125987412967,1
348,0,16.75,38,15.3125987412967,15.9362269617283,1
348,0,16.75,38,15.9362269617283,16.187634592365,1
348,0,16.75,38,16.187634592365,16.4997413813313,1
348,0,16.75,38,16.4997413813313,16.569903177133,1
348,0,16.75,38,16.569903177133,16.6172470328904,1
348,0,16.75,38,16.6172470328904,16.6369421402789,1
348,0,16.75,38,16.6369421402789,16.75,0
349,0,11.75,26,0,2.97536145929229,1
349,0,11.75,26,2.97536145929229,4.02554483797298,1
349,0,11.75,26,4.02554483797298,5.04914214358736,1
349,0,11.75,26,5.04914214358736,5.11821225249637,1
349,0,11.75,26,5.11821225249637,6.5885915301064,1
349,0,11.75,26,6.5885915301064,7.05066592733702,1
349,0,11.75,26,7.05066592733702,7.17699097663003,1
349,0,11.75,26,7.17699097663003,7.20591930601641,1
349,0,11.75,26,7.20591930601641,7.20862515340021,1
349,0,11.75,26,7.20862515340021,7.2201319864748,1
349,0,11.75,26,7.2201319864748,7.22911014519893,1
349,0,11.75,26,7.22911014519893,8.24682520656531,1
349,0,11.75,26,8.24682520656531,8.3265695394667,1
349,0,11.75,26,8.3265695394667,8.50734598191634,1
349,0,11.75,26,8.50734598191634,8.91934942299693,1
349,0,11.75,26,8.91934942299693,9.28335280707543,1
349,0,11.75,26,9.28335280707543,9.49323351777356,1
349,0,11.75,26,9.49323351777356,9.60581736554374,1
349,0,11.75,26,9.60581736554374,9.7088581453083,1
349,0,11.75,26,9.7088581453083,9.83268564071084,1
349,0,11.75,26,9.83268564071084,10.0065183052709,1
349,0,11.75,26,10.0065183052709,10.3020500112604,1
349,0,11.75,26,10.3020500112604,10.7339590463436,1
349,0,11.75,26,10.7339590463436,11.3795947801741,1
349,0,11.75,26,11.3795947801741,11.4460241004621,1
349,0,11.75,26,11.4460241004621,11.5515528745654,1
349,0,11.75,26,11.5515528745654,11.75,0
350,0,19.75,33,0,2.70367013413667,1
350,0,19.75,33,2.70367013413667,4.40398923730721,1
350,0,19.75,33,4.40398923730721,7.16902815148371,1
350,0,19.75,33,7.16902815148371,8.32649065017102,1
350,0,19.75,33,8.32649065017102,8.34034748868672,1
350,0,19.75,33,8.34034748868672,9.91206637343123,1
350,0,19.75,33,9.91206637343123,10.0772265662441,1
350,0,19.75,33,10.0772265662441,10.3434952688805,1
350,0,19.75,33,10.3434952688805,11.317459241657,1
350,0,19.75,33,11.317459241657,11.3565563886471,1
350,0,19.75,33,11.3565563886471,12.1061663329068,1
350,0,19.75,33,12.1061663329068,12.2187367095554,1
350,0,19.75,33,12.2187367095554,13.1591842456742,1
350,0,19.75,33,13.1591842456742,13.188988793884,1
350,0,19.75,33,13.188988793884,14.1630526704945,1
350,0,19.75,33,14.1630526704945,14.549633657468,1
350,0,19.75,33,14.549633657468,14.7075415617571,1
350,0,19.75,33,14.7075415617571,16.1896219171621,1
350,0,19.75,33,16.1896219171621,16.3510708813357,1
350,0,19.75,33,16.3510708813357,17.1984864171529,1
350,0,19.75,33,17.1984864171529,17.3052052283622,1
350,0,19.75,33,17.3052052283622,17.7513846931375,1
350,0,19.75,33,17.7513846931375,18.0253062001585,1
350,0,19.75,33,18.0253062001585,18.7820531232603,1
350,0,19.75,33,18.7820531232603,18.7933426729356,1
350,0,19.75,33,18.7933426729356,18.9144763174505,1
350,0,19.75,33,18.9144763174505,18.9266156783972,1
350,0,19.75,33,18.9266156783972,19.1213367400823,1
350,0,19.75,33,19.1213367400823,19.1919325524639,1
350,0,19.75,33,19.1919325524639,19.2465690447944,1
350,0,19.75,33,19.2465690447944,19.4384815063812,1
350,0,19.75,33,19.4384815063812,19.5263241982247,1
350,0,19.75,33,19.5263241982247,19.588567324555,1
350,0,19.75,33,19.588567324555,19.75,0
351,0,18.75,48,0,4.36079064443786,1
351,0,18.75,48,4.36079064443786,6.21587711195285,1
351,0,18.75,48,6.21587711195285,6.53632698015273,1
351,0,18.75,48,6.53632698015273,6.83035801436186,1
351,0,18.75,48,6.83035801436186,7.51132277033754,1
351,0,18.75,48,7.51132277033754,8.53721672935343,1
351,0,18.75,48,8.53721672935343,8.87446305953618,1
351,0,18.75,48,8.87446305953618,8.96389238694022,1
351,0,18.75,48,8.96389238694022,9.57846474926794,1
351,0,18.75,48,9.57846474926794,9.76196783572399,1
351,0,18.75,48,9.76196783572399,9.8280846736846,1
351,0,18.75,48,9.8280846736846,10.5793684710352,1
351,0,18.75,48,10.5793684710352,10.7185746109957,1
351,0,18.75,48,10.7185746109957,10.8878161938787,1
351,0,18.75,48,10.8878161938787,11.7099366226242,1
351,0,18.75,48,11.7099366226242,11.8597831325942,1
351,0,18.75,48,11.8597831325942,11.9373192809414,1
351,0,18.75,48,11.9373192809414,11.9385540015734,1
351,0,18.75,48,11.9385540015734,11.9602346707746,1
351,0,18.75,48,11.9602346707746,12.1293207095006,1
351,0,18.75,48,12.1293207095006,12.1324529531872,1
351,0,18.75,48,12.1324529531872,12.4650236037307,1
351,0,18.75,48,12.4650236037307,12.6072195724511,1
351,0,18.75,48,12.6072195724511,13.0730235037579,1
351,0,18.75,48,13.0730235037579,13.1253539861553,1
351,0,18.75,48,13.1253539861553,13.2957121985906,1
351,0,18.75,48,13.2957121985906,13.3405635790764,1
351,0,18.75,48,13.3405635790764,13.6894740709109,1
351,0,18.75,48,13.6894740709109,13.7179921157951,1
351,0,18.75,48,13.7179921157951,14.0688546364943,1
351,0,18.75,48,14.0688546364943,14.3652813624236,1
351,0,18.75,48,14.3652813624236,14.9287582785616,1
351,0,18.75,48,14.9287582785616,14.9468264893167,1
351,0,18.75,48,14.9468264893167,15.4486608600338,1
351,0,18.75,48,15.4486608600338,15.6217491647138,1
351,0,18.75,48,15.6217491647138,15.6683118057428,1
351,0,18.75,48,15.6683118057428,15.9331844453321,1
351,0,18.75,48,15.9331844453321,15.9382839252836,1
351,0,18.75,48,15.9382839252836,16.0831686776347,1
351,0,18.75,48,16.0831686776347,16.2858487762255,1
351,0,18.75,48,16.2858487762255,16.3233840085017,1
351,0,18.75,48,16.3233840085017,16.5559515936254,1
351,0,18.75,48,16.5559515936254,17.716703812435,1
351,0,18.75,48,17.716703812435,18.008165245813,1
351,0,18.75,48,18.008165245813,18.0989506149707,1
351,0,18.75,48,18.0989506149707,18.3413539418655,1
351,0,18.75,48,18.3413539418655,18.474936048165,1
351,0,18.75,48,18.474936048165,18.6102093274265,1
351,0,18.75,48,18.6102093274265,18.75,0
352,0,18.75,3,0,2.76165178999089,1
352,0,18.75,3,2.76165178999089,3.00988207146476,1
352,0,18.75,3,3.00988207146476,8.03237595968452,1
352,0,18.75,3,8.03237595968452,18.75,0
353,0,8.75,2,0,4.30252919664986,1
353,0,8.75,2,4.30252919664986,6.63999486731693,1
353,0,8.75,2,6.63999486731693,8.75,0
354,0,16.75,1,0,1.93351521049656,1
354,0,16.75,1,1.93351521049656,16.75,0
355,0,11.75,11,0,2.86273376280111,1
355,0,11.75,11,2.86273376280111,6.86456255648826,1
355,0,11.75,11,6.86456255648826,7.14749771509739,1
355,0,11.75,11,7.14749771509739,7.43609479831815,1
355,0,11.75,11,7.43609479831815,8.81738923022633,1
355,0,11.75,11,8.81738923022633,9.20204789432596,1
355,0,11.75,11,9.20204789432596,9.24202077203457,1
355,0,11.75,11,9.24202077203457,9.88670468460137,1
355,0,11.75,11,9.88670468460137,10.508120026013,1
355,0,11.75,11,10.508120026013,10.5694931456727,1
355,0,11.75,11,10.5694931456727,11.0969674344529,1
355,0,11.75,11,11.0969674344529,11.75,0
356,0,16.75,2,0,0.100540405524249,1
356,0,16.75,2,0.100540405524249,13.6352366030994,1
356,0,16.75,2,13.6352366030994,16.75,0
357,0,14.75,0,0,14.75,0
358,0,16.75,32,0,4.60818138963546,1
358,0,16.75,32,4.60818138963546,4.79254417027849,1
358,0,16.75,32,4.79254417027849,6.90264468330382,1
358,0,16.75,32,6.90264468330382,7.93439134692029,1
358,0,16.75,32,7.93439134692029,8.28160387005949,1
358,0,16.75,32,8.28160387005949,9.20009722636888,1
358,0,16.75,32,9.20009722636888,9.9068485567838,1
358,0,16.75,32,9.9068485567838,10.1855183173272,1
358,0,16.75,32,10.1855183173272,10.4001137446694,1
358,0,16.75,32,10.4001137446694,10.596298097502,1
358,0,16.75,32,10.596298097502,10.722506139784,1
358,0,16.75,32,10.722506139784,11.2796930226436,1
358,0,16.75,32,11.2796930226436,11.7634170682338,1
358,0,16.75,32,11.7634170682338,12.3757801871384,1
358,0,16.75,32,12.3757801871384,12.617633579944,1
358,0,16.75,32,12.617633579944,12.6250590605684,1
358,0,16.75,32,12.6250590605684,13.0532738140548,1
358,0,16.75,32,13.0532738140548,13.5785145532139,1
358,0,16.75,32,13.5785145532139,14.0321365130288,1
358,0,16.75,32,14.0321365130288,14.4314547730413,1
358,0,16.75,32,14.4314547730413,14.7537373065059,1
358,0,16.75,32,14.7537373065059,14.7574889335321,1
358,0,16.75,32,14.7574889335321,14.845001004526,1
358,0,16.75,32,14.845001004526,15.0712665202453,1
358,0,16.75,32,15.0712665202453,15.1418996079643,1
358,0,16.75,32,15.1418996079643,15.6434678963135,1
358,0,16.75,32,15.6434678963135,15.6772244622064,1
358,0,16.75,32,15.6772244622064,15.7769684531537,1
358,0,16.75,32,15.7769684531537,15.7778931843452,1
358,0,16.75,32,15.7778931843452,16.3265713200558,1
358,0,16.75,32,16.3265713200558,16.6782802762502,1
358,0,16.75,32,16.6782802762502,16.7315700774323,1
358,0,16.75,32,16.7315700774323,16.75,0
359,0,14.75,0,0,14.75,0
360,0,13.75,27,0,3.65176460535767,1
360,0,13.75,27,3.65176460535767,5.85050986508756,1
360,0,13.75,27,5.85050986508756,6.56166766670193,1
360,0,13.75,27,6.56166766670193,6.93735134665259,1
360,0,13.75,27,6.93735134665259,7.36178444359188,1
360,0,13.75,27,7.36178444359188,7.55372765960673,1
360,0,13.75,27,7.55372765960673,7.58696639875216,1
360,0,13.75,27,7.58696639875216,8.34886222723222,1
360,0,13.75,27,8.34886222723222,8.41402066063821,1
360,0,13.75,27,8.41402066063821,10.3433297891994,1
360,0,13.75,27,10.3433297891994,10.8182362084554,1
360,0,13.75,27,10.8182362084554,10.8875405701825,1
360,0,13.75,27,10.8875405701825,10.9447877195897,1
360,0,13.75,27,10.9447877195897,11.3167637154611,1
360,0,13.75,27,11.3167637154611,11.8530941120922,1
360,0,13.75,27,11.8530941120922,11.9312062175043,1
360,0,13.75,27,11.9312062175043,12.5446285649374,1
360,0,13.75,27,12.5446285649374,12.6902460191694,1
360,0,13.75,27,12.6902460191694,12.8309846718057,1
360,0,13.75,27,12.8309846718057,13.0738903178393,1
360,0,13.75,27,13.0738903178393,13.1898831817038,1
360,0,13.75,27,13.1898831817038,13.309486488432,1
360,0,13.75,27,13.309486488432,13.4576629659682,1
360,0,13.75,27,13.4576629659682,13.5497401328203,1
360,0,13.75,27,13.5497401328203,13.5573896593586,1
360,0,13.75,27,13.5573896593586,13.5756904112853,1
360,0,13.75,27,13.5756904112853,13.6689440968507,1
360,0,13.75,27,13.6689440968507,13.75,0
361,0,12.75,40,0,0.160579784026652,1
361,0,12.75,40,0.160579784026652,1.21153461736282,1
361,0,12.75,40,1.21153461736282,1.96825422801008,1
361,0,12.75,40,1.96825422801008,2.86510853496283,1
361,0,12.75,40,2.86510853496283,3.98255607338206,1
361,0,12.75,40,3.98255607338206,4.78945227293483,1
361,0,12.75,40,4.78945227293483,5.12353086190935,1
361,0,12.75,40,5.12353086190935,5.5548103039738,1
361,0,12.75,40,5.5548103039738,6.78489132727432,1
361,0,12.75,40,6.78489132727432,6.86629203226157,1
361,0,12.75,40,6.86629203226157,6.94898715027427,1
361,0,12.75,40,6.94898715027427,7.26224339231155,1
361,0,12.75,40,7.26224339231155,7.51251133392841,1
361,0,12.75,40,7.51251133392841,7.87539693599517,1
361,0,12.75,40,7.87539693599517,7.96540834942831,1
361,0,12.75,40,7.96540834942831,8.28807498125845,1
361,0,12.75,40,8.28807498125845,8.54353898645457,1
361,0,12.75,40,8.54353898645457,8.69436648722524,1
361,0,12.75,40,8.69436648722524,8.84352307768897,1
361,0,12.75,40,8.84352307768897,9.73964330276997,1
361,0,12.75,40,9.73964330276997,10.3899824328723,1
361,0,12.75,40,10.3899824328723,10.6003534977224,1
361,0,12.75,40,10.6003534977224,10.7279603613798,1
361,0,12.75,40,10.7279603613798,10.7342108107793,1
361,0,12.75,40,10.7342108107793,10.8473884284649,1
361,0,12.75,40,10.8473884284649,10.8955348183893,1
361,0,12.75,40,10.8955348183893,11.0517750852328,1
361,0,12.75,40,11.0517750852328,11.20151854753,1
361,0,12.75,40,11.20151854753,11.7143693447098,1
361,0,12.75,40,11.7143693447098,11.9064880697195,1
361,0,12.75,40,11.9064880697195,12.1655510753314,1
361,0,12.75,40,12.1655510753314,12.1657236898527,1
361,0,12.75,40,12.1657236898527,12.2372025985096,1
361,0,12.75,40,12.2372025985096,12.2881964337797,1
361,0,12.75,40,12.2881964337797,12.3202837033555,1
361,0,12.75,40,12.3202837033555,12.491661250255,1
361,0,12.75,40,12.491661250255,12.5600924266877,1
361,0,12.75,40,12.5600924266877,12.5845612445697,1
361,0,12.75,40,12.5845612445697,12.7332236945236,1
361,0,12.75,40,12.7332236945236,12.7413623514899,1
361,0,12.75,40,12.7413623514899,12.75,0
362,0,19.75,45,0,2.69676856833408,1
362,0,19.75,45,2.69676856833408,8.03213126197011,1
362,0,19.75,45,8.03213126197011,8.52037413660382,1
362,0,19.75,45,8.52037413660382,9.9552263583491,1
362,0,19.75,45,9.9552263583491,10.0053241322372,1
362,0,19.75,45,10.0053241322372,10.1808782396571,1
362,0,19.75,45,10.1808782396571,10.2368162316481,1
362,0,19.75,45,10.2368162316481,10.6448390593269,1
362,0,19.75,45,10.6448390593269,11.2307775115526,1
362,0,19.75,45,11.2307775115526,11.367512456177,1
362,0,19.75,45,11.367512456177,11.9182902933542,1
362,0,19.75,45,11.9182902933542,12.0321421556006,1
362,0,19.75,45,12.0321421556006,12.6944180367256,1
362,0,19.75,45,12.6944180367256,12.9543667720237,1
362,0,19.75,45,12.9543667720237,13.1592174129485,1
362,0,19.75,45,13.1592174129485,13.4134468896135,1
362,0,19.75,45,13.4134468896135,14.5018769829388,1
362,0,19.75,45,14.5018769829388,14.7456801703062,1
362,0,19.75,45,14.7456801703062,14.7759345421787,1
362,0,19.75,45,14.7759345421787,15.0206433499406,1
362,0,19.75,45,15.0206433499406,15.2395006008737,1
362,0,19.75,45,15.2395006008737,15.4546814369929,1
362,0,19.75,45,15.4546814369929,16.0311650154369,1
362,0,19.75,45,16.0311650154369,16.08643630484,1
362,0,19.75,45,16.08643630484,16.1321820236898,1
362,0,19.75,45,16.1321820236898,16.1393385381027,1
362,0,19.75,45,16.1393385381027,16.2101033524908,1
362,0,19.75,45,16.2101033524908,16.7131276189994,1
362,0,19.75,45,16.7131276189994,17.0164568956139,1
362,0,19.75,45,17.0164568956139,17.1106012987281,1
362,0,19.75,45,17.1106012987281,17.5411519753727,1
362,0,19.75,45,17.5411519753727,17.7576132191264,1
362,0,19.75,45,17.7576132191264,17.8409197969197,1
362,0,19.75,45,17.8409197969197,17.9491697515961,1
362,0,19.75,45,17.9491697515961,18.4431966737146,1
362,0,19.75,45,18.4431966737146,18.7348343621504,1
362,0,19.75,45,18.7348343621504,18.8336535740807,1
362,0,19.75,45,18.8336535740807,18.859350290371,1
362,0,19.75,45,18.859350290371,18.9365845312025,1
362,0,19.75,45,18.9365845312025,19.0436195578878,1
362,0,19.75,45,19.0436195578878,19.0482015355433,1
362,0,19.75,45,19.0482015355433,19.2338153665131,1
362,0,19.75,45,19.2338153665131,19.401941081823,1
362,0,19.75,45,19.401941081823,19.4822214499329,1
362,0,19.75,45,19.4822214499329,19.6740034399656,1
362,0,19.75,45,19.6740034399656,19.75,0
363,0,18.75,22,0,5.45039708069183,1
363,0,18.75,22,5.45039708069183,10.0968617158137,1
363,0,18.75,22,10.0968617158137,10.9972454438817,1
363,0,18.75,22,10.9972454438817,11.9692554491848,1
363,0,18.75,22,11.9692554491848,12.122769161655,1
363,0,18.75,22,12.122769161655,12.2728440680802,1
363,0,18.75,22,12.2728440680802,12.916978147993,1
363,0,18.75,22,12.916978147993,13.0299458063371,1
363,0,18.75,22,13.0299458063371,13.0892319390036,1
363,0,18.75,22,13.0892319390036,13.6255942096295,1
363,0,18.75,22,13.6255942096295,13.9484180997402,1
363,0,18.75,22,13.9484180997402,14.2071831977268,1
363,0,18.75,22,14.2071831977268,14.6007765626054,1
363,0,18.75,22,14.6007765626054,15.315223844862,1
363,0,18.75,22,15.315223844862,15.4129192880521,1
363,0,18.75,22,15.4129192880521,15.6710277486451,1
363,0,18.75,22,15.6710277486451,15.7227030317954,1
363,0,18.75,22,15.7227030317954,15.7657213662834,1
363,0,18.75,22,15.7657213662834,16.0396500536675,1
363,0,18.75,22,16.0396500536675,16.4170197825064,1
363,0,18.75,22,16.4170197825064,16.8061930320308,1
363,0,18.75,22,16.8061930320308,17.5076778208713,1
363,0,18.75,22,17.5076778208713,18.75,0
364,0,10.75,0,0,10.75,0
365,0,8.75,5,0,2.99047420345705,1
365,0,8.75,5,2.99047420345705,5.00458523789246,1
365,0,8.75,5,5.00458523789246,7.33706624636354,1
365,0,8.75,5,7.33706624636354,8.15902303221115,1
365,0,8.75,5,8.15902303221115,8.49031255345364,1
365,0,8.75,5,8.49031255345364,8.75,0
366,0,14.75,2,0,1.84863241502993,1
366,0,14.75,2,1.84863241502993,14.4080638746008,1
366,0,14.75,2,14.4080638746008,14.75,0
367,0,19.75,1,0,18.0626748155395,1
367,0,19.75,1,18.0626748155395,19.75,0
368,0,14.75,49,0,1.5085949050617,1
368,0,14.75,49,1.5085949050617,2.7418304617193,1
368,0,14.75,49,2.7418304617193,3.65524538063461,1
368,0,14.75,49,3.65524538063461,4.05165170271049,1
368,0,14.75,49,4.05165170271049,4.20925158759861,1
368,0,14.75,49,4.20925158759861,4.43588285860567,1
368,0,14.75,49,4.43588285860567,5.36192405119806,1
368,0,14.75,49,5.36192405119806,5.67703081713354,1
368,0,14.75,49,5.67703081713354,6.72343410692543,1
368,0,14.75,49,6.72343410692543,7.43837959343415,1
368,0,14.75,49,7.43837959343415,7.74501235434246,1
368,0,14.75,49,7.74501235434246,8.77760322186227,1
368,0,14.75,49,8.77760322186227,8.86612315695931,1
368,0,14.75,49,8.86612315695931,9.57135260643321,1
368,0,14.75,49,9.57135260643321,9.59689472509912,1
368,0,14.75,49,9.59689472509912,9.65875579599243,1
368,0,14.75,49,9.65875579599243,9.74314993141226,1
368,0,14.75,49,9.74314993141226,10.0966814013612,1
368,0,14.75,49,10.0966814013612,10.1046651977511,1
368,0,14.75,49,10.1046651977511,10.278931153525,1
368,0,14.75,49,10.278931153525,10.3162368853282,1
368,0,14.75,49,10.3162368853282,10.4279929544255,1
368,0,14.75,49,10.4279929544255,10.6685156005684,1
368,0,14.75,49,10.6685156005684,10.758605561341,1
368,0,14.75,49,10.758605561341,10.7771645353059,1
368,0,14.75,49,10.7771645353059,11.0212794665953,1
368,0,14.75,49,11.0212794665953,11.1106482428081,1
368,0,14.75,49,11.1106482428081,11.242762787748,1
368,0,14.75,49,11.242762787748,11.4231789687805,1
368,0,14.75,49,11.4231789687805,11.8740763701589,1
368,0,14.75,49,11.8740763701589,12.0564018014117,1
368,0,14.75,49,12.0564018014117,12.2623000962361,1
368,0,14.75,49,12.2623000962361,12.3578578931526,1
368,0,14.75,49,12.3578578931526,12.5584759145332,1
368,0,14.75,49,12.5584759145332,12.6835956684147,1
368,0,14.75,49,12.6835956684147,13.0865429578893,1
368,0,14.75,49,13.0865429578893,13.4324232858808,1
368,0,14.75,49,13.4324232858808,13.497561505386,1
368,0,14.75,49,13.497561505386,13.532288952132,1
368,0,14.75,49,13.532288952132,13.6016439761352,1
368,0,14.75,49,13.6016439761352,13.6594896141686,1
368,0,14.75,49,13.6594896141686,13.7124447823047,1
368,0,14.75,49,13.7124447823047,13.7917927577348,1
368,0,14.75,49,13.7917927577348,13.8352453422977,1
368,0,14.75,49,13.8352453422977,13.9153367142315,1
368,0,14.75,49,13.9153367142315,14.1829799562927,1
368,0,14.75,49,14.1829799562927,14.4628218986299,1
368,0,14.75,49,14.4628218986299,14.4647608803039,1
368,0,14.75,49,14.4647608803039,14.6787974301706,1
368,0,14.75,49,14.6787974301706,14.75,0
369,0,14.75,1,0,4.55361630843348,1
369,0,14.75,1,4.55361630843348,14.75,0
370,0,14.75,24,0,3.61860270982186,1
370,0,14.75,24,3.61860270982186,4.93034057486245,1
370,0,14.75,24,4.93034057486245,5.23746627028215,1
370,0,14.75,24,5.23746627028215,5.85273562460754,1
370,0,14.75,24,5.85273562460754,6.5534927804964,1
370,0,14.75,24,6.5534927804964,7.15483121748492,1
370,0,14.75,24,7.15483121748492,8.540970617947,1
370,0,14.75,24,8.540970617947,9.68407724241217,1
370,0,14.75,24,9.68407724241217,10.1388554712558,1
370,0,14.75,24,10.1388554712558,10.3620924244004,1
370,0,14.75,24,10.3620924244004,10.7553884431665,1
370,0,14.75,24,10.7553884431665,10.87967217361,1
370,0,14.75,24,10.87967217361,10.9317805387564,1
370,0,14.75,24,10.9317805387564,11.0170071987468,1
370,0,14.75,24,11.0170071987468,11.8298815669953,1
370,0,14.75,24,11.8298815669953,12.3687890446711,1
370,0,14.75,24,12.3687890446711,12.5575580135403,1
370,0,14.75,24,12.5575580135403,12.730909515178,1
370,0,14.75,24,12.730909515178,12.9998564945715,1
370,0,14.75,24,12.9998564945715,13.0937191559006,1
370,0,14.75,24,13.0937191559006,13.4612550260143,1
370,0,14.75,24,13.4612550260143,13.747950287539,1
370,0,14.75,24,13.747950287539,13.9727478584815,1
370,0,14.75,24,13.9727478584815,14.0063080832111,1
370,0,14.75,24,14.0063080832111,14.75,0
371,0,13.75,2,0,2.03299498636844,1
371,0,13.75,2,2.03299498636844,6.96947630730694,1
371,0,13.75,2,6.96947630730694,13.75,0
372,0,11.75,8,0,2.98985152490023,1
372,0,11.75,8,2.98985152490023,6.0127731529306,1
372,0,11.75,8,6.0127731529306,7.03124871857339,1
372,0,11.75,8,7.03124871857339,8.84266807006989,1
372,0,11.75,8,8.84266807006989,8.8578267627398,1
372,0,11.75,8,8.8578267627398,9.98846908319665,1
372,0,11.75,8,9.98846908319665,10.2363287949296,1
372,0,11.75,8,10.2363287949296,11.0154447701339,1
372,0,11.75,8,11.0154447701339,11.75,0
373,0,10.75,0,0,10.75,0
374,0,10.75,15,0,4.13240191314298,1
374,0,10.75,15,4.13240191314298,4.37659927060333,1
374,0,10.75,15,4.37659927060333,4.7410738482677,1
374,0,10.75,15,4.7410738482677,6.46834238841661,1
374,0,10.75,15,6.46834238841661,7.18892818222903,1
374,0,10.75,15,7.18892818222903,7.20942691178869,1
374,0,10.75,15,7.20942691178869,7.81798270549991,1
374,0,10.75,15,7.81798270549991,8.80332842049027,1
374,0,10.75,15,8.80332842049027,8.85076335188608,1
374,0,10.75,15,8.85076335188608,9.17501073842585,1
374,0,10.75,15,9.17501073842585,9.43407525834095,1
374,0,10.75,15,9.43407525834095,9.6902874510723,1
374,0,10.75,15,9.6902874510723,10.3465927674816,1
374,0,10.75,15,10.3465927674816,10.4685523865015,1
374,0,10.75,15,10.4685523865015,10.4949515325556,1
374,0,10.75,15,10.4949515325556,10.75,0
375,0,16.75,31,0,2.86163921287817,1
375,0,16.75,31,2.86163921287817,3.40490644831061,1
375,0,16.75,31,3.40490644831061,4.0366268629854,1
375,0,16.75,31,4.0366268629854,7.45608277502525,1
375,0,16.75,31,7.45608277502525,7.58261446371712,1
375,0,16.75,31,7.58261446371712,7.63830898263999,1
375,0,16.75,31,7.63830898263999,8.25300103271494,1
375,0,16.75,31,8.25300103271494,9.59284642925264,1
375,0,16.75,31,9.59284642925264,9.96477721817407,1
375,0,16.75,31,9.96477721817407,10.5258334356533,1
375,0,16.75,31,10.5258334356533,10.5579390058311,1
375,0,16.75,31,10.5579390058311,10.7085602286812,1
375,0,16.75,31,10.7085602286812,12.6154452744038,1
375,0,16.75,31,12.6154452744038,12.7616946040979,1
375,0,16.75,31,12.7616946040979,13.1134318526955,1
375,0,16.75,31,13.1134318526955,13.1134716831993,1
375,0,16.75,31,13.1134716831993,13.5482700268995,1
375,0,16.75,31,13.5482700268995,13.6744120102963,1
375,0,16.75,31,13.6744120102963,14.0705181620613,1
375,0,16.75,31,14.0705181620613,14.2754995529023,1
375,0,16.75,31,14.2754995529023,14.4725594704447,1
375,0,16.75,31,14.4725594704447,14.5395003707893,1
375,0,16.75,31,14.5395003707893,14.5493927031634,1
375,0,16.75,31,14.5493927031634,15.7478468877514,1
375,0,16.75,31,15.7478468877514,15.7622668953909,1
375,0,16.75,31,15.7622668953909,15.8479735930465,1
375,0,16.75,31,15.8479735930465,15.9343140587853,1
375,0,16.75,31,15.9343140587853,16.1764291862811,1
375,0,16.75,31,16.1764291862811,16.5490657982537,1
375,0,16.75,31,16.5490657982537,16.613438236307,1
375,0,16.75,31,16.613438236307,16.6795261433419,1
375,0,16.75,31,16.6795261433419,16.75,0
376,0,15.75,2,0,0.881339909580163,1
376,0,15.75,2,0.881339909580163,4.13403479323192,1
376,0,15.75,2,4.13403479323192,15.75,0
377,0,13.75,4,0,0.0475794169555688,1
377,0,13.75,4,0.0475794169555688,1.82874070564486,1
377,0,13.75,4,1.82874070564486,4.58218772707514,1
377,0,13.75,4,4.58218772707514,6.67924332867338,1
377,0,13.75,4,6.67924332867338,13.75,0
378,0,11.75,2,0,1.08069508322491,1
378,0,11.75,2,1.08069508322491,2.05448533637454,1
378,0,11.75,2,2.05448533637454,11.75,0
379,0,18.75,48,0,5.27862334896993,1
379,0,18.75,48,5.27862334896993,5.40943602728702,1
379,0,18.75,48,5.40943602728702,5.91147983619086,1
379,0,18.75,48,5.91147983619086,6.00109710792877,1
379,0,18.75,48,6.00109710792877,6.88860461164981,1
379,0,18.75,48,6.88860461164981,7.13974415805048,1
379,0,18.75,48,7.13974415805048,7.26704610766323,1
379,0,18.75,48,7.26704610766323,8.87445833492294,1
379,0,18.75,48,8.87445833492294,9.35546310721567,1
379,0,18.75,48,9.35546310721567,9.40121560519239,1
379,0,18.75,48,9.40121560519239,9.61407987275269,1
379,0,18.75,48,9.61407987275269,9.9673975858339,1
379,0,18.75,48,9.9673975858339,10.9356338371872,1
379,0,18.75,48,10.9356338371872,10.946306412269,1
379,0,18.75,48,10.946306412269,11.129661525642,1
379,0,18.75,48,11.129661525642,11.1801924963454,1
379,0,18.75,48,11.1801924963454,11.8277470443897,1
379,0,18.75,48,11.8277470443897,12.6530934591748,1
379,0,18.75,48,12.6530934591748,13.0686660792056,1
379,0,18.75,48,13.0686660792056,13.9495818095057,1
379,0,18.75,48,13.9495818095057,14.0088972994218,1
379,0,18.75,48,14.0088972994218,14.1257450267689,1
379,0,18.75,48,14.1257450267689,14.1913034284091,1
379,0,18.75,48,14.1913034284091,14.3945353984328,1
379,0,18.75,48,14.3945353984328,14.4874040416503,1
379,0,18.75,48,14.4874040416503,14.8616687113522,1
379,0,18.75,48,14.8616687113522,14.9753326301242,1
379,0,18.75,48,14.9753326301242,15.2694893299997,1
379,0,18.75,48,15.2694893299997,15.6259457113325,1
379,0,18.75,48,15.6259457113325,15.7914641291925,1
379,0,18.75,48,15.7914641291925,15.9312995925405,1
379,0,18.75,48,15.9312995925405,16.0580560300444,1
379,0,18.75,48,16.0580560300444,16.2629914665909,1
379,0,18.75,48,16.2629914665909,16.5290630300666,1
379,0,18.75,48,16.5290630300666,16.5979798650216,1
379,0,18.75,48,16.5979798650216,16.8890317126488,1
379,0,18.75,48,16.8890317126488,16.9885943571778,1
379,0,18.75,48,16.9885943571778,17.1967446317528,1
379,0,18.75,48,17.1967446317528,17.2023513532363,1
379,0,18.75,48,17.2023513532363,17.4293162408089,1
379,0,18.75,48,17.4293162408089,17.5700727832845,1
379,0,18.75,48,17.5700727832845,17.5981307468699,1
379,0,18.75,48,17.5981307468699,17.9117280419062,1
379,0,18.75,48,17.9117280419062,18.3649040169792,1
379,0,18.75,48,18.3649040169792,18.3794954994678,1
379,0,18.75,48,18.3794954994678,18.5471362751379,1
379,0,18.75,48,18.5471362751379,18.5976401933671,1
379,0,18.75,48,18.5976401933671,18.6916620576892,1
379,0,18.75,48,18.6916620576892,18.75,0
380,0,10.75,0,0,10.75,0
381,0,12.75,4,0,1.127991963883,1
381,0,12.75,4,1.127991963883,1.88373647756417,1
381,0,12.75,4,1.88373647756417,7.02433051000659,1
381,0,12.75,4,7.02433051000659,9.31411100006136,1
381,0,12.75,4,9.31411100006136,12.75,0
382,0,13.75,27,0,2.99122874320267,1
382,0,13.75,27,2.99122874320267,4.30348123165787,1
382,0,13.75,27,4.30348123165787,4.69941933704986,1
382,0,13.75,27,4.69941933704986,5.419557500049,1
382,0,13.75,27,5.419557500049,6.20934931125098,1
382,0,13.75,27,6.20934931125098,7.25329711457576,1
382,0,13.75,27,7.25329711457576,7.55675336408738,1
382,0,13.75,27,7.55675336408738,7.5572313740138,1
382,0,13.75,27,7.5572313740138,8.35128151072394,1
382,0,13.75,27,8.35128151072394,9.13874342292592,1
382,0,13.75,27,9.13874342292592,9.15123614384793,1
382,0,13.75,27,9.15123614384793,9.3052238350332,1
382,0,13.75,27,9.3052238350332,9.47281044209663,1
382,0,13.75,27,9.47281044209663,9.70810582400412,1
382,0,13.75,27,9.70810582400412,9.90877992795673,1
382,0,13.75,27,9.90877992795673,10.145375929434,1
382,0,13.75,27,10.145375929434,10.2010669662095,1
382,0,13.75,27,10.2010669662095,10.4625376851893,1
382,0,13.75,27,10.4625376851893,10.465971492418,1
382,0,13.75,27,10.465971492418,11.4294631592487,1
382,0,13.75,27,11.4294631592487,12.1878979930314,1
382,0,13.75,27,12.1878979930314,12.591174981551,1
382,0,13.75,27,12.591174981551,13.1373006126016,1
382,0,13.75,27,13.1373006126016,13.2564350010091,1
382,0,13.75,27,13.2564350010091,13.2951676728617,1
382,0,13.75,27,13.2951676728617,13.296502683125,1
382,0,13.75,27,13.296502683125,13.6507968608957,1
382,0,13.75,27,13.6507968608957,13.75,0
383,0,17.75,2,0,4.03197650096587,1
383,0,17.75,2,4.03197650096587,16.1611462152322,1
383,0,17.75,2,16.1611462152322,17.75,0
384,0,19.75,3,0,0.134427337496446,1
384,0,19.75,3,0.134427337496446,8.31531926384285,1
384,0,19.75,3,8.31531926384285,8.5995541242941,1
384,0,19.75,3,8.5995541242941,19.75,0
385,0,8.75,3,0,3.5840577455992,1
385,0,8.75,3,3.5840577455992,6.81724834912233,1
385,0,8.75,3,6.81724834912233,7.26514936297927,1
385,0,8.75,3,7.26514936297927,8.75,0
386,0,9.75,1,0,0.30248887116098,1
386,0,9.75,1,0.30248887116098,9.75,0
387,0,13.75,0,0,13.75,0
388,0,16.75,1,0,12.9674071129029,1
388,0,16.75,1,12.9674071129029,16.75,0
389,0,12.75,4,0,0.102435490204093,1
389,0,12.75,4,0.102435490204093,5.88170144621464,1
389,0,12.75,4,5.88170144621464,7.39915633332725,1
389,0,12.75,4,7.39915633332725,11.2932516736917,1
389,0,12.75,4,11.2932516736917,12.75,0
390,0,14.75,0,0,14.75,0
391,0,11.75,0,0,11.75,0
392,0,19.75,0,0,19.75,0
393,0,20.75,64,0,4.31897348003073,1
393,0,20.75,64,4.31897348003073,4.32942938653199,1
393,0,20.75,64,4.32942938653199,4.32966118158812,1
393,0,20.75,64,4.32966118158812,5.326927253516,1
393,0,20.75,64,5.326927253516,5.74907308548018,1
393,0,20.75,64,5.74907308548018,5.81337272217946,1
393,0,20.75,64,5.81337272217946,6.33379649951187,1
393,0,20.75,64,6.33379649951187,6.37409615510366,1
393,0,20.75,64,6.37409615510366,6.44746908830422,1
393,0,20.75,64,6.44746908830422,7.06686064656153,1
393,0,20.75,64,7.06686064656153,7.53469904074888,1
393,0,20.75,64,7.53469904074888,7.80848179088538,1
393,0,20.75,64,7.80848179088538,8.30450327961895,1
393,0,20.75,64,8.30450327961895,9.55124569804484,1
393,0,20.75,64,9.55124569804484,10.1309828438669,1
393,0,20.75,64,10.1309828438669,10.3198667830401,1
393,0,20.75,64,10.3198667830401,10.536706277438,1
393,0,20.75,64,10.536706277438,10.541288001055,1
393,0,20.75,64,10.541288001055,11.2183478964919,1
393,0,20.75,64,11.2183478964919,11.3113002905463,1
393,0,20.75,64,11.3113002905463,11.7020393408759,1
393,0,20.75,64,11.7020393408759,11.7557452049395,1
393,0,20.75,64,11.7557452049395,11.9470109010892,1
393,0,20.75,64,11.9470109010892,12.2801653282645,1
393,0,20.75,64,12.2801653282645,12.3379521369131,1
393,0,20.75,64,12.3379521369131,12.4208943601453,1
393,0,20.75,64,12.4208943601453,12.5064200510602,1
393,0,20.75,64,12.5064200510602,13.3665481862133,1
393,0,20.75,64,13.3665481862133,13.4182505446497,1
393,0,20.75,64,13.4182505446497,14.2831374858472,1
393,0,20.75,64,14.2831374858472,14.8375400218266,1
393,0,20.75,64,14.8375400218266,15.9197747160559,1
393,0,20.75,64,15.9197747160559,16.5013363315117,1
393,0,20.75,64,16.5013363315117,16.5610315675676,1
393,0,20.75,64,16.5610315675676,16.6141298354967,1
393,0,20.75,64,16.6141298354967,17.0026807133052,1
393,0,20.75,64,17.0026807133052,17.1939815841229,1
393,0,20.75,64,17.1939815841229,17.2698629427688,1
393,0,20.75,64,17.2698629427688,17.3486927058273,1
393,0,20.75,64,17.3486927058273,17.3681535930123,1
393,0,20.75,64,17.3681535930123,17.3921161199776,1
393,0,20.75,64,17.3921161199776,17.5131959095076,1
393,0,20.75,64,17.5131959095076,17.5623302893323,1
393,0,20.75,64,17.5623302893323,17.7440813586284,1
393,0,20.75,64,17.7440813586284,18.0315854804401,1
393,0,20.75,64,18.0315854804401,18.0677410676532,1
393,0,20.75,64,18.0677410676532,18.2001519292768,1
393,0,20.75,64,18.2001519292768,18.3556598803217,1
393,0,20.75,64,18.3556598803217,18.4526666330493,1
393,0,20.75,64,18.4526666330493,18.8275734791473,1
393,0,20.75,64,18.8275734791473,19.0275718822706,1
393,0,20.75,64,19.0275718822706,19.2872921805475,1
393,0,20.75,64,19.2872921805475,19.2881216370376,1
393,0,20.75,64,19.2881216370376,19.3450897618027,1
393,0,20.75,64,19.3450897618027,19.4811935949538,1
393,0,20.75,64,19.4811935949538,19.5676602475915,1
393,0,20.75,64,19.5676602475915,19.5930272092846,1
393,0,20.75,64,19.5930272092846,19.6545116926976,1
393,0,20.75,64,19.6545116926976,19.7892443062476,1
393,0,20.75,64,19.7892443062476,19.9062324233061,1
393,0,20.75,64,19.9062324233061,20.146242041314,1
393,0,20.75,64,20.146242041314,20.1935605820042,1
393,0,20.75,64,20.1935605820042,20.4769687324479,1
393,0,20.75,64,20.4769687324479,20.6396604559952,1
393,0,20.75,64,20.6396604559952,20.75,0
394,0,9.75,1,0,2.96769921226765,1
394,0,9.75,1,2.96769921226765,9.75,0
395,0,13.75,22,0,3.36017462368256,1
395,0,13.75,22,3.36017462368256,4.60100116587371,1
395,0,13.75,22,4.60100116587371,5.22081377383636,1
395,0,13.75,22,5.22081377383636,5.39124244642125,1
395,0,13.75,22,5.39124244642125,6.084319654302,1
395,0,13.75,22,6.084319654302,7.32380868074654,1
395,0,13.75,22,7.32380868074654,8.7848848027631,1
395,0,13.75,22,8.7848848027631,8.93353075909661,1
395,0,13.75,22,8.93353075909661,9.49498308654678,1
395,0,13.75,22,9.49498308654678,10.3557287847134,1
395,0,13.75,22,10.3557287847134,10.7688927525928,1
395,0,13.75,22,10.7688927525928,10.7896128652034,1
395,0,13.75,22,10.7896128652034,11.0464460615519,1
395,0,13.75,22,11.0464460615519,11.3453531803896,1
395,0,13.75,22,11.3453531803896,11.4463598742291,1
395,0,13.75,22,11.4463598742291,12.4160203304563,1
395,0,13.75,22,12.4160203304563,12.49237577223,1
395,0,13.75,22,12.49237577223,12.543768139043,1
395,0,13.75,22,12.543768139043,12.9370790715098,1
395,0,13.75,22,12.9370790715098,13.2971040374142,1
395,0,13.75,22,13.2971040374142,13.4625603865554,1
395,0,13.75,22,13.4625603865554,13.7397417332412,1
395,0,13.75,22,13.7397417332412,13.75,0
396,0,12.75,12,0,6.72867610112607,1
396,0,12.75,12,6.72867610112607,8.26547549231728,1
396,0,12.75,12,8.26547549231728,8.36294128549608,1
396,0,12.75,12,8.36294128549608,8.9492948694746,1
396,0,12.75,12,8.9492948694746,9.78326126856398,1
396,0,12.75,12,9.78326126856398,10.4318909528503,1
396,0,12.75,12,10.4318909528503,10.9496021199747,1
396,0,12.75,12,10.9496021199747,11.243942495929,1
396,0,12.75,12,11.243942495929,11.5933839201182,1
396,0,12.75,12,11.5933839201182,11.608154989998,1
396,0,12.75,12,11.608154989998,12.4618945232296,1
396,0,12.75,12,12.4618945232296,12.7176806086452,1
396,0,12.75,12,12.7176806086452,12.75,0
397,0,13.75,29,0,3.29254945566648,1
397,0,13.75,29,3.29254945566648,5.43116214007099,1
397,0,13.75,29,5.43116214007099,5.60899061621491,1
397,0,13.75,29,5.60899061621491,6.03691247217412,1
397,0,13.75,29,6.03691247217412,6.06018166406779,1
397,0,13.75,29,6.06018166406779,6.35108869308654,1
397,0,13.75,29,6.35108869308654,6.84776248690513,1
397,0,13.75,29,6.84776248690513,7.3424667234252,1
397,0,13.75,29,7.3424667234252,8.68952291820272,1
397,0,13.75,29,8.68952291820272,8.98340862746957,1
397,0,13.75,29,8.98340862746957,9.38663880764818,1
397,0,13.75,29,9.38663880764818,9.41902327450918,1
397,0,13.75,29,9.41902327450918,10.2687220371457,1
397,0,13.75,29,10.2687220371457,10.706222648092,1
397,0,13.75,29,10.706222648092,10.8642195887997,1
397,0,13.75,29,10.8642195887997,11.0221685585091,1
397,0,13.75,29,11.0221685585091,11.1838410014805,1
397,0,13.75,29,11.1838410014805,11.8045999249832,1
397,0,13.75,29,11.8045999249832,11.8392979741615,1
397,0,13.75,29,11.8392979741615,12.2170899187602,1
397,0,13.75,29,12.2170899187602,12.2257871076932,1
397,0,13.75,29,12.2257871076932,12.3796186829226,1
397,0,13.75,29,12.3796186829226,12.5568996624973,1
397,0,13.75,29,12.5568996624973,12.5758250833345,1
397,0,13.75,29,12.5758250833345,12.7003899493373,1
397,0,13.75,29,12.7003899493373,13.0612935354323,1
397,0,13.75,29,13.0612935354323,13.067508341535,1
397,0,13.75,29,13.067508341535,13.3044705862839,1
397,0,13.75,29,13.3044705862839,13.6368876600852,1
397,0,13.75,29,13.6368876600852,13.75,0
398,0,17.75,1,0,0.0132032163205172,1
398,0,17.75,1,0.0132032163205172,17.75,0
399,0,7.75,2,0,2.39530325767194,1
399,0,7.75,2,2.39530325767194,5.81993791738845,1
399,0,7.75,2,5.81993791738845,7.75,0
400,0,15.75,3,0,0.657662143068766,1
400,0,15.75,3,0.657662143068766,10.0169000723289,1
400,0,15.75,3,10.0169000723289,10.5269492975639,1
400,0,15.75,3,10.5269492975639,15.75,0
401,0,11.75,23,0,3.25982052423617,1
401,0,11.75,23,3.25982052423617,4.10731293448399,1
401,0,11.75,23,4.10731293448399,5.86974362300445,1
401,0,11.75,23,5.86974362300445,5.87221424206272,1
401,0,11.75,23,5.87221424206272,6.43424748600251,1
401,0,11.75,23,6.43424748600251,6.445850786973,1
401,0,11.75,23,6.445850786973,6.57494086896964,1
401,0,11.75,23,6.57494086896964,7.14154116932156,1
401,0,11.75,23,7.14154116932156,7.25858675252256,1
401,0,11.75,23,7.25858675252256,7.76079793303842,1
401,0,11.75,23,7.76079793303842,8.80669462069024,1
401,0,11.75,23,8.80669462069024,9.00062978328207,1
401,0,11.75,23,9.00062978328207,9.00840322743603,1
401,0,11.75,23,9.00840322743603,9.54237608620118,1
401,0,11.75,23,9.54237608620118,10.0347662094408,1
401,0,11.75,23,10.0347662094408,10.385853257667,1
401,0,11.75,23,10.385853257667,10.538131372605,1
401,0,11.75,23,10.538131372605,10.620598826512,1
401,0,11.75,23,10.620598826512,10.9109412472685,1
401,0,11.75,23,10.9109412472685,11.0823102425569,1
401,0,11.75,23,11.0823102425569,11.5867897486324,1
401,0,11.75,23,11.5867897486324,11.6919522331095,1
401,0,11.75,23,11.6919522331095,11.7066209097338,1
401,0,11.75,23,11.7066209097338,11.75,0
402,0,19.75,48,0,5.21277751840373,1
402,0,19.75,48,5.21277751840373,5.36527910218348,1
402,0,19.75,48,5.36527910218348,5.40604146343309,1
402,0,19.75,48,5.40604146343309,7.55986948243813,1
402,0,19.75,48,7.55986948243813,9.42791244836194,1
402,0,19.75,48,9.42791244836194,10.414140162204,1
402,0,19.75,48,10.414140162204,10.5499773020153,1
402,0,19.75,48,10.5499773020153,11.5174550680197,1
402,0,19.75,48,11.5174550680197,11.9193255204334,1
402,0,19.75,48,11.9193255204334,12.5761285732231,1
402,0,19.75,48,12.5761285732231,13.115168864109,1
402,0,19.75,48,13.115168864109,13.2237901177234,1
402,0,19.75,48,13.2237901177234,13.3574638172697,1
402,0,19.75,48,13.3574638172697,13.7847805004246,1
402,0,19.75,48,13.7847805004246,13.7947399652178,1
402,0,19.75,48,13.7947399652178,13.93388442877,1
402,0,19.75,48,13.93388442877,13.9737202322072,1
402,0,19.75,48,13.9737202322072,14.3917173538796,1
402,0,19.75,48,14.3917173538796,14.4636846131084,1
402,0,19.75,48,14.4636846131084,15.039818398507,1
402,0,19.75,48,15.039818398507,15.1441475036935,1
402,0,19.75,48,15.1441475036935,15.4014077651721,1
402,0,19.75,48,15.4014077651721,15.5192309367871,1
402,0,19.75,48,15.5192309367871,15.5778754285328,1
402,0,19.75,48,15.5778754285328,15.6900546776891,1
402,0,19.75,48,15.6900546776891,15.9025123554832,1
402,0,19.75,48,15.9025123554832,16.0701192546348,1
402,0,19.75,48,16.0701192546348,16.2344830278272,1
402,0,19.75,48,16.2344830278272,16.4789029562562,1
402,0,19.75,48,16.4789029562562,16.6550942423078,1
402,0,19.75,48,16.6550942423078,16.6975652743042,1
402,0,19.75,48,16.6975652743042,16.9120529558446,1
402,0,19.75,48,16.9120529558446,17.2367846959352,1
402,0,19.75,48,17.2367846959352,17.3073473943361,1
402,0,19.75,48,17.3073473943361,17.4520321390004,1
402,0,19.75,48,17.4520321390004,17.4800454822756,1
402,0,19.75,48,17.4800454822756,17.5299545619469,1
402,0,19.75,48,17.5299545619469,17.9099463544337,1
402,0,19.75,48,17.9099463544337,17.9449851769843,1
402,0,19.75,48,17.9449851769843,18.2603718198465,1
402,0,19.75,48,18.2603718198465,18.4042681181499,1
402,0,19.75,48,18.4042681181499,18.4546827285444,1
402,0,19.75,48,18.4546827285444,18.7065318928679,1
402,0,19.75,48,18.7065318928679,18.9786025513878,1
402,0,19.75,48,18.9786025513878,19.0119407440476,1
402,0,19.75,48,19.0119407440476,19.1846284602506,1
402,0,19.75,48,19.1846284602506,19.3935404025557,1
402,0,19.75,48,19.3935404025557,19.4856447776311,1
402,0,19.75,48,19.4856447776311,19.75,0
403,0,17.75,0,0,17.75,0
404,0,9.75,0,0,9.75,0
405,0,12.75,0,0,12.75,0
406,0,15.75,18,0,3.27288973554916,1
406,0,15.75,18,3.27288973554916,4.01146585028222,1
406,0,15.75,18,4.01146585028222,5.95783098126224,1
406,0,15.75,18,5.95783098126224,6.8564418482795,1
406,0,15.75,18,6.8564418482795,7.31391439910572,1
406,0,15.75,18,7.31391439910572,7.57170617947939,1
406,0,15.75,18,7.57170617947939,8.18726635118532,1
406,0,15.75,18,8.18726635118532,8.39116377214798,1
406,0,15.75,18,8.39116377214798,9.94560054911395,1
406,0,15.75,18,9.94560054911395,10.227911329327,1
406,0,15.75,18,10.227911329327,12.3259008245972,1
406,0,15.75,18,12.3259008245972,12.3865815643427,1
406,0,15.75,18,12.3865815643427,13.3853992359413,1
406,0,15.75,18,13.3853992359413,14.4489151413532,1
406,0,15.75,18,14.4489151413532,14.8799166528554,1
406,0,15.75,18,14.8799166528554,15.3014403323535,1
406,0,15.75,18,15.3014403323535,15.3081386152795,1
406,0,15.75,18,15.3081386152795,15.3275905269358,1
406,0,15.75,18,15.3275905269358,15.75,0
407,0,15.75,24,0,4.98292141068185,1
407,0,15.75,24,4.98292141068185,6.42369627912184,1
407,0,15.75,24,6.42369627912184,6.56147126888064,1
407,0,15.75,24,6.56147126888064,7.61079676891352,1
407,0,15.75,24,7.61079676891352,7.92885212697507,1
407,0,15.75,24,7.92885212697507,9.55499430503317,1
407,0,15.75,24,9.55499430503317,10.4284988155739,1
407,0,15.75,24,10.4284988155739,10.6367014320929,1
407,0,15.75,24,10.6367014320929,10.9045652497079,1
407,0,15.75,24,10.9045652497079,10.9572303917269,1
407,0,15.75,24,10.9572303917269,11.3470193302649,1
407,0,15.75,24,11.3470193302649,12.5181419737218,1
407,0,15.75,24,12.5181419737218,13.0320853716379,1
407,0,15.75,24,13.0320853716379,13.5347750137583,1
407,0,15.75,24,13.5347750137583,13.7904806988042,1
407,0,15.75,24,13.7904806988042,13.9328615695364,1
407,0,15.75,24,13.9328615695364,14.205684149065,1
407,0,15.75,24,14.205684149065,14.519680544293,1
407,0,15.75,24,14.519680544293,15.0968796110389,1
407,0,15.75,24,15.0968796110389,15.2848238467924,1
407,0,15.75,24,15.2848238467924,15.2877806530619,1
407,0,15.75,24,15.2877806530619,15.4291005632463,1
407,0,15.75,24,15.4291005632463,15.4785728943511,1
407,0,15.75,24,15.4785728943511,15.7079607998552,1
407,0,15.75,24,15.7079607998552,15.75,0
408,0,11.75,1,0,3.94755484770133,1
408,0,11.75,1,3.94755484770133,11.75,0
409,0,11.75,1,0,2.2283319977255,1
409,0,11.75,1,2.2283319977255,11.75,0
410,0,15.75,23,0,2.06919655707829,1
410,0,15.75,23,2.06919655707829,2.40926074259248,1
410,0,15.75,23,2.40926074259248,4.78629703331599,1
410,0,15.75,23,4.78629703331599,4.99327731076833,1
410,0,15.75,23,4.99327731076833,6.19811934297422,1
410,0,15.75,23,6.19811934297422,6.93352387073077,1
410,0,15.75,23,6.93352387073077,7.1138134581347,1
410,0,15.75,23,7.1138134581347,9.15390826075651,1
410,0,15.75,23,9.15390826075651,9.92728544396329,1
410,0,15.75,23,9.92728544396329,10.52331909888,1
410,0,15.75,23,10.52331909888,11.8178884356932,1
410,0,15.75,23,11.8178884356932,11.9599942174953,1
410,0,15.75,23,11.9599942174953,12.8864600745193,1
410,0,15.75,23,12.8864600745193,12.9662713723841,1
410,0,15.75,23,12.9662713723841,13.234811137523,1
410,0,15.75,23,13.234811137523,13.3955434697878,1
410,0,15.75,23,13.3955434697878,13.5182134422378,1
410,0,15.75,23,13.5182134422378,13.5872775157731,1
410,0,15.75,23,13.5872775157731,13.8067866779585,1
410,0,15.75,23,13.8067866779585,15.0215579210583,1
410,0,15.75,23,15.0215579210583,15.6268676925245,1
410,0,15.75,23,15.6268676925245,15.6301038204508,1
410,0,15.75,23,15.6301038204508,15.6737778039591,1
410,0,15.75,23,15.6737778039591,15.75,0
411,0,10.75,1,0,0.153388882130211,1
411,0,10.75,1,0.153388882130211,10.75,0
412,0,11.75,19,0,2.847225392823,1
412,0,11.75,19,2.847225392823,2.89353960875964,1
412,0,11.75,19,2.89353960875964,6.38775369286491,1
412,0,11.75,19,6.38775369286491,6.59074656997948,1
412,0,11.75,19,6.59074656997948,7.45123369684993,1
412,0,11.75,19,7.45123369684993,7.92988996053257,1
412,0,11.75,19,7.92988996053257,8.01261182006208,1
412,0,11.75,19,8.01261182006208,8.05145131674902,1
412,0,11.75,19,8.05145131674902,8.25729763964437,1
412,0,11.75,19,8.25729763964437,8.2984501759799,1
412,0,11.75,19,8.2984501759799,8.52746309953767,1
412,0,11.75,19,8.52746309953767,8.56739435914739,1
412,0,11.75,19,8.56739435914739,8.78509228834025,1
412,0,11.75,19,8.78509228834025,8.99473313055917,1
412,0,11.75,19,8.99473313055917,9.54155943856724,1
412,0,11.75,19,9.54155943856724,9.65665306234146,1
412,0,11.75,19,9.65665306234146,9.96176211518632,1
412,0,11.75,19,9.96176211518632,11.0124697815539,1
412,0,11.75,19,11.0124697815539,11.2215371860727,1
412,0,11.75,19,11.2215371860727,11.75,0
413,0,9.75,2,0,0.0242366711189584,1
413,0,9.75,2,0.0242366711189584,2.33267496507273,1
413,0,9.75,2,2.33267496507273,9.75,0
414,0,15.75,2,0,0.506363347818855,1
414,0,15.75,2,0.506363347818855,6.58497443322615,1
414,0,15.75,2,6.58497443322615,15.75,0
415,0,15.75,1,0,1.76895939563493,1
415,0,15.75,1,1.76895939563493,15.75,0
416,0,10.75,0,0,10.75,0
417,0,11.75,13,0,3.6461508475322,1
417,0,11.75,13,3.6461508475322,4.82265335125368,1
417,0,11.75,13,4.82265335125368,4.90664711417089,1
417,0,11.75,13,4.90664711417089,6.58305773491776,1
417,0,11.75,13,6.58305773491776,6.90293178916655,1
417,0,11.75,13,6.90293178916655,7.47273839587115,1
417,0,11.75,13,7.47273839587115,7.55518136986918,1
417,0,11.75,13,7.55518136986918,8.45705043403061,1
417,0,11.75,13,8.45705043403061,10.1438919263269,1
417,0,11.75,13,10.1438919263269,10.2985079533647,1
417,0,11.75,13,10.2985079533647,10.3358121950089,1
417,0,11.75,13,10.3358121950089,10.4412549592981,1
417,0,11.75,13,10.4412549592981,10.9394317981412,1
417,0,11.75,13,10.9394317981412,11.75,0
418,0,18.75,46,0,3.45991781835172,1
418,0,18.75,46,3.45991781835172,4.33260089708816,1
418,0,18.75,46,4.33260089708816,4.86128950426402,1
418,0,18.75,46,4.86128950426402,5.75181693679387,1
418,0,18.75,46,5.75181693679387,5.90229236749181,1
418,0,18.75,46,5.90229236749181,6.86883626505597,1
418,0,18.75,46,6.86883626505597,8.04423442914596,1
418,0,18.75,46,8.04423442914596,9.20424149264892,1
418,0,18.75,46,9.20424149264892,9.39008612846079,1
418,0,18.75,46,9.39008612846079,9.76989440768915,1
418,0,18.75,46,9.76989440768915,10.5374310289008,1
418,0,18.75,46,10.5374310289008,10.6302088782004,1
418,0,18.75,46,10.6302088782004,10.8537808664729,1
418,0,18.75,46,10.8537808664729,10.8540448761127,1
418,0,18.75,46,10.8540448761127,10.9964056433137,1
418,0,18.75,46,10.9964056433137,11.1589825736845,1
418,0,18.75,46,11.1589825736845,11.7925059151811,1
418,0,18.75,46,11.7925059151811,12.1492585299029,1
418,0,18.75,46,12.1492585299029,12.6907245685447,1
418,0,18.75,46,12.6907245685447,12.736761020301,1
418,0,18.75,46,12.736761020301,12.9978965586423,1
418,0,18.75,46,12.9978965586423,13.5337140779088,1
418,0,18.75,46,13.5337140779088,13.601864538668,1
418,0,18.75,46,13.601864538668,14.1589615197564,1
418,0,18.75,46,14.1589615197564,15.2393081341562,1
418,0,18.75,46,15.2393081341562,15.4811645752169,1
418,0,18.75,46,15.4811645752169,15.6029309011643,1
418,0,18.75,46,15.6029309011643,16.1956799179952,1
418,0,18.75,46,16.1956799179952,16.1994636448565,1
418,0,18.75,46,16.1994636448565,16.222570309599,1
418,0,18.75,46,16.222570309599,17.0206177174014,1
418,0,18.75,46,17.0206177174014,17.0943681640957,1
418,0,18.75,46,17.0943681640957,17.2076152653906,1
418,0,18.75,46,17.2076152653906,17.5018156913958,1
418,0,18.75,46,17.5018156913958,17.6274788585352,1
418,0,18.75,46,17.6274788585352,17.6535784436924,1
418,0,18.75,46,17.6535784436924,17.7000748664768,1
418,0,18.75,46,17.7000748664768,17.8853913222896,1
418,0,18.75,46,17.8853913222896,18.1079509515207,1
418,0,18.75,46,18.1079509515207,18.115077861682,1
418,0,18.75,46,18.115077861682,18.2381984063972,1
418,0,18.75,46,18.2381984063972,18.3895493725688,1
418,0,18.75,46,18.3895493725688,18.5957869656263,1
418,0,18.75,46,18.5957869656263,18.615052548022,1
418,0,18.75,46,18.615052548022,18.6356948280026,1
418,0,18.75,46,18.6356948280026,18.7082148141054,1
418,0,18.75,46,18.7082148141054,18.75,0
419,0,16.75,1,0,7.80310497970414,1
419,0,16.75,1,7.80310497970414,16.75,0
420,0,8.75,0,0,8.75,0
421,0,7.75,4,0,5.66358491294604,1
421,0,7.75,4,5.66358491294604,5.81802525396143,1
421,0,7.75,4,5.81802525396143,6.33985861651942,1
421,0,7.75,4,6.33985861651942,7.3302871302873,1
421,0,7.75,4,7.3302871302873,7.75,0
422,0,13.75,3,0,0.192239274459742,1
422,0,13.75,3,0.192239274459742,4.46408987753568,1
422,0,13.75,3,4.46408987753568,4.9410034301,1
422,0,13.75,3,4.9410034301,13.75,0
423,0,14.75,2,0,0.00696500432811442,1
423,0,14.75,2,0.00696500432811442,4.33392814398207,1
423,0,14.75,2,4.33392814398207,14.75,0
424,0,12.75,24,0,0.950015682623971,1
424,0,12.75,24,0.950015682623971,5.18387323945509,1
424,0,12.75,24,5.18387323945509,6.04083994063205,1
424,0,12.75,24,6.04083994063205,7.28991869580687,1
424,0,12.75,24,7.28991869580687,7.40252562602562,1
424,0,12.75,24,7.40252562602562,7.51729618945658,1
424,0,12.75,24,7.51729618945658,8.73160578334215,1
424,0,12.75,24,8.73160578334215,8.97351807383221,1
424,0,12.75,24,8.97351807383221,9.82801161220806,1
424,0,12.75,24,9.82801161220806,9.87060802038586,1
424,0,12.75,24,9.87060802038586,9.91597967028926,1
424,0,12.75,24,9.91597967028926,10.0979679346801,1
424,0,12.75,24,10.0979679346801,10.2230965251124,1
424,0,12.75,24,10.2230965251124,11.1024073001397,1
424,0,12.75,24,11.1024073001397,11.5293616767808,1
424,0,12.75,24,11.5293616767808,11.5477788095219,1
424,0,12.75,24,11.5477788095219,11.6544632199804,1
424,0,12.75,24,11.6544632199804,11.9716008984202,1
424,0,12.75,24,11.9716008984202,12.0448418701337,1
424,0,12.75,24,12.0448418701337,12.1414459628737,1
424,0,12.75,24,12.1414459628737,12.4113334235256,1
424,0,12.75,24,12.4113334235256,12.4217109129845,1
424,0,12.75,24,12.4217109129845,12.4249852723116,1
424,0,12.75,24,12.4249852723116,12.479652849506,1
424,0,12.75,24,12.479652849506,12.75,0
425,0,13.75,2,0,0.00240217183977716,1
425,0,13.75,2,0.00240217183977716,12.2903698994394,1
425,0,13.75,2,12.2903698994394,13.75,0
426,0,12.75,15,0,3.40849119509966,1
426,0,12.75,15,3.40849119509966,5.59262728780448,1
426,0,12.75,15,5.59262728780448,6.74998776402125,1
426,0,12.75,15,6.74998776402125,8.00212389615305,1
426,0,12.75,15,8.00212389615305,8.29919066006441,1
426,0,12.75,15,8.29919066006441,8.77753689530572,1
426,0,12.75,15,8.77753689530572,9.55461274019325,1
426,0,12.75,15,9.55461274019325,9.79044248376198,1
426,0,12.75,15,9.79044248376198,10.32341134432,1
426,0,12.75,15,10.32341134432,10.8232768186814,1
426,0,12.75,15,10.8232768186814,11.2569700691609,1
426,0,12.75,15,11.2569700691609,11.452995911649,1
426,0,12.75,15,11.452995911649,12.2120700310995,1
426,0,12.75,15,12.2120700310995,12.443184442903,1
426,0,12.75,15,12.443184442903,12.7480440436545,1
426,0,12.75,15,12.7480440436545,12.75,0
427,0,13.75,2,0,0.787128172460412,1
427,0,13.75,2,0.787128172460412,4.363644235464,1
427,0,13.75,2,4.363644235464,13.75,0
428,0,11.75,6,0,4.93998712690648,1
428,0,11.75,6,4.93998712690648,5.75238167551509,1
428,0,11.75,6,5.75238167551509,9.11687917153928,1
428,0,11.75,6,9.11687917153928,9.89804071827014,1
428,0,11.75,6,9.89804071827014,11.582376943108,1
428,0,11.75,6,11.582376943108,11.5825723779027,1
428,0,11.75,6,11.5825723779027,11.75,0
429,0,11.75,12,0,2.52451978622782,1
429,0,11.75,12,2.52451978622782,3.16078090898651,1
429,0,11.75,12,3.16078090898651,3.18684894257494,1
429,0,11.75,12,3.18684894257494,3.48201056464995,1
429,0,11.75,12,3.48201056464995,5.38972073144666,1
429,0,11.75,12,5.38972073144666,5.98424081370785,1
429,0,11.75,12,5.98424081370785,7.23394295777493,1
429,0,11.75,12,7.23394295777493,9.18500506223145,1
429,0,11.75,12,9.18500506223145,9.61644239960601,1
429,0,11.75,12,9.61644239960601,10.7611624377822,1
429,0,11.75,12,10.7611624377822,11.2725630219147,1
429,0,11.75,12,11.2725630219147,11.3267028586638,1
429,0,11.75,12,11.3267028586638,11.75,0
430,0,10.75,0,0,10.75,0
431,0,12.75,18,0,5.42109312856776,1
431,0,12.75,18,5.42109312856776,5.52672917803644,1
431,0,12.75,18,5.52672917803644,8.18421960919961,1
431,0,12.75,18,8.18421960919961,9.30318200334249,1
431,0,12.75,18,9.30318200334249,9.78398350332343,1
431,0,12.75,18,9.78398350332343,9.89551518524296,1
431,0,12.75,18,9.89551518524296,10.3753432087791,1
431,0,12.75,18,10.3753432087791,10.5112340109893,1
431,0,12.75,18,10.5112340109893,10.8640754287006,1
431,0,12.75,18,10.8640754287006,10.9683358030345,1
431,0,12.75,18,10.9683358030345,11.0812033237539,1
431,0,12.75,18,11.0812033237539,11.2562355101586,1
431,0,12.75,18,11.2562355101586,11.4901347085539,1
431,0,12.75,18,11.4901347085539,11.8546687561626,1
431,0,12.75,18,11.8546687561626,11.8981188765758,1
431,0,12.75,18,11.8981188765758,12.1246680446503,1
431,0,12.75,18,12.1246680446503,12.1910118061031,1
431,0,12.75,18,12.1910118061031,12.4658164694403,1
431,0,12.75,18,12.4658164694403,12.75,0
432,0,17.75,102,0,3.61409459859105,1
432,0,17.75,102,3.61409459859105,3.77790660983552,1
432,0,17.75,102,3.77790660983552,3.89147854744226,1
432,0,17.75,102,3.89147854744226,3.99902703554707,1
432,0,17.75,102,3.99902703554707,4.48187231716414,1
432,0,17.75,102,4.48187231716414,4.68808872653,1
432,0,17.75,102,4.68808872653,6.42103254558502,1
432,0,17.75,102,6.42103254558502,6.44955577956129,1
432,0,17.75,102,6.44955577956129,6.99619758447368,1
432,0,17.75,102,6.99619758447368,7.26167920342083,1
432,0,17.75,102,7.26167920342083,7.85098593432464,1
432,0,17.75,102,7.85098593432464,8.03221151975992,1
432,0,17.75,102,8.03221151975992,8.16438352242145,1
432,0,17.75,102,8.16438352242145,8.22899696786065,1
432,0,17.75,102,8.22899696786065,8.46338630397883,1
432,0,17.75,102,8.46338630397883,8.78873725521546,1
432,0,17.75,102,8.78873725521546,8.79032716925847,1
432,0,17.75,102,8.79032716925847,8.88528786652174,1
432,0,17.75,102,8.88528786652174,9.02703688749716,1
432,0,17.75,102,9.02703688749716,9.07363185697606,1
432,0,17.75,102,9.07363185697606,10.0405489759653,1
432,0,17.75,102,10.0405489759653,10.2759888263893,1
432,0,17.75,102,10.2759888263893,10.3993220047109,1
432,0,17.75,102,10.3993220047109,10.4834703738755,1
432,0,17.75,102,10.4834703738755,10.7157698143847,1
432,0,17.75,102,10.7157698143847,10.7293192844332,1
432,0,17.75,102,10.7293192844332,10.8240449910912,1
432,0,17.75,102,10.8240449910912,10.8464046534877,1
432,0,17.75,102,10.8464046534877,11.1428886478599,1
432,0,17.75,102,11.1428886478599,11.1673463848665,1
432,0,17.75,102,11.1673463848665,11.1869427624607,1
432,0,17.75,102,11.1869427624607,11.2144102791763,1
432,0,17.75,102,11.2144102791763,11.3205894465006,1
432,0,17.75,102,11.3205894465006,11.3771862519684,1
432,0,17.75,102,11.3771862519684,11.3795032876962,1
432,0,17.75,102,11.3795032876962,11.3827912474146,1
432,0,17.75,102,11.3827912474146,11.3999047613114,1
432,0,17.75,102,11.3999047613114,11.5405203104905,1
432,0,17.75,102,11.5405203104905,11.932730376001,1
432,0,17.75,102,11.932730376001,12.0456641477395,1
432,0,17.75,102,12.0456641477395,12.066896785577,1
432,0,17.75,102,12.066896785577,12.0948984606079,1
432,0,17.75,102,12.0948984606079,12.2304361029836,1
432,0,17.75,102,12.2304361029836,12.2365217440276,1
432,0,17.75,102,12.2365217440276,12.593918387686,1
432,0,17.75,102,12.593918387686,12.6595763802556,1
432,0,17.75,102,12.6595763802556,12.8439932224279,1
432,0,17.75,102,12.8439932224279,12.9488309632566,1
432,0,17.75,102,12.9488309632566,13.002423798223,1
432,0,17.75,102,13.002423798223,13.0304197199612,1
432,0,17.75,102,13.0304197199612,13.2841091593994,1
432,0,17.75,102,13.2841091593994,13.2942980852491,1
432,0,17.75,102,13.2942980852491,13.5912064498175,1
432,0,17.75,102,13.5912064498175,13.6476109938604,1
432,0,17.75,102,13.6476109938604,13.8918223346776,1
432,0,17.75,102,13.8918223346776,13.9127120887304,1
432,0,17.75,102,13.9127120887304,13.9274289212623,1
432,0,17.75,102,13.9274289212623,14.1550323867332,1
432,0,17.75,102,14.1550323867332,14.3719024521054,1
432,0,17.75,102,14.3719024521054,14.6092484136823,1
432,0,17.75,102,14.6092484136823,14.6195553815991,1
432,0,17.75,102,14.6195553815991,14.7346725649962,1
432,0,17.75,102,14.7346725649962,14.7671635862529,1
432,0,17.75,102,14.7671635862529,14.7738812936318,1
432,0,17.75,102,14.7738812936318,14.9480310294724,1
432,0,17.75,102,14.9480310294724,14.9647047157981,1
432,0,17.75,102,14.9647047157981,14.9683352238748,1
432,0,17.75,102,14.9683352238748,15.0135691811026,1
432,0,17.75,102,15.0135691811026,15.0262790012374,1
432,0,17.75,102,15.0262790012374,15.3094392365092,1
432,0,17.75,102,15.3094392365092,15.3550621420284,1
432,0,17.75,102,15.3550621420284,15.3565248384645,1
432,0,17.75,102,15.3565248384645,15.3718003260249,1
432,0,17.75,102,15.3718003260249,15.4062512752364,1
432,0,17.75,102,15.4062512752364,15.4134298382091,1
432,0,17.75,102,15.4134298382091,15.6606974343195,1
432,0,17.75,102,15.6606974343195,15.6756512180022,1
432,0,17.75,102,15.6756512180022,15.8510958339464,1
432,0,17.75,102,15.8510958339464,15.8746664971902,1
432,0,17.75,102,15.8746664971902,16.1545658664309,1
432,0,17.75,102,16.1545658664309,16.1898108442464,1
432,0,17.75,102,16.1898108442464,16.1992356817049,1
432,0,17.75,102,16.1992356817049,16.216446093719,1
432,0,17.75,102,16.216446093719,16.2487610544407,1
432,0,17.75,102,16.2487610544407,16.3081561019117,1
432,0,17.75,102,16.3081561019117,16.3586224939964,1
432,0,17.75,102,16.3586224939964,16.6186603214011,1
432,0,17.75,102,16.6186603214011,16.6990338673977,1
432,0,17.75,102,16.6990338673977,16.8213911822391,1
432,0,17.75,102,16.8213911822391,16.8478161829243,1
432,0,17.75,102,16.8478161829243,16.9855344330985,1
432,0,17.75,102,16.9855344330985,17.0450431855983,1
432,0,17.75,102,17.0450431855983,17.2685829202372,1
432,0,17.75,102,17.2685829202372,17.2781653265433,1
432,0,17.75,102,17.2781653265433,17.290515398926,1
432,0,17.75,102,17.290515398926,17.3260734350583,1
432,0,17.75,102,17.3260734350583,17.4759319397546,1
432,0,17.75,102,17.4759319397546,17.5681083326625,1
432,0,17.75,102,17.5681083326625,17.6647911059964,1
432,0,17.75,102,17.6647911059964,17.7362588502205,1
432,0,17.75,102,17.7362588502205,17.7413582081343,1
432,0,17.75,102,17.7413582081343,17.7468665420555,1
432,0,17.75,102,17.7468665420555,17.75,0
433,0,8.75,0,0,8.75,0
434,0,17.75,24,0,4.72857734097563,1
434,0,17.75,24,4.72857734097563,6.44522541270334,1
434,0,17.75,24,6.44522541270334,6.89549043992372,1
434,0,17.75,24,6.89549043992372,9.35656116138573,1
434,0,17.75,24,9.35656116138573,10.4540463045151,1
434,0,17.75,24,10.4540463045151,11.6146874644153,1
434,0,17.75,24,11.6146874644153,12.1242705857234,1
434,0,17.75,24,12.1242705857234,12.1969635056966,1
434,0,17.75,24,12.1969635056966,12.2545891195156,1
434,0,17.75,24,12.2545891195156,12.7327071699042,1
434,0,17.75,24,12.7327071699042,13.8427221717168,1
434,0,17.75,24,13.8427221717168,14.2720674784349,1
434,0,17.75,24,14.2720674784349,14.4852479028553,1
434,0,17.75,24,14.4852479028553,14.6809986199223,1
434,0,17.75,24,14.6809986199223,15.5907042108347,1
434,0,17.75,24,15.5907042108347,15.5915469474884,1
434,0,17.75,24,15.5915469474884,15.6387246645867,1
434,0,17.75,24,15.6387246645867,15.7446353721338,1
434,0,17.75,24,15.7446353721338,16.5238865416688,1
434,0,17.75,24,16.5238865416688,16.6124569414528,1
434,0,17.75,24,16.6124569414528,17.0326706925839,1
434,0,17.75,24,17.0326706925839,17.0897262780447,1
434,0,17.75,24,17.0897262780447,17.4296568338041,1
434,0,17.75,24,17.4296568338041,17.5871763826008,1
434,0,17.75,24,17.5871763826008,17.75,0
435,0,8.75,0,0,8.75,0
436,0,8.75,2,0,1.98736794333273,1
436,0,8.75,2,1.98736794333273,2.09205210315406,1
436,0,8.75,2,2.09205210315406,8.75,0
437,0,10.75,1,0,5.9827340418396,1
437,0,10.75,1,5.9827340418396,10.75,0
438,0,14.75,1,0,0.211967336240444,1
438,0,14.75,1,0.211967336240444,14.75,0
439,0,14.75,2,0,0.436684578716478,1
439,0,14.75,2,0.436684578716478,1.19944254735092,1
439,0,14.75,2,1.19944254735092,14.75,0
440,0,13.75,2,0,5.27646894950529,1
440,0,13.75,2,5.27646894950529,11.8936675662806,1
440,0,13.75,2,11.8936675662806,13.75,0
441,0,12.75,31,0,3.6182539356668,1
441,0,12.75,31,3.6182539356668,4.54586137815639,1
441,0,12.75,31,4.54586137815639,5.86506084478841,1
441,0,12.75,31,5.86506084478841,7.65316493981678,1
441,0,12.75,31,7.65316493981678,7.90624322610743,1
441,0,12.75,31,7.90624322610743,8.03156517984779,1
441,0,12.75,31,8.03156517984779,8.76626010099939,1
441,0,12.75,31,8.76626010099939,8.79455881459976,1
441,0,12.75,31,8.79455881459976,8.81856640877709,1
441,0,12.75,31,8.81856640877709,9.37606826592136,1
441,0,12.75,31,9.37606826592136,9.66595124646541,1
441,0,12.75,31,9.66595124646541,9.9427966172905,1
441,0,12.75,31,9.9427966172905,9.95583438932989,1
441,0,12.75,31,9.95583438932989,10.1740674878285,1
441,0,12.75,31,10.1740674878285,10.2414672266002,1
441,0,12.75,31,10.2414672266002,10.3971723319225,1
441,0,12.75,31,10.3971723319225,10.4100837715975,1
441,0,12.75,31,10.4100837715975,10.4375067585264,1
441,0,12.75,31,10.4375067585264,10.4950316249925,1
441,0,12.75,31,10.4950316249925,10.5947149340135,1
441,0,12.75,31,10.5947149340135,10.6112499653261,1
441,0,12.75,31,10.6112499653261,10.6968803933455,1
441,0,12.75,31,10.6968803933455,10.8128798855809,1
441,0,12.75,31,10.8128798855809,11.0624003291566,1
441,0,12.75,31,11.0624003291566,11.0880246905007,1
441,0,12.75,31,11.0880246905007,11.7995119364279,1
441,0,12.75,31,11.7995119364279,11.8302645508927,1
441,0,12.75,31,11.8302645508927,11.8817812411616,1
441,0,12.75,31,11.8817812411616,12.3314563792646,1
441,0,12.75,31,12.3314563792646,12.5508041572995,1
441,0,12.75,31,12.5508041572995,12.5740131436029,1
441,0,12.75,31,12.5740131436029,12.75,0
442,0,10.75,1,0,8.96104880050767,1
442,0,10.75,1,8.96104880050767,10.75,0
443,0,9.75,2,0,0.0117540514904501,1
443,0,9.75,2,0.0117540514904501,6.40304082656261,1
443,0,9.75,2,6.40304082656261,9.75,0
444,0,15.75,17,0,3.64811084811221,1
444,0,15.75,17,3.64811084811221,4.08985078126437,1
444,0,15.75,17,4.08985078126437,6.39563130905288,1
444,0,15.75,17,6.39563130905288,8.18307692471775,1
444,0,15.75,17,8.18307692471775,9.02921151216101,1
444,0,15.75,17,9.02921151216101,9.66383907930727,1
444,0,15.75,17,9.66383907930727,11.0888498012686,1
444,0,15.75,17,11.0888498012686,11.4557507535359,1
444,0,15.75,17,11.4557507535359,12.5386045294195,1
444,0,15.75,17,12.5386045294195,12.625012856982,1
444,0,15.75,17,12.625012856982,13.1438959188805,1
444,0,15.75,17,13.1438959188805,13.1965598475967,1
444,0,15.75,17,13.1965598475967,14.0234478457758,1
444,0,15.75,17,14.0234478457758,14.405669653752,1
444,0,15.75,17,14.405669653752,14.4294337864432,1
444,0,15.75,17,14.4294337864432,15.1640297830869,1
444,0,15.75,17,15.1640297830869,15.533499810488,1
444,0,15.75,17,15.533499810488,15.75,0
445,0,11.75,24,0,3.08050256084514,1
445,0,11.75,24,3.08050256084514,3.50416656871062,1
445,0,11.75,24,3.50416656871062,4.46786505514519,1
445,0,11.75,24,4.46786505514519,4.94384756269056,1
445,0,11.75,24,4.94384756269056,6.23092314684111,1
445,0,11.75,24,6.23092314684111,6.47341684672186,1
445,0,11.75,24,6.47341684672186,7.02177599957388,1
445,0,11.75,24,7.02177599957388,7.08649816231733,1
445,0,11.75,24,7.08649816231733,7.5041401623116,1
445,0,11.75,24,7.5041401623116,7.97826354207924,1
445,0,11.75,24,7.97826354207924,8.86893785456232,1
445,0,11.75,24,8.86893785456232,9.03516097395157,1
445,0,11.75,24,9.03516097395157,9.06395281342268,1
445,0,11.75,24,9.06395281342268,9.42754550861899,1
445,0,11.75,24,9.42754550861899,9.78930269743499,1
445,0,11.75,24,9.78930269743499,10.0278823138218,1
445,0,11.75,24,10.0278823138218,10.0871693949424,1
445,0,11.75,24,10.0871693949424,10.303580168692,1
445,0,11.75,24,10.303580168692,10.4216389709347,1
445,0,11.75,24,10.4216389709347,10.799620358158,1
445,0,11.75,24,10.799620358158,11.1021707439118,1
445,0,11.75,24,11.1021707439118,11.2608434763994,1
445,0,11.75,24,11.2608434763994,11.3696762038651,1
445,0,11.75,24,11.3696762038651,11.5702463193581,1
445,0,11.75,24,11.5702463193581,11.75,0
446,0,11.75,3,0,0.0752035260289718,1
446,0,11.75,3,0.0752035260289718,2.06855224638702,1
446,0,11.75,3,2.06855224638702,8.63169069098267,1
446,0,11.75,3,8.63169069098267,11.75,0
447,0,7.75,1,0,0.7118013844574,1
447,0,7.75,1,0.7118013844574,7.75,0
448,0,9.75,0,0,9.75,0
449,0,15.75,3,0,1.11270915390934,1
449,0,15.75,3,1.11270915390934,3.76110609111265,1
449,0,15.75,3,3.76110609111265,4.76486214998311,1
449,0,15.75,3,4.76486214998311,15.75,0
450,0,10.75,15,0,6.22175028410497,1
450,0,10.75,15,6.22175028410497,6.8389785456603,1
450,0,10.75,15,6.8389785456603,6.92917114912959,1
450,0,10.75,15,6.92917114912959,7.07946451011315,1
450,0,10.75,15,7.07946451011315,7.43230210184714,1
450,0,10.75,15,7.43230210184714,7.57858893020147,1
450,0,10.75,15,7.57858893020147,7.91614654810536,1
450,0,10.75,15,7.91614654810536,8.4682250986009,1
450,0,10.75,15,8.4682250986009,8.74975229362508,1
450,0,10.75,15,8.74975229362508,8.77519349088542,1
450,0,10.75,15,8.77519349088542,8.8250134561098,1
450,0,10.75,15,8.8250134561098,9.6422426732788,1
450,0,10.75,15,9.6422426732788,10.0405058211297,1
450,0,10.75,15,10.0405058211297,10.146612152108,1
450,0,10.75,15,10.146612152108,10.4071391897077,1
450,0,10.75,15,10.4071391897077,10.75,0
451,0,13.75,3,0,0.42506762467677,1
451,0,13.75,3,0.42506762467677,1.64901131568959,1
451,0,13.75,3,1.64901131568959,7.0114381000278,1
451,0,13.75,3,7.0114381000278,13.75,0
452,0,15.75,1,0,3.28952822904716,1
452,0,15.75,1,3.28952822904716,15.75,0
453,0,13.75,25,0,2.3482095786634,1
453,0,13.75,25,2.3482095786634,3.48622387597916,1
453,0,13.75,25,3.48622387597916,4.76695658969319,1
453,0,13.75,25,4.76695658969319,6.65173417043448,1
453,0,13.75,25,6.65173417043448,6.74563993049425,1
453,0,13.75,25,6.74563993049425,8.22589093840924,1
453,0,13.75,25,8.22589093840924,8.77906357426483,1
453,0,13.75,25,8.77906357426483,9.37017672399135,1
453,0,13.75,25,9.37017672399135,9.57458580947721,1
453,0,13.75,25,9.57458580947721,9.68584706601827,1
453,0,13.75,25,9.68584706601827,9.99710678624397,1
453,0,13.75,25,9.99710678624397,10.1671311823696,1
453,0,13.75,25,10.1671311823696,10.2644455892764,1
453,0,13.75,25,10.2644455892764,10.2989751388489,1
453,0,13.75,25,10.2989751388489,10.443474045225,1
453,0,13.75,25,10.443474045225,10.6975216914604,1
453,0,13.75,25,10.6975216914604,11.6290681880561,1
453,0,13.75,25,11.6290681880561,11.7778044861923,1
453,0,13.75,25,11.7778044861923,12.025734382021,1
453,0,13.75,25,12.025734382021,12.0883978038669,1
453,0,13.75,25,12.0883978038669,12.0958780569588,1
453,0,13.75,25,12.0958780569588,12.1849836991123,1
453,0,13.75,25,12.1849836991123,13.0765834555465,1
453,0,13.75,25,13.0765834555465,13.1100685053758,1
453,0,13.75,25,13.1100685053758,13.1629905230572,1
453,0,13.75,25,13.1629905230572,13.75,0
454,0,9.75,9,0,2.51857179475656,1
454,0,9.75,9,2.51857179475656,5.27454330899065,1
454,0,9.75,9,5.27454330899065,6.86491071267537,1
454,0,9.75,9,6.86491071267537,8.0529642753031,1
454,0,9.75,9,8.0529642753031,8.25584801666521,1
454,0,9.75,9,8.25584801666521,8.29547555651081,1
454,0,9.75,9,8.29547555651081,8.41925299922859,1
454,0,9.75,9,8.41925299922859,9.4841790673617,1
454,0,9.75,9,9.4841790673617,9.71270154349367,1
454,0,9.75,9,9.71270154349367,9.75,0
455,0,13.75,2,0,6.40003692285227,1
455,0,13.75,2,6.40003692285227,7.38725279602337,1
455,0,13.75,2,7.38725279602337,13.75,0
456,0,14.75,2,0,3.55847318927518,1
456,0,14.75,2,3.55847318927518,13.1178377137259,1
456,0,14.75,2,13.1178377137259,14.75,0
457,0,17.75,26,0,0.523589681107361,1
457,0,17.75,26,0.523589681107361,3.35480907606115,1
457,0,17.75,26,3.35480907606115,8.25677094763421,1
457,0,17.75,26,8.25677094763421,8.32268612507627,1
457,0,17.75,26,8.32268612507627,9.38313147988537,1
457,0,17.75,26,9.38313147988537,9.42075373016219,1
457,0,17.75,26,9.42075373016219,9.76054566294898,1
457,0,17.75,26,9.76054566294898,10.3371652914165,1
457,0,17.75,26,10.3371652914165,10.9168013031058,1
457,0,17.75,26,10.9168013031058,10.9409877023947,1
457,0,17.75,26,10.9409877023947,10.9430389775564,1
457,0,17.75,26,10.9430389775564,12.0026103211076,1
457,0,17.75,26,12.0026103211076,13.0936488894312,1
457,0,17.75,26,13.0936488894312,13.3677088956826,1
457,0,17.75,26,13.3677088956826,13.5160691857209,1
457,0,17.75,26,13.5160691857209,14.5345379440423,1
457,0,17.75,26,14.5345379440423,14.8078815386381,1
457,0,17.75,26,14.8078815386381,14.9317125586721,1
457,0,17.75,26,14.9317125586721,15.063969856355,1
457,0,17.75,26,15.063969856355,15.159784620228,1
457,0,17.75,26,15.159784620228,15.5125072136282,1
457,0,17.75,26,15.5125072136282,15.7784122307167,1
457,0,17.75,26,15.7784122307167,16.0714815723931,1
457,0,17.75,26,16.0714815723931,16.8135983584142,1
457,0,17.75,26,16.8135983584142,17.3088947803335,1
457,0,17.75,26,17.3088947803335,17.4336795055355,1
457,0,17.75,26,17.4336795055355,17.75,0
458,0,9.75,3,0,1.69796095030515,1
458,0,9.75,3,1.69796095030515,2.15219207450254,1
458,0,9.75,3,2.15219207450254,2.65456492186116,1
458,0,9.75,3,2.65456492186116,9.75,0
459,0,11.75,5,0,0.390624042133574,1
459,0,11.75,5,0.390624042133574,3.78608689738011,1
459,0,11.75,5,3.78608689738011,7.26851249108033,1
459,0,11.75,5,7.26851249108033,11.124286869312,1
459,0,11.75,5,11.124286869312,11.4703035492612,1
459,0,11.75,5,11.4703035492612,11.75,0
460,0,12.75,0,0,12.75,0
461,0,13.75,0,0,13.75,0
462,0,12.75,0,0,12.75,0
463,0,10.75,1,0,4.11382222870803,1
463,0,10.75,1,4.11382222870803,10.75,0
464,0,17.75,2,0,0.559363891184512,1
464,0,17.75,2,0.559363891184512,5.93503358719942,1
464,0,17.75,2,5.93503358719942,17.75,0
465,0,11.75,3,0,0.685865742399908,1
465,0,11.75,3,0.685865742399908,3.19167660156142,1
465,0,11.75,3,3.19167660156142,3.71586513278184,1
465,0,11.75,3,3.71586513278184,11.75,0
466,0,12.75,2,0,0.329257582451161,1
466,0,12.75,2,0.329257582451161,4.17317559843293,1
466,0,12.75,2,4.17317559843293,12.75,0
467,0,12.75,0,0,12.75,0
468,0,11.75,1,0,0.00644369137155421,1
468,0,11.75,1,0.00644369137155421,11.75,0
469,0,9.75,5,0,1.34508015161544,1
469,0,9.75,5,1.34508015161544,3.78564880848056,1
469,0,9.75,5,3.78564880848056,3.83873846638457,1
469,0,9.75,5,3.83873846638457,8.69466619225984,1
469,0,9.75,5,8.69466619225984,9.37431872684613,1
469,0,9.75,5,9.37431872684613,9.75,0
470,0,20.75,35,0,6.04482907496391,1
470,0,20.75,35,6.04482907496391,6.20563208709543,1
470,0,20.75,35,6.20563208709543,6.29673513315772,1
470,0,20.75,35,6.29673513315772,7.10672093447004,1
470,0,20.75,35,7.10672093447004,9.66431486240619,1
470,0,20.75,35,9.66431486240619,9.75728968901618,1
470,0,20.75,35,9.75728968901618,11.7055075337358,1
470,0,20.75,35,11.7055075337358,12.5805260575948,1
470,0,20.75,35,12.5805260575948,12.67080905178,1
470,0,20.75,35,12.67080905178,12.7250960336742,1
470,0,20.75,35,12.7250960336742,13.269307984881,1
470,0,20.75,35,13.269307984881,13.5405174049532,1
470,0,20.75,35,13.5405174049532,13.6095709796971,1
470,0,20.75,35,13.6095709796971,13.7506372277876,1
470,0,20.75,35,13.7506372277876,14.61109408852,1
470,0,20.75,35,14.61109408852,14.6665458136174,1
470,0,20.75,35,14.6665458136174,14.670021767757,1
470,0,20.75,35,14.670021767757,15.5229163859639,1
470,0,20.75,35,15.5229163859639,15.7384871888685,1
470,0,20.75,35,15.7384871888685,16.2221129149412,1
470,0,20.75,35,16.2221129149412,16.5637104961577,1
470,0,20.75,35,16.5637104961577,16.7905520461863,1
470,0,20.75,35,16.7905520461863,16.8089941012594,1
470,0,20.75,35,16.8089941012594,16.9769287173015,1
470,0,20.75,35,16.9769287173015,17.5106746012796,1
470,0,20.75,35,17.5106746012796,17.6363926744895,1
470,0,20.75,35,17.6363926744895,17.8232220195739,1
470,0,20.75,35,17.8232220195739,17.9648732109023,1
470,0,20.75,35,17.9648732109023,18.5387823911295,1
470,0,20.75,35,18.5387823911295,18.7631292550727,1
470,0,20.75,35,18.7631292550727,19.3433902735241,1
470,0,20.75,35,19.3433902735241,19.4967051040691,1
470,0,20.75,35,19.4967051040691,19.6442267898129,1
470,0,20.75,35,19.6442267898129,19.7163957058803,1
470,0,20.75,35,19.7163957058803,20.3748294879324,1
470,0,20.75,35,20.3748294879324,20.75,0
471,0,16.75,1,0,0.0538402030385104,1
471,0,16.75,1,0.0538402030385104,16.75,0
472,0,11.75,20,0,4.08866400858006,1
472,0,11.75,20,4.08866400858006,5.85264361427064,1
472,0,11.75,20,5.85264361427064,5.97883904849862,1
472,0,11.75,20,5.97883904849862,6.78275964254326,1
472,0,11.75,20,6.78275964254326,7.0513295178143,1
472,0,11.75,20,7.0513295178143,8.48342872683192,1
472,0,11.75,20,8.48342872683192,8.88839976976236,1
472,0,11.75,20,8.88839976976236,9.15733136828505,1
472,0,11.75,20,9.15733136828505,9.45026090151148,1
472,0,11.75,20,9.45026090151148,9.55728290922733,1
472,0,11.75,20,9.55728290922733,9.73489959144861,1
472,0,11.75,20,9.73489959144861,9.77204905696819,1
472,0,11.75,20,9.77204905696819,9.9448992670793,1
472,0,11.75,20,9.9448992670793,10.0075949170365,1
472,0,11.75,20,10.0075949170365,10.3723057454506,1
472,0,11.75,20,10.3723057454506,10.5220484605727,1
472,0,11.75,20,10.5220484605727,10.6643780699682,1
472,0,11.75,20,10.6643780699682,10.7159750684934,1
472,0,11.75,20,10.7159750684934,11.4308855248154,1
472,0,11.75,20,11.4308855248154,11.5875696160213,1
472,0,11.75,20,11.5875696160213,11.75,0
473,0,11.75,2,0,0.497951877323855,1
473,0,11.75,2,0.497951877323855,9.27275688710771,1
473,0,11.75,2,9.27275688710771,11.75,0
474,0,12.75,24,0,2.18420397467341,1
474,0,12.75,24,2.18420397467341,2.69879511695863,1
474,0,12.75,24,2.69879511695863,2.83684799167562,1
474,0,12.75,24,2.83684799167562,3.67582275990174,1
474,0,12.75,24,3.67582275990174,5.33160626430895,1
474,0,12.75,24,5.33160626430895,5.88570879650623,1
474,0,12.75,24,5.88570879650623,6.43545207401966,1
474,0,12.75,24,6.43545207401966,6.84562681559235,1
474,0,12.75,24,6.84562681559235,6.86102904237692,1
474,0,12.75,24,6.86102904237692,7.44765332109078,1
474,0,12.75,24,7.44765332109078,7.65127835688659,1
474,0,12.75,24,7.65127835688659,7.9496408278916,1
474,0,12.75,24,7.9496408278916,8.18640021096137,1
474,0,12.75,24,8.18640021096137,9.37933202846071,1
474,0,12.75,24,9.37933202846071,9.49631368809393,1
474,0,12.75,24,9.49631368809393,9.89066836420439,1
474,0,12.75,24,9.89066836420439,10.0773683199159,1
474,0,12.75,24,10.0773683199159,10.3336398152227,1
474,0,12.75,24,10.3336398152227,10.563180948903,1
474,0,12.75,24,10.563180948903,10.6452660709043,1
474,0,12.75,24,10.6452660709043,11.1108453715973,1
474,0,12.75,24,11.1108453715973,11.1631790120471,1
474,0,12.75,24,11.1631790120471,11.5586792793415,1
474,0,12.75,24,11.5586792793415,12.4799845282219,1
474,0,12.75,24,12.4799845282219,12.75,0
475,0,20.75,60,0,3.57531785822382,1
475,0,20.75,60,3.57531785822382,4.38617087885934,1
475,0,20.75,60,4.38617087885934,4.56688094665571,1
475,0,20.75,60,4.56688094665571,7.12647824403539,1
475,0,20.75,60,7.12647824403539,8.07743159483272,1
475,0,20.75,60,8.07743159483272,8.46040894615117,1
475,0,20.75,60,8.46040894615117,8.65478274452547,1
475,0,20.75,60,8.65478274452547,9.13758205265286,1
475,0,20.75,60,9.13758205265286,9.4509543390587,1
475,0,20.75,60,9.4509543390587,9.76793298566966,1
475,0,20.75,60,9.76793298566966,10.2199128196693,1
475,0,20.75,60,10.2199128196693,10.8965953141216,1
475,0,20.75,60,10.8965953141216,10.9459365223903,1
475,0,20.75,60,10.9459365223903,11.367667329847,1
475,0,20.75,60,11.367667329847,11.6962304982531,1
475,0,20.75,60,11.6962304982531,12.2341445390909,1
475,0,20.75,60,12.2341445390909,12.2692923595943,1
475,0,20.75,60,12.2692923595943,12.6144154561128,1
475,0,20.75,60,12.6144154561128,13.7938493589054,1
475,0,20.75,60,13.7938493589054,13.8405979142868,1
475,0,20.75,60,13.8405979142868,14.2063455885583,1
475,0,20.75,60,14.2063455885583,14.2171566289045,1
475,0,20.75,60,14.2171566289045,14.5575697216967,1
475,0,20.75,60,14.5575697216967,14.6095611051885,1
475,0,20.75,60,14.6095611051885,15.0050130357477,1
475,0,20.75,60,15.0050130357477,15.0730857256776,1
475,0,20.75,60,15.0730857256776,15.2879605066621,1
475,0,20.75,60,15.2879605066621,15.3327108658696,1
475,0,20.75,60,15.3327108658696,16.1517188685325,1
475,0,20.75,60,16.1517188685325,16.2463141679916,1
475,0,20.75,60,16.2463141679916,16.3283133353172,1
475,0,20.75,60,16.3283133353172,16.5580431001093,1
475,0,20.75,60,16.5580431001093,16.6152861339043,1
475,0,20.75,60,16.6152861339043,16.7751933996415,1
475,0,20.75,60,16.7751933996415,17.0323815019418,1
475,0,20.75,60,17.0323815019418,17.3240296253377,1
475,0,20.75,60,17.3240296253377,17.8352596273357,1
475,0,20.75,60,17.8352596273357,17.8771133190797,1
475,0,20.75,60,17.8771133190797,18.2563314710399,1
475,0,20.75,60,18.2563314710399,18.290956388863,1
475,0,20.75,60,18.290956388863,18.3400583859887,1
475,0,20.75,60,18.3400583859887,18.3736376983068,1
475,0,20.75,60,18.3736376983068,18.388004921528,1
475,0,20.75,60,18.388004921528,18.5935824788254,1
475,0,20.75,60,18.5935824788254,18.6282189541928,1
475,0,20.75,60,18.6282189541928,18.7539117326501,1
475,0,20.75,60,18.7539117326501,18.863489912052,1
475,0,20.75,60,18.863489912052,19.158075681894,1
475,0,20.75,60,19.158075681894,19.548883524571,1
475,0,20.75,60,19.548883524571,19.5568455730507,1
475,0,20.75,60,19.5568455730507,19.5876400089767,1
475,0,20.75,60,19.5876400089767,19.8846539898263,1
475,0,20.75,60,19.8846539898263,19.9590898662524,1
475,0,20.75,60,19.9590898662524,20.1173654489991,1
475,0,20.75,60,20.1173654489991,20.1274338810392,1
475,0,20.75,60,20.1274338810392,20.291302181106,1
475,0,20.75,60,20.291302181106,20.3180083483733,1
475,0,20.75,60,20.3180083483733,20.4604494949605,1
475,0,20.75,60,20.4604494949605,20.5900983713297,1
475,0,20.75,60,20.5900983713297,20.6739042610122,1
475,0,20.75,60,20.6739042610122,20.75,0
476,0,7.75,9,0,3.16585063758898,1
476,0,7.75,9,3.16585063758898,3.52303551950233,1
476,0,7.75,9,3.52303551950233,4.30768566680826,1
476,0,7.75,9,4.30768566680826,6.64696332953192,1
476,0,7.75,9,6.64696332953192,6.86273441340492,1
476,0,7.75,9,6.86273441340492,7.09754676328526,1
476,0,7.75,9,7.09754676328526,7.58636702756476,1
476,0,7.75,9,7.58636702756476,7.68114080649742,1
476,0,7.75,9,7.68114080649742,7.6935671630413,1
476,0,7.75,9,7.6935671630413,7.75,0
477,0,15.75,3,0,0.237584968937784,1
477,0,15.75,3,0.237584968937784,1.04662238624077,1
477,0,15.75,3,1.04662238624077,12.5163854606698,1
477,0,15.75,3,12.5163854606698,15.75,0
478,0,14.75,1,0,0.473798787311867,1
478,0,14.75,1,0.473798787311867,14.75,0
479,0,10.75,2,0,0.691103887599811,1
479,0,10.75,2,0.691103887599811,10.5703659898267,1
479,0,10.75,2,10.5703659898267,10.75,0
480,0,11.75,1,0,4.14363137584432,1
480,0,11.75,1,4.14363137584432,11.75,0
481,0,19.75,0,0,19.75,0
482,0,15.75,1,0,1.40590302113939,1
482,0,15.75,1,1.40590302113939,15.75,0
483,0,15.75,1,0,4.09146080403364,1
483,0,15.75,1,4.09146080403364,15.75,0
484,0,19.75,1,0,6.67093810747805,1
484,0,19.75,1,6.67093810747805,19.75,0
485,0,19.75,1,0,1.25700988544143,1
485,0,19.75,1,1.25700988544143,19.75,0
486,0,17.75,2,0,11.254791498281,1
486,0,17.75,2,11.254791498281,17.5912424937753,1
486,0,17.75,2,17.5912424937753,17.75,0
487,0,8.75,0,0,8.75,0
488,0,9.75,9,0,4.57867538453892,1
488,0,9.75,9,4.57867538453892,5.59365584128391,1
488,0,9.75,9,5.59365584128391,6.99494456671273,1
488,0,9.75,9,6.99494456671273,7.14112646534765,1
488,0,9.75,9,7.14112646534765,7.24184155879837,1
488,0,9.75,9,7.24184155879837,8.05090470074431,1
488,0,9.75,9,8.05090470074431,8.76178273390923,1
488,0,9.75,9,8.76178273390923,9.08862192284455,1
488,0,9.75,9,9.08862192284455,9.43486657935139,1
488,0,9.75,9,9.43486657935139,9.75,0
489,0,20.75,1,0,8.85385065728775,1
489,0,20.75,1,8.85385065728775,20.75,0
490,0,10.75,0,0,10.75,0
491,0,14.75,0,0,14.75,0
492,0,12.75,0,0,12.75,0
493,0,12.75,1,0,0.440452922648527,1
493,0,12.75,1,0.440452922648527,12.75,0
494,0,7.75,1,0,4.14640633925261,1
494,0,7.75,1,4.14640633925261,7.75,0
495,0,13.75,0,0,13.75,0
496,0,11.75,1,0,0.732730564368533,1
496,0,11.75,1,0.732730564368533,11.75,0
497,0,11.75,1,0,4.19790277878973,1
497,0,11.75,1,4.19790277878973,11.75,0
498,0,19.75,64,0,0.242238966719165,1
498,0,19.75,64,0.242238966719165,5.28433026014276,1
498,0,19.75,64,5.28433026014276,6.74646675884895,1
498,0,19.75,64,6.74646675884895,7.57443893048751,1
498,0,19.75,64,7.57443893048751,7.64544384565952,1
498,0,19.75,64,7.64544384565952,8.38797177340095,1
498,0,19.75,64,8.38797177340095,8.71730720231895,1
498,0,19.75,64,8.71730720231895,8.84412128234474,1
498,0,19.75,64,8.84412128234474,8.85286089793064,1
498,0,19.75,64,8.85286089793064,8.94593556606041,1
498,0,19.75,64,8.94593556606041,9.02440944460445,1
498,0,19.75,64,9.02440944460445,9.50199594403739,1
498,0,19.75,64,9.50199594403739,10.2020649732066,1
498,0,19.75,64,10.2020649732066,10.3086973475888,1
498,0,19.75,64,10.3086973475888,10.8084133616773,1
498,0,19.75,64,10.8084133616773,11.7964173772157,1
498,0,19.75,64,11.7964173772157,11.8634504779427,1
498,0,19.75,64,11.8634504779427,12.3479975862688,1
498,0,19.75,64,12.3479975862688,12.613366304837,1
498,0,19.75,64,12.613366304837,12.8257349590891,1
498,0,19.75,64,12.8257349590891,13.0896727011885,1
498,0,19.75,64,13.0896727011885,13.4006280944446,1
498,0,19.75,64,13.4006280944446,13.7084881122701,1
498,0,19.75,64,13.7084881122701,13.7164133120207,1
498,0,19.75,64,13.7164133120207,13.7824870341135,1
498,0,19.75,64,13.7824870341135,13.7977833283249,1
498,0,19.75,64,13.7977833283249,13.8566033356001,1
498,0,19.75,64,13.8566033356001,14.0594220474155,1
498,0,19.75,64,14.0594220474155,14.1092522115226,1
498,0,19.75,64,14.1092522115226,14.2078854580851,1
498,0,19.75,64,14.2078854580851,14.3126298082664,1
498,0,19.75,64,14.3126298082664,14.4316864294983,1
498,0,19.75,64,14.4316864294983,14.791109235402,1
498,0,19.75,64,14.791109235402,15.0026989313437,1
498,0,19.75,64,15.0026989313437,15.1172920643376,1
498,0,19.75,64,15.1172920643376,15.2582213125196,1
498,0,19.75,64,15.2582213125196,15.2971186861607,1
498,0,19.75,64,15.2971186861607,15.4211748586508,1
498,0,19.75,64,15.4211748586508,15.4489667724175,1
498,0,19.75,64,15.4489667724175,15.6494157639228,1
498,0,19.75,64,15.6494157639228,15.6994152500472,1
498,0,19.75,64,15.6994152500472,15.8590128122047,1
498,0,19.75,64,15.8590128122047,15.9457502557207,1
498,0,19.75,64,15.9457502557207,15.9899629676976,1
498,0,19.75,64,15.9899629676976,16.2556323298403,1
498,0,19.75,64,16.2556323298403,16.3239541014771,1
498,0,19.75,64,16.3239541014771,16.741183717735,1
498,0,19.75,64,16.741183717735,16.9610266302703,1
498,0,19.75,64,16.9610266302703,17.1126574850214,1
498,0,19.75,64,17.1126574850214,17.2298393391057,1
498,0,19.75,64,17.2298393391057,17.5629242157573,1
498,0,19.75,64,17.5629242157573,17.750857863181,1
498,0,19.75,64,17.750857863181,17.7572864923577,1
498,0,19.75,64,17.7572864923577,17.9411350900694,1
498,0,19.75,64,17.9411350900694,18.207394325055,1
498,0,19.75,64,18.207394325055,18.5605137785518,1
498,0,19.75,64,18.5605137785518,18.5618488606811,1
498,0,19.75,64,18.5618488606811,18.5915566189865,1
498,0,19.75,64,18.5915566189865,18.6036987073234,1
498,0,19.75,64,18.6036987073234,18.9770745850436,1
498,0,19.75,64,18.9770745850436,19.073764308326,1
498,0,19.75,64,19.073764308326,19.1238146298863,1
498,0,19.75,64,19.1238146298863,19.5576402087147,1
498,0,19.75,64,19.5576402087147,19.651000118211,1
498,0,19.75,64,19.651000118211,19.75,0
499,0,15.75,1,0,0.0046691342191199,1
499,0,15.75,1,0.0046691342191199,15.75,0
500,0,11.75,1,0,2.44377364526998,1
500,0,11.75,1,2.44377364526998,11.75,0
501,0,8.75,0,0,8.75,0
502,0,9.75,0,0,9.75,0
503,0,11.75,1,0,0.00358380129956303,1
503,0,11.75,1,0.00358380129956303,11.75,0
504,0,11.75,2,0,0.0148142631772549,1
504,0,11.75,2,0.0148142631772549,3.19705577747959,1
504,0,11.75,2,3.19705577747959,11.75,0
505,0,13.75,0,0,13.75,0
506,0,10.75,1,0,8.88732051722669,1
506,0,10.75,1,8.88732051722669,10.75,0
507,0,17.75,38,0,3.17437278429969,1
507,0,17.75,38,3.17437278429969,3.71954175028346,1
507,0,17.75,38,3.71954175028346,6.02706331728867,1
507,0,17.75,38,6.02706331728867,6.27224604937333,1
507,0,17.75,38,6.27224604937333,7.44681568654766,1
507,0,17.75,38,7.44681568654766,7.92174289392759,1
507,0,17.75,38,7.92174289392759,8.13205614533059,1
507,0,17.75,38,8.13205614533059,9.54320801744494,1
507,0,17.75,38,9.54320801744494,9.67699466596791,1
507,0,17.75,38,9.67699466596791,10.2878836545066,1
507,0,17.75,38,10.2878836545066,10.818353072025,1
507,0,17.75,38,10.818353072025,10.998284988192,1
507,0,17.75,38,10.998284988192,11.5119564726907,1
507,0,17.75,38,11.5119564726907,11.7636792384679,1
507,0,17.75,38,11.7636792384679,11.8749480790206,1
507,0,17.75,38,11.8749480790206,12.248658748855,1
507,0,17.75,38,12.248658748855,13.0806533132471,1
507,0,17.75,38,13.0806533132471,13.7216073436567,1
507,0,17.75,38,13.7216073436567,13.8124009464734,1
507,0,17.75,38,13.8124009464734,13.8384811036383,1
507,0,17.75,38,13.8384811036383,13.9035229748497,1
507,0,17.75,38,13.9035229748497,13.9078656743997,1
507,0,17.75,38,13.9078656743997,13.9402071384643,1
507,0,17.75,38,13.9402071384643,13.9569044925782,1
507,0,17.75,38,13.9569044925782,14.1565010280015,1
507,0,17.75,38,14.1565010280015,14.2461883910441,1
507,0,17.75,38,14.2461883910441,14.3002214417079,1
507,0,17.75,38,14.3002214417079,14.5348000574329,1
507,0,17.75,38,14.5348000574329,14.8299052495613,1
507,0,17.75,38,14.8299052495613,14.966846773836,1
507,0,17.75,38,14.966846773836,15.6280259835566,1
507,0,17.75,38,15.6280259835566,15.8504926453148,1
507,0,17.75,38,15.8504926453148,15.9277744876586,1
507,0,17.75,38,15.9277744876586,16.2047639332362,1
507,0,17.75,38,16.2047639332362,16.632926244786,1
507,0,17.75,38,16.632926244786,16.8758600882084,1
507,0,17.75,38,16.8758600882084,17.0227750570811,1
507,0,17.75,38,17.0227750570811,17.0765195629434,1
507,0,17.75,38,17.0765195629434,17.75,0
508,0,9.75,11,0,4.26587559323819,1
508,0,9.75,11,4.26587559323819,4.59344012196144,1
508,0,9.75,11,4.59344012196144,5.02066867446201,1
508,0,9.75,11,5.02066867446201,5.23641995697655,1
508,0,9.75,11,5.23641995697655,5.75793216932606,1
508,0,9.75,11,5.75793216932606,5.78229327644811,1
508,0,9.75,11,5.78229327644811,6.14527826840632,1
508,0,9.75,11,6.14527826840632,6.29680055003485,1
508,0,9.75,11,6.29680055003485,7.45152535820797,1
508,0,9.75,11,7.45152535820797,8.67459105818844,1
508,0,9.75,11,8.67459105818844,9.37402224896325,1
508,0,9.75,11,9.37402224896325,9.75,0
509,0,8.75,6,0,4.25497223007737,1
509,0,8.75,6,4.25497223007737,7.28209290594195,1
509,0,8.75,6,7.28209290594195,8.33739490774516,1
509,0,8.75,6,8.33739490774516,8.35441114125039,1
509,0,8.75,6,8.35441114125039,8.4462860610697,1
509,0,8.75,6,8.4462860610697,8.72130827869402,1
509,0,8.75,6,8.72130827869402,8.75,0
510,0,12.75,26,0,1.82168290371809,1
510,0,12.75,26,1.82168290371809,4.81400151603955,1
510,0,12.75,26,4.81400151603955,5.61324460349108,1
510,0,12.75,26,5.61324460349108,6.55153459511043,1
510,0,12.75,26,6.55153459511043,6.65008109309024,1
510,0,12.75,26,6.65008109309024,6.76977923876415,1
510,0,12.75,26,6.76977923876415,7.40531644797528,1
510,0,12.75,26,7.40531644797528,7.94609346717315,1
510,0,12.75,26,7.94609346717315,7.97009022670912,1
510,0,12.75,26,7.97009022670912,8.06206354407161,1
510,0,12.75,26,8.06206354407161,8.20788051030293,1
510,0,12.75,26,8.20788051030293,8.34193866798637,1
510,0,12.75,26,8.34193866798637,8.62135873196072,1
510,0,12.75,26,8.62135873196072,9.03471527530345,1
510,0,12.75,26,9.03471527530345,9.10662827867122,1
510,0,12.75,26,9.10662827867122,10.5922103984949,1
510,0,12.75,26,10.5922103984949,10.656635378991,1
510,0,12.75,26,10.656635378991,10.9508823455767,1
510,0,12.75,26,10.9508823455767,10.993871604029,1
510,0,12.75,26,10.993871604029,11.1972388889905,1
510,0,12.75,26,11.1972388889905,11.4943673861215,1
510,0,12.75,26,11.4943673861215,11.8461305153258,1
510,0,12.75,26,11.8461305153258,12.0652858054805,1
510,0,12.75,26,12.0652858054805,12.0924535568985,1
510,0,12.75,26,12.0924535568985,12.2275410140496,1
510,0,12.75,26,12.2275410140496,12.4069784578136,1
510,0,12.75,26,12.4069784578136,12.75,0
511,0,13.75,2,0,0.0271392720162755,1
511,0,13.75,2,0.0271392720162755,6.89189361042391,1
511,0,13.75,2,6.89189361042391,13.75,0
512,0,12.75,20,0,3.82150115962474,1
512,0,12.75,20,3.82150115962474,4.35204578880049,1
512,0,12.75,20,4.35204578880049,5.24133498552692,1
512,0,12.75,20,5.24133498552692,5.44396905553777,1
512,0,12.75,20,5.44396905553777,6.39065898665277,1
512,0,12.75,20,6.39065898665277,6.69390058718338,1
512,0,12.75,20,6.69390058718338,7.12354074380508,1
512,0,12.75,20,7.12354074380508,7.3600052558293,1
512,0,12.75,20,7.3600052558293,7.74396351713726,1
512,0,12.75,20,7.74396351713726,7.90208989337415,1
512,0,12.75,20,7.90208989337415,8.204742614012,1
512,0,12.75,20,8.204742614012,9.02983572340078,1
512,0,12.75,20,9.02983572340078,9.04254527874288,1
512,0,12.75,20,9.04254527874288,9.18894997865967,1
512,0,12.75,20,9.18894997865967,9.55506595979825,1
512,0,12.75,20,9.55506595979825,10.1198453085839,1
512,0,12.75,20,10.1198453085839,10.5088672842315,1
512,0,12.75,20,10.5088672842315,10.5687160612398,1
512,0,12.75,20,10.5687160612398,11.0894258784863,1
512,0,12.75,20,11.0894258784863,12.0071913999183,1
512,0,12.75,20,12.0071913999183,12.75,0
513,0,19.75,37,0,2.37940004281431,1
513,0,19.75,37,2.37940004281431,5.51684652147882,1
513,0,19.75,37,5.51684652147882,7.51345770026791,1
513,0,19.75,37,7.51345770026791,8.7071292910982,1
513,0,19.75,37,8.7071292910982,8.77296748119376,1
513,0,19.75,37,8.77296748119376,8.95117426979356,1
513,0,19.75,37,8.95117426979356,9.4374421775138,1
513,0,19.75,37,9.4374421775138,9.48720141863234,1
513,0,19.75,37,9.48720141863234,9.65793464217986,1
513,0,19.75,37,9.65793464217986,11.170080300404,1
513,0,19.75,37,11.170080300404,11.6538760559403,1
513,0,19.75,37,11.6538760559403,11.7740144198307,1
513,0,19.75,37,11.7740144198307,12.8872565414002,1
513,0,19.75,37,12.8872565414002,13.1436799065521,1
513,0,19.75,37,13.1436799065521,13.1867228459146,1
513,0,19.75,37,13.1867228459146,14.418748484195,1
513,0,19.75,37,14.418748484195,14.5377537855407,1
513,0,19.75,37,14.5377537855407,14.7791262922249,1
513,0,19.75,37,14.7791262922249,14.9939527649914,1
513,0,19.75,37,14.9939527649914,15.1279300769548,1
513,0,19.75,37,15.1279300769548,16.05305700929,1
513,0,19.75,37,16.05305700929,16.07831225142,1
513,0,19.75,37,16.07831225142,16.3825439170478,1
513,0,19.75,37,16.3825439170478,16.4981100280422,1
513,0,19.75,37,16.4981100280422,16.8258964226368,1
513,0,19.75,37,16.8258964226368,16.9130092015677,1
513,0,19.75,37,16.9130092015677,17.0120183445544,1
513,0,19.75,37,17.0120183445544,17.1243438575087,1
513,0,19.75,37,17.1243438575087,17.2965068705642,1
513,0,19.75,37,17.2965068705642,17.6798027703713,1
513,0,19.75,37,17.6798027703713,17.972311822245,1
513,0,19.75,37,17.972311822245,18.162006462998,1
513,0,19.75,37,18.162006462998,19.1464322971022,1
513,0,19.75,37,19.1464322971022,19.2487601780046,1
513,0,19.75,37,19.2487601780046,19.3204096684482,1
513,0,19.75,37,19.3204096684482,19.5336445907157,1
513,0,19.75,37,19.5336445907157,19.5604822636211,1
513,0,19.75,37,19.5604822636211,19.75,0
514,0,9.75,1,0,4.53166261154653,1
514,0,9.75,1,4.53166261154653,9.75,0
515,0,10.75,0,0,10.75,0
516,0,14.75,13,0,8.16516704345835,1
516,0,14.75,13,8.16516704345835,9.87399368127189,1
516,0,14.75,13,9.87399368127189,10.4640363157219,1
516,0,14.75,13,10.4640363157219,11.1182182013362,1
516,0,14.75,13,11.1182182013362,11.2929338374454,1
516,0,14.75,13,11.2929338374454,11.4370915628953,1
516,0,14.75,13,11.4370915628953,12.3711321798438,1
516,0,14.75,13,12.3711321798438,12.8352246495167,1
516,0,14.75,13,12.8352246495167,13.0289515961281,1
516,0,14.75,13,13.0289515961281,14.1398148751616,1
516,0,14.75,13,14.1398148751616,14.5561812180875,1
516,0,14.75,13,14.5561812180875,14.5737587520471,1
516,0,14.75,13,14.5737587520471,14.7333898578091,1
516,0,14.75,13,14.7333898578091,14.75,0
517,0,10.75,1,0,1.16030453240642,1
517,0,10.75,1,1.16030453240642,10.75,0
518,0,14.75,3,0,5.47159034367548,1
518,0,14.75,3,5.47159034367548,7.50356382886789,1
518,0,14.75,3,7.50356382886789,10.2235823747466,1
518,0,14.75,3,10.2235823747466,14.75,0
519,0,9.75,1,0,6.47145941656554,1
519,0,9.75,1,6.47145941656554,9.75,0
520,0,7.75,3,0,4.84949591322838e-05,1
520,0,7.75,3,4.84949591322838e-05,3.21534193970858,1
520,0,7.75,3,3.21534193970858,7.21899746878759,1
520,0,7.75,3,7.21899746878759,7.75,0
521,0,14.75,28,0,4.65957386731243,1
521,0,14.75,28,4.65957386731243,5.14294129255955,1
521,0,14.75,28,5.14294129255955,5.56658379822589,1
521,0,14.75,28,5.56658379822589,5.89900952375892,1
521,0,14.75,28,5.89900952375892,6.23619365716053,1
521,0,14.75,28,6.23619365716053,7.27879721610144,1
521,0,14.75,28,7.27879721610144,8.72119419748008,1
521,0,14.75,28,8.72119419748008,8.86261186102725,1
521,0,14.75,28,8.86261186102725,9.33773669788787,1
521,0,14.75,28,9.33773669788787,10.6321353413519,1
521,0,14.75,28,10.6321353413519,10.6746043874761,1
521,0,14.75,28,10.6746043874761,10.8885517868739,1
521,0,14.75,28,10.8885517868739,11.0704461747629,1
521,0,14.75,28,11.0704461747629,12.0162468878032,1
521,0,14.75,28,12.0162468878032,12.0714462455015,1
521,0,14.75,28,12.0714462455015,12.1365691602065,1
521,0,14.75,28,12.1365691602065,12.3888846948397,1
521,0,14.75,28,12.3888846948397,12.3947943466324,1
521,0,14.75,28,12.3947943466324,12.4676146205956,1
521,0,14.75,28,12.4676146205956,12.7168870287972,1
521,0,14.75,28,12.7168870287972,12.874565716805,1
521,0,14.75,28,12.874565716805,13.0094408111939,1
521,0,14.75,28,13.0094408111939,13.173208363121,1
521,0,14.75,28,13.173208363121,13.3112068858834,1
521,0,14.75,28,13.3112068858834,13.4271485415416,1
521,0,14.75,28,13.4271485415416,13.9954611643679,1
521,0,14.75,28,13.9954611643679,14.1754663916423,1
521,0,14.75,28,14.1754663916423,14.4913254272732,1
521,0,14.75,28,14.4913254272732,14.75,0
522,0,17.75,2,0,0.297461828001123,1
522,0,17.75,2,0.297461828001123,11.8908504489702,1
522,0,17.75,2,11.8908504489702,17.75,0
523,0,12.75,21,0,5.59910090655336,1
523,0,12.75,21,5.59910090655336,5.83394800566859,1
523,0,12.75,21,5.83394800566859,6.39208706655324,1
523,0,12.75,21,6.39208706655324,6.99391249439203,1
523,0,12.75,21,6.99391249439203,7.19287516416727,1
523,0,12.75,21,7.19287516416727,7.94147773928347,1
523,0,12.75,21,7.94147773928347,8.30652015607369,1
523,0,12.75,21,8.30652015607369,8.60746875790653,1
523,0,12.75,21,8.60746875790653,8.95331423683042,1
523,0,12.75,21,8.95331423683042,9.14893813306682,1
523,0,12.75,21,9.14893813306682,9.49021742604336,1
523,0,12.75,21,9.49021742604336,9.7390514061544,1
523,0,12.75,21,9.7390514061544,10.4736446051845,1
523,0,12.75,21,10.4736446051845,10.6140598958261,1
523,0,12.75,21,10.6140598958261,10.7686243010817,1
523,0,12.75,21,10.7686243010817,10.774198322261,1
523,0,12.75,21,10.774198322261,11.1270353775097,1
523,0,12.75,21,11.1270353775097,11.751093274991,1
523,0,12.75,21,11.751093274991,11.8525415054573,1
523,0,12.75,21,11.8525415054573,12.0610219236583,1
523,0,12.75,21,12.0610219236583,12.3410777586103,1
523,0,12.75,21,12.3410777586103,12.75,0
524,0,16.75,2,0,2.01788344682573,1
524,0,16.75,2,2.01788344682573,9.00186435016687,1
524,0,16.75,2,9.00186435016687,16.75,0
525,0,12.75,1,0,4.56886945602023,1
525,0,12.75,1,4.56886945602023,12.75,0
526,0,16.75,22,0,3.51951255874641,1
526,0,16.75,22,3.51951255874641,3.89306860493485,1
526,0,16.75,22,3.89306860493485,6.46850287229639,1
526,0,16.75,22,6.46850287229639,6.69566261731388,1
526,0,16.75,22,6.69566261731388,9.51067340344428,1
526,0,16.75,22,9.51067340344428,10.057406121287,1
526,0,16.75,22,10.057406121287,11.588321890241,1
526,0,16.75,22,11.588321890241,12.0785251877823,1
526,0,16.75,22,12.0785251877823,12.0832187016299,1
526,0,16.75,22,12.0832187016299,12.2596047166215,1
526,0,16.75,22,12.2596047166215,12.4295319455655,1
526,0,16.75,22,12.4295319455655,12.8182038361743,1
526,0,16.75,22,12.8182038361743,13.2630329947985,1
526,0,16.75,22,13.2630329947985,15.2245366719996,1
526,0,16.75,22,15.2245366719996,15.4624014365516,1
526,0,16.75,22,15.4624014365516,16.1094152139755,1
526,0,16.75,22,16.1094152139755,16.2996117663905,1
526,0,16.75,22,16.2996117663905,16.4091980838393,1
526,0,16.75,22,16.4091980838393,16.5136057742427,1
526,0,16.75,22,16.5136057742427,16.6111183943985,1
526,0,16.75,22,16.6111183943985,16.6117025529052,1
526,0,16.75,22,16.6117025529052,16.6809012672204,1
526,0,16.75,22,16.6809012672204,16.75,0
527,0,19.75,85,0,2.34079293585804,1
527,0,19.75,85,2.34079293585804,3.07953404209389,1
527,0,19.75,85,3.07953404209389,5.07948133481725,1
527,0,19.75,85,5.07948133481725,5.39568477509182,1
527,0,19.75,85,5.39568477509182,5.94531353816738,1
527,0,19.75,85,5.94531353816738,6.27299903871733,1
527,0,19.75,85,6.27299903871733,6.44011471432809,1
527,0,19.75,85,6.44011471432809,6.57195347758423,1
527,0,19.75,85,6.57195347758423,6.94225800617724,1
527,0,19.75,85,6.94225800617724,7.02188169217422,1
527,0,19.75,85,7.02188169217422,7.2647777155137,1
527,0,19.75,85,7.2647777155137,7.31321039262976,1
527,0,19.75,85,7.31321039262976,7.40485597785572,1
527,0,19.75,85,7.40485597785572,7.41340052602299,1
527,0,19.75,85,7.41340052602299,7.74966706786699,1
527,0,19.75,85,7.74966706786699,8.64485253307333,1
527,0,19.75,85,8.64485253307333,9.21372412750655,1
527,0,19.75,85,9.21372412750655,9.41844895682004,1
527,0,19.75,85,9.41844895682004,9.64051948227415,1
527,0,19.75,85,9.64051948227415,10.0235765470772,1
527,0,19.75,85,10.0235765470772,10.1354289596235,1
527,0,19.75,85,10.1354289596235,10.4147328027793,1
527,0,19.75,85,10.4147328027793,10.6890107532848,1
527,0,19.75,85,10.6890107532848,10.8448848589343,1
527,0,19.75,85,10.8448848589343,11.0499889055687,1
527,0,19.75,85,11.0499889055687,11.1207382238309,1
527,0,19.75,85,11.1207382238309,11.3188627368759,1
527,0,19.75,85,11.3188627368759,11.3877701823623,1
527,0,19.75,85,11.3877701823623,11.44881185294,1
527,0,19.75,85,11.44881185294,11.4791800990507,1
527,0,19.75,85,11.4791800990507,11.6254832786673,1
527,0,19.75,85,11.6254832786673,12.1134748668632,1
527,0,19.75,85,12.1134748668632,12.1761837650287,1
527,0,19.75,85,12.1761837650287,12.2385313716026,1
527,0,19.75,85,12.2385313716026,12.2425526871819,1
527,0,19.75,85,12.2425526871819,12.289623049561,1
527,0,19.75,85,12.289623049561,12.9293320364007,1
527,0,19.75,85,12.9293320364007,13.3378594313581,1
527,0,19.75,85,13.3378594313581,13.5874598231361,1
527,0,19.75,85,13.5874598231361,13.5941358131138,1
527,0,19.75,85,13.5941358131138,13.6262871694972,1
527,0,19.75,85,13.6262871694972,13.7514204046061,1
527,0,19.75,85,13.7514204046061,13.8121694539821,1
527,0,19.75,85,13.8121694539821,13.8161150982123,1
527,0,19.75,85,13.8161150982123,13.8798342110837,1
527,0,19.75,85,13.8798342110837,14.0206447300997,1
527,0,19.75,85,14.0206447300997,14.2667012775237,1
527,0,19.75,85,14.2667012775237,14.3184819224576,1
527,0,19.75,85,14.3184819224576,14.6219789177694,1
527,0,19.75,85,14.6219789177694,14.7210734388852,1
527,0,19.75,85,14.7210734388852,14.7304548326456,1
527,0,19.75,85,14.7304548326456,14.7359266039531,1
527,0,19.75,85,14.7359266039531,14.8747429464181,1
527,0,19.75,85,14.8747429464181,15.0489222593399,1
527,0,19.75,85,15.0489222593399,15.0935957827737,1
527,0,19.75,85,15.0935957827737,15.406363072923,1
527,0,19.75,85,15.406363072923,15.5688827133886,1
527,0,19.75,85,15.5688827133886,15.5977911480258,1
527,0,19.75,85,15.5977911480258,15.816824138791,1
527,0,19.75,85,15.816824138791,16.0678851513538,1
527,0,19.75,85,16.0678851513538,16.419979176857,1
527,0,19.75,85,16.419979176857,16.8781145393422,1
527,0,19.75,85,16.8781145393422,16.9397775421003,1
527,0,19.75,85,16.9397775421003,17.0432051791881,1
527,0,19.75,85,17.0432051791881,17.4206350592242,1
527,0,19.75,85,17.4206350592242,17.6530003732995,1
527,0,19.75,85,17.6530003732995,17.8172255010963,1
527,0,19.75,85,17.8172255010963,17.8183485104878,1
527,0,19.75,85,17.8183485104878,17.8343172012852,1
527,0,19.75,85,17.8343172012852,17.9922908177723,1
527,0,19.75,85,17.9922908177723,18.0606557124101,1
527,0,19.75,85,18.0606557124101,18.1017689523679,1
527,0,19.75,85,18.1017689523679,18.3034833152663,1
527,0,19.75,85,18.3034833152663,18.3456604799658,1
527,0,19.75,85,18.3456604799658,18.3855475200169,1
527,0,19.75,85,18.3855475200169,18.4422127164099,1
527,0,19.75,85,18.4422127164099,18.5581089550481,1
527,0,19.75,85,18.5581089550481,18.6090487281575,1
527,0,19.75,85,18.6090487281575,18.7794388150724,1
527,0,19.75,85,18.7794388150724,18.7958298373259,1
527,0,19.75,85,18.7958298373259,19.0015652792634,1
527,0,19.75,85,19.0015652792634,19.1129961570317,1
527,0,19.75,85,19.1129961570317,19.2543028362323,1
527,0,19.75,85,19.2543028362323,19.2555919099408,1
527,0,19.75,85,19.2555919099408,19.4599794517651,1
527,0,19.75,85,19.4599794517651,19.75,0
528,0,10.75,0,0,10.75,0
529,0,14.75,0,0,14.75,0
530,0,16.75,5,0,5.67217530536421,1
530,0,16.75,5,5.67217530536421,6.6071749513895,1
530,0,16.75,5,6.6071749513895,6.75880399004062,1
530,0,16.75,5,6.75880399004062,7.03524091516654,1
530,0,16.75,5,7.03524091516654,13.2506216373926,1
530,0,16.75,5,13.2506216373926,16.75,0
531,0,9.75,4,0,3.91431436146105,1
531,0,9.75,4,3.91431436146105,5.43138360221084,1
531,0,9.75,4,5.43138360221084,8.06520173753014,1
531,0,9.75,4,8.06520173753014,8.22835854923132,1
531,0,9.75,4,8.22835854923132,9.75,0
532,0,17.75,34,0,2.23949811067592,1
532,0,17.75,34,2.23949811067592,5.18945564835103,1
532,0,17.75,34,5.18945564835103,5.94941199672656,1
532,0,17.75,34,5.94941199672656,6.59318009393204,1
532,0,17.75,34,6.59318009393204,6.60619389519047,1
532,0,17.75,34,6.60619389519047,7.45421549036027,1
532,0,17.75,34,7.45421549036027,7.8139828410819,1
532,0,17.75,34,7.8139828410819,7.88482453574338,1
532,0,17.75,34,7.88482453574338,8.79360564894241,1
532,0,17.75,34,8.79360564894241,9.29712320852665,1
532,0,17.75,34,9.29712320852665,9.68006481777065,1
532,0,17.75,34,9.68006481777065,10.7296274169131,1
532,0,17.75,34,10.7296274169131,10.9407937183861,1
532,0,17.75,34,10.9407937183861,11.7394995958746,1
532,0,17.75,34,11.7394995958746,12.4138626056728,1
532,0,17.75,34,12.4138626056728,12.6741434309666,1
532,0,17.75,34,12.6741434309666,13.0675556001243,1
532,0,17.75,34,13.0675556001243,14.1099751820232,1
532,0,17.75,34,14.1099751820232,14.1678624124435,1
532,0,17.75,34,14.1678624124435,14.6296482784546,1
532,0,17.75,34,14.6296482784546,14.680648456581,1
532,0,17.75,34,14.680648456581,14.8965622871298,1
532,0,17.75,34,14.8965622871298,15.1941759965913,1
532,0,17.75,34,15.1941759965913,15.2772866741156,1
532,0,17.75,34,15.2772866741156,16.2631208902402,1
532,0,17.75,34,16.2631208902402,16.7690033620355,1
532,0,17.75,34,16.7690033620355,16.7984849383855,1
532,0,17.75,34,16.7984849383855,17.2201299674986,1
532,0,17.75,34,17.2201299674986,17.2639878636395,1
532,0,17.75,34,17.2639878636395,17.2678068446572,1
532,0,17.75,34,17.2678068446572,17.2961472902599,1
532,0,17.75,34,17.2961472902599,17.3719182406903,1
532,0,17.75,34,17.3719182406903,17.3917387530204,1
532,0,17.75,34,17.3917387530204,17.6716950371476,1
532,0,17.75,34,17.6716950371476,17.75,0
533,0,9.75,4,0,5.59592761487453,1
533,0,9.75,4,5.59592761487453,6.65826097418907,1
533,0,9.75,4,6.65826097418907,8.65317072655195,1
533,0,9.75,4,8.65317072655195,9.2845623211076,1
533,0,9.75,4,9.2845623211076,9.75,0
534,0,15.75,1,0,1.1500366306372,1
534,0,15.75,1,1.1500366306372,15.75,0
535,0,16.75,0,0,16.75,0
536,0,13.75,25,0,1.86314082948333,1
536,0,13.75,25,1.86314082948333,4.37112385651274,1
536,0,13.75,25,4.37112385651274,4.40178613273186,1
536,0,13.75,25,4.40178613273186,5.07454877799902,1
536,0,13.75,25,5.07454877799902,5.80317974683611,1
536,0,13.75,25,5.80317974683611,6.99065292346034,1
536,0,13.75,25,6.99065292346034,7.71756067121605,1
536,0,13.75,25,7.71756067121605,7.88789028258072,1
536,0,13.75,25,7.88789028258072,8.2614932000461,1
536,0,13.75,25,8.2614932000461,8.56312789206283,1
536,0,13.75,25,8.56312789206283,9.07784041692295,1
536,0,13.75,25,9.07784041692295,9.30931032678251,1
536,0,13.75,25,9.30931032678251,9.61688186121615,1
536,0,13.75,25,9.61688186121615,9.85178093110505,1
536,0,13.75,25,9.85178093110505,9.9234303310362,1
536,0,13.75,25,9.9234303310362,9.96813110395933,1
536,0,13.75,25,9.96813110395933,9.96913102347573,1
536,0,13.75,25,9.96913102347573,10.1006308826549,1
536,0,13.75,25,10.1006308826549,10.248143254925,1
536,0,13.75,25,10.248143254925,10.3493350523897,1
536,0,13.75,25,10.3493350523897,10.9954364343312,1
536,0,13.75,25,10.9954364343312,11.7411118919967,1
536,0,13.75,25,11.7411118919967,12.0117670202647,1
536,0,13.75,25,12.0117670202647,13.1794872781311,1
536,0,13.75,25,13.1794872781311,13.7256281346853,1
536,0,13.75,25,13.7256281346853,13.75,0
537,0,11.75,15,0,1.51786932081737,1
537,0,11.75,15,1.51786932081737,3.36065655863112,1
537,0,11.75,15,3.36065655863112,3.91193709967852,1
537,0,11.75,15,3.91193709967852,5.51848335762027,1
537,0,11.75,15,5.51848335762027,6.02831064314169,1
537,0,11.75,15,6.02831064314169,7.0180071260646,1
537,0,11.75,15,7.0180071260646,7.9507431698535,1
537,0,11.75,15,7.9507431698535,8.08471497080654,1
537,0,11.75,15,8.08471497080654,8.21076435931414,1
537,0,11.75,15,8.21076435931414,8.5367158538431,1
537,0,11.75,15,8.5367158538431,8.88897194587904,1
537,0,11.75,15,8.88897194587904,8.92138310591282,1
537,0,11.75,15,8.92138310591282,9.26640062814412,1
537,0,11.75,15,9.26640062814412,9.35151021402287,1
537,0,11.75,15,9.35151021402287,10.0141220784643,1
537,0,11.75,15,10.0141220784643,11.75,0
538,0,11.75,20,0,6.31479023643753,1
538,0,11.75,20,6.31479023643753,6.59144155734881,1
538,0,11.75,20,6.59144155734881,6.84772672055983,1
538,0,11.75,20,6.84772672055983,6.99984512234945,1
538,0,11.75,20,6.99984512234945,7.9180449541314,1
538,0,11.75,20,7.9180449541314,8.03111523692523,1
538,0,11.75,20,8.03111523692523,8.27687487011348,1
538,0,11.75,20,8.27687487011348,8.42093479758694,1
538,0,11.75,20,8.42093479758694,9.56643730998614,1
538,0,11.75,20,9.56643730998614,9.57162212098454,1
538,0,11.75,20,9.57162212098454,9.77081204852288,1
538,0,11.75,20,9.77081204852288,9.81419736590432,1
538,0,11.75,20,9.81419736590432,9.97823349692463,1
538,0,11.75,20,9.97823349692463,10.2550360101632,1
538,0,11.75,20,10.2550360101632,10.3784603392761,1
538,0,11.75,20,10.3784603392761,10.3884149637429,1
538,0,11.75,20,10.3884149637429,10.661365035528,1
538,0,11.75,20,10.661365035528,11.2511085306469,1
538,0,11.75,20,11.2511085306469,11.466515298049,1
538,0,11.75,20,11.466515298049,11.651949384408,1
538,0,11.75,20,11.651949384408,11.75,0
539,0,11.75,1,0,2.35530208641322,1
539,0,11.75,1,2.35530208641322,11.75,0
540,0,16.75,31,0,2.12388000336313,1
540,0,16.75,31,2.12388000336313,2.64800327995677,1
540,0,16.75,31,2.64800327995677,6.39348280047052,1
540,0,16.75,31,6.39348280047052,8.37426276616117,1
540,0,16.75,31,8.37426276616117,8.38131909592385,1
540,0,16.75,31,8.38131909592385,8.98011567441198,1
540,0,16.75,31,8.98011567441198,9.76036417404732,1
540,0,16.75,31,9.76036417404732,9.943299819592,1
540,0,16.75,31,9.943299819592,11.2952295137191,1
540,0,16.75,31,11.2952295137191,11.323725550106,1
540,0,16.75,31,11.323725550106,11.775188800944,1
540,0,16.75,31,11.775188800944,11.8225868364977,1
540,0,16.75,31,11.8225868364977,12.5339304342014,1
540,0,16.75,31,12.5339304342014,12.8127145982547,1
540,0,16.75,31,12.8127145982547,13.4517489481094,1
540,0,16.75,31,13.4517489481094,13.5637654711104,1
540,0,16.75,31,13.5637654711104,13.7739040446509,1
540,0,16.75,31,13.7739040446509,13.8110695539316,1
540,0,16.75,31,13.8110695539316,13.9870156428142,1
540,0,16.75,31,13.9870156428142,14.0893402913025,1
540,0,16.75,31,14.0893402913025,14.0972825280344,1
540,0,16.75,31,14.0972825280344,14.5657338013408,1
540,0,16.75,31,14.5657338013408,14.6180039674062,1
540,0,16.75,31,14.6180039674062,15.0497553167635,1
540,0,16.75,31,15.0497553167635,15.7088712188125,1
540,0,16.75,31,15.7088712188125,15.9169561922255,1
540,0,16.75,31,15.9169561922255,16.036273417292,1
540,0,16.75,31,16.036273417292,16.0705272144506,1
540,0,16.75,31,16.0705272144506,16.2179098010804,1
540,0,16.75,31,16.2179098010804,16.3922957699816,1
540,0,16.75,31,16.3922957699816,16.7458399208116,1
540,0,16.75,31,16.7458399208116,16.75,0
541,0,15.75,39,0,2.65305733409991,1
541,0,15.75,39,2.65305733409991,5.38603602308997,1
541,0,15.75,39,5.38603602308997,6.25061102036099,1
541,0,15.75,39,6.25061102036099,6.84916423975914,1
541,0,15.75,39,6.84916423975914,7.0710317301691,1
541,0,15.75,39,7.0710317301691,7.14877217307562,1
541,0,15.75,39,7.14877217307562,7.94119335986274,1
541,0,15.75,39,7.94119335986274,8.1361828051207,1
541,0,15.75,39,8.1361828051207,8.29687347720916,1
541,0,15.75,39,8.29687347720916,8.57939493016577,1
541,0,15.75,39,8.57939493016577,8.73417291298374,1
541,0,15.75,39,8.73417291298374,8.73759789441824,1
541,0,15.75,39,8.73759789441824,8.82498257263221,1
541,0,15.75,39,8.82498257263221,9.81274315470125,1
541,0,15.75,39,9.81274315470125,10.0732381119073,1
541,0,15.75,39,10.0732381119073,10.267767941679,1
541,0,15.75,39,10.267767941679,10.8844647615081,1
541,0,15.75,39,10.8844647615081,10.9521547999489,1
541,0,15.75,39,10.9521547999489,11.0559399885967,1
541,0,15.75,39,11.0559399885967,11.5396311731214,1
541,0,15.75,39,11.5396311731214,11.5635698193912,1
541,0,15.75,39,11.5635698193912,11.7882137252697,1
541,0,15.75,39,11.7882137252697,12.2891452137521,1
541,0,15.75,39,12.2891452137521,12.559918208085,1
541,0,15.75,39,12.559918208085,12.6151031929175,1
541,0,15.75,39,12.6151031929175,12.8723000493117,1
541,0,15.75,39,12.8723000493117,13.3086198621253,1
541,0,15.75,39,13.3086198621253,13.8086865474344,1
541,0,15.75,39,13.8086865474344,14.1515211806348,1
541,0,15.75,39,14.1515211806348,14.2604300213115,1
541,0,15.75,39,14.2604300213115,14.4466664632296,1
541,0,15.75,39,14.4466664632296,14.5446432550315,1
541,0,15.75,39,14.5446432550315,14.8163308667748,1
541,0,15.75,39,14.8163308667748,15.0175545219822,1
541,0,15.75,39,15.0175545219822,15.0997002320815,1
541,0,15.75,39,15.0997002320815,15.4476781444143,1
541,0,15.75,39,15.4476781444143,15.5068677612002,1
541,0,15.75,39,15.5068677612002,15.508233914582,1
541,0,15.75,39,15.508233914582,15.6737432899062,1
541,0,15.75,39,15.6737432899062,15.75,0
542,0,17.75,51,0,4.16288815547368,1
542,0,17.75,51,4.16288815547368,4.81587864651761,1
542,0,17.75,51,4.81587864651761,5.70593398249548,1
542,0,17.75,51,5.70593398249548,5.82886261768498,1
542,0,17.75,51,5.82886261768498,5.83372664413629,1
542,0,17.75,51,5.83372664413629,6.21445116423419,1
542,0,17.75,51,6.21445116423419,6.56222413125774,1
542,0,17.75,51,6.56222413125774,6.60973225844871,1
542,0,17.75,51,6.60973225844871,7.67380586115857,1
542,0,17.75,51,7.67380586115857,8.18307158847147,1
542,0,17.75,51,8.18307158847147,8.1868394201465,1
542,0,17.75,51,8.1868394201465,8.94112386581444,1
542,0,17.75,51,8.94112386581444,9.62479178185157,1
542,0,17.75,51,9.62479178185157,10.1348046021738,1
542,0,17.75,51,10.1348046021738,10.6757602802257,1
542,0,17.75,51,10.6757602802257,10.7252575759501,1
542,0,17.75,51,10.7252575759501,11.0219879212709,1
542,0,17.75,51,11.0219879212709,11.1294691050489,1
542,0,17.75,51,11.1294691050489,11.1462392646699,1
542,0,17.75,51,11.1462392646699,11.5810040519198,1
542,0,17.75,51,11.5810040519198,11.8846003588198,1
542,0,17.75,51,11.8846003588198,11.9047404293435,1
542,0,17.75,51,11.9047404293435,12.2376591779007,1
542,0,17.75,51,12.2376591779007,12.3099417290749,1
542,0,17.75,51,12.3099417290749,12.4008741796681,1
542,0,17.75,51,12.4008741796681,12.4151608562234,1
542,0,17.75,51,12.4151608562234,12.4867514188473,1
542,0,17.75,51,12.4867514188473,12.5492521874063,1
542,0,17.75,51,12.5492521874063,13.0351872438007,1
542,0,17.75,51,13.0351872438007,13.2739424032704,1
542,0,17.75,51,13.2739424032704,13.3103539643599,1
542,0,17.75,51,13.3103539643599,13.4698188719549,1
542,0,17.75,51,13.4698188719549,13.5444183884364,1
542,0,17.75,51,13.5444183884364,13.930003181723,1
542,0,17.75,51,13.930003181723,13.9842871869071,1
542,0,17.75,51,13.9842871869071,14.3071204279446,1
542,0,17.75,51,14.3071204279446,14.8589094214429,1
542,0,17.75,51,14.8589094214429,14.9913910233251,1
542,0,17.75,51,14.9913910233251,15.8200519144873,1
542,0,17.75,51,15.8200519144873,15.9474704252421,1
542,0,17.75,51,15.9474704252421,15.9571076326269,1
542,0,17.75,51,15.9571076326269,16.2153490126392,1
542,0,17.75,51,16.2153490126392,16.2454531510989,1
542,0,17.75,51,16.2454531510989,16.6661337182388,1
542,0,17.75,51,16.6661337182388,16.7508906165539,1
542,0,17.75,51,16.7508906165539,16.8173083217896,1
542,0,17.75,51,16.8173083217896,16.8297033231193,1
542,0,17.75,51,16.8297033231193,16.8352617299939,1
542,0,17.75,51,16.8352617299939,17.1656122520794,1
542,0,17.75,51,17.1656122520794,17.5108852178527,1
542,0,17.75,51,17.5108852178527,17.5468603488027,1
542,0,17.75,51,17.5468603488027,17.75,0
543,0,19.75,0,0,19.75,0
544,0,11.75,8,0,1.74603667078009,1
544,0,11.75,8,1.74603667078009,2.91794069889198,1
544,0,11.75,8,2.91794069889198,3.90832256198407,1
544,0,11.75,8,3.90832256198407,7.44155573416372,1
544,0,11.75,8,7.44155573416372,7.68013347018737,1
544,0,11.75,8,7.68013347018737,9.5775666762484,1
544,0,11.75,8,9.5775666762484,9.96071815655099,1
544,0,11.75,8,9.96071815655099,10.1899138550491,1
544,0,11.75,8,10.1899138550491,11.75,0
545,0,8.75,1,0,0.24356009485428,1
545,0,8.75,1,0.24356009485428,8.75,0
546,0,15.75,21,0,5.71656875561936,1
546,0,15.75,21,5.71656875561936,5.7834974297118,1
546,0,15.75,21,5.7834974297118,6.640791664573,1
546,0,15.75,21,6.640791664573,6.67817296021849,1
546,0,15.75,21,6.67817296021849,6.68582598319375,1
546,0,15.75,21,6.68582598319375,6.89459630600113,1
546,0,15.75,21,6.89459630600113,7.45136786872963,1
546,0,15.75,21,7.45136786872963,8.61201852615832,1
546,0,15.75,21,8.61201852615832,9.68575409309324,1
546,0,15.75,21,9.68575409309324,9.93135589559339,1
546,0,15.75,21,9.93135589559339,11.8292769665488,1
546,0,15.75,21,11.8292769665488,11.9935139742456,1
546,0,15.75,21,11.9935139742456,12.4806628681769,1
546,0,15.75,21,12.4806628681769,12.4935023995352,1
546,0,15.75,21,12.4935023995352,12.7224030713741,1
546,0,15.75,21,12.7224030713741,13.2971023208184,1
546,0,15.75,21,13.2971023208184,14.5125238416692,1
546,0,15.75,21,14.5125238416692,14.9063436372348,1
546,0,15.75,21,14.9063436372348,15.0024122771581,1
546,0,15.75,21,15.0024122771581,15.1503651124136,1
546,0,15.75,21,15.1503651124136,15.4894786440341,1
546,0,15.75,21,15.4894786440341,15.75,0
547,0,15.75,36,0,1.96791836383634,1
547,0,15.75,36,1.96791836383634,2.21544916933199,1
547,0,15.75,36,2.21544916933199,2.81030557293234,1
547,0,15.75,36,2.81030557293234,4.29231449292647,1
547,0,15.75,36,4.29231449292647,4.30759848727344,1
547,0,15.75,36,4.30759848727344,7.06358286621477,1
547,0,15.75,36,7.06358286621477,7.33181980505339,1
547,0,15.75,36,7.33181980505339,8.80448501639848,1
547,0,15.75,36,8.80448501639848,8.9220895118476,1
547,0,15.75,36,8.9220895118476,8.92481461232086,1
547,0,15.75,36,8.92481461232086,9.89584066930417,1
547,0,15.75,36,9.89584066930417,10.5802460575378,1
547,0,15.75,36,10.5802460575378,10.9047909166275,1
547,0,15.75,36,10.9047909166275,10.9158097150084,1
547,0,15.75,36,10.9158097150084,11.1223614662806,1
547,0,15.75,36,11.1223614662806,11.4965519748383,1
547,0,15.75,36,11.4965519748383,11.731100755864,1
547,0,15.75,36,11.731100755864,12.2004870313264,1
547,0,15.75,36,12.2004870313264,12.4550101448463,1
547,0,15.75,36,12.4550101448463,12.5983871409349,1
547,0,15.75,36,12.5983871409349,12.6620349803155,1
547,0,15.75,36,12.6620349803155,12.66431400124,1
547,0,15.75,36,12.66431400124,12.721809578191,1
547,0,15.75,36,12.721809578191,12.9099592635783,1
547,0,15.75,36,12.9099592635783,13.1371703860883,1
547,0,15.75,36,13.1371703860883,13.4242827702871,1
547,0,15.75,36,13.4242827702871,13.4333711593559,1
547,0,15.75,36,13.4333711593559,13.5986650212184,1
547,0,15.75,36,13.5986650212184,13.6874950033205,1
547,0,15.75,36,13.6874950033205,14.0334688977243,1
547,0,15.75,36,14.0334688977243,14.1051066137242,1
547,0,15.75,36,14.1051066137242,14.1476004571776,1
547,0,15.75,36,14.1476004571776,14.2142778633225,1
547,0,15.75,36,14.2142778633225,14.2969128811364,1
547,0,15.75,36,14.2969128811364,14.4559728649084,1
547,0,15.75,36,14.4559728649084,15.4338008739246,1
547,0,15.75,36,15.4338008739246,15.75,0
548,0,19.75,66,0,1.16121683628661,1
548,0,19.75,66,1.16121683628661,1.83634608344915,1
548,0,19.75,66,1.83634608344915,2.90993164072985,1
548,0,19.75,66,2.90993164072985,3.01431298394094,1
548,0,19.75,66,3.01431298394094,4.36398032039927,1
548,0,19.75,66,4.36398032039927,4.91960181716057,1
548,0,19.75,66,4.91960181716057,4.93480483457708,1
548,0,19.75,66,4.93480483457708,5.16049778261922,1
548,0,19.75,66,5.16049778261922,5.67612660986249,1
548,0,19.75,66,5.67612660986249,5.87671271534477,1
548,0,19.75,66,5.87671271534477,7.93241800448902,1
548,0,19.75,66,7.93241800448902,9.31067160019629,1
548,0,19.75,66,9.31067160019629,9.33736139518876,1
548,0,19.75,66,9.33736139518876,9.87978038296426,1
548,0,19.75,66,9.87978038296426,9.88034704573564,1
548,0,19.75,66,9.88034704573564,10.1653108764699,1
548,0,19.75,66,10.1653108764699,10.6776308462152,1
548,0,19.75,66,10.6776308462152,10.8135393347905,1
548,0,19.75,66,10.8135393347905,10.9786327086406,1
548,0,19.75,66,10.9786327086406,11.0037109067087,1
548,0,19.75,66,11.0037109067087,11.1375173792186,1
548,0,19.75,66,11.1375173792186,11.6614763809516,1
548,0,19.75,66,11.6614763809516,11.6960614610191,1
548,0,19.75,66,11.6960614610191,11.9547505088558,1
548,0,19.75,66,11.9547505088558,12.0104480985083,1
548,0,19.75,66,12.0104480985083,12.2112793811564,1
548,0,19.75,66,12.2112793811564,12.5795283015674,1
548,0,19.75,66,12.5795283015674,12.6370804066638,1
548,0,19.75,66,12.6370804066638,12.8439154362641,1
548,0,19.75,66,12.8439154362641,12.9213117263337,1
548,0,19.75,66,12.9213117263337,13.326890128241,1
548,0,19.75,66,13.326890128241,13.4001165734567,1
548,0,19.75,66,13.4001165734567,13.450378411397,1
548,0,19.75,66,13.450378411397,13.4999874350633,1
548,0,19.75,66,13.4999874350633,13.5824493878536,1
548,0,19.75,66,13.5824493878536,13.6835225079485,1
548,0,19.75,66,13.6835225079485,13.7393909918722,1
548,0,19.75,66,13.7393909918722,13.977798147584,1
548,0,19.75,66,13.977798147584,14.4484838059567,1
548,0,19.75,66,14.4484838059567,14.9913993089133,1
548,0,19.75,66,14.9913993089133,15.2112387572668,1
548,0,19.75,66,15.2112387572668,15.4311136381576,1
548,0,19.75,66,15.4311136381576,15.5032844917974,1
548,0,19.75,66,15.5032844917974,15.5478075855285,1
548,0,19.75,66,15.5478075855285,15.641105524996,1
548,0,19.75,66,15.641105524996,15.688607500233,1
548,0,19.75,66,15.688607500233,15.8206790613555,1
548,0,19.75,66,15.8206790613555,15.8802581510896,1
548,0,19.75,66,15.8802581510896,15.9827272555101,1
548,0,19.75,66,15.9827272555101,16.2238930781227,1
548,0,19.75,66,16.2238930781227,16.4420791193388,1
548,0,19.75,66,16.4420791193388,16.4480222189948,1
548,0,19.75,66,16.4480222189948,16.5007135673513,1
548,0,19.75,66,16.5007135673513,16.6837779743426,1
548,0,19.75,66,16.6837779743426,16.8108684625044,1
548,0,19.75,66,16.8108684625044,17.0216764592321,1
548,0,19.75,66,17.0216764592321,17.2694297321121,1
548,0,19.75,66,17.2694297321121,17.5271373050884,1
548,0,19.75,66,17.5271373050884,18.3858296358558,1
548,0,19.75,66,18.3858296358558,18.6790670395261,1
548,0,19.75,66,18.6790670395261,18.7291011957466,1
548,0,19.75,66,18.7291011957466,18.7849715371199,1
548,0,19.75,66,18.7849715371199,18.8538804724641,1
548,0,19.75,66,18.8538804724641,18.9857116677734,1
548,0,19.75,66,18.9857116677734,19.6438758636319,1
548,0,19.75,66,19.6438758636319,19.6469759398372,1
548,0,19.75,66,19.6469759398372,19.75,0
549,0,15.75,1,0,13.3362832212161,1
549,0,15.75,1,13.3362832212161,15.75,0
550,0,12.75,39,0,1.58606000583103,1
550,0,12.75,39,1.58606000583103,1.71961918846948,1
550,0,12.75,39,1.71961918846948,2.31668426739721,1
550,0,12.75,39,2.31668426739721,2.8288135766592,1
550,0,12.75,39,2.8288135766592,4.93219336177455,1
550,0,12.75,39,4.93219336177455,5.1341744347707,1
550,0,12.75,39,5.1341744347707,5.30566052067662,1
550,0,12.75,39,5.30566052067662,5.78019374818179,1
550,0,12.75,39,5.78019374818179,6.27592052576172,1
550,0,12.75,39,6.27592052576172,6.89302923442333,1
550,0,12.75,39,6.89302923442333,6.93239404727776,1
550,0,12.75,39,6.93239404727776,7.22848701620003,1
550,0,12.75,39,7.22848701620003,7.38534515630489,1
550,0,12.75,39,7.38534515630489,7.67195678311738,1
550,0,12.75,39,7.67195678311738,7.67630492054303,1
550,0,12.75,39,7.67630492054303,8.36079070512693,1
550,0,12.75,39,8.36079070512693,8.78889956412324,1
550,0,12.75,39,8.78889956412324,9.06389800195073,1
550,0,12.75,39,9.06389800195073,9.07419925671511,1
550,0,12.75,39,9.07419925671511,9.10478538005632,1
550,0,12.75,39,9.10478538005632,9.16237128416992,1
550,0,12.75,39,9.16237128416992,9.31960707979639,1
550,0,12.75,39,9.31960707979639,9.39206817910944,1
550,0,12.75,39,9.39206817910944,9.44026776766932,1
550,0,12.75,39,9.44026776766932,10.1062060326754,1
550,0,12.75,39,10.1062060326754,10.1663807616338,1
550,0,12.75,39,10.1663807616338,10.3224338106942,1
550,0,12.75,39,10.3224338106942,10.5901029216065,1
550,0,12.75,39,10.5901029216065,10.9528256098889,1
550,0,12.75,39,10.9528256098889,11.0448008743861,1
550,0,12.75,39,11.0448008743861,11.0677025367291,1
550,0,12.75,39,11.0677025367291,11.3276593951238,1
550,0,12.75,39,11.3276593951238,12.0095669524045,1
550,0,12.75,39,12.0095669524045,12.1502203954658,1
550,0,12.75,39,12.1502203954658,12.3286602987222,1
550,0,12.75,39,12.3286602987222,12.3388120700506,1
550,0,12.75,39,12.3388120700506,12.39272014192,1
550,0,12.75,39,12.39272014192,12.6431228565251,1
550,0,12.75,39,12.6431228565251,12.7133653340901,1
550,0,12.75,39,12.7133653340901,12.75,0
551,0,17.75,60,0,4.6916987089723,1
551,0,17.75,60,4.6916987089723,4.75632035674404,1
551,0,17.75,60,4.75632035674404,5.04810083211631,1
551,0,17.75,60,5.04810083211631,5.78516951463756,1
551,0,17.75,60,5.78516951463756,6.22037771732066,1
551,0,17.75,60,6.22037771732066,6.28747146114845,1
551,0,17.75,60,6.28747146114845,7.93168963623455,1
551,0,17.75,60,7.93168963623455,7.93461735270758,1
551,0,17.75,60,7.93461735270758,8.49829760103072,1
551,0,17.75,60,8.49829760103072,8.56174329428425,1
551,0,17.75,60,8.56174329428425,8.81226208462681,1
551,0,17.75,60,8.81226208462681,9.42443545802344,1
551,0,17.75,60,9.42443545802344,9.48593087635066,1
551,0,17.75,60,9.48593087635066,9.53660790621219,1
551,0,17.75,60,9.53660790621219,9.73270651792867,1
551,0,17.75,60,9.73270651792867,9.96283240710961,1
551,0,17.75,60,9.96283240710961,10.4496135033019,1
551,0,17.75,60,10.4496135033019,10.4635824574538,1
551,0,17.75,60,10.4635824574538,11.1679025025661,1
551,0,17.75,60,11.1679025025661,11.1868533414582,1
551,0,17.75,60,11.1868533414582,11.4041892951978,1
551,0,17.75,60,11.4041892951978,11.4975863212491,1
551,0,17.75,60,11.4975863212491,11.5514802072739,1
551,0,17.75,60,11.5514802072739,11.6474776273512,1
551,0,17.75,60,11.6474776273512,11.7232730733368,1
551,0,17.75,60,11.7232730733368,12.4133847811083,1
551,0,17.75,60,12.4133847811083,12.6278375522672,1
551,0,17.75,60,12.6278375522672,12.8108874388818,1
551,0,17.75,60,12.8108874388818,13.092052057417,1
551,0,17.75,60,13.092052057417,13.2613659036679,1
551,0,17.75,60,13.2613659036679,13.6412390164898,1
551,0,17.75,60,13.6412390164898,13.9197426115146,1
551,0,17.75,60,13.9197426115146,14.0257851997901,1
551,0,17.75,60,14.0257851997901,14.2167069152423,1
551,0,17.75,60,14.2167069152423,14.3566112713276,1
551,0,17.75,60,14.3566112713276,14.4281287634927,1
551,0,17.75,60,14.4281287634927,14.4638121240596,1
551,0,17.75,60,14.4638121240596,14.6621048151509,1
551,0,17.75,60,14.6621048151509,14.7250641742752,1
551,0,17.75,60,14.7250641742752,14.8411312576811,1
551,0,17.75,60,14.8411312576811,15.0435524434432,1
551,0,17.75,60,15.0435524434432,15.0735291794528,1
551,0,17.75,60,15.0735291794528,15.1675868987051,1
551,0,17.75,60,15.1675868987051,15.3816877879407,1
551,0,17.75,60,15.3816877879407,15.6078067066201,1
551,0,17.75,60,15.6078067066201,15.7595193284289,1
551,0,17.75,60,15.7595193284289,16.2580277259137,1
551,0,17.75,60,16.2580277259137,16.3042866121025,1
551,0,17.75,60,16.3042866121025,16.317969052289,1
551,0,17.75,60,16.317969052289,16.3198657000414,1
551,0,17.75,60,16.3198657000414,16.4057433566466,1
551,0,17.75,60,16.4057433566466,16.8086648236176,1
551,0,17.75,60,16.8086648236176,16.8224534392619,1
551,0,17.75,60,16.8224534392619,16.9458678633566,1
551,0,17.75,60,16.9458678633566,16.9894466183495,1
551,0,17.75,60,16.9894466183495,17.0001303392399,1
551,0,17.75,60,17.0001303392399,17.1114566748556,1
551,0,17.75,60,17.1114566748556,17.517364253326,1
551,0,17.75,60,17.517364253326,17.53774635992,1
551,0,17.75,60,17.53774635992,17.5815453829517,1
551,0,17.75,60,17.5815453829517,17.75,0
552,0,7.75,0,0,7.75,0
553,0,12.75,0,0,12.75,0
554,0,16.75,1,0,2.63257433854285,1
554,0,16.75,1,2.63257433854285,16.75,0
555,0,13.75,16,0,3.47051982018463,1
555,0,13.75,16,3.47051982018463,5.35842740273549,1
555,0,13.75,16,5.35842740273549,7.08641675135945,1
555,0,13.75,16,7.08641675135945,8.66617129088832,1
555,0,13.75,16,8.66617129088832,8.92283251233981,1
555,0,13.75,16,8.92283251233981,10.5306883639575,1
555,0,13.75,16,10.5306883639575,10.6395753078128,1
555,0,13.75,16,10.6395753078128,11.4025763440769,1
555,0,13.75,16,11.4025763440769,11.7078086525811,1
555,0,13.75,16,11.7078086525811,12.1050479519465,1
555,0,13.75,16,12.1050479519465,12.210677848179,1
555,0,13.75,16,12.210677848179,12.6233261916875,1
555,0,13.75,16,12.6233261916875,13.2397914350796,1
555,0,13.75,16,13.2397914350796,13.5535099230483,1
555,0,13.75,16,13.5535099230483,13.5616178586563,1
555,0,13.75,16,13.5616178586563,13.5666315115726,1
555,0,13.75,16,13.5666315115726,13.75,0
556,0,17.75,1,0,12.631466591196,1
556,0,17.75,1,12.631466591196,17.75,0
557,0,15.75,42,0,1.88689680480413,1
557,0,15.75,42,1.88689680480413,2.1898728930463,1
557,0,15.75,42,2.1898728930463,3.08516712177367,1
557,0,15.75,42,3.08516712177367,4.58991764456792,1
557,0,15.75,42,4.58991764456792,6.45239606807163,1
557,0,15.75,42,6.45239606807163,7.02560351560681,1
557,0,15.75,42,7.02560351560681,7.77963656622365,1
557,0,15.75,42,7.77963656622365,8.6944577569288,1
557,0,15.75,42,8.6944577569288,9.4004462739663,1
557,0,15.75,42,9.4004462739663,9.5469184962291,1
557,0,15.75,42,9.5469184962291,9.55592359828842,1
557,0,15.75,42,9.55592359828842,9.70686383881866,1
557,0,15.75,42,9.70686383881866,9.74617972246543,1
557,0,15.75,42,9.74617972246543,10.3921640041732,1
557,0,15.75,42,10.3921640041732,10.5770980246436,1
557,0,15.75,42,10.5770980246436,10.734687224114,1
557,0,15.75,42,10.734687224114,11.1777460695281,1
557,0,15.75,42,11.1777460695281,11.2485675547915,1
557,0,15.75,42,11.2485675547915,11.3712027773356,1
557,0,15.75,42,11.3712027773356,12.1685777119825,1
557,0,15.75,42,12.1685777119825,12.2441166804651,1
557,0,15.75,42,12.2441166804651,12.2839013826636,1
557,0,15.75,42,12.2839013826636,12.508336382689,1
557,0,15.75,42,12.508336382689,13.0672307529643,1
557,0,15.75,42,13.0672307529643,13.1441364847704,1
557,0,15.75,42,13.1441364847704,13.2839919463083,1
557,0,15.75,42,13.2839919463083,13.2853987658399,1
557,0,15.75,42,13.2853987658399,13.3610997002709,1
557,0,15.75,42,13.3610997002709,13.3825064012577,1
557,0,15.75,42,13.3825064012577,13.6519822938409,1
557,0,15.75,42,13.6519822938409,13.6538611637524,1
557,0,15.75,42,13.6538611637524,14.053523366525,1
557,0,15.75,42,14.053523366525,14.1378468551261,1
557,0,15.75,42,14.1378468551261,14.2780851416841,1
557,0,15.75,42,14.2780851416841,14.310266437607,1
557,0,15.75,42,14.310266437607,14.7471157619438,1
557,0,15.75,42,14.7471157619438,14.8790313110508,1
557,0,15.75,42,14.8790313110508,15.2890376342139,1
557,0,15.75,42,15.2890376342139,15.2974921015205,1
557,0,15.75,42,15.2974921015205,15.3828402894476,1
557,0,15.75,42,15.3828402894476,15.3877864382164,1
557,0,15.75,42,15.3877864382164,15.4372797788525,1
557,0,15.75,42,15.4372797788525,15.75,0
558,0,12.75,0,0,12.75,0
559,0,8.75,9,0,3.97819067153475,1
559,0,8.75,9,3.97819067153475,4.74688979025409,1
559,0,8.75,9,4.74688979025409,5.04605805964453,1
559,0,8.75,9,5.04605805964453,5.10868329796713,1
559,0,8.75,9,5.10868329796713,5.49490471722178,1
559,0,8.75,9,5.49490471722178,7.2125822375605,1
559,0,8.75,9,7.2125822375605,7.42222381601635,1
559,0,8.75,9,7.42222381601635,7.88815853501791,1
559,0,8.75,9,7.88815853501791,8.71476356602127,1
559,0,8.75,9,8.71476356602127,8.75,0
560,0,9.75,2,0,2.87500166344917,1
560,0,9.75,2,2.87500166344917,9.56791480055019,1
560,0,9.75,2,9.56791480055019,9.75,0
561,0,18.75,35,0,4.79982998010091,1
561,0,18.75,35,4.79982998010091,5.83475645489511,1
561,0,18.75,35,5.83475645489511,7.78738445116096,1
561,0,18.75,35,7.78738445116096,8.20601060803854,1
561,0,18.75,35,8.20601060803854,8.68177878164585,1
561,0,18.75,35,8.68177878164585,8.74684700686165,1
561,0,18.75,35,8.74684700686165,9.95756560210239,1
561,0,18.75,35,9.95756560210239,9.96161992199959,1
561,0,18.75,35,9.96161992199959,10.0648612394832,1
561,0,18.75,35,10.0648612394832,10.8739045390329,1
561,0,18.75,35,10.8739045390329,11.4747831462023,1
561,0,18.75,35,11.4747831462023,11.6048249404164,1
561,0,18.75,35,11.6048249404164,12.1355401190521,1
561,0,18.75,35,12.1355401190521,12.8343378439101,1
561,0,18.75,35,12.8343378439101,12.9587717406933,1
561,0,18.75,35,12.9587717406933,13.5847624268179,1
561,0,18.75,35,13.5847624268179,13.6373872694839,1
561,0,18.75,35,13.6373872694839,14.0731401029073,1
561,0,18.75,35,14.0731401029073,14.0890970205583,1
561,0,18.75,35,14.0890970205583,14.2192287792676,1
561,0,18.75,35,14.2192287792676,14.5588622159863,1
561,0,18.75,35,14.5588622159863,15.0011724244304,1
561,0,18.75,35,15.0011724244304,15.2870728684574,1
561,0,18.75,35,15.2870728684574,15.7165143990777,1
561,0,18.75,35,15.7165143990777,15.9491119297912,1
561,0,18.75,35,15.9491119297912,16.1318639809,1
561,0,18.75,35,16.1318639809,16.2732803991432,1
561,0,18.75,35,16.2732803991432,16.3707799789891,1
561,0,18.75,35,16.3707799789891,16.8378084345871,1
561,0,18.75,35,16.8378084345871,16.9559203128418,1
561,0,18.75,35,16.9559203128418,17.1029043312477,1
561,0,18.75,35,17.1029043312477,17.1714919132055,1
561,0,18.75,35,17.1714919132055,17.6706770716945,1
561,0,18.75,35,17.6706770716945,18.3471217306937,1
561,0,18.75,35,18.3471217306937,18.7027167681272,1
561,0,18.75,35,18.7027167681272,18.75,0
562,0,15.75,32,0,5.3142276661279,1
562,0,15.75,32,5.3142276661279,7.4930152624925,1
562,0,15.75,32,7.4930152624925,8.23621224504036,1
562,0,15.75,32,8.23621224504036,8.37773785176054,1
562,0,15.75,32,8.37773785176054,8.46141174431807,1
562,0,15.75,32,8.46141174431807,8.61198404012793,1
562,0,15.75,32,8.61198404012793,9.18704959168742,1
562,0,15.75,32,9.18704959168742,9.56677378405664,1
562,0,15.75,32,9.56677378405664,9.77021928799157,1
562,0,15.75,32,9.77021928799157,10.6081792560815,1
562,0,15.75,32,10.6081792560815,11.4929854173834,1
562,0,15.75,32,11.4929854173834,11.937806736246,1
562,0,15.75,32,11.937806736246,12.3062240635536,1
562,0,15.75,32,12.3062240635536,12.6221001536672,1
562,0,15.75,32,12.6221001536672,12.6812357846302,1
562,0,15.75,32,12.6812357846302,12.6949611545198,1
562,0,15.75,32,12.6949611545198,13.1579042221129,1
562,0,15.75,32,13.1579042221129,13.4690702515389,1
562,0,15.75,32,13.4690702515389,13.6945231258433,1
562,0,15.75,32,13.6945231258433,13.7630517869315,1
562,0,15.75,32,13.7630517869315,13.8038199309958,1
562,0,15.75,32,13.8038199309958,14.0225684453087,1
562,0,15.75,32,14.0225684453087,14.5163657630279,1
562,0,15.75,32,14.5163657630279,14.7799040593763,1
562,0,15.75,32,14.7799040593763,14.887802372846,1
562,0,15.75,32,14.887802372846,15.1129256441855,1
562,0,15.75,32,15.1129256441855,15.1893742372458,1
562,0,15.75,32,15.1893742372458,15.2112670017324,1
562,0,15.75,32,15.2112670017324,15.2241350710674,1
562,0,15.75,32,15.2241350710674,15.4110014406155,1
562,0,15.75,32,15.4110014406155,15.4283747430236,1
562,0,15.75,32,15.4283747430236,15.5972461917892,1
562,0,15.75,32,15.5972461917892,15.75,0
563,0,18.75,1,0,9.25722007647443,1
563,0,18.75,1,9.25722007647443,18.75,0
564,0,15.75,25,0,5.49204237151069,1
564,0,15.75,25,5.49204237151069,6.88006497394819,1
564,0,15.75,25,6.88006497394819,6.9568220205764,1
564,0,15.75,25,6.9568220205764,7.30897556214838,1
564,0,15.75,25,7.30897556214838,9.29628171760036,1
564,0,15.75,25,9.29628171760036,9.72818003447434,1
564,0,15.75,25,9.72818003447434,10.5531113783901,1
564,0,15.75,25,10.5531113783901,10.5829801686473,1
564,0,15.75,25,10.5829801686473,10.8746290428811,1
564,0,15.75,25,10.8746290428811,10.9921234709881,1
564,0,15.75,25,10.9921234709881,11.1594338488173,1
564,0,15.75,25,11.1594338488173,11.2843549154889,1
564,0,15.75,25,11.2843549154889,12.1085085765164,1
564,0,15.75,25,12.1085085765164,12.5386671245695,1
564,0,15.75,25,12.5386671245695,12.9064301703104,1
564,0,15.75,25,12.9064301703104,13.3511577420619,1
564,0,15.75,25,13.3511577420619,13.5917995880597,1
564,0,15.75,25,13.5917995880597,13.9069311833061,1
564,0,15.75,25,13.9069311833061,14.0051242608036,1
564,0,15.75,25,14.0051242608036,14.5811957779853,1
564,0,15.75,25,14.5811957779853,14.5855393369139,1
564,0,15.75,25,14.5855393369139,14.7058939260685,1
564,0,15.75,25,14.7058939260685,15.2670833346045,1
564,0,15.75,25,15.2670833346045,15.4450395408618,1
564,0,15.75,25,15.4450395408618,15.5159559423261,1
564,0,15.75,25,15.5159559423261,15.75,0
565,0,15.75,44,0,3.39244605678002,1
565,0,15.75,44,3.39244605678002,4.89572732449855,1
565,0,15.75,44,4.89572732449855,5.11139545379688,1
565,0,15.75,44,5.11139545379688,5.18381474555608,1
565,0,15.75,44,5.18381474555608,6.26533637871343,1
565,0,15.75,44,6.26533637871343,6.85400330894974,1
565,0,15.75,44,6.85400330894974,7.14727082137477,1
565,0,15.75,44,7.14727082137477,7.24009813377888,1
565,0,15.75,44,7.24009813377888,8.05243454468991,1
565,0,15.75,44,8.05243454468991,8.18176296101165,1
565,0,15.75,44,8.18176296101165,8.36185029797691,1
565,0,15.75,44,8.36185029797691,9.46778167529367,1
565,0,15.75,44,9.46778167529367,9.7036029595954,1
565,0,15.75,44,9.7036029595954,9.95791585744868,1
565,0,15.75,44,9.95791585744868,10.0222064034788,1
565,0,15.75,44,10.0222064034788,10.1949454176289,1
565,0,15.75,44,10.1949454176289,10.4115311153662,1
565,0,15.75,44,10.4115311153662,10.4744993803244,1
565,0,15.75,44,10.4744993803244,10.5193823472456,1
565,0,15.75,44,10.5193823472456,10.8663532840874,1
565,0,15.75,44,10.8663532840874,11.0157700362841,1
565,0,15.75,44,11.0157700362841,11.1274289377827,1
565,0,15.75,44,11.1274289377827,11.2793049167129,1
565,0,15.75,44,11.2793049167129,11.2815743679815,1
565,0,15.75,44,11.2815743679815,11.5809479984255,1
565,0,15.75,44,11.5809479984255,11.9318204678883,1
565,0,15.75,44,11.9318204678883,11.9926568352077,1
565,0,15.75,44,11.9926568352077,12.034897392022,1
565,0,15.75,44,12.034897392022,12.1916891437313,1
565,0,15.75,44,12.1916891437313,12.3688661343027,1
565,0,15.75,44,12.3688661343027,12.4753454175064,1
565,0,15.75,44,12.4753454175064,12.5556739419303,1
565,0,15.75,44,12.5556739419303,13.1565622308889,1
565,0,15.75,44,13.1565622308889,13.270328780905,1
565,0,15.75,44,13.270328780905,13.3619214139754,1
565,0,15.75,44,13.3619214139754,13.479698159721,1
565,0,15.75,44,13.479698159721,13.9409511471579,1
565,0,15.75,44,13.9409511471579,14.2039024307039,1
565,0,15.75,44,14.2039024307039,14.3819233381006,1
565,0,15.75,44,14.3819233381006,14.7604820392526,1
565,0,15.75,44,14.7604820392526,14.7922791237591,1
565,0,15.75,44,14.7922791237591,14.9930847997049,1
565,0,15.75,44,14.9930847997049,15.0647499677758,1
565,0,15.75,44,15.0647499677758,15.3571309845272,1
565,0,15.75,44,15.3571309845272,15.75,0
566,0,15.75,47,0,3.27450573048082,1
566,0,15.75,47,3.27450573048082,4.28189971819943,1
566,0,15.75,47,4.28189971819943,4.30776897670556,1
566,0,15.75,47,4.30776897670556,4.45475479282218,1
566,0,15.75,47,4.45475479282218,4.4847813732676,1
566,0,15.75,47,4.4847813732676,6.8478829789884,1
566,0,15.75,47,6.8478829789884,7.19500877362424,1
566,0,15.75,47,7.19500877362424,8.06871899475053,1
566,0,15.75,47,8.06871899475053,8.30855049711426,1
566,0,15.75,47,8.30855049711426,8.53579492588039,1
566,0,15.75,47,8.53579492588039,9.38996035504752,1
566,0,15.75,47,9.38996035504752,10.0351497983108,1
566,0,15.75,47,10.0351497983108,10.223437087363,1
566,0,15.75,47,10.223437087363,10.4201834404028,1
566,0,15.75,47,10.4201834404028,10.9291196728955,1
566,0,15.75,47,10.9291196728955,11.0376273486547,1
566,0,15.75,47,11.0376273486547,11.1259724785212,1
566,0,15.75,47,11.1259724785212,11.2423271093756,1
566,0,15.75,47,11.2423271093756,11.4700760294925,1
566,0,15.75,47,11.4700760294925,11.5359982397191,1
566,0,15.75,47,11.5359982397191,11.7948030409588,1
566,0,15.75,47,11.7948030409588,12.1052913621252,1
566,0,15.75,47,12.1052913621252,12.4462741516673,1
566,0,15.75,47,12.4462741516673,12.5006683167836,1
566,0,15.75,47,12.5006683167836,12.8737736563898,1
566,0,15.75,47,12.8737736563898,12.9446353723157,1
566,0,15.75,47,12.9446353723157,12.9620858906286,1
566,0,15.75,47,12.9620858906286,12.9980126952246,1
566,0,15.75,47,12.9980126952246,13.0210341834718,1
566,0,15.75,47,13.0210341834718,13.0644969804535,1
566,0,15.75,47,13.0644969804535,13.1248202384614,1
566,0,15.75,47,13.1248202384614,13.1387094660345,1
566,0,15.75,47,13.1387094660345,13.1491075031573,1
566,0,15.75,47,13.1491075031573,13.2856744880776,1
566,0,15.75,47,13.2856744880776,13.2856805202221,1
566,0,15.75,47,13.2856805202221,13.4863049959059,1
566,0,15.75,47,13.4863049959059,13.9396056630975,1
566,0,15.75,47,13.9396056630975,13.9415351364105,1
566,0,15.75,47,13.9415351364105,14.2056669769806,1
566,0,15.75,47,14.2056669769806,14.7739177087624,1
566,0,15.75,47,14.7739177087624,14.8297994889737,1
566,0,15.75,47,14.8297994889737,14.9670582005312,1
566,0,15.75,47,14.9670582005312,15.0381659543767,1
566,0,15.75,47,15.0381659543767,15.1305666399781,1
566,0,15.75,47,15.1305666399781,15.2153769819167,1
566,0,15.75,47,15.2153769819167,15.2466335763361,1
566,0,15.75,47,15.2466335763361,15.3417975235992,1
566,0,15.75,47,15.3417975235992,15.75,0
567,0,15.75,21,0,6.13408885636814,1
567,0,15.75,21,6.13408885636814,7.57324543834775,1
567,0,15.75,21,7.57324543834775,8.80551328082595,1
567,0,15.75,21,8.80551328082595,8.85925978359456,1
567,0,15.75,21,8.85925978359456,9.17852597259286,1
567,0,15.75,21,9.17852597259286,9.7054435235614,1
567,0,15.75,21,9.7054435235614,10.016664499675,1
567,0,15.75,21,10.016664499675,10.0794574259053,1
567,0,15.75,21,10.0794574259053,10.6202099304132,1
567,0,15.75,21,10.6202099304132,11.3666267261745,1
567,0,15.75,21,11.3666267261745,11.7263700358807,1
567,0,15.75,21,11.7263700358807,11.7405807150867,1
567,0,15.75,21,11.7405807150867,11.8825730542095,1
567,0,15.75,21,11.8825730542095,12.2859239139217,1
567,0,15.75,21,12.2859239139217,13.4952120503467,1
567,0,15.75,21,13.4952120503467,13.9648025240065,1
567,0,15.75,21,13.9648025240065,14.6471717566533,1
567,0,15.75,21,14.6471717566533,14.9814537020103,1
567,0,15.75,21,14.9814537020103,15.2067979435101,1
567,0,15.75,21,15.2067979435101,15.3557740524641,1
567,0,15.75,21,15.3557740524641,15.6799227994088,1
567,0,15.75,21,15.6799227994088,15.75,0
568,0,12.75,18,0,4.50765036486474,1
568,0,12.75,18,4.50765036486474,4.85070374320498,1
568,0,12.75,18,4.85070374320498,5.02913562271333,1
568,0,12.75,18,5.02913562271333,5.99721672751971,1
568,0,12.75,18,5.99721672751971,6.85848072182241,1
568,0,12.75,18,6.85848072182241,7.17961521755622,1
568,0,12.75,18,7.17961521755622,10.6088879296863,1
568,0,12.75,18,10.6088879296863,10.6575651172387,1
568,0,12.75,18,10.6575651172387,11.4243374886775,1
568,0,12.75,18,11.4243374886775,11.4464794756293,1
568,0,12.75,18,11.4464794756293,11.497988459098,1
568,0,12.75,18,11.497988459098,11.5550872101983,1
568,0,12.75,18,11.5550872101983,11.6627647194058,1
568,0,12.75,18,11.6627647194058,11.7175742939054,1
568,0,12.75,18,11.7175742939054,12.1824782271327,1
568,0,12.75,18,12.1824782271327,12.2468578124466,1
568,0,12.75,18,12.2468578124466,12.4458496551453,1
568,0,12.75,18,12.4458496551453,12.6108888031291,1
568,0,12.75,18,12.6108888031291,12.75,0
569,0,15.75,17,0,6.4799243801702,1
569,0,15.75,17,6.4799243801702,7.37769445094949,1
569,0,15.75,17,7.37769445094949,7.40026658167423,1
569,0,15.75,17,7.40026658167423,8.50752005382761,1
569,0,15.75,17,8.50752005382761,9.06854790319931,1
569,0,15.75,17,9.06854790319931,10.0937754073999,1
569,0,15.75,17,10.0937754073999,10.4788311350785,1
569,0,15.75,17,10.4788311350785,10.5682458797896,1
569,0,15.75,17,10.5682458797896,10.8531688377734,1
569,0,15.75,17,10.8531688377734,10.8985994208258,1
569,0,15.75,17,10.8985994208258,11.0514434414639,1
569,0,15.75,17,11.0514434414639,11.5943208031027,1
569,0,15.75,17,11.5943208031027,12.4257182394403,1
569,0,15.75,17,12.4257182394403,12.4652628302282,1
569,0,15.75,17,12.4652628302282,13.2493384796581,1
569,0,15.75,17,13.2493384796581,14.2845281434461,1
569,0,15.75,17,14.2845281434461,14.5736640543765,1
569,0,15.75,17,14.5736640543765,15.75,0
570,0,14.75,0,0,14.75,0
571,0,11.75,15,0,3.0005102816037,1
571,0,11.75,15,3.0005102816037,3.02810943835168,1
571,0,11.75,15,3.02810943835168,5.34215436321524,1
571,0,11.75,15,5.34215436321524,5.44036327558687,1
571,0,11.75,15,5.44036327558687,6.01465866773415,1
571,0,11.75,15,6.01465866773415,7.43028077099882,1
571,0,11.75,15,7.43028077099882,8.09742095930013,1
571,0,11.75,15,8.09742095930013,8.46668220095122,1
571,0,11.75,15,8.46668220095122,9.70181805162934,1
571,0,11.75,15,9.70181805162934,9.80083252869555,1
571,0,11.75,15,9.80083252869555,9.92669693090838,1
571,0,11.75,15,9.92669693090838,10.1233912868617,1
571,0,11.75,15,10.1233912868617,10.3109142224993,1
571,0,11.75,15,10.3109142224993,10.3926076872846,1
571,0,11.75,15,10.3926076872846,10.6240825312554,1
571,0,11.75,15,10.6240825312554,11.75,0
572,0,17.75,0,0,17.75,0
573,0,10.75,1,0,1.65890836563791,1
573,0,10.75,1,1.65890836563791,10.75,0
574,0,8.75,1,0,7.00912854348581,1
574,0,8.75,1,7.00912854348581,8.75,0
575,0,9.75,2,0,0.706699181427925,1
575,0,9.75,2,0.706699181427925,4.19956041233589,1
575,0,9.75,2,4.19956041233589,9.75,0
576,0,19.75,63,0,4.20929781829687,1
576,0,19.75,63,4.20929781829687,4.74929606738206,1
576,0,19.75,63,4.74929606738206,4.88116943016544,1
576,0,19.75,63,4.88116943016544,5.80125813571662,1
576,0,19.75,63,5.80125813571662,7.1394416315879,1
576,0,19.75,63,7.1394416315879,7.21988904190435,1
576,0,19.75,63,7.21988904190435,7.47894207517552,1
576,0,19.75,63,7.47894207517552,7.93392842420544,1
576,0,19.75,63,7.93392842420544,8.32602886632484,1
576,0,19.75,63,8.32602886632484,9.36392825125997,1
576,0,19.75,63,9.36392825125997,9.75089448582449,1
576,0,19.75,63,9.75089448582449,11.1154977201836,1
576,0,19.75,63,11.1154977201836,11.5606677170862,1
576,0,19.75,63,11.5606677170862,11.7560643466323,1
576,0,19.75,63,11.7560643466323,12.0559893309334,1
576,0,19.75,63,12.0559893309334,12.2307542044092,1
576,0,19.75,63,12.2307542044092,12.8858601014609,1
576,0,19.75,63,12.8858601014609,13.0342678196961,1
576,0,19.75,63,13.0342678196961,13.2767731452247,1
576,0,19.75,63,13.2767731452247,13.562550517635,1
576,0,19.75,63,13.562550517635,13.582757175393,1
576,0,19.75,63,13.582757175393,13.987385270872,1
576,0,19.75,63,13.987385270872,14.1525706747704,1
576,0,19.75,63,14.1525706747704,14.1653641980453,1
576,0,19.75,63,14.1653641980453,14.2059283884482,1
576,0,19.75,63,14.2059283884482,14.3991159468225,1
576,0,19.75,63,14.3991159468225,14.5537119055197,1
576,0,19.75,63,14.5537119055197,14.5654229310878,1
576,0,19.75,63,14.5654229310878,15.1993269878472,1
576,0,19.75,63,15.1993269878472,15.2378559929203,1
576,0,19.75,63,15.2378559929203,15.2670019455997,1
576,0,19.75,63,15.2670019455997,15.5170290094498,1
576,0,19.75,63,15.5170290094498,15.7376071783845,1
576,0,19.75,63,15.7376071783845,16.091949536061,1
576,0,19.75,63,16.091949536061,16.3481367952511,1
576,0,19.75,63,16.3481367952511,16.4448527020886,1
576,0,19.75,63,16.4448527020886,16.5399517967719,1
576,0,19.75,63,16.5399517967719,16.574543902045,1
576,0,19.75,63,16.574543902045,16.9469121059469,1
576,0,19.75,63,16.9469121059469,16.9856861812314,1
576,0,19.75,63,16.9856861812314,17.1169974063339,1
576,0,19.75,63,17.1169974063339,17.1681414674821,1
576,0,19.75,63,17.1681414674821,17.2021817021801,1
576,0,19.75,63,17.2021817021801,17.2643234004635,1
576,0,19.75,63,17.2643234004635,17.6692126271048,1
576,0,19.75,63,17.6692126271048,17.6930661921046,1
576,0,19.75,63,17.6930661921046,17.8874384841618,1
576,0,19.75,63,17.8874384841618,17.9568957313906,1
576,0,19.75,63,17.9568957313906,17.9609859573554,1
576,0,19.75,63,17.9609859573554,18.0743653829634,1
576,0,19.75,63,18.0743653829634,18.1241122934593,1
576,0,19.75,63,18.1241122934593,18.1578592436748,1
576,0,19.75,63,18.1578592436748,18.1637111174352,1
576,0,19.75,63,18.1637111174352,18.1879490517595,1
576,0,19.75,63,18.1879490517595,18.3353179791791,1
576,0,19.75,63,18.3353179791791,18.3606974794938,1
576,0,19.75,63,18.3606974794938,18.4013014008911,1
576,0,19.75,63,18.4013014008911,18.4118529055759,1
576,0,19.75,63,18.4118529055759,18.5413495368431,1
576,0,19.75,63,18.5413495368431,18.6828214974042,1
576,0,19.75,63,18.6828214974042,18.9465417910487,1
576,0,19.75,63,18.9465417910487,19.1168264211492,1
576,0,19.75,63,19.1168264211492,19.4479238758285,1
576,0,19.75,63,19.4479238758285,19.75,0
577,0,10.75,2,0,0.45686217252693,1
577,0,10.75,2,0.45686217252693,2.24115058797619,1
577,0,10.75,2,2.24115058797619,10.75,0
578,0,13.75,1,0,2.80031990077572,1
578,0,13.75,1,2.80031990077572,13.75,0
579,0,10.75,11,0,5.13734036380426,1
579,0,10.75,11,5.13734036380426,6.08783634970032,1
579,0,10.75,11,6.08783634970032,6.37717334806609,1
579,0,10.75,11,6.37717334806609,7.48172635348946,1
579,0,10.75,11,7.48172635348946,8.08600711788219,1
579,0,10.75,11,8.08600711788219,8.26667369523932,1
579,0,10.75,11,8.26667369523932,9.02102104316625,1
579,0,10.75,11,9.02102104316625,9.03816294652337,1
579,0,10.75,11,9.03816294652337,9.50140539388517,1
579,0,10.75,11,9.50140539388517,9.75664577525977,1
579,0,10.75,11,9.75664577525977,10.6378835619508,1
579,0,10.75,11,10.6378835619508,10.75,0
580,0,9.75,5,0,5.26541752709845,1
580,0,9.75,5,5.26541752709845,5.37357233102547,1
580,0,9.75,5,5.37357233102547,7.90495113034178,1
580,0,9.75,5,7.90495113034178,9.07053429668618,1
580,0,9.75,5,9.07053429668618,9.58049840831998,1
580,0,9.75,5,9.58049840831998,9.75,0
581,0,9.75,3,0,0.0107079272528669,1
581,0,9.75,3,0.0107079272528669,0.496587841287347,1
581,0,9.75,3,0.496587841287347,9.28135418223465,1
581,0,9.75,3,9.28135418223465,9.75,0
582,0,9.75,1,0,0.486016993551761,1
582,0,9.75,1,0.486016993551761,9.75,0
583,0,15.75,1,0,2.97863741745094,1
583,0,15.75,1,2.97863741745094,15.75,0
584,0,12.75,23,0,4.99693853744698,1
584,0,12.75,23,4.99693853744698,5.34156430241522,1
584,0,12.75,23,5.34156430241522,6.53639803014308,1
584,0,12.75,23,6.53639803014308,6.87134707142987,1
584,0,12.75,23,6.87134707142987,7.65083777202508,1
584,0,12.75,23,7.65083777202508,8.12973445036807,1
584,0,12.75,23,8.12973445036807,9.0878662002429,1
584,0,12.75,23,9.0878662002429,9.75564552172986,1
584,0,12.75,23,9.75564552172986,9.91892350300814,1
584,0,12.75,23,9.91892350300814,9.97612113504909,1
584,0,12.75,23,9.97612113504909,10.0821130587851,1
584,0,12.75,23,10.0821130587851,10.2362142249663,1
584,0,12.75,23,10.2362142249663,10.2997984744313,1
584,0,12.75,23,10.2997984744313,10.6878755033429,1
584,0,12.75,23,10.6878755033429,11.3317154195164,1
584,0,12.75,23,11.3317154195164,11.5274495312025,1
584,0,12.75,23,11.5274495312025,11.5645530501211,1
584,0,12.75,23,11.5645530501211,11.6402562668604,1
584,0,12.75,23,11.6402562668604,11.7727235471036,1
584,0,12.75,23,11.7727235471036,11.8602950414944,1
584,0,12.75,23,11.8602950414944,11.9718265605622,1
584,0,12.75,23,11.9718265605622,12.0755885676691,1
584,0,12.75,23,12.0755885676691,12.5513835263896,1
584,0,12.75,23,12.5513835263896,12.75,0
585,0,10.75,0,0,10.75,0
586,0,12.75,0,0,12.75,0
587,0,8.75,2,0,4.66228429440398,1
587,0,8.75,2,4.66228429440398,8.09256262081184,1
587,0,8.75,2,8.09256262081184,8.75,0
588,0,10.75,0,0,10.75,0
589,0,16.75,2,0,1.99140464647791,1
589,0,16.75,2,1.99140464647791,4.64158129685894,1
589,0,16.75,2,4.64158129685894,16.75,0
590,0,11.75,12,0,7.96775759619958,1
590,0,11.75,12,7.96775759619958,8.11029025328304,1
590,0,11.75,12,8.11029025328304,8.82556577654445,1
590,0,11.75,12,8.82556577654445,9.45953355182894,1
590,0,11.75,12,9.45953355182894,9.53161733305007,1
590,0,11.75,12,9.53161733305007,9.59676646936944,1
590,0,11.75,12,9.59676646936944,10.2117861913502,1
590,0,11.75,12,10.2117861913502,10.372155259111,1
590,0,11.75,12,10.372155259111,10.7973123797345,1
590,0,11.75,12,10.7973123797345,11.351367467425,1
590,0,11.75,12,11.351367467425,11.5388189154835,1
590,0,11.75,12,11.5388189154835,11.6251685556448,1
590,0,11.75,12,11.6251685556448,11.75,0
591,0,17.75,36,0,4.54120102252579,1
591,0,17.75,36,4.54120102252579,5.30186840240338,1
591,0,17.75,36,5.30186840240338,5.67039788320648,1
591,0,17.75,36,5.67039788320648,5.85261105409769,1
591,0,17.75,36,5.85261105409769,6.42706375726269,1
591,0,17.75,36,6.42706375726269,7.1550585030196,1
591,0,17.75,36,7.1550585030196,7.24725905400967,1
591,0,17.75,36,7.24725905400967,8.1629666001656,1
591,0,17.75,36,8.1629666001656,8.81983253851943,1
591,0,17.75,36,8.81983253851943,9.12909131259588,1
591,0,17.75,36,9.12909131259588,10.167314762637,1
591,0,17.75,36,10.167314762637,11.02306390808,1
591,0,17.75,36,11.02306390808,11.2007778024592,1
591,0,17.75,36,11.2007778024592,11.5797793044673,1
591,0,17.75,36,11.5797793044673,11.915996765512,1
591,0,17.75,36,11.915996765512,12.1739114153474,1
591,0,17.75,36,12.1739114153474,12.3367431387128,1
591,0,17.75,36,12.3367431387128,12.5384630868584,1
591,0,17.75,36,12.5384630868584,12.8105210627185,1
591,0,17.75,36,12.8105210627185,12.8860426313196,1
591,0,17.75,36,12.8860426313196,13.0623273811896,1
591,0,17.75,36,13.0623273811896,13.2217293295151,1
591,0,17.75,36,13.2217293295151,13.2427240155116,1
591,0,17.75,36,13.2427240155116,13.5056751648116,1
591,0,17.75,36,13.5056751648116,13.5939537093778,1
591,0,17.75,36,13.5939537093778,14.0403718703308,1
591,0,17.75,36,14.0403718703308,14.6328014401701,1
591,0,17.75,36,14.6328014401701,15.0851769984447,1
591,0,17.75,36,15.0851769984447,15.3976211993723,1
591,0,17.75,36,15.3976211993723,15.5717576203867,1
591,0,17.75,36,15.5717576203867,15.791812328294,1
591,0,17.75,36,15.791812328294,16.0813104278208,1
591,0,17.75,36,16.0813104278208,16.2556944214326,1
591,0,17.75,36,16.2556944214326,16.3883419737074,1
591,0,17.75,36,16.3883419737074,17.5276876742416,1
591,0,17.75,36,17.5276876742416,17.7475711636115,1
591,0,17.75,36,17.7475711636115,17.75,0
592,0,20.75,60,0,2.90876792136214,1
592,0,20.75,60,2.90876792136214,4.00226122942819,1
592,0,20.75,60,4.00226122942819,5.247078042339,1
592,0,20.75,60,5.247078042339,5.34143091878069,1
592,0,20.75,60,5.34143091878069,8.69409215663647,1
592,0,20.75,60,8.69409215663647,8.75448723446207,1
592,0,20.75,60,8.75448723446207,9.04564091352206,1
592,0,20.75,60,9.04564091352206,9.36832849236207,1
592,0,20.75,60,9.36832849236207,9.76573975781314,1
592,0,20.75,60,9.76573975781314,10.2282216088086,1
592,0,20.75,60,10.2282216088086,10.8848304949089,1
592,0,20.75,60,10.8848304949089,11.3373312182235,1
592,0,20.75,60,11.3373312182235,11.4842069539239,1
592,0,20.75,60,11.4842069539239,11.82881647258,1
592,0,20.75,60,11.82881647258,12.2325400169553,1
592,0,20.75,60,12.2325400169553,12.4182857303401,1
592,0,20.75,60,12.4182857303401,12.5224195506618,1
592,0,20.75,60,12.5224195506618,12.5365988841648,1
592,0,20.75,60,12.5365988841648,13.0125074332378,1
592,0,20.75,60,13.0125074332378,13.1449552664448,1
592,0,20.75,60,13.1449552664448,13.2188105000749,1
592,0,20.75,60,13.2188105000749,13.3635874697839,1
592,0,20.75,60,13.3635874697839,13.5824508703673,1
592,0,20.75,60,13.5824508703673,13.643353178257,1
592,0,20.75,60,13.643353178257,13.7035028886806,1
592,0,20.75,60,13.7035028886806,13.7525778874041,1
592,0,20.75,60,13.7525778874041,13.9344663334736,1
592,0,20.75,60,13.9344663334736,13.9774648701091,1
592,0,20.75,60,13.9774648701091,14.0747435556741,1
592,0,20.75,60,14.0747435556741,14.3672107613354,1
592,0,20.75,60,14.3672107613354,14.3946191945376,1
592,0,20.75,60,14.3946191945376,14.620625057889,1
592,0,20.75,60,14.620625057889,14.6543873181114,1
592,0,20.75,60,14.6543873181114,14.7427147678426,1
592,0,20.75,60,14.7427147678426,14.9222419433851,1
592,0,20.75,60,14.9222419433851,15.863842827984,1
592,0,20.75,60,15.863842827984,15.9419776261951,1
592,0,20.75,60,15.9419776261951,16.1471402842036,1
592,0,20.75,60,16.1471402842036,16.3442242860232,1
592,0,20.75,60,16.3442242860232,16.523126144785,1
592,0,20.75,60,16.523126144785,16.5905439171259,1
592,0,20.75,60,16.5905439171259,16.6619227296339,1
592,0,20.75,60,16.6619227296339,16.7523288172655,1
592,0,20.75,60,16.7523288172655,16.9445274318159,1
592,0,20.75,60,16.9445274318159,17.0189120745967,1
592,0,20.75,60,17.0189120745967,17.0905644800051,1
592,0,20.75,60,17.0905644800051,17.1951838566498,1
592,0,20.75,60,17.1951838566498,17.3545164951625,1
592,0,20.75,60,17.3545164951625,18.1581805597388,1
592,0,20.75,60,18.1581805597388,18.1868741963089,1
592,0,20.75,60,18.1868741963089,18.5219281321199,1
592,0,20.75,60,18.5219281321199,18.5873949728119,1
592,0,20.75,60,18.5873949728119,18.8320452199892,1
592,0,20.75,60,18.8320452199892,18.9183665349561,1
592,0,20.75,60,18.9183665349561,18.9382464358147,1
592,0,20.75,60,18.9382464358147,18.9606704292642,1
592,0,20.75,60,18.9606704292642,19.4724523483694,1
592,0,20.75,60,19.4724523483694,19.5342304390108,1
592,0,20.75,60,19.5342304390108,19.6846042136991,1
592,0,20.75,60,19.6846042136991,20.1982454226776,1
592,0,20.75,60,20.1982454226776,20.75,0
593,0,7.75,9,0,2.19724583747511,1
593,0,7.75,9,2.19724583747511,2.86856801044313,1
593,0,7.75,9,2.86856801044313,4.4670312697506,1
593,0,7.75,9,4.4670312697506,4.87699748548193,1
593,0,7.75,9,4.87699748548193,5.41591424496327,1
593,0,7.75,9,5.41591424496327,5.99240368900255,1
593,0,7.75,9,5.99240368900255,6.53656683946395,1
593,0,7.75,9,6.53656683946395,6.87781760800745,1
593,0,7.75,9,6.87781760800745,7.74262488096216,1
593,0,7.75,9,7.74262488096216,7.75,0
594,0,10.75,1,0,0.205007114170687,1
594,0,10.75,1,0.205007114170687,10.75,0
595,0,16.75,0,0,16.75,0
596,0,14.75,29,0,4.68514106997662,1
596,0,14.75,29,4.68514106997662,5.62803198188733,1
596,0,14.75,29,5.62803198188733,5.99122458213886,1
596,0,14.75,29,5.99122458213886,7.0038740228827,1
596,0,14.75,29,7.0038740228827,7.25170914333443,1
596,0,14.75,29,7.25170914333443,7.56918076889358,1
596,0,14.75,29,7.56918076889358,7.70561322358605,1
596,0,14.75,29,7.70561322358605,8.04097847611512,1
596,0,14.75,29,8.04097847611512,8.09180676516521,1
596,0,14.75,29,8.09180676516521,9.00908036702164,1
596,0,14.75,29,9.00908036702164,10.2623732276382,1
596,0,14.75,29,10.2623732276382,10.5708793785274,1
596,0,14.75,29,10.5708793785274,10.8145886890308,1
596,0,14.75,29,10.8145886890308,11.3169794238725,1
596,0,14.75,29,11.3169794238725,11.5350602672559,1
596,0,14.75,29,11.5350602672559,11.5536551558899,1
596,0,14.75,29,11.5536551558899,11.9361712621351,1
596,0,14.75,29,11.9361712621351,12.189339762862,1
596,0,14.75,29,12.189339762862,12.388798828364,1
596,0,14.75,29,12.388798828364,12.462192096026,1
596,0,14.75,29,12.462192096026,12.6188804624243,1
596,0,14.75,29,12.6188804624243,13.0315415619706,1
596,0,14.75,29,13.0315415619706,13.3258887080819,1
596,0,14.75,29,13.3258887080819,13.4063993249162,1
596,0,14.75,29,13.4063993249162,14.2853784717273,1
596,0,14.75,29,14.2853784717273,14.401934247366,1
596,0,14.75,29,14.401934247366,14.4323948129491,1
596,0,14.75,29,14.4323948129491,14.6281865528303,1
596,0,14.75,29,14.6281865528303,14.7231157785818,1
596,0,14.75,29,14.7231157785818,14.75,0
597,0,13.75,24,0,2.75465665420567,1
597,0,13.75,24,2.75465665420567,5.67030688589822,1
597,0,13.75,24,5.67030688589822,6.27138373802335,1
597,0,13.75,24,6.27138373802335,6.70183689027473,1
597,0,13.75,24,6.70183689027473,7.59877045041401,1
597,0,13.75,24,7.59877045041401,7.92848553929101,1
597,0,13.75,24,7.92848553929101,8.15465492139364,1
597,0,13.75,24,8.15465492139364,8.42276975593387,1
597,0,13.75,24,8.42276975593387,8.62888664143534,1
597,0,13.75,24,8.62888664143534,9.14239638780464,1
597,0,13.75,24,9.14239638780464,10.8256023011131,1
597,0,13.75,24,10.8256023011131,10.8453167954879,1
597,0,13.75,24,10.8453167954879,11.4138691841985,1
597,0,13.75,24,11.4138691841985,11.4217268477668,1
597,0,13.75,24,11.4217268477668,11.6403600716978,1
597,0,13.75,24,11.6403600716978,11.8405278620609,1
597,0,13.75,24,11.8405278620609,12.3128196896223,1
597,0,13.75,24,12.3128196896223,12.6341297389032,1
597,0,13.75,24,12.6341297389032,12.7051211062078,1
597,0,13.75,24,12.7051211062078,12.7214715356841,1
597,0,13.75,24,12.7214715356841,12.797689759591,1
597,0,13.75,24,12.797689759591,12.8985299420935,1
597,0,13.75,24,12.8985299420935,13.2039058997064,1
597,0,13.75,24,13.2039058997064,13.6647513409735,1
597,0,13.75,24,13.6647513409735,13.75,0
598,0,17.75,2,0,2.30241232011953,1
598,0,17.75,2,2.30241232011953,4.90787113301515,1
598,0,17.75,2,4.90787113301515,17.75,0
599,0,13.75,24,0,4.72182032904418,1
599,0,13.75,24,4.72182032904418,5.86914203380113,1
599,0,13.75,24,5.86914203380113,6.58631018299966,1
599,0,13.75,24,6.58631018299966,6.72616944283726,1
599,0,13.75,24,6.72616944283726,7.08416050976502,1
599,0,13.75,24,7.08416050976502,7.86617836422127,1
599,0,13.75,24,7.86617836422127,7.88286803542122,1
599,0,13.75,24,7.88286803542122,8.17704630102353,1
599,0,13.75,24,8.17704630102353,8.79106170283812,1
599,0,13.75,24,8.79106170283812,9.14605432876727,1
599,0,13.75,24,9.14605432876727,9.58875162707759,1
599,0,13.75,24,9.58875162707759,10.7369909243828,1
599,0,13.75,24,10.7369909243828,10.7929148820174,1
599,0,13.75,24,10.7929148820174,10.9932313167755,1
599,0,13.75,24,10.9932313167755,11.1715122908012,1
599,0,13.75,24,11.1715122908012,11.2937272560155,1
599,0,13.75,24,11.2937272560155,11.3081602665868,1
599,0,13.75,24,11.3081602665868,11.4460707698374,1
599,0,13.75,24,11.4460707698374,11.5773310722811,1
599,0,13.75,24,11.5773310722811,11.7998040041872,1
599,0,13.75,24,11.7998040041872,12.6424417548664,1
599,0,13.75,24,12.6424417548664,12.7475408577298,1
599,0,13.75,24,12.7475408577298,12.8190113072842,1
599,0,13.75,24,12.8190113072842,13.0093757359535,1
599,0,13.75,24,13.0093757359535,13.75,0
600,0,15.75,16,0,2.97037077228866,1
600,0,15.75,16,2.97037077228866,4.54343563277065,1
600,0,15.75,16,4.54343563277065,5.53165588852256,1
600,0,15.75,16,5.53165588852256,5.68584033940849,1
600,0,15.75,16,5.68584033940849,8.2653731548546,1
600,0,15.75,16,8.2653731548546,8.86331327624653,1
600,0,15.75,16,8.86331327624653,9.12824510155775,1
600,0,15.75,16,9.12824510155775,9.8430584022665,1
600,0,15.75,16,9.8430584022665,10.0442390544734,1
600,0,15.75,16,10.0442390544734,10.6964399642859,1
600,0,15.75,16,10.6964399642859,12.4911560758107,1
600,0,15.75,16,12.4911560758107,13.3945283325915,1
600,0,15.75,16,13.3945283325915,13.5857387306443,1
600,0,15.75,16,13.5857387306443,13.6722114321503,1
600,0,15.75,16,13.6722114321503,15.0001685075409,1
600,0,15.75,16,15.0001685075409,15.4896586149916,1
600,0,15.75,16,15.4896586149916,15.75,0
