"id","xi","Tei","n.rec","start","stop","status"
1,1,17.75,2,0,3.95446442823617,1
1,1,17.75,2,3.95446442823617,4.03864029726967,1
1,1,17.75,2,4.03864029726967,17.75,0
2,1,11.75,13,0,2.35280225122452,1
2,1,11.75,13,2.35280225122452,3.53692304229039,1
2,1,11.75,13,3.53692304229039,5.82176000961993,1
2,1,11.75,13,5.82176000961993,5.9797140986871,1
2,1,11.75,13,5.9797140986871,6.54612425431329,1
2,1,11.75,13,6.54612425431329,7.78442670042049,1
2,1,11.75,13,7.78442670042049,9.20838970407142,1
2,1,11.75,13,9.20838970407142,9.67172773842776,1
2,1,11.75,13,9.67172773842776,9.98315392238443,1
2,1,11.75,13,9.98315392238443,10.6930376156272,1
2,1,11.75,13,10.6930376156272,11.5315422642043,1
2,1,11.75,13,11.5315422642043,11.5991924053282,1
2,1,11.75,13,11.5991924053282,11.6314410982827,1
2,1,11.75,13,11.6314410982827,11.75,0
3,1,11.75,21,0,4.28290141126659,1
3,1,11.75,21,4.28290141126659,5.12933308399046,1
3,1,11.75,21,5.12933308399046,5.18952470772013,1
3,1,11.75,21,5.18952470772013,5.25469022172667,1
3,1,11.75,21,5.25469022172667,5.25469420648284,1
3,1,11.75,21,5.25469420648284,6.34863178522674,1
3,1,11.75,21,6.34863178522674,7.05962129748548,1
3,1,11.75,21,7.05962129748548,7.15829958187753,1
3,1,11.75,21,7.15829958187753,8.32208438450596,1
3,1,11.75,21,8.32208438450596,8.97557742876111,1
3,1,11.75,21,8.97557742876111,10.1210948813891,1
3,1,11.75,21,10.1210948813891,10.1706637919577,1
3,1,11.75,21,10.1706637919577,10.1868572825415,1
3,1,11.75,21,10.1868572825415,10.3520913047189,1
3,1,11.75,21,10.3520913047189,10.5339602470807,1
3,1,11.75,21,10.5339602470807,10.9853602982896,1
3,1,11.75,21,10.9853602982896,11.1370776301561,1
3,1,11.75,21,11.1370776301561,11.3718476454555,1
3,1,11.75,21,11.3718476454555,11.4480763952146,1
3,1,11.75,21,11.4480763952146,11.5533314822804,1
3,1,11.75,21,11.5533314822804,11.5811259278609,1
3,1,11.75,21,11.5811259278609,11.75,0
4,1,17.75,84,0,2.64846985883891,1
4,1,17.75,84,2.64846985883891,4.14266334818212,1
4,1,17.75,84,4.14266334818212,4.57880532773772,1
4,1,17.75,84,4.57880532773772,4.59454779037249,1
4,1,17.75,84,4.59454779037249,5.86826635127528,1
4,1,17.75,84,5.86826635127528,5.96080837572826,1
4,1,17.75,84,5.96080837572826,6.421358684567,1
4,1,17.75,84,6.421358684567,7.87323740175638,1
4,1,17.75,84,7.87323740175638,8.25489030775762,1
4,1,17.75,84,8.25489030775762,8.9469528691837,1
4,1,17.75,84,8.9469528691837,9.62681848348346,1
4,1,17.75,84,9.62681848348346,9.72893177018319,1
4,1,17.75,84,9.72893177018319,9.75100424796939,1
4,1,17.75,84,9.75100424796939,9.83350676489585,1
4,1,17.75,84,9.83350676489585,10.1412617663585,1
4,1,17.75,84,10.1412617663585,10.4912202205968,1
4,1,17.75,84,10.4912202205968,10.5197754353914,1
4,1,17.75,84,10.5197754353914,10.5344397892553,1
4,1,17.75,84,10.5344397892553,10.5825666184758,1
4,1,17.75,84,10.5825666184758,10.6163971886595,1
4,1,17.75,84,10.6163971886595,10.724030598404,1
4,1,17.75,84,10.724030598404,11.1185408635017,1
4,1,17.75,84,11.1185408635017,11.1508514611039,1
4,1,17.75,84,11.1508514611039,11.3593918017793,1
4,1,17.75,84,11.3593918017793,11.3617710399718,1
4,1,17.75,84,11.3617710399718,11.4002111224898,1
4,1,17.75,84,11.4002111224898,11.9235540608837,1
4,1,17.75,84,11.9235540608837,12.0062702689066,1
4,1,17.75,84,12.0062702689066,12.2725183355956,1
4,1,17.75,84,12.2725183355956,12.285317113039,1
4,1,17.75,84,12.285317113039,12.3663910710486,1
4,1,17.75,84,12.3663910710486,12.7309440790869,1
4,1,17.75,84,12.7309440790869,12.745492669827,1
4,1,17.75,84,12.745492669827,12.7963805794263,1
4,1,17.75,84,12.7963805794263,12.9158020828585,1
4,1,17.75,84,12.9158020828585,12.9416200057674,1
4,1,17.75,84,12.9416200057674,13.5744856813049,1
4,1,17.75,84,13.5744856813049,13.6469359429168,1
4,1,17.75,84,13.6469359429168,13.9238857275518,1
4,1,17.75,84,13.9238857275518,14.0682023203276,1
4,1,17.75,84,14.0682023203276,14.1804419362758,1
4,1,17.75,84,14.1804419362758,14.2544098251817,1
4,1,17.75,84,14.2544098251817,14.2547049122927,1
4,1,17.75,84,14.2547049122927,14.2572562199803,1
4,1,17.75,84,14.2572562199803,14.4360546042988,1
4,1,17.75,84,14.4360546042988,14.4825982361697,1
4,1,17.75,84,14.4825982361697,14.5671372566026,1
4,1,17.75,84,14.5671372566026,14.9206287444126,1
4,1,17.75,84,14.9206287444126,15.0642837952407,1
4,1,17.75,84,15.0642837952407,15.2473946100174,1
4,1,17.75,84,15.2473946100174,15.2913923371542,1
4,1,17.75,84,15.2913923371542,15.3392587783104,1
4,1,17.75,84,15.3392587783104,15.387869796289,1
4,1,17.75,84,15.387869796289,15.7055009122853,1
4,1,17.75,84,15.7055009122853,15.8174088858016,1
4,1,17.75,84,15.8174088858016,15.8607690383252,1
4,1,17.75,84,15.8607690383252,15.9833126704362,1
4,1,17.75,84,15.9833126704362,16.0827383517692,1
4,1,17.75,84,16.0827383517692,16.1478964194474,1
4,1,17.75,84,16.1478964194474,16.2137740218787,1
4,1,17.75,84,16.2137740218787,16.2581698252123,1
4,1,17.75,84,16.2581698252123,16.4255648432308,1
4,1,17.75,84,16.4255648432308,16.4679324870635,1
4,1,17.75,84,16.4679324870635,16.5314366619712,1
4,1,17.75,84,16.5314366619712,16.8490354817931,1
4,1,17.75,84,16.8490354817931,16.9003490110731,1
4,1,17.75,84,16.9003490110731,16.9108522396305,1
4,1,17.75,84,16.9108522396305,16.9401309874724,1
4,1,17.75,84,16.9401309874724,16.9957287366508,1
4,1,17.75,84,16.9957287366508,17.081159417644,1
4,1,17.75,84,17.081159417644,17.0957364860791,1
4,1,17.75,84,17.0957364860791,17.1506643687937,1
4,1,17.75,84,17.1506643687937,17.1868187138149,1
4,1,17.75,84,17.1868187138149,17.3285676565931,1
4,1,17.75,84,17.3285676565931,17.385751736674,1
4,1,17.75,84,17.385751736674,17.42961921204,1
4,1,17.75,84,17.42961921204,17.4790866474819,1
4,1,17.75,84,17.4790866474819,17.5620916252716,1
4,1,17.75,84,17.5620916252716,17.5655165763824,1
4,1,17.75,84,17.5655165763824,17.580791085024,1
4,1,17.75,84,17.580791085024,17.6147797345026,1
4,1,17.75,84,17.6147797345026,17.6514882190377,1
4,1,17.75,84,17.6514882190377,17.6874202446471,1
4,1,17.75,84,17.6874202446471,17.7291026399225,1
4,1,17.75,84,17.7291026399225,17.75,0
5,1,9.75,1,0,6.20386645526559,1
5,1,9.75,1,6.20386645526559,9.75,0
6,1,17.75,40,0,6.146494762361,1
6,1,17.75,40,6.146494762361,7.69108202776103,1
6,1,17.75,40,7.69108202776103,7.87132700051418,1
6,1,17.75,40,7.87132700051418,8.0094434053509,1
6,1,17.75,40,8.0094434053509,8.57821689297083,1
6,1,17.75,40,8.57821689297083,8.92377916947821,1
6,1,17.75,40,8.92377916947821,9.18354936971106,1
6,1,17.75,40,9.18354936971106,9.3772673488956,1
6,1,17.75,40,9.3772673488956,9.83701043077969,1
6,1,17.75,40,9.83701043077969,10.1473148772702,1
6,1,17.75,40,10.1473148772702,10.2461377107248,1
6,1,17.75,40,10.2461377107248,10.960284304515,1
6,1,17.75,40,10.960284304515,11.0394427054514,1
6,1,17.75,40,11.0394427054514,11.4817042798526,1
6,1,17.75,40,11.4817042798526,11.8362983384334,1
6,1,17.75,40,11.8362983384334,12.3056217989101,1
6,1,17.75,40,12.3056217989101,12.8030575511302,1
6,1,17.75,40,12.8030575511302,13.5336403296661,1
6,1,17.75,40,13.5336403296661,13.5381149095713,1
6,1,17.75,40,13.5381149095713,14.1088988045074,1
6,1,17.75,40,14.1088988045074,14.8369070054401,1
6,1,17.75,40,14.8369070054401,14.8461087784255,1
6,1,17.75,40,14.8461087784255,14.8716553699401,1
6,1,17.75,40,14.8716553699401,15.2302717709487,1
6,1,17.75,40,15.2302717709487,15.3037215055178,1
6,1,17.75,40,15.3037215055178,15.3846031671423,1
6,1,17.75,40,15.3846031671423,15.4052927146558,1
6,1,17.75,40,15.4052927146558,16.0247827032731,1
6,1,17.75,40,16.0247827032731,16.0880667514251,1
6,1,17.75,40,16.0880667514251,16.0887073841465,1
6,1,17.75,40,16.0887073841465,16.3211546120732,1
6,1,17.75,40,16.3211546120732,16.3528402152231,1
6,1,17.75,40,16.3528402152231,16.4908648556803,1
6,1,17.75,40,16.4908648556803,16.7107602821009,1
6,1,17.75,40,16.7107602821009,16.8784519798221,1
6,1,17.75,40,16.8784519798221,16.9970115911413,1
6,1,17.75,40,16.9970115911413,17.0846493164528,1
6,1,17.75,40,17.0846493164528,17.322774132607,1
6,1,17.75,40,17.322774132607,17.4351839813396,1
6,1,17.75,40,17.4351839813396,17.6964722829263,1
6,1,17.75,40,17.6964722829263,17.75,0
7,1,17.75,53,0,2.94362637541751,1
7,1,17.75,53,2.94362637541751,4.60167861100734,1
7,1,17.75,53,4.60167861100734,5.26356620782276,1
7,1,17.75,53,5.26356620782276,5.93557873430769,1
7,1,17.75,53,5.93557873430769,6.1434557879557,1
7,1,17.75,53,6.1434557879557,6.68067599279414,1
7,1,17.75,53,6.68067599279414,6.79988700395752,1
7,1,17.75,53,6.79988700395752,6.87894178018224,1
7,1,17.75,53,6.87894178018224,7.14755470868384,1
7,1,17.75,53,7.14755470868384,7.63474907398938,1
7,1,17.75,53,7.63474907398938,8.69854833325819,1
7,1,17.75,53,8.69854833325819,8.81370141387583,1
7,1,17.75,53,8.81370141387583,8.8757957401958,1
7,1,17.75,53,8.8757957401958,9.06889875081762,1
7,1,17.75,53,9.06889875081762,9.336470839827,1
7,1,17.75,53,9.336470839827,9.75283976169706,1
7,1,17.75,53,9.75283976169706,9.97229753598782,1
7,1,17.75,53,9.97229753598782,10.4215243830442,1
7,1,17.75,53,10.4215243830442,10.4267172222697,1
7,1,17.75,53,10.4267172222697,11.1637869335164,1
7,1,17.75,53,11.1637869335164,11.5279573526511,1
7,1,17.75,53,11.5279573526511,11.7206049586912,1
7,1,17.75,53,11.7206049586912,11.8631830275281,1
7,1,17.75,53,11.8631830275281,11.8834440916173,1
7,1,17.75,53,11.8834440916173,12.1120445656631,1
7,1,17.75,53,12.1120445656631,12.6081013022961,1
7,1,17.75,53,12.6081013022961,12.9571162111732,1
7,1,17.75,53,12.9571162111732,13.119619813113,1
7,1,17.75,53,13.119619813113,13.3869531080191,1
7,1,17.75,53,13.3869531080191,14.2624072014049,1
7,1,17.75,53,14.2624072014049,14.3269995136772,1
7,1,17.75,53,14.3269995136772,14.3780656496803,1
7,1,17.75,53,14.3780656496803,14.4632144077331,1
7,1,17.75,53,14.4632144077331,14.48485345084,1
7,1,17.75,53,14.48485345084,14.5352713818932,1
7,1,17.75,53,14.5352713818932,15.0762948922212,1
7,1,17.75,53,15.0762948922212,15.1573237242704,1
7,1,17.75,53,15.1573237242704,15.2193166188654,1
7,1,17.75,53,15.2193166188654,15.3620994932362,1
7,1,17.75,53,15.3620994932362,15.492223811446,1
7,1,17.75,53,15.492223811446,15.5321261106597,1
7,1,17.75,53,15.5321261106597,15.9999826985451,1
7,1,17.75,53,15.9999826985451,16.0538004548881,1
7,1,17.75,53,16.0538004548881,16.1400846477028,1
7,1,17.75,53,16.1400846477028,16.5787938596905,1
7,1,17.75,53,16.5787938596905,16.6352766237775,1
7,1,17.75,53,16.6352766237775,16.6359203762229,1
7,1,17.75,53,16.6359203762229,16.8455557428937,1
7,1,17.75,53,16.8455557428937,17.0188899468269,1
7,1,17.75,53,17.0188899468269,17.0522848201299,1
7,1,17.75,53,17.0522848201299,17.1580512431921,1
7,1,17.75,53,17.1580512431921,17.3396017497622,1
7,1,17.75,53,17.3396017497622,17.7319124877811,1
7,1,17.75,53,17.7319124877811,17.75,0
8,1,18.75,56,0,2.43921547915033,1
8,1,18.75,56,2.43921547915033,2.89203183591454,1
8,1,18.75,56,2.89203183591454,4.91179085537376,1
8,1,18.75,56,4.91179085537376,6.54049412900807,1
8,1,18.75,56,6.54049412900807,7.34007332314147,1
8,1,18.75,56,7.34007332314147,7.61779818089828,1
8,1,18.75,56,7.61779818089828,8.22834292552602,1
8,1,18.75,56,8.22834292552602,8.59051155983349,1
8,1,18.75,56,8.59051155983349,8.64440754308752,1
8,1,18.75,56,8.64440754308752,8.66046705089366,1
8,1,18.75,56,8.66046705089366,9.11419298125679,1
8,1,18.75,56,9.11419298125679,9.1399301974786,1
8,1,18.75,56,9.1399301974786,9.35458744560596,1
8,1,18.75,56,9.35458744560596,9.56903234545905,1
8,1,18.75,56,9.56903234545905,9.76117232714052,1
8,1,18.75,56,9.76117232714052,10.0918069911946,1
8,1,18.75,56,10.0918069911946,11.7624192435295,1
8,1,18.75,56,11.7624192435295,11.7845350702797,1
8,1,18.75,56,11.7845350702797,11.9456119063828,1
8,1,18.75,56,11.9456119063828,12.0058523758716,1
8,1,18.75,56,12.0058523758716,12.126967314339,1
8,1,18.75,56,12.126967314339,12.1312391509743,1
8,1,18.75,56,12.1312391509743,12.3007274945497,1
8,1,18.75,56,12.3007274945497,12.5427799215378,1
8,1,18.75,56,12.5427799215378,12.7740482813863,1
8,1,18.75,56,12.7740482813863,13.0315385597816,1
8,1,18.75,56,13.0315385597816,13.2999249832167,1
8,1,18.75,56,13.2999249832167,13.6377948480966,1
8,1,18.75,56,13.6377948480966,13.7226174652869,1
8,1,18.75,56,13.7226174652869,14.0507167235162,1
8,1,18.75,56,14.0507167235162,14.1754363449024,1
8,1,18.75,56,14.1754363449024,14.2294732803925,1
8,1,18.75,56,14.2294732803925,14.3913886603724,1
8,1,18.75,56,14.3913886603724,14.5535967122082,1
8,1,18.75,56,14.5535967122082,14.6040614916745,1
8,1,18.75,56,14.6040614916745,15.0566143205917,1
8,1,18.75,56,15.0566143205917,15.0899698588655,1
8,1,18.75,56,15.0899698588655,15.4986282759742,1
8,1,18.75,56,15.4986282759742,16.1246501142221,1
8,1,18.75,56,16.1246501142221,16.3286624526183,1
8,1,18.75,56,16.3286624526183,16.3375694680046,1
8,1,18.75,56,16.3375694680046,17.0463644231212,1
8,1,18.75,56,17.0463644231212,17.1338227035734,1
8,1,18.75,56,17.1338227035734,17.2669370345604,1
8,1,18.75,56,17.2669370345604,17.2744012814659,1
8,1,18.75,56,17.2744012814659,17.3830818107154,1
8,1,18.75,56,17.3830818107154,17.4284286777977,1
8,1,18.75,56,17.4284286777977,17.5832582447928,1
8,1,18.75,56,17.5832582447928,17.9228816780499,1
8,1,18.75,56,17.9228816780499,17.9676086849003,1
8,1,18.75,56,17.9676086849003,18.2428100877035,1
8,1,18.75,56,18.2428100877035,18.2452107528033,1
8,1,18.75,56,18.2452107528033,18.3277613958711,1
8,1,18.75,56,18.3277613958711,18.6651248818438,1
8,1,18.75,56,18.6651248818438,18.7216943229028,1
8,1,18.75,56,18.7216943229028,18.7490565427768,1
8,1,18.75,56,18.7490565427768,18.75,0
9,1,15.75,1,0,1.104180330334,1
9,1,15.75,1,1.104180330334,15.75,0
10,1,13.75,29,0,6.47942804799146,1
10,1,13.75,29,6.47942804799146,6.54664372292908,1
10,1,13.75,29,6.54664372292908,7.18281352899442,1
10,1,13.75,29,7.18281352899442,7.81308702878879,1
10,1,13.75,29,7.81308702878879,8.21366745089487,1
10,1,13.75,29,8.21366745089487,8.47949364487109,1
10,1,13.75,29,8.47949364487109,8.52322981344896,1
10,1,13.75,29,8.52322981344896,9.37526757560622,1
10,1,13.75,29,9.37526757560622,10.3505627101618,1
10,1,13.75,29,10.3505627101618,10.3667780427596,1
10,1,13.75,29,10.3667780427596,10.4826775780283,1
10,1,13.75,29,10.4826775780283,10.6556690049419,1
10,1,13.75,29,10.6556690049419,10.882370962596,1
10,1,13.75,29,10.882370962596,11.4623192874708,1
10,1,13.75,29,11.4623192874708,11.6808757258595,1
10,1,13.75,29,11.6808757258595,12.0885441101967,1
10,1,13.75,29,12.0885441101967,12.091916131052,1
10,1,13.75,29,12.091916131052,12.1620780906951,1
10,1,13.75,29,12.1620780906951,12.2097930083172,1
10,1,13.75,29,12.2097930083172,12.2611012255914,1
10,1,13.75,29,12.2611012255914,12.2928854417052,1
10,1,13.75,29,12.2928854417052,12.4069976352017,1
10,1,13.75,29,12.4069976352017,12.5871552707887,1
10,1,13.75,29,12.5871552707887,12.6312445649363,1
10,1,13.75,29,12.6312445649363,12.6480492253896,1
10,1,13.75,29,12.6480492253896,12.7627927137821,1
10,1,13.75,29,12.7627927137821,12.8210569126491,1
10,1,13.75,29,12.8210569126491,13.3079251530382,1
10,1,13.75,29,13.3079251530382,13.6582524843352,1
10,1,13.75,29,13.6582524843352,13.75,0
11,1,12.75,2,0,1.20855579151901,1
11,1,12.75,2,1.20855579151901,3.08777431294767,1
11,1,12.75,2,3.08777431294767,12.75,0
12,1,20.75,1,0,15.0330748554445,1
12,1,20.75,1,15.0330748554445,20.75,0
13,1,10.75,4,0,0.774041329600998,1
13,1,10.75,4,0.774041329600998,2.28045938120859,1
13,1,10.75,4,2.28045938120859,3.25855185262357,1
13,1,10.75,4,3.25855185262357,9.06070110780367,1
13,1,10.75,4,9.06070110780367,10.75,0
14,1,18.75,3,0,9.75349063367088,1
14,1,18.75,3,9.75349063367088,12.8444178131578,1
14,1,18.75,3,12.8444178131578,16.4378152878731,1
14,1,18.75,3,16.4378152878731,18.75,0
15,1,15.75,20,0,5.19040605701017,1
15,1,15.75,20,5.19040605701017,6.46868950425747,1
15,1,15.75,20,6.46868950425747,8.62207235669228,1
15,1,15.75,20,8.62207235669228,9.46593943681156,1
15,1,15.75,20,9.46593943681156,10.2000999019754,1
15,1,15.75,20,10.2000999019754,10.2049792023686,1
15,1,15.75,20,10.2049792023686,10.7549493465857,1
15,1,15.75,20,10.7549493465857,11.0668606890055,1
15,1,15.75,20,11.0668606890055,12.0226683137177,1
15,1,15.75,20,12.0226683137177,12.1962486646569,1
15,1,15.75,20,12.1962486646569,12.6265168512332,1
15,1,15.75,20,12.6265168512332,12.6933376022393,1
15,1,15.75,20,12.6933376022393,13.1173330587335,1
15,1,15.75,20,13.1173330587335,13.6802454925617,1
15,1,15.75,20,13.6802454925617,13.88030929566,1
15,1,15.75,20,13.88030929566,14.3030396115522,1
15,1,15.75,20,14.3030396115522,14.3734913262207,1
15,1,15.75,20,14.3734913262207,14.9935972635655,1
15,1,15.75,20,14.9935972635655,15.2811614386985,1
15,1,15.75,20,15.2811614386985,15.5472628137632,1
15,1,15.75,20,15.5472628137632,15.75,0
16,1,10.75,13,0,2.9536689364635,1
16,1,10.75,13,2.9536689364635,3.30614237922123,1
16,1,10.75,13,3.30614237922123,3.34638701754237,1
16,1,10.75,13,3.34638701754237,3.88403127118409,1
16,1,10.75,13,3.88403127118409,5.51817867513973,1
16,1,10.75,13,5.51817867513973,8.05132701560735,1
16,1,10.75,13,8.05132701560735,9.23100005880565,1
16,1,10.75,13,9.23100005880565,9.31169122261389,1
16,1,10.75,13,9.31169122261389,9.7781651569351,1
16,1,10.75,13,9.7781651569351,10.0428502007056,1
16,1,10.75,13,10.0428502007056,10.0844808798324,1
16,1,10.75,13,10.0844808798324,10.4984252681465,1
16,1,10.75,13,10.4984252681465,10.500645598063,1
16,1,10.75,13,10.500645598063,10.75,0
17,1,20.75,1,0,19.5912600662905,1
17,1,20.75,1,19.5912600662905,20.75,0
18,1,15.75,3,0,0.0773635375588253,1
18,1,15.75,3,0.0773635375588253,5.67052842161057,1
18,1,15.75,3,5.67052842161057,6.7250644292966,1
18,1,15.75,3,6.7250644292966,15.75,0
19,1,11.75,18,0,4.17742049342667,1
19,1,11.75,18,4.17742049342667,7.63594749060232,1
19,1,11.75,18,7.63594749060232,8.19071689064094,1
19,1,11.75,18,8.19071689064094,8.44060844038152,1
19,1,11.75,18,8.44060844038152,8.57129480829706,1
19,1,11.75,18,8.57129480829706,8.84749514877407,1
19,1,11.75,18,8.84749514877407,9.7367219530156,1
19,1,11.75,18,9.7367219530156,10.0086951953411,1
19,1,11.75,18,10.0086951953411,10.4031381974747,1
19,1,11.75,18,10.4031381974747,10.558993862851,1
19,1,11.75,18,10.558993862851,11.0230653586701,1
19,1,11.75,18,11.0230653586701,11.0249596767296,1
19,1,11.75,18,11.0249596767296,11.1032272493948,1
19,1,11.75,18,11.1032272493948,11.1743076695667,1
19,1,11.75,18,11.1743076695667,11.2527233555593,1
19,1,11.75,18,11.2527233555593,11.3145742123602,1
19,1,11.75,18,11.3145742123602,11.3753659518734,1
19,1,11.75,18,11.3753659518734,11.5639376440685,1
19,1,11.75,18,11.5639376440685,11.75,0
20,1,13.75,3,0,0.00519675957913988,1
20,1,13.75,3,0.00519675957913988,2.97666160179607,1
20,1,13.75,3,2.97666160179607,5.79651826846255,1
20,1,13.75,3,5.79651826846255,13.75,0
21,1,14.75,2,0,0.559600250994219,1
21,1,14.75,2,0.559600250994219,1.58571914048579,1
21,1,14.75,2,1.58571914048579,14.75,0
22,1,14.75,30,0,2.43422946285839,1
22,1,14.75,30,2.43422946285839,3.69661901438463,1
22,1,14.75,30,3.69661901438463,3.94739043373287,1
22,1,14.75,30,3.94739043373287,4.17741142732396,1
22,1,14.75,30,4.17741142732396,4.91599516222249,1
22,1,14.75,30,4.91599516222249,6.18831764898951,1
22,1,14.75,30,6.18831764898951,7.07317733601088,1
22,1,14.75,30,7.07317733601088,7.70376172338977,1
22,1,14.75,30,7.70376172338977,8.6631471645085,1
22,1,14.75,30,8.6631471645085,9.25514341983372,1
22,1,14.75,30,9.25514341983372,9.32823523015408,1
22,1,14.75,30,9.32823523015408,10.0103341152767,1
22,1,14.75,30,10.0103341152767,10.4704255407138,1
22,1,14.75,30,10.4704255407138,11.0798966739913,1
22,1,14.75,30,11.0798966739913,11.5025955249003,1
22,1,14.75,30,11.5025955249003,11.7889249663061,1
22,1,14.75,30,11.7889249663061,11.8507964971797,1
22,1,14.75,30,11.8507964971797,12.0472396728975,1
22,1,14.75,30,12.0472396728975,12.5359062758672,1
22,1,14.75,30,12.5359062758672,12.9638501223926,1
22,1,14.75,30,12.9638501223926,12.9844064942262,1
22,1,14.75,30,12.9844064942262,13.0083133665264,1
22,1,14.75,30,13.0083133665264,13.1561856305827,1
22,1,14.75,30,13.1561856305827,13.1975248087176,1
22,1,14.75,30,13.1975248087176,13.2309032577057,1
22,1,14.75,30,13.2309032577057,13.5919017719512,1
22,1,14.75,30,13.5919017719512,13.7750332521957,1
22,1,14.75,30,13.7750332521957,13.9417075389925,1
22,1,14.75,30,13.9417075389925,13.975471254387,1
22,1,14.75,30,13.975471254387,14.0779845729232,1
22,1,14.75,30,14.0779845729232,14.75,0
23,1,14.75,4,0,0.823180611190285,1
23,1,14.75,4,0.823180611190285,3.17736673035555,1
23,1,14.75,4,3.17736673035555,3.49796474857953,1
23,1,14.75,4,3.49796474857953,4.9993496428642,1
23,1,14.75,4,4.9993496428642,14.75,0
24,1,15.75,1,0,13.8060378252082,1
24,1,15.75,1,13.8060378252082,15.75,0
25,1,9.75,10,0,2.81794665272182,1
25,1,9.75,10,2.81794665272182,4.58513783875543,1
25,1,9.75,10,4.58513783875543,5.7638161062537,1
25,1,9.75,10,5.7638161062537,5.97299315943021,1
25,1,9.75,10,5.97299315943021,6.76741048592735,1
25,1,9.75,10,6.76741048592735,7.1004478578078,1
25,1,9.75,10,7.1004478578078,7.18032032758819,1
25,1,9.75,10,7.18032032758819,9.25625060921414,1
25,1,9.75,10,9.25625060921414,9.29881189262224,1
25,1,9.75,10,9.29881189262224,9.70008307680519,1
25,1,9.75,10,9.70008307680519,9.75,0
26,1,15.75,1,0,2.98844001275038,1
26,1,15.75,1,2.98844001275038,15.75,0
27,1,13.75,0,0,13.75,0
28,1,19.75,43,0,2.48147893577994,1
28,1,19.75,43,2.48147893577994,4.77531910419505,1
28,1,19.75,43,4.77531910419505,8.41125465154539,1
28,1,19.75,43,8.41125465154539,8.5597229868222,1
28,1,19.75,43,8.5597229868222,8.59404781268194,1
28,1,19.75,43,8.59404781268194,8.91877993452738,1
28,1,19.75,43,8.91877993452738,9.9416291066811,1
28,1,19.75,43,9.9416291066811,10.065441074214,1
28,1,19.75,43,10.065441074214,10.7675764620372,1
28,1,19.75,43,10.7675764620372,11.7330431910973,1
28,1,19.75,43,11.7330431910973,12.3356899594738,1
28,1,19.75,43,12.3356899594738,12.5541000952099,1
28,1,19.75,43,12.5541000952099,12.9648415779759,1
28,1,19.75,43,12.9648415779759,13.00170960618,1
28,1,19.75,43,13.00170960618,13.9515862288656,1
28,1,19.75,43,13.9515862288656,14.1980684206595,1
28,1,19.75,43,14.1980684206595,14.4775238449475,1
28,1,19.75,43,14.4775238449475,14.930004082699,1
28,1,19.75,43,14.930004082699,15.0955091592976,1
28,1,19.75,43,15.0955091592976,15.3657938977925,1
28,1,19.75,43,15.3657938977925,15.4180474391814,1
28,1,19.75,43,15.4180474391814,15.4582863426398,1
28,1,19.75,43,15.4582863426398,15.6421070356196,1
28,1,19.75,43,15.6421070356196,15.6421644963835,1
28,1,19.75,43,15.6421644963835,15.9857879335605,1
28,1,19.75,43,15.9857879335605,16.0080632315227,1
28,1,19.75,43,16.0080632315227,16.0453697327025,1
28,1,19.75,43,16.0453697327025,16.6657396413027,1
28,1,19.75,43,16.6657396413027,16.9813249012473,1
28,1,19.75,43,16.9813249012473,16.9824019765413,1
28,1,19.75,43,16.9824019765413,17.1531472506075,1
28,1,19.75,43,17.1531472506075,17.4995601313981,1
28,1,19.75,43,17.4995601313981,17.6286106803323,1
28,1,19.75,43,17.6286106803323,17.6438847915317,1
28,1,19.75,43,17.6438847915317,17.6881148397843,1
28,1,19.75,43,17.6881148397843,18.0403299373181,1
28,1,19.75,43,18.0403299373181,18.2418518827426,1
28,1,19.75,43,18.2418518827426,18.6256322687424,1
28,1,19.75,43,18.6256322687424,18.6563049951873,1
28,1,19.75,43,18.6563049951873,18.7139832214646,1
28,1,19.75,43,18.7139832214646,19.2552681929159,1
28,1,19.75,43,19.2552681929159,19.5254391055433,1
28,1,19.75,43,19.5254391055433,19.5502427037051,1
28,1,19.75,43,19.5502427037051,19.75,0
29,1,13.75,0,0,13.75,0
30,1,8.75,15,0,2.94554629884776,1
30,1,8.75,15,2.94554629884776,3.32976685127424,1
30,1,8.75,15,3.32976685127424,4.2340356108854,1
30,1,8.75,15,4.2340356108854,4.90619194328884,1
30,1,8.75,15,4.90619194328884,5.46531092404797,1
30,1,8.75,15,5.46531092404797,5.78953829497568,1
30,1,8.75,15,5.78953829497568,5.84360046957874,1
30,1,8.75,15,5.84360046957874,5.9296841096763,1
30,1,8.75,15,5.9296841096763,6.35251451611804,1
30,1,8.75,15,6.35251451611804,6.45915154498627,1
30,1,8.75,15,6.45915154498627,7.62730345934028,1
30,1,8.75,15,7.62730345934028,7.6826622859424,1
30,1,8.75,15,7.6826622859424,7.80920312639935,1
30,1,8.75,15,7.80920312639935,8.31007207519458,1
30,1,8.75,15,8.31007207519458,8.43161701903589,1
30,1,8.75,15,8.43161701903589,8.75,0
31,1,20.75,2,0,2.38062792500384,1
31,1,20.75,2,2.38062792500384,11.2415093458777,1
31,1,20.75,2,11.2415093458777,20.75,0
32,1,15.75,2,0,0.16051217139844,1
32,1,15.75,2,0.16051217139844,0.35814829318635,1
32,1,15.75,2,0.35814829318635,15.75,0
33,1,10.75,0,0,10.75,0
34,1,14.75,2,0,6.13608039299573,1
34,1,14.75,2,6.13608039299573,14.078821198601,1
34,1,14.75,2,14.078821198601,14.75,0
35,1,12.75,5,0,0.460564476114158,1
35,1,12.75,5,0.460564476114158,0.480788700020679,1
35,1,12.75,5,0.480788700020679,0.800451316581381,1
35,1,12.75,5,0.800451316581381,1.80077136737517,1
35,1,12.75,5,1.80077136737517,2.40393907601838,1
35,1,12.75,5,2.40393907601838,12.75,0
36,1,11.75,3,0,0.141237585348019,1
36,1,11.75,3,0.141237585348019,2.53209289950772,1
36,1,11.75,3,2.53209289950772,4.6958110681006,1
36,1,11.75,3,4.6958110681006,11.75,0
37,1,8.75,25,0,1.7273365522337,1
37,1,8.75,25,1.7273365522337,2.92459119544616,1
37,1,8.75,25,2.92459119544616,3.43409822737301,1
37,1,8.75,25,3.43409822737301,4.21903176189687,1
37,1,8.75,25,4.21903176189687,4.53294503727377,1
37,1,8.75,25,4.53294503727377,4.59727433245752,1
37,1,8.75,25,4.59727433245752,5.29891864334625,1
37,1,8.75,25,5.29891864334625,5.98632297295741,1
37,1,8.75,25,5.98632297295741,6.0325716562293,1
37,1,8.75,25,6.0325716562293,6.88446921390283,1
37,1,8.75,25,6.88446921390283,6.93751829543012,1
37,1,8.75,25,6.93751829543012,6.97263169861495,1
37,1,8.75,25,6.97263169861495,6.9874145874338,1
37,1,8.75,25,6.9874145874338,7.07040588695456,1
37,1,8.75,25,7.07040588695456,7.11488635449233,1
37,1,8.75,25,7.11488635449233,7.42838410736123,1
37,1,8.75,25,7.42838410736123,7.7885356154555,1
37,1,8.75,25,7.7885356154555,7.79100165236603,1
37,1,8.75,25,7.79100165236603,8.00757941663112,1
37,1,8.75,25,8.00757941663112,8.05946546255614,1
37,1,8.75,25,8.05946546255614,8.09633635765705,1
37,1,8.75,25,8.09633635765705,8.36168201830258,1
37,1,8.75,25,8.36168201830258,8.51628372464072,1
37,1,8.75,25,8.51628372464072,8.61859211093924,1
37,1,8.75,25,8.61859211093924,8.714705980787,1
37,1,8.75,25,8.714705980787,8.75,0
38,1,10.75,0,0,10.75,0
39,1,10.75,5,0,0.0898965647706193,1
39,1,10.75,5,0.0898965647706193,0.641455949363962,1
39,1,10.75,5,0.641455949363962,2.03160090332129,1
39,1,10.75,5,2.03160090332129,2.6145888694826,1
39,1,10.75,5,2.6145888694826,5.03538678265009,1
39,1,10.75,5,5.03538678265009,10.75,0
40,1,15.75,34,0,3.87256646663794,1
40,1,15.75,34,3.87256646663794,4.17213099124349,1
40,1,15.75,34,4.17213099124349,6.59592915960511,1
40,1,15.75,34,6.59592915960511,6.99852540009825,1
40,1,15.75,34,6.99852540009825,7.39146232759815,1
40,1,15.75,34,7.39146232759815,8.13871688634385,1
40,1,15.75,34,8.13871688634385,8.88201847229432,1
40,1,15.75,34,8.88201847229432,9.05570546980666,1
40,1,15.75,34,9.05570546980666,9.07833180187645,1
40,1,15.75,34,9.07833180187645,9.17733510142835,1
40,1,15.75,34,9.17733510142835,9.97830880777285,1
40,1,15.75,34,9.97830880777285,10.6444594430421,1
40,1,15.75,34,10.6444594430421,10.6886047878916,1
40,1,15.75,34,10.6886047878916,11.2487483870581,1
40,1,15.75,34,11.2487483870581,11.4207883293138,1
40,1,15.75,34,11.4207883293138,11.4534094279124,1
40,1,15.75,34,11.4534094279124,11.545824297718,1
40,1,15.75,34,11.545824297718,11.7972737593243,1
40,1,15.75,34,11.7972737593243,12.0790740819886,1
40,1,15.75,34,12.0790740819886,12.2248516056794,1
40,1,15.75,34,12.2248516056794,12.443937534667,1
40,1,15.75,34,12.443937534667,12.6346024667877,1
40,1,15.75,34,12.6346024667877,12.8475551475345,1
40,1,15.75,34,12.8475551475345,13.2469538167375,1
40,1,15.75,34,13.2469538167375,13.7818918892191,1
40,1,15.75,34,13.7818918892191,13.9271285172231,1
40,1,15.75,34,13.9271285172231,13.9469907124935,1
40,1,15.75,34,13.9469907124935,14.1466389365907,1
40,1,15.75,34,14.1466389365907,14.6539601257111,1
40,1,15.75,34,14.6539601257111,14.780900812724,1
40,1,15.75,34,14.780900812724,15.0902610424412,1
40,1,15.75,34,15.0902610424412,15.2412310736535,1
40,1,15.75,34,15.2412310736535,15.3354634358012,1
40,1,15.75,34,15.3354634358012,15.3435354674745,1
40,1,15.75,34,15.3435354674745,15.75,0
41,1,12.75,1,0,6.58112642812901,1
41,1,12.75,1,6.58112642812901,12.75,0
42,1,19.75,1,0,15.3059633721128,1
42,1,19.75,1,15.3059633721128,19.75,0
43,1,17.75,62,0,2.12930849493096,1
43,1,17.75,62,2.12930849493096,3.82551151127344,1
43,1,17.75,62,3.82551151127344,4.20668898104692,1
43,1,17.75,62,4.20668898104692,5.09540712397851,1
43,1,17.75,62,5.09540712397851,5.22225461857937,1
43,1,17.75,62,5.22225461857937,6.34475119238611,1
43,1,17.75,62,6.34475119238611,6.62884618974173,1
43,1,17.75,62,6.62884618974173,7.11903636486562,1
43,1,17.75,62,7.11903636486562,7.60658441029381,1
43,1,17.75,62,7.60658441029381,7.85719348420824,1
43,1,17.75,62,7.85719348420824,7.95760357765872,1
43,1,17.75,62,7.95760357765872,8.29775334940254,1
43,1,17.75,62,8.29775334940254,8.56679385215658,1
43,1,17.75,62,8.56679385215658,8.62513832159327,1
43,1,17.75,62,8.62513832159327,8.72537450785749,1
43,1,17.75,62,8.72537450785749,8.81718660073398,1
43,1,17.75,62,8.81718660073398,9.17840330311644,1
43,1,17.75,62,9.17840330311644,9.29852837449642,1
43,1,17.75,62,9.29852837449642,10.1970747347755,1
43,1,17.75,62,10.1970747347755,10.3082414522863,1
43,1,17.75,62,10.3082414522863,10.4104798765304,1
43,1,17.75,62,10.4104798765304,10.4667939276449,1
43,1,17.75,62,10.4667939276449,10.7569408332708,1
43,1,17.75,62,10.7569408332708,11.0041961785801,1
43,1,17.75,62,11.0041961785801,11.0713492311954,1
43,1,17.75,62,11.0713492311954,11.0932361498872,1
43,1,17.75,62,11.0932361498872,11.7407849413012,1
43,1,17.75,62,11.7407849413012,11.7832242729767,1
43,1,17.75,62,11.7832242729767,11.8174569536059,1
43,1,17.75,62,11.8174569536059,11.8241898508995,1
43,1,17.75,62,11.8241898508995,11.944549012957,1
43,1,17.75,62,11.944549012957,12.1511638644038,1
43,1,17.75,62,12.1511638644038,12.2940113789346,1
43,1,17.75,62,12.2940113789346,12.7794152402084,1
43,1,17.75,62,12.7794152402084,12.9436072824126,1
43,1,17.75,62,12.9436072824126,13.0038108909187,1
43,1,17.75,62,13.0038108909187,13.3797240999696,1
43,1,17.75,62,13.3797240999696,13.8792266110945,1
43,1,17.75,62,13.8792266110945,13.9449174210209,1
43,1,17.75,62,13.9449174210209,14.4840878017539,1
43,1,17.75,62,14.4840878017539,14.6957062978613,1
43,1,17.75,62,14.6957062978613,14.8079557542672,1
43,1,17.75,62,14.8079557542672,15.0150123589106,1
43,1,17.75,62,15.0150123589106,15.0193456863974,1
43,1,17.75,62,15.0193456863974,15.0884908540021,1
43,1,17.75,62,15.0884908540021,15.1712643823244,1
43,1,17.75,62,15.1712643823244,15.4942745869938,1
43,1,17.75,62,15.4942745869938,15.5450999133477,1
43,1,17.75,62,15.5450999133477,15.837576393794,1
43,1,17.75,62,15.837576393794,15.9205398703845,1
43,1,17.75,62,15.9205398703845,16.0604710793025,1
43,1,17.75,62,16.0604710793025,16.3220326540696,1
43,1,17.75,62,16.3220326540696,16.328217801442,1
43,1,17.75,62,16.328217801442,16.3306812302698,1
43,1,17.75,62,16.3306812302698,16.4800591889483,1
43,1,17.75,62,16.4800591889483,16.7312088872055,1
43,1,17.75,62,16.7312088872055,16.7839498828772,1
43,1,17.75,62,16.7839498828772,16.8502243739832,1
43,1,17.75,62,16.8502243739832,17.058375685136,1
43,1,17.75,62,17.058375685136,17.4065266557803,1
43,1,17.75,62,17.4065266557803,17.6899056345114,1
43,1,17.75,62,17.6899056345114,17.7251390238837,1
43,1,17.75,62,17.7251390238837,17.75,0
44,1,14.75,4,0,0.134211413020011,1
44,1,14.75,4,0.134211413020011,0.220161974926436,1
44,1,14.75,4,0.220161974926436,6.34932865919548,1
44,1,14.75,4,6.34932865919548,9.79805901417974,1
44,1,14.75,4,9.79805901417974,14.75,0
45,1,19.75,1,0,14.7711615749731,1
45,1,19.75,1,14.7711615749731,19.75,0
46,1,16.75,14,0,2.3725463360553,1
46,1,16.75,14,2.3725463360553,3.86679985207807,1
46,1,16.75,14,3.86679985207807,4.23983071187385,1
46,1,16.75,14,4.23983071187385,5.20326115832067,1
46,1,16.75,14,5.20326115832067,11.7090026068394,1
46,1,16.75,14,11.7090026068394,11.7204998575907,1
46,1,16.75,14,11.7204998575907,11.7219352112872,1
46,1,16.75,14,11.7219352112872,12.0814387498212,1
46,1,16.75,14,12.0814387498212,12.1400471732404,1
46,1,16.75,14,12.1400471732404,13.5324883773856,1
46,1,16.75,14,13.5324883773856,13.9663017535802,1
46,1,16.75,14,13.9663017535802,14.0574527374448,1
46,1,16.75,14,14.0574527374448,14.4160674013752,1
46,1,16.75,14,14.4160674013752,15.311862389188,1
46,1,16.75,14,15.311862389188,16.75,0
47,1,10.75,10,0,1.66646485557287,1
47,1,10.75,10,1.66646485557287,1.96326258826081,1
47,1,10.75,10,1.96326258826081,4.78481230332199,1
47,1,10.75,10,4.78481230332199,6.78715158826075,1
47,1,10.75,10,6.78715158826075,7.13796361632009,1
47,1,10.75,10,7.13796361632009,8.61238749614209,1
47,1,10.75,10,8.61238749614209,9.60367736180665,1
47,1,10.75,10,9.60367736180665,9.98382787492592,1
47,1,10.75,10,9.98382787492592,10.4927109821247,1
47,1,10.75,10,10.4927109821247,10.6561574249156,1
47,1,10.75,10,10.6561574249156,10.75,0
48,1,20.75,70,0,3.07437908169247,1
48,1,20.75,70,3.07437908169247,4.0784594953088,1
48,1,20.75,70,4.0784594953088,6.09338705137607,1
48,1,20.75,70,6.09338705137607,7.56752073469549,1
48,1,20.75,70,7.56752073469549,7.78806251385855,1
48,1,20.75,70,7.78806251385855,8.09366941887617,1
48,1,20.75,70,8.09366941887617,9.03787443246369,1
48,1,20.75,70,9.03787443246369,9.63040717061484,1
48,1,20.75,70,9.63040717061484,9.7300106779786,1
48,1,20.75,70,9.7300106779786,10.0035040525015,1
48,1,20.75,70,10.0035040525015,10.2407073452723,1
48,1,20.75,70,10.2407073452723,10.5961828956986,1
48,1,20.75,70,10.5961828956986,10.7494563519443,1
48,1,20.75,70,10.7494563519443,10.7998779618632,1
48,1,20.75,70,10.7998779618632,11.3683842527777,1
48,1,20.75,70,11.3683842527777,11.4625393164236,1
48,1,20.75,70,11.4625393164236,11.5365103942902,1
48,1,20.75,70,11.5365103942902,11.6939508467641,1
48,1,20.75,70,11.6939508467641,11.8572273104705,1
48,1,20.75,70,11.8572273104705,11.9982412033168,1
48,1,20.75,70,11.9982412033168,12.7207395244373,1
48,1,20.75,70,12.7207395244373,12.7686020670628,1
48,1,20.75,70,12.7686020670628,13.1887804848908,1
48,1,20.75,70,13.1887804848908,14.1546968832855,1
48,1,20.75,70,14.1546968832855,14.5656420632378,1
48,1,20.75,70,14.5656420632378,14.7811312501853,1
48,1,20.75,70,14.7811312501853,14.7949325531792,1
48,1,20.75,70,14.7949325531792,14.8788571160324,1
48,1,20.75,70,14.8788571160324,14.9224670299176,1
48,1,20.75,70,14.9224670299176,15.2321247643671,1
48,1,20.75,70,15.2321247643671,15.2359617538327,1
48,1,20.75,70,15.2359617538327,15.7123514061505,1
48,1,20.75,70,15.7123514061505,15.8926318417444,1
48,1,20.75,70,15.8926318417444,15.9090707532455,1
48,1,20.75,70,15.9090707532455,16.4357617415814,1
48,1,20.75,70,16.4357617415814,16.4650593786077,1
48,1,20.75,70,16.4650593786077,16.8714169633083,1
48,1,20.75,70,16.8714169633083,16.8871236070579,1
48,1,20.75,70,16.8871236070579,16.9864879901266,1
48,1,20.75,70,16.9864879901266,17.1126936176004,1
48,1,20.75,70,17.1126936176004,17.2067895877292,1
48,1,20.75,70,17.2067895877292,17.3658545286282,1
48,1,20.75,70,17.3658545286282,17.3815264849706,1
48,1,20.75,70,17.3815264849706,17.5093621744975,1
48,1,20.75,70,17.5093621744975,17.5441548139821,1
48,1,20.75,70,17.5441548139821,17.7914061454478,1
48,1,20.75,70,17.7914061454478,18.0169986446273,1
48,1,20.75,70,18.0169986446273,18.117260476416,1
48,1,20.75,70,18.117260476416,18.1612101023467,1
48,1,20.75,70,18.1612101023467,18.4069642216205,1
48,1,20.75,70,18.4069642216205,18.4327092889928,1
48,1,20.75,70,18.4327092889928,18.6008130152178,1
48,1,20.75,70,18.6008130152178,18.6749588091804,1
48,1,20.75,70,18.6749588091804,19.0031761539889,1
48,1,20.75,70,19.0031761539889,19.0105018524559,1
48,1,20.75,70,19.0105018524559,19.2602609246046,1
48,1,20.75,70,19.2602609246046,19.2695310102806,1
48,1,20.75,70,19.2695310102806,19.3190268768904,1
48,1,20.75,70,19.3190268768904,19.4874112363969,1
48,1,20.75,70,19.4874112363969,19.6739068420305,1
48,1,20.75,70,19.6739068420305,19.7705131632545,1
48,1,20.75,70,19.7705131632545,19.8815230651583,1
48,1,20.75,70,19.8815230651583,19.908388099393,1
48,1,20.75,70,19.908388099393,20.1213397991049,1
48,1,20.75,70,20.1213397991049,20.1506090089691,1
48,1,20.75,70,20.1506090089691,20.1615862315876,1
48,1,20.75,70,20.1615862315876,20.2308785985577,1
48,1,20.75,70,20.2308785985577,20.4706706773498,1
48,1,20.75,70,20.4706706773498,20.6071733768137,1
48,1,20.75,70,20.6071733768137,20.6530293810795,1
48,1,20.75,70,20.6530293810795,20.75,0
49,1,11.75,2,0,5.97688123990123,1
49,1,11.75,2,5.97688123990123,7.7497918855739,1
49,1,11.75,2,7.7497918855739,11.75,0
50,1,19.75,1,0,0.691690776880844,1
50,1,19.75,1,0.691690776880844,19.75,0
51,1,8.75,0,0,8.75,0
52,1,13.75,4,0,0.0369066253564785,1
52,1,13.75,4,0.0369066253564785,0.111598938498115,1
52,1,13.75,4,0.111598938498115,0.252694023581302,1
52,1,13.75,4,0.252694023581302,1.15901460857861,1
52,1,13.75,4,1.15901460857861,13.75,0
53,1,15.75,39,0,1.96635867964152,1
53,1,15.75,39,1.96635867964152,3.05702423991017,1
53,1,15.75,39,3.05702423991017,3.98959547453044,1
53,1,15.75,39,3.98959547453044,4.19929571967348,1
53,1,15.75,39,4.19929571967348,4.57568278787482,1
53,1,15.75,39,4.57568278787482,5.17758490190177,1
53,1,15.75,39,5.17758490190177,6.01771865214772,1
53,1,15.75,39,6.01771865214772,7.05283741476387,1
53,1,15.75,39,7.05283741476387,7.17819711502013,1
53,1,15.75,39,7.17819711502013,7.25808612645573,1
53,1,15.75,39,7.25808612645573,7.93983762310978,1
53,1,15.75,39,7.93983762310978,8.0530839381189,1
53,1,15.75,39,8.0530839381189,8.13571378925353,1
53,1,15.75,39,8.13571378925353,8.43450126234733,1
53,1,15.75,39,8.43450126234733,8.51727547157507,1
53,1,15.75,39,8.51727547157507,8.89135625112181,1
53,1,15.75,39,8.89135625112181,8.94355321606789,1
53,1,15.75,39,8.94355321606789,9.35790549934912,1
53,1,15.75,39,9.35790549934912,9.76387090539965,1
53,1,15.75,39,9.76387090539965,10.6330228876056,1
53,1,15.75,39,10.6330228876056,10.8381221642649,1
53,1,15.75,39,10.8381221642649,10.9537243351849,1
53,1,15.75,39,10.9537243351849,11.153218483709,1
53,1,15.75,39,11.153218483709,11.3420525520137,1
53,1,15.75,39,11.3420525520137,11.3951806676473,1
53,1,15.75,39,11.3951806676473,12.0484884534913,1
53,1,15.75,39,12.0484884534913,12.1276947259537,1
53,1,15.75,39,12.1276947259537,12.1352870904857,1
53,1,15.75,39,12.1352870904857,12.490681659861,1
53,1,15.75,39,12.490681659861,12.5599775749182,1
53,1,15.75,39,12.5599775749182,14.181569132157,1
53,1,15.75,39,14.181569132157,14.3840740719023,1
53,1,15.75,39,14.3840740719023,14.4062170095517,1
53,1,15.75,39,14.4062170095517,14.6386750856709,1
53,1,15.75,39,14.6386750856709,14.6631200877341,1
53,1,15.75,39,14.6631200877341,14.8011003953541,1
53,1,15.75,39,14.8011003953541,15.3443184756799,1
53,1,15.75,39,15.3443184756799,15.4481345162645,1
53,1,15.75,39,15.4481345162645,15.5947588726096,1
53,1,15.75,39,15.5947588726096,15.75,0
54,1,12.75,1,0,12.5148058520578,1
54,1,12.75,1,12.5148058520578,12.75,0
55,1,14.75,1,0,10.8266263370783,1
55,1,14.75,1,10.8266263370783,14.75,0
56,1,15.75,1,0,2.24291115065116,1
56,1,15.75,1,2.24291115065116,15.75,0
57,1,14.75,3,0,1.50601694960773,1
57,1,14.75,3,1.50601694960773,1.7029470985113,1
57,1,14.75,3,1.7029470985113,2.0484281197924,1
57,1,14.75,3,2.0484281197924,14.75,0
58,1,18.75,79,0,3.25629537803232,1
58,1,18.75,79,3.25629537803232,4.48038239694963,1
58,1,18.75,79,4.48038239694963,4.55723213542115,1
58,1,18.75,79,4.55723213542115,5.45982972872838,1
58,1,18.75,79,5.45982972872838,5.91161016884669,1
58,1,18.75,79,5.91161016884669,6.24934005100777,1
58,1,18.75,79,6.24934005100777,6.99177697891037,1
58,1,18.75,79,6.99177697891037,7.16550642441587,1
58,1,18.75,79,7.16550642441587,7.28939782607479,1
58,1,18.75,79,7.28939782607479,7.41717167742168,1
58,1,18.75,79,7.41717167742168,7.76374078083353,1
58,1,18.75,79,7.76374078083353,7.82059332579479,1
58,1,18.75,79,7.82059332579479,7.91501764138339,1
58,1,18.75,79,7.91501764138339,8.72310021553135,1
58,1,18.75,79,8.72310021553135,9.19764175167116,1
58,1,18.75,79,9.19764175167116,9.22163933189984,1
58,1,18.75,79,9.22163933189984,9.31198915297991,1
58,1,18.75,79,9.31198915297991,9.46103959065456,1
58,1,18.75,79,9.46103959065456,9.74136016315362,1
58,1,18.75,79,9.74136016315362,10.0323034908219,1
58,1,18.75,79,10.0323034908219,10.4437730573678,1
58,1,18.75,79,10.4437730573678,10.6150557532245,1
58,1,18.75,79,10.6150557532245,10.7112194777401,1
58,1,18.75,79,10.7112194777401,11.0178957962271,1
58,1,18.75,79,11.0178957962271,11.3053372432345,1
58,1,18.75,79,11.3053372432345,11.3867709912455,1
58,1,18.75,79,11.3867709912455,11.4347849052117,1
58,1,18.75,79,11.4347849052117,11.4464428128009,1
58,1,18.75,79,11.4464428128009,11.6233043275264,1
58,1,18.75,79,11.6233043275264,11.7533635626282,1
58,1,18.75,79,11.7533635626282,12.426396284872,1
58,1,18.75,79,12.426396284872,12.6506835384461,1
58,1,18.75,79,12.6506835384461,12.8115477789042,1
58,1,18.75,79,12.8115477789042,13.1365146211926,1
58,1,18.75,79,13.1365146211926,13.1917502030693,1
58,1,18.75,79,13.1917502030693,13.220912689064,1
58,1,18.75,79,13.220912689064,13.2326080510738,1
58,1,18.75,79,13.2326080510738,13.3443954461502,1
58,1,18.75,79,13.3443954461502,13.4361422304692,1
58,1,18.75,79,13.4361422304692,13.4423561014327,1
58,1,18.75,79,13.4423561014327,13.4833685177275,1
58,1,18.75,79,13.4833685177275,13.5429488743519,1
58,1,18.75,79,13.5429488743519,14.2537261318067,1
58,1,18.75,79,14.2537261318067,14.5040549270275,1
58,1,18.75,79,14.5040549270275,14.5813004013775,1
58,1,18.75,79,14.5813004013775,14.6088925209454,1
58,1,18.75,79,14.6088925209454,14.8432331066458,1
58,1,18.75,79,14.8432331066458,14.8603141139259,1
58,1,18.75,79,14.8603141139259,15.3877079408119,1
58,1,18.75,79,15.3877079408119,15.4425434696535,1
58,1,18.75,79,15.4425434696535,15.4557401817109,1
58,1,18.75,79,15.4557401817109,15.4976119807966,1
58,1,18.75,79,15.4976119807966,15.5695946747713,1
58,1,18.75,79,15.5695946747713,15.9146935589283,1
58,1,18.75,79,15.9146935589283,16.0504406464402,1
58,1,18.75,79,16.0504406464402,16.2954556892029,1
58,1,18.75,79,16.2954556892029,16.3477459588213,1
58,1,18.75,79,16.3477459588213,16.4894966896159,1
58,1,18.75,79,16.4894966896159,16.5292915009441,1
58,1,18.75,79,16.5292915009441,16.9030547163534,1
58,1,18.75,79,16.9030547163534,16.9147367779015,1
58,1,18.75,79,16.9147367779015,17.0339204264409,1
58,1,18.75,79,17.0339204264409,17.070502032028,1
58,1,18.75,79,17.070502032028,17.0857468449029,1
58,1,18.75,79,17.0857468449029,17.0964003281202,1
58,1,18.75,79,17.0964003281202,17.1865785786615,1
58,1,18.75,79,17.1865785786615,17.4627260899657,1
58,1,18.75,79,17.4627260899657,17.5357555899272,1
58,1,18.75,79,17.5357555899272,17.5649928670354,1
58,1,18.75,79,17.5649928670354,17.5879428995014,1
58,1,18.75,79,17.5879428995014,17.752941832792,1
58,1,18.75,79,17.752941832792,17.8070347684705,1
58,1,18.75,79,17.8070347684705,17.9003634151446,1
58,1,18.75,79,17.9003634151446,18.0487379556775,1
58,1,18.75,79,18.0487379556775,18.4450580114783,1
58,1,18.75,79,18.4450580114783,18.4592229968177,1
58,1,18.75,79,18.4592229968177,18.4953559419337,1
58,1,18.75,79,18.4953559419337,18.5540996140653,1
58,1,18.75,79,18.5540996140653,18.7050078175119,1
58,1,18.75,79,18.7050078175119,18.75,0
59,1,19.75,2,0,2.37512344215504,1
59,1,19.75,2,2.37512344215504,10.7308427608858,1
59,1,19.75,2,10.7308427608858,19.75,0
60,1,16.75,40,0,3.03321868679111,1
60,1,16.75,40,3.03321868679111,5.10381977963341,1
60,1,16.75,40,5.10381977963341,5.54351501332548,1
60,1,16.75,40,5.54351501332548,5.56098223208908,1
60,1,16.75,40,5.56098223208908,6.65402255805094,1
60,1,16.75,40,6.65402255805094,6.71472206865621,1
60,1,16.75,40,6.71472206865621,6.72321931700028,1
60,1,16.75,40,6.72321931700028,6.86134598953141,1
60,1,16.75,40,6.86134598953141,8.97256055627462,1
60,1,16.75,40,8.97256055627462,8.9977427003461,1
60,1,16.75,40,8.9977427003461,9.05403275910891,1
60,1,16.75,40,9.05403275910891,9.22516884990241,1
60,1,16.75,40,9.22516884990241,9.23446015767674,1
60,1,16.75,40,9.23446015767674,9.446903538784,1
60,1,16.75,40,9.446903538784,9.8840650537672,1
60,1,16.75,40,9.8840650537672,10.7905630260744,1
60,1,16.75,40,10.7905630260744,11.0353080820692,1
60,1,16.75,40,11.0353080820692,11.1005458337536,1
60,1,16.75,40,11.1005458337536,11.1854287190103,1
60,1,16.75,40,11.1854287190103,11.7648340438577,1
60,1,16.75,40,11.7648340438577,12.7347546824706,1
60,1,16.75,40,12.7347546824706,12.8918140776676,1
60,1,16.75,40,12.8918140776676,13.3829859137993,1
60,1,16.75,40,13.3829859137993,13.5949274078596,1
60,1,16.75,40,13.5949274078596,13.6136464957905,1
60,1,16.75,40,13.6136464957905,13.8838178607905,1
60,1,16.75,40,13.8838178607905,14.1472087416688,1
60,1,16.75,40,14.1472087416688,14.2901975224142,1
60,1,16.75,40,14.2901975224142,14.2998383250377,1
60,1,16.75,40,14.2998383250377,14.5449399220191,1
60,1,16.75,40,14.5449399220191,14.6975515124059,1
60,1,16.75,40,14.6975515124059,15.8982468693078,1
60,1,16.75,40,15.8982468693078,16.0400115582508,1
60,1,16.75,40,16.0400115582508,16.045208677298,1
60,1,16.75,40,16.045208677298,16.2308353513245,1
60,1,16.75,40,16.2308353513245,16.3456272015437,1
60,1,16.75,40,16.3456272015437,16.4937583193313,1
60,1,16.75,40,16.4937583193313,16.5202582037223,1
60,1,16.75,40,16.5202582037223,16.5802899149697,1
60,1,16.75,40,16.5802899149697,16.7400503162363,1
60,1,16.75,40,16.7400503162363,16.75,0
61,1,20.75,57,0,4.02211019893081,1
61,1,20.75,57,4.02211019893081,5.48312348053524,1
61,1,20.75,57,5.48312348053524,5.87657173858292,1
61,1,20.75,57,5.87657173858292,6.44272009037362,1
61,1,20.75,57,6.44272009037362,6.69087953717442,1
61,1,20.75,57,6.69087953717442,7.05215649882226,1
61,1,20.75,57,7.05215649882226,7.90676093258117,1
61,1,20.75,57,7.90676093258117,7.97227111778112,1
61,1,20.75,57,7.97227111778112,8.08275961990848,1
61,1,20.75,57,8.08275961990848,8.45216448243588,1
61,1,20.75,57,8.45216448243588,10.1522401658597,1
61,1,20.75,57,10.1522401658597,11.0830459749545,1
61,1,20.75,57,11.0830459749545,11.2974753339149,1
61,1,20.75,57,11.2974753339149,11.8124153857533,1
61,1,20.75,57,11.8124153857533,11.821206324794,1
61,1,20.75,57,11.821206324794,11.8246997393844,1
61,1,20.75,57,11.8246997393844,12.0527787611384,1
61,1,20.75,57,12.0527787611384,12.3454671588747,1
61,1,20.75,57,12.3454671588747,12.4357627852906,1
61,1,20.75,57,12.4357627852906,13.2244122816012,1
61,1,20.75,57,13.2244122816012,13.3040761108385,1
61,1,20.75,57,13.3040761108385,13.3126565340709,1
61,1,20.75,57,13.3126565340709,14.2630341811057,1
61,1,20.75,57,14.2630341811057,15.0575655455022,1
61,1,20.75,57,15.0575655455022,15.1717109427882,1
61,1,20.75,57,15.1717109427882,15.2102368037286,1
61,1,20.75,57,15.2102368037286,15.3355819722929,1
61,1,20.75,57,15.3355819722929,15.4027225390547,1
61,1,20.75,57,15.4027225390547,15.4190502703657,1
61,1,20.75,57,15.4190502703657,15.5339160224937,1
61,1,20.75,57,15.5339160224937,15.5579224644701,1
61,1,20.75,57,15.5579224644701,15.7177603420033,1
61,1,20.75,57,15.7177603420033,16.4448945952459,1
61,1,20.75,57,16.4448945952459,16.6483075441854,1
61,1,20.75,57,16.6483075441854,16.6971840585087,1
61,1,20.75,57,16.6971840585087,16.8825103824845,1
61,1,20.75,57,16.8825103824845,17.2693698821801,1
61,1,20.75,57,17.2693698821801,17.2761730871162,1
61,1,20.75,57,17.2761730871162,17.3448762866765,1
61,1,20.75,57,17.3448762866765,17.3849919110622,1
61,1,20.75,57,17.3849919110622,17.6908662626747,1
61,1,20.75,57,17.6908662626747,17.9597036576968,1
61,1,20.75,57,17.9597036576968,18.21242204292,1
61,1,20.75,57,18.21242204292,18.2285034497375,1
61,1,20.75,57,18.2285034497375,18.4624939077122,1
61,1,20.75,57,18.4624939077122,18.5220606431203,1
61,1,20.75,57,18.5220606431203,18.5739078007013,1
61,1,20.75,57,18.5739078007013,18.7120310803041,1
61,1,20.75,57,18.7120310803041,18.7976034377013,1
61,1,20.75,57,18.7976034377013,19.2930501038946,1
61,1,20.75,57,19.2930501038946,19.4414969625854,1
61,1,20.75,57,19.4414969625854,19.7045198533777,1
61,1,20.75,57,19.7045198533777,20.2685885882441,1
61,1,20.75,57,20.2685885882441,20.2725300902468,1
61,1,20.75,57,20.2725300902468,20.3614662237925,1
61,1,20.75,57,20.3614662237925,20.3742316402346,1
61,1,20.75,57,20.3742316402346,20.6660879038645,1
61,1,20.75,57,20.6660879038645,20.75,0
62,1,9.75,1,0,0.00081714523717301,1
62,1,9.75,1,0.00081714523717301,9.75,0
63,1,8.75,4,0,0.259871595147384,1
63,1,8.75,4,0.259871595147384,0.363050785954961,1
63,1,8.75,4,0.363050785954961,0.370985482160408,1
63,1,8.75,4,0.370985482160408,1.60918576412844,1
63,1,8.75,4,1.60918576412844,8.75,0
64,1,10.75,8,0,3.55737884680841,1
64,1,10.75,8,3.55737884680841,4.00211923851477,1
64,1,10.75,8,4.00211923851477,4.0816609290682,1
64,1,10.75,8,4.0816609290682,5.66772609863593,1
64,1,10.75,8,5.66772609863593,6.126609866007,1
64,1,10.75,8,6.126609866007,7.57329812240414,1
64,1,10.75,8,7.57329812240414,7.90373326460487,1
64,1,10.75,8,7.90373326460487,8.74816509687089,1
64,1,10.75,8,8.74816509687089,10.75,0
65,1,15.75,0,0,15.75,0
66,1,14.75,18,0,5.51531040071042,1
66,1,14.75,18,5.51531040071042,6.54280958185323,1
66,1,14.75,18,6.54280958185323,8.18247302485169,1
66,1,14.75,18,8.18247302485169,9.50297493494374,1
66,1,14.75,18,9.50297493494374,9.50318180275899,1
66,1,14.75,18,9.50318180275899,10.5822758388537,1
66,1,14.75,18,10.5822758388537,11.839279631949,1
66,1,14.75,18,11.839279631949,11.9222749232317,1
66,1,14.75,18,11.9222749232317,12.2224356278089,1
66,1,14.75,18,12.2224356278089,12.3723127291607,1
66,1,14.75,18,12.3723127291607,12.6942262677456,1
66,1,14.75,18,12.6942262677456,12.853116501475,1
66,1,14.75,18,12.853116501475,13.2334543609086,1
66,1,14.75,18,13.2334543609086,13.6422946644654,1
66,1,14.75,18,13.6422946644654,13.8016776024435,1
66,1,14.75,18,13.8016776024435,13.8600156110328,1
66,1,14.75,18,13.8600156110328,14.3167316707282,1
66,1,14.75,18,14.3167316707282,14.4348438902261,1
66,1,14.75,18,14.4348438902261,14.75,0
67,1,15.75,17,0,5.29699806296034,1
67,1,15.75,17,5.29699806296034,5.64128723365284,1
67,1,15.75,17,5.64128723365284,8.24116248755015,1
67,1,15.75,17,8.24116248755015,8.42781467901406,1
67,1,15.75,17,8.42781467901406,8.5927218673859,1
67,1,15.75,17,8.5927218673859,8.77625090278656,1
67,1,15.75,17,8.77625090278656,8.95111987355822,1
67,1,15.75,17,8.95111987355822,9.26596472123878,1
67,1,15.75,17,9.26596472123878,9.56140469908329,1
67,1,15.75,17,9.56140469908329,10.0994423652814,1
67,1,15.75,17,10.0994423652814,12.6714055210929,1
67,1,15.75,17,12.6714055210929,12.904709123179,1
67,1,15.75,17,12.904709123179,12.9210842573214,1
67,1,15.75,17,12.9210842573214,14.4056538910902,1
67,1,15.75,17,14.4056538910902,14.5374626115024,1
67,1,15.75,17,14.5374626115024,14.8991922820633,1
67,1,15.75,17,14.8991922820633,15.1109940866152,1
67,1,15.75,17,15.1109940866152,15.75,0
68,1,10.75,12,0,2.25283546642128,1
68,1,10.75,12,2.25283546642128,6.87327688520541,1
68,1,10.75,12,6.87327688520541,6.90861882857021,1
68,1,10.75,12,6.90861882857021,7.4770666036998,1
68,1,10.75,12,7.4770666036998,7.61510318950251,1
68,1,10.75,12,7.61510318950251,7.68623170326164,1
68,1,10.75,12,7.68623170326164,8.17877745708387,1
68,1,10.75,12,8.17877745708387,8.24529589017246,1
68,1,10.75,12,8.24529589017246,9.42991892312164,1
68,1,10.75,12,9.42991892312164,9.60647538103173,1
68,1,10.75,12,9.60647538103173,10.5724991997197,1
68,1,10.75,12,10.5724991997197,10.7330253741286,1
68,1,10.75,12,10.7330253741286,10.75,0
69,1,14.75,2,0,1.54456903219785,1
69,1,14.75,2,1.54456903219785,7.56824306848112,1
69,1,14.75,2,7.56824306848112,14.75,0
70,1,13.75,40,0,1.55873954558486,1
70,1,13.75,40,1.55873954558486,4.11029133979518,1
70,1,13.75,40,4.11029133979518,5.52852123250899,1
70,1,13.75,40,5.52852123250899,6.01318220658653,1
70,1,13.75,40,6.01318220658653,6.22612409658544,1
70,1,13.75,40,6.22612409658544,6.23812934735146,1
70,1,13.75,40,6.23812934735146,6.48946635558059,1
70,1,13.75,40,6.48946635558059,6.59999410449725,1
70,1,13.75,40,6.59999410449725,6.70250578512901,1
70,1,13.75,40,6.70250578512901,7.0328502281035,1
70,1,13.75,40,7.0328502281035,7.03568013516619,1
70,1,13.75,40,7.03568013516619,7.37415025353744,1
70,1,13.75,40,7.37415025353744,7.55897348186019,1
70,1,13.75,40,7.55897348186019,7.90117441901333,1
70,1,13.75,40,7.90117441901333,7.96239590731004,1
70,1,13.75,40,7.96239590731004,8.00949329521544,1
70,1,13.75,40,8.00949329521544,8.80848852299335,1
70,1,13.75,40,8.80848852299335,8.93995663768216,1
70,1,13.75,40,8.93995663768216,9.01347494258152,1
70,1,13.75,40,9.01347494258152,9.91472309520776,1
70,1,13.75,40,9.91472309520776,9.95235061329415,1
70,1,13.75,40,9.95235061329415,10.0189259796781,1
70,1,13.75,40,10.0189259796781,10.1173655680629,1
70,1,13.75,40,10.1173655680629,10.5135965490971,1
70,1,13.75,40,10.5135965490971,10.6355812981574,1
70,1,13.75,40,10.6355812981574,10.6741353479402,1
70,1,13.75,40,10.6741353479402,10.7399604972146,1
70,1,13.75,40,10.7399604972146,10.7673572801849,1
70,1,13.75,40,10.7673572801849,11.0459775465632,1
70,1,13.75,40,11.0459775465632,11.0981895502453,1
70,1,13.75,40,11.0981895502453,11.9184416749123,1
70,1,13.75,40,11.9184416749123,12.4252166682438,1
70,1,13.75,40,12.4252166682438,13.3404193583091,1
70,1,13.75,40,13.3404193583091,13.3768119156775,1
70,1,13.75,40,13.3768119156775,13.4854364142473,1
70,1,13.75,40,13.4854364142473,13.4927885772213,1
70,1,13.75,40,13.4927885772213,13.4974957292866,1
70,1,13.75,40,13.4974957292866,13.5624080124437,1
70,1,13.75,40,13.5624080124437,13.6083828646279,1
70,1,13.75,40,13.6083828646279,13.6986322437629,1
70,1,13.75,40,13.6986322437629,13.75,0
71,1,10.75,1,0,0.950190947647766,1
71,1,10.75,1,0.950190947647766,10.75,0
72,1,11.75,1,0,0.294071113711211,1
72,1,11.75,1,0.294071113711211,11.75,0
73,1,10.75,0,0,10.75,0
74,1,20.75,46,0,3.77021615213825,1
74,1,20.75,46,3.77021615213825,6.36225907068354,1
74,1,20.75,46,6.36225907068354,6.53644640353219,1
74,1,20.75,46,6.53644640353219,7.54618835353865,1
74,1,20.75,46,7.54618835353865,8.72626366085105,1
74,1,20.75,46,8.72626366085105,9.99691515605525,1
74,1,20.75,46,9.99691515605525,10.3923701261703,1
74,1,20.75,46,10.3923701261703,11.8259146542222,1
74,1,20.75,46,11.8259146542222,12.7318325038442,1
74,1,20.75,46,12.7318325038442,13.2442471694704,1
74,1,20.75,46,13.2442471694704,13.3669306599739,1
74,1,20.75,46,13.3669306599739,13.3945824646118,1
74,1,20.75,46,13.3945824646118,14.0758387974231,1
74,1,20.75,46,14.0758387974231,14.1658624589941,1
74,1,20.75,46,14.1658624589941,14.4173526062085,1
74,1,20.75,46,14.4173526062085,14.4928332334525,1
74,1,20.75,46,14.4928332334525,14.559003044295,1
74,1,20.75,46,14.559003044295,15.0830441040137,1
74,1,20.75,46,15.0830441040137,15.6708409591574,1
74,1,20.75,46,15.6708409591574,15.9014932528795,1
74,1,20.75,46,15.9014932528795,16.102782576067,1
74,1,20.75,46,16.102782576067,16.3153295371381,1
74,1,20.75,46,16.3153295371381,16.4023236113746,1
74,1,20.75,46,16.4023236113746,16.4742757761826,1
74,1,20.75,46,16.4742757761826,17.0778915104135,1
74,1,20.75,46,17.0778915104135,17.4082860191922,1
74,1,20.75,46,17.4082860191922,17.7960626207693,1
74,1,20.75,46,17.7960626207693,18.0786365216498,1
74,1,20.75,46,18.0786365216498,18.1219852746925,1
74,1,20.75,46,18.1219852746925,18.24485329409,1
74,1,20.75,46,18.24485329409,18.3658455007503,1
74,1,20.75,46,18.3658455007503,18.3822426428039,1
74,1,20.75,46,18.3822426428039,18.5290507545411,1
74,1,20.75,46,18.5290507545411,18.5723285631429,1
74,1,20.75,46,18.5723285631429,18.7872687256172,1
74,1,20.75,46,18.7872687256172,18.8942612469838,1
74,1,20.75,46,18.8942612469838,19.1437641474758,1
74,1,20.75,46,19.1437641474758,19.3893102374392,1
74,1,20.75,46,19.3893102374392,19.5212551232797,1
74,1,20.75,46,19.5212551232797,19.6297144769699,1
74,1,20.75,46,19.6297144769699,19.7672760773205,1
74,1,20.75,46,19.7672760773205,19.9405462857982,1
74,1,20.75,46,19.9405462857982,20.0714918334659,1
74,1,20.75,46,20.0714918334659,20.1289116321166,1
74,1,20.75,46,20.1289116321166,20.2506614419925,1
74,1,20.75,46,20.2506614419925,20.3751477392841,1
74,1,20.75,46,20.3751477392841,20.75,0
75,1,15.75,1,0,1.86723317693011,1
75,1,15.75,1,1.86723317693011,15.75,0
76,1,16.75,1,0,0.000970897972417048,1
76,1,16.75,1,0.000970897972417048,16.75,0
77,1,9.75,3,0,0.540977801403681,1
77,1,9.75,3,0.540977801403681,0.852371719156494,1
77,1,9.75,3,0.852371719156494,4.45641758434719,1
77,1,9.75,3,4.45641758434719,9.75,0
78,1,14.75,1,0,1.42529689659008,1
78,1,14.75,1,1.42529689659008,14.75,0
79,1,14.75,36,0,4.43846652924022,1
79,1,14.75,36,4.43846652924022,5.42332153236833,1
79,1,14.75,36,5.42332153236833,5.63595309531733,1
79,1,14.75,36,5.63595309531733,5.92704245162741,1
79,1,14.75,36,5.92704245162741,6.25477157764826,1
79,1,14.75,36,6.25477157764826,6.53680452637656,1
79,1,14.75,36,6.53680452637656,7.20717976458973,1
79,1,14.75,36,7.20717976458973,7.52719560102651,1
79,1,14.75,36,7.52719560102651,8.63084774458515,1
79,1,14.75,36,8.63084774458515,9.05277731413622,1
79,1,14.75,36,9.05277731413622,9.43164306356501,1
79,1,14.75,36,9.43164306356501,9.50070443306847,1
79,1,14.75,36,9.50070443306847,9.75004006629929,1
79,1,14.75,36,9.75004006629929,10.0136592313123,1
79,1,14.75,36,10.0136592313123,10.1188081569909,1
79,1,14.75,36,10.1188081569909,10.3035073633074,1
79,1,14.75,36,10.3035073633074,10.4793306484466,1
79,1,14.75,36,10.4793306484466,10.6269954645713,1
79,1,14.75,36,10.6269954645713,10.991694775632,1
79,1,14.75,36,10.991694775632,11.0136587840693,1
79,1,14.75,36,11.0136587840693,11.353616096287,1
79,1,14.75,36,11.353616096287,11.61218144075,1
79,1,14.75,36,11.61218144075,11.6918752649912,1
79,1,14.75,36,11.6918752649912,11.7705740974431,1
79,1,14.75,36,11.7705740974431,11.9542960024261,1
79,1,14.75,36,11.9542960024261,12.5768556036267,1
79,1,14.75,36,12.5768556036267,13.0998756265999,1
79,1,14.75,36,13.0998756265999,13.3512570539903,1
79,1,14.75,36,13.3512570539903,13.4761883992457,1
79,1,14.75,36,13.4761883992457,13.4993878526426,1
79,1,14.75,36,13.4993878526426,13.7136865359445,1
79,1,14.75,36,13.7136865359445,13.8642643317003,1
79,1,14.75,36,13.8642643317003,14.2806678158191,1
79,1,14.75,36,14.2806678158191,14.3929132477325,1
79,1,14.75,36,14.3929132477325,14.4576716405688,1
79,1,14.75,36,14.4576716405688,14.473073222066,1
79,1,14.75,36,14.473073222066,14.75,0
80,1,11.75,2,0,0.202179549658149,1
80,1,11.75,2,0.202179549658149,2.85601871351596,1
80,1,11.75,2,2.85601871351596,11.75,0
81,1,20.75,91,0,3.46810442773394,1
81,1,20.75,91,3.46810442773394,6.38777924318966,1
81,1,20.75,91,6.38777924318966,6.40219074113058,1
81,1,20.75,91,6.40219074113058,6.63083414807651,1
81,1,20.75,91,6.63083414807651,7.20983416502244,1
81,1,20.75,91,7.20983416502244,7.30638347541346,1
81,1,20.75,91,7.30638347541346,7.84096602939384,1
81,1,20.75,91,7.84096602939384,7.88181803008286,1
81,1,20.75,91,7.88181803008286,7.88234330533864,1
81,1,20.75,91,7.88234330533864,8.18159348652238,1
81,1,20.75,91,8.18159348652238,8.22818966386853,1
81,1,20.75,91,8.22818966386853,8.36398138455177,1
81,1,20.75,91,8.36398138455177,8.45394339550038,1
81,1,20.75,91,8.45394339550038,10.0391102333884,1
81,1,20.75,91,10.0391102333884,10.1397936696308,1
81,1,20.75,91,10.1397936696308,10.1647557451653,1
81,1,20.75,91,10.1647557451653,10.4537825757917,1
81,1,20.75,91,10.4537825757917,11.2970869056052,1
81,1,20.75,91,11.2970869056052,11.4231182409866,1
81,1,20.75,91,11.4231182409866,11.6876587367852,1
81,1,20.75,91,11.6876587367852,11.6899137953868,1
81,1,20.75,91,11.6899137953868,11.7703223671031,1
81,1,20.75,91,11.7703223671031,11.9596017048478,1
81,1,20.75,91,11.9596017048478,12.2220139386104,1
81,1,20.75,91,12.2220139386104,12.5309341573507,1
81,1,20.75,91,12.5309341573507,12.5502397049998,1
81,1,20.75,91,12.5502397049998,12.5972884838831,1
81,1,20.75,91,12.5972884838831,12.6019209543775,1
81,1,20.75,91,12.6019209543775,12.6273246012886,1
81,1,20.75,91,12.6273246012886,12.7845827105515,1
81,1,20.75,91,12.7845827105515,12.8304538675744,1
81,1,20.75,91,12.8304538675744,12.959750251385,1
81,1,20.75,91,12.959750251385,13.4144300556523,1
81,1,20.75,91,13.4144300556523,13.588765372686,1
81,1,20.75,91,13.588765372686,13.606104124912,1
81,1,20.75,91,13.606104124912,13.6805558742412,1
81,1,20.75,91,13.6805558742412,13.7152924675298,1
81,1,20.75,91,13.7152924675298,13.7781214775874,1
81,1,20.75,91,13.7781214775874,13.8496920002603,1
81,1,20.75,91,13.8496920002603,13.9247118422099,1
81,1,20.75,91,13.9247118422099,14.2580196757432,1
81,1,20.75,91,14.2580196757432,14.3087812772118,1
81,1,20.75,91,14.3087812772118,14.4917193252792,1
81,1,20.75,91,14.4917193252792,14.6476366646018,1
81,1,20.75,91,14.6476366646018,14.7513118293571,1
81,1,20.75,91,14.7513118293571,14.9645931026266,1
81,1,20.75,91,14.9645931026266,15.0598601549171,1
81,1,20.75,91,15.0598601549171,15.113389392615,1
81,1,20.75,91,15.113389392615,15.3414693904119,1
81,1,20.75,91,15.3414693904119,15.5882385340608,1
81,1,20.75,91,15.5882385340608,15.6679581386622,1
81,1,20.75,91,15.6679581386622,15.7195099586427,1
81,1,20.75,91,15.7195099586427,15.7800763347218,1
81,1,20.75,91,15.7800763347218,15.7973445146202,1
81,1,20.75,91,15.7973445146202,15.7992317952895,1
81,1,20.75,91,15.7992317952895,15.8914267318451,1
81,1,20.75,91,15.8914267318451,16.1625737743336,1
81,1,20.75,91,16.1625737743336,16.1995618820101,1
81,1,20.75,91,16.1995618820101,16.2325670858116,1
81,1,20.75,91,16.2325670858116,16.2874362770717,1
81,1,20.75,91,16.2874362770717,16.4252767308219,1
81,1,20.75,91,16.4252767308219,16.6337556059383,1
81,1,20.75,91,16.6337556059383,16.9742426848187,1
81,1,20.75,91,16.9742426848187,17.0504870134964,1
81,1,20.75,91,17.0504870134964,17.138340976317,1
81,1,20.75,91,17.138340976317,17.1706831798397,1
81,1,20.75,91,17.1706831798397,17.4664196920053,1
81,1,20.75,91,17.4664196920053,17.5502757066902,1
81,1,20.75,91,17.5502757066902,17.5864212006669,1
81,1,20.75,91,17.5864212006669,17.7782134438066,1
81,1,20.75,91,17.7782134438066,18.0667790725706,1
81,1,20.75,91,18.0667790725706,18.1031139548802,1
81,1,20.75,91,18.1031139548802,18.2095314655262,1
81,1,20.75,91,18.2095314655262,18.2933599601929,1
81,1,20.75,91,18.2933599601929,18.3051632749814,1
81,1,20.75,91,18.3051632749814,18.4556778028935,1
81,1,20.75,91,18.4556778028935,18.5998122190455,1
81,1,20.75,91,18.5998122190455,18.6938984082409,1
81,1,20.75,91,18.6938984082409,18.7245245752515,1
81,1,20.75,91,18.7245245752515,18.7791168914124,1
81,1,20.75,91,18.7791168914124,18.9468167515332,1
81,1,20.75,91,18.9468167515332,19.3086448640444,1
81,1,20.75,91,19.3086448640444,19.7148268078468,1
81,1,20.75,91,19.7148268078468,20.0362300251036,1
81,1,20.75,91,20.0362300251036,20.0889871705605,1
81,1,20.75,91,20.0889871705605,20.1520258868104,1
81,1,20.75,91,20.1520258868104,20.2673219287413,1
81,1,20.75,91,20.2673219287413,20.4021310118239,1
81,1,20.75,91,20.4021310118239,20.4333176954712,1
81,1,20.75,91,20.4333176954712,20.4918849145585,1
81,1,20.75,91,20.4918849145585,20.4981528602233,1
81,1,20.75,91,20.4981528602233,20.75,0
82,1,19.75,3,0,0.164298899535468,1
82,1,19.75,3,0.164298899535468,4.22588408577422,1
82,1,19.75,3,4.22588408577422,8.57267113906686,1
82,1,19.75,3,8.57267113906686,19.75,0
83,1,17.75,5,0,0.097249642387501,1
83,1,17.75,5,0.097249642387501,1.14735614013279,1
83,1,17.75,5,1.14735614013279,4.86562171282776,1
83,1,17.75,5,4.86562171282776,5.14879945633608,1
83,1,17.75,5,5.14879945633608,9.23810370290858,1
83,1,17.75,5,9.23810370290858,17.75,0
84,1,9.75,0,0,9.75,0
85,1,14.75,0,0,14.75,0
86,1,10.75,2,0,6.02414780041887,1
86,1,10.75,2,6.02414780041887,10.206619589003,1
86,1,10.75,2,10.206619589003,10.75,0
87,1,13.75,0,0,13.75,0
88,1,8.75,2,0,7.47118977572581,1
88,1,8.75,2,7.47118977572581,8.73832883687371,1
88,1,8.75,2,8.73832883687371,8.75,0
89,1,8.75,1,0,3.47426531498109,1
89,1,8.75,1,3.47426531498109,8.75,0
90,1,11.75,35,0,2.14784921920909,1
90,1,11.75,35,2.14784921920909,2.64548716596082,1
90,1,11.75,35,2.64548716596082,3.72364070475574,1
90,1,11.75,35,3.72364070475574,4.21197301782462,1
90,1,11.75,35,4.21197301782462,5.21705474057467,1
90,1,11.75,35,5.21705474057467,5.63517138792059,1
90,1,11.75,35,5.63517138792059,6.81479605917319,1
90,1,11.75,35,6.81479605917319,6.95148120202428,1
90,1,11.75,35,6.95148120202428,7.35112329262292,1
90,1,11.75,35,7.35112329262292,7.54819147568371,1
90,1,11.75,35,7.54819147568371,7.63722143228812,1
90,1,11.75,35,7.63722143228812,8.27145223645896,1
90,1,11.75,35,8.27145223645896,8.40602386239079,1
90,1,11.75,35,8.40602386239079,8.4460102315713,1
90,1,11.75,35,8.4460102315713,8.46105234545926,1
90,1,11.75,35,8.46105234545926,9.35465470481457,1
90,1,11.75,35,9.35465470481457,9.39218571199659,1
90,1,11.75,35,9.39218571199659,9.48450656520738,1
90,1,11.75,35,9.48450656520738,9.591243093878,1
90,1,11.75,35,9.591243093878,9.63362463303927,1
90,1,11.75,35,9.63362463303927,9.7069536158402,1
90,1,11.75,35,9.7069536158402,9.78933621790626,1
90,1,11.75,35,9.78933621790626,10.051350797674,1
90,1,11.75,35,10.051350797674,10.058299546925,1
90,1,11.75,35,10.058299546925,10.1038865430126,1
90,1,11.75,35,10.1038865430126,10.3117708036303,1
90,1,11.75,35,10.3117708036303,10.3447172576047,1
90,1,11.75,35,10.3447172576047,10.6060434282349,1
90,1,11.75,35,10.6060434282349,10.649045039098,1
90,1,11.75,35,10.649045039098,10.7696962800834,1
90,1,11.75,35,10.7696962800834,10.8042717265822,1
90,1,11.75,35,10.8042717265822,10.9873087282273,1
90,1,11.75,35,10.9873087282273,11.1004112704399,1
90,1,11.75,35,11.1004112704399,11.2921830188978,1
90,1,11.75,35,11.2921830188978,11.388108796268,1
90,1,11.75,35,11.388108796268,11.75,0
91,1,14.75,19,0,5.12290402481698,1
91,1,14.75,19,5.12290402481698,6.38539508308166,1
91,1,14.75,19,6.38539508308166,7.69825076618834,1
91,1,14.75,19,7.69825076618834,9.46409544904019,1
91,1,14.75,19,9.46409544904019,9.75704521738333,1
91,1,14.75,19,9.75704521738333,9.82512802563883,1
91,1,14.75,19,9.82512802563883,10.5620823044319,1
91,1,14.75,19,10.5620823044319,10.8131987569023,1
91,1,14.75,19,10.8131987569023,10.8838503588939,1
91,1,14.75,19,10.8838503588939,11.0554370617631,1
91,1,14.75,19,11.0554370617631,11.0915713045703,1
91,1,14.75,19,11.0915713045703,11.3285884087291,1
91,1,14.75,19,11.3285884087291,12.0504968120206,1
91,1,14.75,19,12.0504968120206,12.4026163983692,1
91,1,14.75,19,12.4026163983692,12.6071148344289,1
91,1,14.75,19,12.6071148344289,13.06456048729,1
91,1,14.75,19,13.06456048729,13.1628436250198,1
91,1,14.75,19,13.1628436250198,13.3394290425489,1
91,1,14.75,19,13.3394290425489,14.3801869562288,1
91,1,14.75,19,14.3801869562288,14.75,0
92,1,13.75,0,0,13.75,0
93,1,10.75,11,0,2.90172154524193,1
93,1,10.75,11,2.90172154524193,3.00031562158587,1
93,1,10.75,11,3.00031562158587,5.5980402553441,1
93,1,10.75,11,5.5980402553441,6.38508059782906,1
93,1,10.75,11,6.38508059782906,6.92078645136828,1
93,1,10.75,11,6.92078645136828,7.02656395767013,1
93,1,10.75,11,7.02656395767013,8.20523852434899,1
93,1,10.75,11,8.20523852434899,8.86734248940869,1
93,1,10.75,11,8.86734248940869,8.98601039471176,1
93,1,10.75,11,8.98601039471176,9.58019649990481,1
93,1,10.75,11,9.58019649990481,10.0383438081622,1
93,1,10.75,11,10.0383438081622,10.75,0
94,1,12.75,2,0,0.0218266362065643,1
94,1,12.75,2,0.0218266362065643,6.83257687131203,1
94,1,12.75,2,6.83257687131203,12.75,0
95,1,11.75,0,0,11.75,0
96,1,11.75,5,0,0.0025249103855689,1
96,1,11.75,5,0.0025249103855689,0.092102985905226,1
96,1,11.75,5,0.092102985905226,0.250504367168641,1
96,1,11.75,5,0.250504367168641,2.35175472339395,1
96,1,11.75,5,2.35175472339395,10.0297671115529,1
96,1,11.75,5,10.0297671115529,11.75,0
97,1,18.75,43,0,2.39262859006927,1
97,1,18.75,43,2.39262859006927,6.63977004534372,1
97,1,18.75,43,6.63977004534372,7.05088272106274,1
97,1,18.75,43,7.05088272106274,8.41774089216603,1
97,1,18.75,43,8.41774089216603,8.79776078891979,1
97,1,18.75,43,8.79776078891979,8.94293008439351,1
97,1,18.75,43,8.94293008439351,9.47189758017646,1
97,1,18.75,43,9.47189758017646,10.8245645083833,1
97,1,18.75,43,10.8245645083833,11.2652180721198,1
97,1,18.75,43,11.2652180721198,11.4562238288636,1
97,1,18.75,43,11.4562238288636,12.2082591564433,1
97,1,18.75,43,12.2082591564433,12.6056483465366,1
97,1,18.75,43,12.6056483465366,12.6211557612074,1
97,1,18.75,43,12.6211557612074,12.6661976763221,1
97,1,18.75,43,12.6661976763221,13.7516659853706,1
97,1,18.75,43,13.7516659853706,13.8492649291561,1
97,1,18.75,43,13.8492649291561,13.9658657982714,1
97,1,18.75,43,13.9658657982714,14.5725048205633,1
97,1,18.75,43,14.5725048205633,14.5845425994566,1
97,1,18.75,43,14.5845425994566,14.7244282001928,1
97,1,18.75,43,14.7244282001928,15.6070046477298,1
97,1,18.75,43,15.6070046477298,15.6617521314172,1
97,1,18.75,43,15.6617521314172,16.162539748668,1
97,1,18.75,43,16.162539748668,16.5798949341521,1
97,1,18.75,43,16.5798949341521,16.5930579467271,1
97,1,18.75,43,16.5930579467271,16.8940614290329,1
97,1,18.75,43,16.8940614290329,17.2437736140364,1
97,1,18.75,43,17.2437736140364,17.3239904509726,1
97,1,18.75,43,17.3239904509726,17.4432726487262,1
97,1,18.75,43,17.4432726487262,17.5036409664755,1
97,1,18.75,43,17.5036409664755,17.5051574135453,1
97,1,18.75,43,17.5051574135453,17.7958990816713,1
97,1,18.75,43,17.7958990816713,17.8919415455412,1
97,1,18.75,43,17.8919415455412,17.9446328449111,1
97,1,18.75,43,17.9446328449111,18.0766434490545,1
97,1,18.75,43,18.0766434490545,18.1060417658554,1
97,1,18.75,43,18.1060417658554,18.1501673701406,1
97,1,18.75,43,18.1501673701406,18.2510553087863,1
97,1,18.75,43,18.2510553087863,18.2569905262471,1
97,1,18.75,43,18.2569905262471,18.2738345639237,1
97,1,18.75,43,18.2738345639237,18.4220936754759,1
97,1,18.75,43,18.4220936754759,18.5287381383333,1
97,1,18.75,43,18.5287381383333,18.6790831081972,1
97,1,18.75,43,18.6790831081972,18.75,0
98,1,19.75,6,0,0.97615706071941,1
98,1,19.75,6,0.97615706071941,1.29780626438591,1
98,1,19.75,6,1.29780626438591,10.6297445269167,1
98,1,19.75,6,10.6297445269167,11.0461381365453,1
98,1,19.75,6,11.0461381365453,11.1791768887438,1
98,1,19.75,6,11.1791768887438,19.0011470325218,1
98,1,19.75,6,19.0011470325218,19.75,0
99,1,14.75,1,0,13.1664613261918,1
99,1,14.75,1,13.1664613261918,14.75,0
100,1,14.75,32,0,5.1439014740874,1
100,1,14.75,32,5.1439014740874,5.85888807026434,1
100,1,14.75,32,5.85888807026434,6.29244094539775,1
100,1,14.75,32,6.29244094539775,6.8755092208913,1
100,1,14.75,32,6.8755092208913,7.22742161656075,1
100,1,14.75,32,7.22742161656075,7.34668674854732,1
100,1,14.75,32,7.34668674854732,7.53960976926671,1
100,1,14.75,32,7.53960976926671,8.42744560677229,1
100,1,14.75,32,8.42744560677229,8.52356653399732,1
100,1,14.75,32,8.52356653399732,8.54275885314991,1
100,1,14.75,32,8.54275885314991,8.97347136505234,1
100,1,14.75,32,8.97347136505234,8.97704423665482,1
100,1,14.75,32,8.97704423665482,9.26809301540495,1
100,1,14.75,32,9.26809301540495,9.66064169807697,1
100,1,14.75,32,9.66064169807697,10.3470596782173,1
100,1,14.75,32,10.3470596782173,10.3693315714717,1
100,1,14.75,32,10.3693315714717,10.8182786695266,1
100,1,14.75,32,10.8182786695266,10.900451132165,1
100,1,14.75,32,10.900451132165,11.2992655091136,1
100,1,14.75,32,11.2992655091136,11.3173709532447,1
100,1,14.75,32,11.3173709532447,11.5317451027425,1
100,1,14.75,32,11.5317451027425,11.5717918764145,1
100,1,14.75,32,11.5717918764145,11.6382684024664,1
100,1,14.75,32,11.6382684024664,11.7510720982923,1
100,1,14.75,32,11.7510720982923,11.8635705222358,1
100,1,14.75,32,11.8635705222358,12.2602551189985,1
100,1,14.75,32,12.2602551189985,12.2916304868032,1
100,1,14.75,32,12.2916304868032,12.3673853541876,1
100,1,14.75,32,12.3673853541876,12.8823421888407,1
100,1,14.75,32,12.8823421888407,13.7312529817191,1
100,1,14.75,32,13.7312529817191,14.1643379129808,1
100,1,14.75,32,14.1643379129808,14.5968281348063,1
100,1,14.75,32,14.5968281348063,14.75,0
101,1,12.75,1,0,12.6234984016195,1
101,1,12.75,1,12.6234984016195,12.75,0
102,1,12.75,12,0,3.00822523545794,1
102,1,12.75,12,3.00822523545794,4.99077405862298,1
102,1,12.75,12,4.99077405862298,5.13873457956088,1
102,1,12.75,12,5.13873457956088,7.52537673466145,1
102,1,12.75,12,7.52537673466145,7.5388122711027,1
102,1,12.75,12,7.5388122711027,7.78032188201559,1
102,1,12.75,12,7.78032188201559,10.9135730478302,1
102,1,12.75,12,10.9135730478302,10.9537995920808,1
102,1,12.75,12,10.9537995920808,10.9782455601747,1
102,1,12.75,12,10.9782455601747,12.124393357796,1
102,1,12.75,12,12.124393357796,12.1738049347981,1
102,1,12.75,12,12.1738049347981,12.6961235710635,1
102,1,12.75,12,12.6961235710635,12.75,0
103,1,13.75,2,0,3.26107702673866,1
103,1,13.75,2,3.26107702673866,3.83349986268421,1
103,1,13.75,2,3.83349986268421,13.75,0
104,1,12.75,0,0,12.75,0
105,1,19.75,4,0,0.197081160798429,1
105,1,19.75,4,0.197081160798429,5.06702294550631,1
105,1,19.75,4,5.06702294550631,6.49751149062786,1
105,1,19.75,4,6.49751149062786,10.4273734489578,1
105,1,19.75,4,10.4273734489578,19.75,0
106,1,8.75,1,0,5.53381691691361,1
106,1,8.75,1,5.53381691691361,8.75,0
107,1,14.75,7,0,0.235087277653758,1
107,1,14.75,7,0.235087277653758,0.641902153674179,1
107,1,14.75,7,0.641902153674179,2.86569963636311,1
107,1,14.75,7,2.86569963636311,3.41824891477837,1
107,1,14.75,7,3.41824891477837,3.56337884076021,1
107,1,14.75,7,3.56337884076021,5.18887346499226,1
107,1,14.75,7,5.18887346499226,7.49703770832393,1
107,1,14.75,7,7.49703770832393,14.75,0
108,1,16.75,3,0,1.73876355018972,1
108,1,16.75,3,1.73876355018972,2.81002802326255,1
108,1,16.75,3,2.81002802326255,8.42771055115905,1
108,1,16.75,3,8.42771055115905,16.75,0
109,1,11.75,4,0,4.10992791742112,1
109,1,11.75,4,4.10992791742112,6.58642131318032,1
109,1,11.75,4,6.58642131318032,11.2595510856427,1
109,1,11.75,4,11.2595510856427,11.4350679873455,1
109,1,11.75,4,11.4350679873455,11.75,0
110,1,17.75,37,0,6.71125946909007,1
110,1,17.75,37,6.71125946909007,8.3482433873126,1
110,1,17.75,37,8.3482433873126,8.58728475717961,1
110,1,17.75,37,8.58728475717961,8.92010223157896,1
110,1,17.75,37,8.92010223157896,8.92577175500281,1
110,1,17.75,37,8.92577175500281,9.44939308243299,1
110,1,17.75,37,9.44939308243299,9.58316067822305,1
110,1,17.75,37,9.58316067822305,10.5419979503754,1
110,1,17.75,37,10.5419979503754,10.6100255156062,1
110,1,17.75,37,10.6100255156062,11.0682639815007,1
110,1,17.75,37,11.0682639815007,11.0733730776087,1
110,1,17.75,37,11.0733730776087,11.251972079935,1
110,1,17.75,37,11.251972079935,11.3194340707602,1
110,1,17.75,37,11.3194340707602,11.5750613344439,1
110,1,17.75,37,11.5750613344439,12.1402558107243,1
110,1,17.75,37,12.1402558107243,12.5471202848822,1
110,1,17.75,37,12.5471202848822,14.2316282370128,1
110,1,17.75,37,14.2316282370128,14.466636683985,1
110,1,17.75,37,14.466636683985,14.5937814807089,1
110,1,17.75,37,14.5937814807089,14.5938666019311,1
110,1,17.75,37,14.5938666019311,15.0114837327426,1
110,1,17.75,37,15.0114837327426,15.486073056735,1
110,1,17.75,37,15.486073056735,15.5350643761507,1
110,1,17.75,37,15.5350643761507,15.6083032916122,1
110,1,17.75,37,15.6083032916122,15.6617741123202,1
110,1,17.75,37,15.6617741123202,15.8328024185226,1
110,1,17.75,37,15.8328024185226,15.9311319516004,1
110,1,17.75,37,15.9311319516004,16.6730309735759,1
110,1,17.75,37,16.6730309735759,16.7042075970018,1
110,1,17.75,37,16.7042075970018,16.9291145710985,1
110,1,17.75,37,16.9291145710985,17.0673879762482,1
110,1,17.75,37,17.0673879762482,17.0903223876104,1
110,1,17.75,37,17.0903223876104,17.1736050114094,1
110,1,17.75,37,17.1736050114094,17.2413109145928,1
110,1,17.75,37,17.2413109145928,17.38159706517,1
110,1,17.75,37,17.38159706517,17.4481516709705,1
110,1,17.75,37,17.4481516709705,17.6558075834358,1
110,1,17.75,37,17.6558075834358,17.75,0
111,1,8.75,2,0,1.12824218855985,1
111,1,8.75,2,1.12824218855985,1.46533876279381,1
111,1,8.75,2,1.46533876279381,8.75,0
112,1,12.75,2,0,0.00590344383819245,1
112,1,12.75,2,0.00590344383819245,10.1081959002357,1
112,1,12.75,2,10.1081959002357,12.75,0
113,1,8.75,1,0,0.0075227012678239,1
113,1,8.75,1,0.0075227012678239,8.75,0
114,1,8.75,0,0,8.75,0
115,1,12.75,1,0,12.5100922221774,1
115,1,12.75,1,12.5100922221774,12.75,0
116,1,8.75,6,0,6.62279434788415,1
116,1,8.75,6,6.62279434788415,7.4423020408421,1
116,1,8.75,6,7.4423020408421,7.77150846953632,1
116,1,8.75,6,7.77150846953632,8.23943664326305,1
116,1,8.75,6,8.23943664326305,8.25852632466268,1
116,1,8.75,6,8.25852632466268,8.35232439321279,1
116,1,8.75,6,8.35232439321279,8.75,0
117,1,16.75,45,0,2.39729751611939,1
117,1,16.75,45,2.39729751611939,4.4393506470181,1
117,1,16.75,45,4.4393506470181,5.32832319946674,1
117,1,16.75,45,5.32832319946674,5.40539878967755,1
117,1,16.75,45,5.40539878967755,5.7481557677076,1
117,1,16.75,45,5.7481557677076,6.73854623545714,1
117,1,16.75,45,6.73854623545714,7.3817256542331,1
117,1,16.75,45,7.3817256542331,8.40044357799113,1
117,1,16.75,45,8.40044357799113,9.15715894246534,1
117,1,16.75,45,9.15715894246534,9.54178585152829,1
117,1,16.75,45,9.54178585152829,10.5394603955342,1
117,1,16.75,45,10.5394603955342,11.2526937805184,1
117,1,16.75,45,11.2526937805184,11.4076051659151,1
117,1,16.75,45,11.4076051659151,11.869721484279,1
117,1,16.75,45,11.869721484279,12.1234571221371,1
117,1,16.75,45,12.1234571221371,12.1635784737055,1
117,1,16.75,45,12.1635784737055,12.343193123522,1
117,1,16.75,45,12.343193123522,12.457637968507,1
117,1,16.75,45,12.457637968507,12.6788851775245,1
117,1,16.75,45,12.6788851775245,12.7207790131976,1
117,1,16.75,45,12.7207790131976,12.8292839952131,1
117,1,16.75,45,12.8292839952131,12.9020472039892,1
117,1,16.75,45,12.9020472039892,12.9387313199126,1
117,1,16.75,45,12.9387313199126,13.0121634000056,1
117,1,16.75,45,13.0121634000056,14.0634554497409,1
117,1,16.75,45,14.0634554497409,14.1167775039218,1
117,1,16.75,45,14.1167775039218,14.2003279878594,1
117,1,16.75,45,14.2003279878594,14.3861358943034,1
117,1,16.75,45,14.3861358943034,14.5023979713037,1
117,1,16.75,45,14.5023979713037,14.639316012204,1
117,1,16.75,45,14.639316012204,14.7547111455708,1
117,1,16.75,45,14.7547111455708,14.8361981123995,1
117,1,16.75,45,14.8361981123995,14.8699586605029,1
117,1,16.75,45,14.8699586605029,14.982789365261,1
117,1,16.75,45,14.982789365261,15.0341737955433,1
117,1,16.75,45,15.0341737955433,15.2424106094419,1
117,1,16.75,45,15.2424106094419,15.2939515501202,1
117,1,16.75,45,15.2939515501202,15.3459330444146,1
117,1,16.75,45,15.3459330444146,15.8266402056979,1
117,1,16.75,45,15.8266402056979,15.9585228311251,1
117,1,16.75,45,15.9585228311251,15.9957209214156,1
117,1,16.75,45,15.9957209214156,16.0867759709024,1
117,1,16.75,45,16.0867759709024,16.186544766463,1
117,1,16.75,45,16.186544766463,16.3261882283101,1
117,1,16.75,45,16.3261882283101,16.5249876013238,1
117,1,16.75,45,16.5249876013238,16.75,0
118,1,14.75,1,0,2.26424852431513,1
118,1,14.75,1,2.26424852431513,14.75,0
119,1,15.75,3,0,1.94535646833439,1
119,1,15.75,3,1.94535646833439,5.40128355568557,1
119,1,15.75,3,5.40128355568557,10.4103724971816,1
119,1,15.75,3,10.4103724971816,15.75,0
120,1,11.75,1,0,0.793690246278937,1
120,1,11.75,1,0.793690246278937,11.75,0
121,1,11.75,2,0,0.376382431481938,1
121,1,11.75,2,0.376382431481938,1.39260375432525,1
121,1,11.75,2,1.39260375432525,11.75,0
122,1,16.75,4,0,2.59770415006724,1
122,1,16.75,4,2.59770415006724,9.81903689320209,1
122,1,16.75,4,9.81903689320209,13.6234652152025,1
122,1,16.75,4,13.6234652152025,15.5605974296013,1
122,1,16.75,4,15.5605974296013,16.75,0
123,1,17.75,43,0,5.49734065554748,1
123,1,17.75,43,5.49734065554748,6.67419285113579,1
123,1,17.75,43,6.67419285113579,7.08997855558486,1
123,1,17.75,43,7.08997855558486,9.0536012346725,1
123,1,17.75,43,9.0536012346725,9.44006681607292,1
123,1,17.75,43,9.44006681607292,9.61069443352136,1
123,1,17.75,43,9.61069443352136,10.132771068395,1
123,1,17.75,43,10.132771068395,10.3605344322874,1
123,1,17.75,43,10.3605344322874,10.4141156096564,1
123,1,17.75,43,10.4141156096564,10.7188349775712,1
123,1,17.75,43,10.7188349775712,10.8916644690929,1
123,1,17.75,43,10.8916644690929,11.0075541137439,1
123,1,17.75,43,11.0075541137439,11.9469297943723,1
123,1,17.75,43,11.9469297943723,12.1074645452993,1
123,1,17.75,43,12.1074645452993,12.111453071142,1
123,1,17.75,43,12.111453071142,12.2754600323305,1
123,1,17.75,43,12.2754600323305,12.4931859665011,1
123,1,17.75,43,12.4931859665011,12.8217482076914,1
123,1,17.75,43,12.8217482076914,12.9462152280287,1
123,1,17.75,43,12.9462152280287,12.9912389539249,1
123,1,17.75,43,12.9912389539249,13.0727554599918,1
123,1,17.75,43,13.0727554599918,13.2990688500412,1
123,1,17.75,43,13.2990688500412,13.4787260301943,1
123,1,17.75,43,13.4787260301943,13.5994622592108,1
123,1,17.75,43,13.5994622592108,13.6489084569661,1
123,1,17.75,43,13.6489084569661,13.9481282622086,1
123,1,17.75,43,13.9481282622086,14.0687531774213,1
123,1,17.75,43,14.0687531774213,14.9271501740755,1
123,1,17.75,43,14.9271501740755,15.0411524414955,1
123,1,17.75,43,15.0411524414955,15.239869533346,1
123,1,17.75,43,15.239869533346,15.4539352972476,1
123,1,17.75,43,15.4539352972476,15.5947282722606,1
123,1,17.75,43,15.5947282722606,15.7972270095237,1
123,1,17.75,43,15.7972270095237,15.8250451261709,1
123,1,17.75,43,15.8250451261709,16.0822500975409,1
123,1,17.75,43,16.0822500975409,16.1091445304171,1
123,1,17.75,43,16.1091445304171,16.252784837131,1
123,1,17.75,43,16.252784837131,16.3622085799831,1
123,1,17.75,43,16.3622085799831,16.7667174322744,1
123,1,17.75,43,16.7667174322744,17.3522072411134,1
123,1,17.75,43,17.3522072411134,17.4835726288542,1
123,1,17.75,43,17.4835726288542,17.5900718308094,1
123,1,17.75,43,17.5900718308094,17.7049524698597,1
123,1,17.75,43,17.7049524698597,17.75,0
124,1,14.75,18,0,3.17799235938391,1
124,1,14.75,18,3.17799235938391,5.64623243241348,1
124,1,14.75,18,5.64623243241348,6.15428126001655,1
124,1,14.75,18,6.15428126001655,6.77614850774494,1
124,1,14.75,18,6.77614850774494,6.85319613282897,1
124,1,14.75,18,6.85319613282897,7.05349284955704,1
124,1,14.75,18,7.05349284955704,7.45443095840619,1
124,1,14.75,18,7.45443095840619,9.93917569739402,1
124,1,14.75,18,9.93917569739402,10.6501926817803,1
124,1,14.75,18,10.6501926817803,11.6445124235614,1
124,1,14.75,18,11.6445124235614,11.8785439253901,1
124,1,14.75,18,11.8785439253901,12.8008491794485,1
124,1,14.75,18,12.8008491794485,13.0282526727032,1
124,1,14.75,18,13.0282526727032,13.593910773107,1
124,1,14.75,18,13.593910773107,13.6699163101473,1
124,1,14.75,18,13.6699163101473,13.8135467689676,1
124,1,14.75,18,13.8135467689676,13.8370110174072,1
124,1,14.75,18,13.8370110174072,14.1080076610742,1
124,1,14.75,18,14.1080076610742,14.75,0
125,1,10.75,1,0,4.95928757699249,1
125,1,10.75,1,4.95928757699249,10.75,0
126,1,14.75,3,0,5.63826429316556e-07,1
126,1,14.75,3,5.63826429316556e-07,1.6014377865993,1
126,1,14.75,3,1.6014377865993,13.314238363143,1
126,1,14.75,3,13.314238363143,14.75,0
127,1,15.75,53,0,2.94231285827828,1
127,1,15.75,53,2.94231285827828,3.22240621787246,1
127,1,15.75,53,3.22240621787246,4.02094323507087,1
127,1,15.75,53,4.02094323507087,4.47135963426647,1
127,1,15.75,53,4.47135963426647,5.60982806054604,1
127,1,15.75,53,5.60982806054604,5.76494409132482,1
127,1,15.75,53,5.76494409132482,5.92332880588324,1
127,1,15.75,53,5.92332880588324,6.58936071028704,1
127,1,15.75,53,6.58936071028704,6.64896105611171,1
127,1,15.75,53,6.64896105611171,6.88306109151795,1
127,1,15.75,53,6.88306109151795,7.91671654011383,1
127,1,15.75,53,7.91671654011383,8.18253858697421,1
127,1,15.75,53,8.18253858697421,8.32456354047264,1
127,1,15.75,53,8.32456354047264,8.5787140140849,1
127,1,15.75,53,8.5787140140849,8.78611123094101,1
127,1,15.75,53,8.78611123094101,8.9824464410281,1
127,1,15.75,53,8.9824464410281,9.20246308626413,1
127,1,15.75,53,9.20246308626413,9.26080719670481,1
127,1,15.75,53,9.26080719670481,9.65063058372324,1
127,1,15.75,53,9.65063058372324,9.76643285225264,1
127,1,15.75,53,9.76643285225264,10.2143815438601,1
127,1,15.75,53,10.2143815438601,10.4582227860926,1
127,1,15.75,53,10.4582227860926,10.6246774324666,1
127,1,15.75,53,10.6246774324666,10.7135182900465,1
127,1,15.75,53,10.7135182900465,10.7300168325879,1
127,1,15.75,53,10.7300168325879,10.7692461772824,1
127,1,15.75,53,10.7692461772824,10.8862155772008,1
127,1,15.75,53,10.8862155772008,11.267136252384,1
127,1,15.75,53,11.267136252384,11.4497983100056,1
127,1,15.75,53,11.4497983100056,11.7899324234924,1
127,1,15.75,53,11.7899324234924,11.9830637359789,1
127,1,15.75,53,11.9830637359789,11.9908395327633,1
127,1,15.75,53,11.9908395327633,12.3164341761386,1
127,1,15.75,53,12.3164341761386,12.6947760303355,1
127,1,15.75,53,12.6947760303355,12.7119351238301,1
127,1,15.75,53,12.7119351238301,12.9629013308516,1
127,1,15.75,53,12.9629013308516,12.9731602599716,1
127,1,15.75,53,12.9731602599716,13.472259407227,1
127,1,15.75,53,13.472259407227,13.8111934141712,1
127,1,15.75,53,13.8111934141712,14.0494883034685,1
127,1,15.75,53,14.0494883034685,14.1577912806482,1
127,1,15.75,53,14.1577912806482,14.179905898146,1
127,1,15.75,53,14.179905898146,14.8742522436635,1
127,1,15.75,53,14.8742522436635,14.9481056874815,1
127,1,15.75,53,14.9481056874815,15.0087121995293,1
127,1,15.75,53,15.0087121995293,15.0765163981206,1
127,1,15.75,53,15.0765163981206,15.3795566409509,1
127,1,15.75,53,15.3795566409509,15.4593550884845,1
127,1,15.75,53,15.4593550884845,15.5187580677539,1
127,1,15.75,53,15.5187580677539,15.6064335351961,1
127,1,15.75,53,15.6064335351961,15.6467309662806,1
127,1,15.75,53,15.6467309662806,15.6955509014217,1
127,1,15.75,53,15.6955509014217,15.6992969524841,1
127,1,15.75,53,15.6992969524841,15.75,0
128,1,15.75,0,0,15.75,0
129,1,16.75,11,0,0.0120699044375198,1
129,1,16.75,11,0.0120699044375198,0.103272297970609,1
129,1,16.75,11,0.103272297970609,0.244842482753968,1
129,1,16.75,11,0.244842482753968,1.62387963299739,1
129,1,16.75,11,1.62387963299739,1.65228998928745,1
129,1,16.75,11,1.65228998928745,2.14164278187111,1
129,1,16.75,11,2.14164278187111,2.47253076565372,1
129,1,16.75,11,2.47253076565372,7.06434908717065,1
129,1,16.75,11,7.06434908717065,8.70534172829106,1
129,1,16.75,11,8.70534172829106,10.4671894786158,1
129,1,16.75,11,10.4671894786158,11.9461648989014,1
129,1,16.75,11,11.9461648989014,16.75,0
130,1,13.75,1,0,0.0444290727435695,1
130,1,13.75,1,0.0444290727435695,13.75,0
131,1,15.75,31,0,2.838483809024,1
131,1,15.75,31,2.838483809024,3.80908313224426,1
131,1,15.75,31,3.80908313224426,5.09737460495832,1
131,1,15.75,31,5.09737460495832,6.79759148771203,1
131,1,15.75,31,6.79759148771203,6.82157280045823,1
131,1,15.75,31,6.82157280045823,7.13633691325185,1
131,1,15.75,31,7.13633691325185,7.84909846142611,1
131,1,15.75,31,7.84909846142611,8.05300368197694,1
131,1,15.75,31,8.05300368197694,8.35360382324329,1
131,1,15.75,31,8.35360382324329,8.76297983432269,1
131,1,15.75,31,8.76297983432269,8.78604068287048,1
131,1,15.75,31,8.78604068287048,9.13597162710816,1
131,1,15.75,31,9.13597162710816,9.41791569975293,1
131,1,15.75,31,9.41791569975293,10.3336035282506,1
131,1,15.75,31,10.3336035282506,11.8495603140812,1
131,1,15.75,31,11.8495603140812,12.0725577220612,1
131,1,15.75,31,12.0725577220612,12.7552185581158,1
131,1,15.75,31,12.7552185581158,12.9598860409688,1
131,1,15.75,31,12.9598860409688,13.4583036271704,1
131,1,15.75,31,13.4583036271704,13.5675462939192,1
131,1,15.75,31,13.5675462939192,13.5973455909462,1
131,1,15.75,31,13.5973455909462,13.8110278761416,1
131,1,15.75,31,13.8110278761416,13.8201126814912,1
131,1,15.75,31,13.8201126814912,13.916723153261,1
131,1,15.75,31,13.916723153261,14.019669798491,1
131,1,15.75,31,14.019669798491,14.0617478796502,1
131,1,15.75,31,14.0617478796502,14.0868532820524,1
131,1,15.75,31,14.0868532820524,14.2845401551899,1
131,1,15.75,31,14.2845401551899,14.38257407558,1
131,1,15.75,31,14.38257407558,14.4448509774819,1
131,1,15.75,31,14.4448509774819,15.0935014175024,1
131,1,15.75,31,15.0935014175024,15.75,0
132,1,14.75,2,0,0.599526410874707,1
132,1,14.75,2,0.599526410874707,7.00138388533937,1
132,1,14.75,2,7.00138388533937,14.75,0
133,1,19.75,0,0,19.75,0
134,1,17.75,69,0,1.71775485313035,1
134,1,17.75,69,1.71775485313035,3.90070032643787,1
134,1,17.75,69,3.90070032643787,4.37335232603568,1
134,1,17.75,69,4.37335232603568,4.59941619195868,1
134,1,17.75,69,4.59941619195868,4.75219824666481,1
134,1,17.75,69,4.75219824666481,7.02647448630557,1
134,1,17.75,69,7.02647448630557,7.6566702823865,1
134,1,17.75,69,7.6566702823865,8.03746726515815,1
134,1,17.75,69,8.03746726515815,8.10451979361086,1
134,1,17.75,69,8.10451979361086,8.56425876370882,1
134,1,17.75,69,8.56425876370882,9.18360252265082,1
134,1,17.75,69,9.18360252265082,9.55070457878729,1
134,1,17.75,69,9.55070457878729,9.76780312653632,1
134,1,17.75,69,9.76780312653632,9.78464681948596,1
134,1,17.75,69,9.78464681948596,9.78994514987501,1
134,1,17.75,69,9.78994514987501,9.85954751453773,1
134,1,17.75,69,9.85954751453773,9.954979842054,1
134,1,17.75,69,9.954979842054,10.5307082494224,1
134,1,17.75,69,10.5307082494224,10.7791531484699,1
134,1,17.75,69,10.7791531484699,11.3077343274206,1
134,1,17.75,69,11.3077343274206,11.482592589302,1
134,1,17.75,69,11.482592589302,11.6062401941769,1
134,1,17.75,69,11.6062401941769,11.6600647065505,1
134,1,17.75,69,11.6600647065505,11.8068211590113,1
134,1,17.75,69,11.8068211590113,11.8079938660685,1
134,1,17.75,69,11.8079938660685,11.896386005967,1
134,1,17.75,69,11.896386005967,12.1896728989151,1
134,1,17.75,69,12.1896728989151,12.234025059703,1
134,1,17.75,69,12.234025059703,12.2529626879129,1
134,1,17.75,69,12.2529626879129,12.379682424849,1
134,1,17.75,69,12.379682424849,12.4887997399742,1
134,1,17.75,69,12.4887997399742,12.7593698189465,1
134,1,17.75,69,12.7593698189465,13.0942289782371,1
134,1,17.75,69,13.0942289782371,13.4215982192374,1
134,1,17.75,69,13.4215982192374,13.4644966735054,1
134,1,17.75,69,13.4644966735054,13.5089727968237,1
134,1,17.75,69,13.5089727968237,13.5392617371272,1
134,1,17.75,69,13.5392617371272,13.5859531049301,1
134,1,17.75,69,13.5859531049301,13.7808546384173,1
134,1,17.75,69,13.7808546384173,14.3985871544585,1
134,1,17.75,69,14.3985871544585,14.4022673361132,1
134,1,17.75,69,14.4022673361132,14.78680528595,1
134,1,17.75,69,14.78680528595,14.8318922908655,1
134,1,17.75,69,14.8318922908655,15.3410155751196,1
134,1,17.75,69,15.3410155751196,15.4058735746213,1
134,1,17.75,69,15.4058735746213,15.4415871788515,1
134,1,17.75,69,15.4415871788515,15.464997243796,1
134,1,17.75,69,15.464997243796,15.4696539478495,1
134,1,17.75,69,15.4696539478495,15.4801012505928,1
134,1,17.75,69,15.4801012505928,15.5094253257884,1
134,1,17.75,69,15.5094253257884,15.5463697645264,1
134,1,17.75,69,15.5463697645264,15.6404152626102,1
134,1,17.75,69,15.6404152626102,15.7277644366963,1
134,1,17.75,69,15.7277644366963,15.7377033169945,1
134,1,17.75,69,15.7377033169945,16.0548459367452,1
134,1,17.75,69,16.0548459367452,16.1079447710481,1
134,1,17.75,69,16.1079447710481,16.223511100214,1
134,1,17.75,69,16.223511100214,16.3949868600974,1
134,1,17.75,69,16.3949868600974,16.3953823348967,1
134,1,17.75,69,16.3953823348967,16.477348431604,1
134,1,17.75,69,16.477348431604,16.7505753476551,1
134,1,17.75,69,16.7505753476551,17.0376425176693,1
134,1,17.75,69,17.0376425176693,17.1867324278143,1
134,1,17.75,69,17.1867324278143,17.2523617819016,1
134,1,17.75,69,17.2523617819016,17.3267339969818,1
134,1,17.75,69,17.3267339969818,17.3323526334533,1
134,1,17.75,69,17.3323526334533,17.6185946101255,1
134,1,17.75,69,17.6185946101255,17.6477360005738,1
134,1,17.75,69,17.6477360005738,17.7292322973912,1
134,1,17.75,69,17.7292322973912,17.75,0
135,1,13.75,2,0,0.115117919843965,1
135,1,13.75,2,0.115117919843965,4.99694262170653,1
135,1,13.75,2,4.99694262170653,13.75,0
136,1,11.75,31,0,2.80631780590706,1
136,1,11.75,31,2.80631780590706,3.85357052232179,1
136,1,11.75,31,3.85357052232179,3.92694615096121,1
136,1,11.75,31,3.92694615096121,4.24282143818337,1
136,1,11.75,31,4.24282143818337,5.18893321722204,1
136,1,11.75,31,5.18893321722204,5.73140314357796,1
136,1,11.75,31,5.73140314357796,6.10756301088936,1
136,1,11.75,31,6.10756301088936,6.31604093782947,1
136,1,11.75,31,6.31604093782947,6.49336407325244,1
136,1,11.75,31,6.49336407325244,6.72940200018754,1
136,1,11.75,31,6.72940200018754,6.92597469914344,1
136,1,11.75,31,6.92597469914344,8.00813777764247,1
136,1,11.75,31,8.00813777764247,8.34711155705618,1
136,1,11.75,31,8.34711155705618,8.57507241990742,1
136,1,11.75,31,8.57507241990742,8.61791996817064,1
136,1,11.75,31,8.61791996817064,8.69531642573669,1
136,1,11.75,31,8.69531642573669,8.87755097685941,1
136,1,11.75,31,8.87755097685941,9.38572227727619,1
136,1,11.75,31,9.38572227727619,9.52501087878419,1
136,1,11.75,31,9.52501087878419,9.81350087477311,1
136,1,11.75,31,9.81350087477311,9.87665663449201,1
136,1,11.75,31,9.87665663449201,10.1582193141159,1
136,1,11.75,31,10.1582193141159,10.5719788767496,1
136,1,11.75,31,10.5719788767496,10.9857448582936,1
136,1,11.75,31,10.9857448582936,11.0855744860785,1
136,1,11.75,31,11.0855744860785,11.3004086849276,1
136,1,11.75,31,11.3004086849276,11.3705187215296,1
136,1,11.75,31,11.3705187215296,11.4122108835963,1
136,1,11.75,31,11.4122108835963,11.4227271367468,1
136,1,11.75,31,11.4227271367468,11.4557232447517,1
136,1,11.75,31,11.4557232447517,11.5112745398195,1
136,1,11.75,31,11.5112745398195,11.75,0
137,1,11.75,0,0,11.75,0
138,1,17.75,46,0,3.31719196176117,1
138,1,17.75,46,3.31719196176117,4.01729744207884,1
138,1,17.75,46,4.01729744207884,4.66580121064216,1
138,1,17.75,46,4.66580121064216,6.30888190509573,1
138,1,17.75,46,6.30888190509573,7.6765523086204,1
138,1,17.75,46,7.6765523086204,7.73045491967551,1
138,1,17.75,46,7.73045491967551,8.30230167241988,1
138,1,17.75,46,8.30230167241988,8.39104340773705,1
138,1,17.75,46,8.39104340773705,9.04823519402257,1
138,1,17.75,46,9.04823519402257,9.46972608747449,1
138,1,17.75,46,9.46972608747449,9.75210000441197,1
138,1,17.75,46,9.75210000441197,10.2917468316755,1
138,1,17.75,46,10.2917468316755,10.5557088298241,1
138,1,17.75,46,10.5557088298241,10.69793816639,1
138,1,17.75,46,10.69793816639,11.1168382106873,1
138,1,17.75,46,11.1168382106873,11.1411472408062,1
138,1,17.75,46,11.1411472408062,11.3420476024525,1
138,1,17.75,46,11.3420476024525,11.3513180068606,1
138,1,17.75,46,11.3513180068606,11.9721750153118,1
138,1,17.75,46,11.9721750153118,12.2005028592392,1
138,1,17.75,46,12.2005028592392,12.5811925167277,1
138,1,17.75,46,12.5811925167277,13.4827243406106,1
138,1,17.75,46,13.4827243406106,13.5015238284353,1
138,1,17.75,46,13.5015238284353,13.547895096402,1
138,1,17.75,46,13.547895096402,13.6689262331419,1
138,1,17.75,46,13.6689262331419,14.0409323994336,1
138,1,17.75,46,14.0409323994336,14.0765188308604,1
138,1,17.75,46,14.0765188308604,14.6416932356035,1
138,1,17.75,46,14.6416932356035,14.721582652129,1
138,1,17.75,46,14.721582652129,14.7527217253211,1
138,1,17.75,46,14.7527217253211,14.8641928095477,1
138,1,17.75,46,14.8641928095477,14.9363321167153,1
138,1,17.75,46,14.9363321167153,15.1627666554338,1
138,1,17.75,46,15.1627666554338,15.3347444178111,1
138,1,17.75,46,15.3347444178111,15.362500672465,1
138,1,17.75,46,15.362500672465,15.3706160788869,1
138,1,17.75,46,15.3706160788869,15.5314572984639,1
138,1,17.75,46,15.5314572984639,15.9106113826184,1
138,1,17.75,46,15.9106113826184,16.0996757398123,1
138,1,17.75,46,16.0996757398123,16.4222587802552,1
138,1,17.75,46,16.4222587802552,17.1125879586131,1
138,1,17.75,46,17.1125879586131,17.3496841270591,1
138,1,17.75,46,17.3496841270591,17.4442106691959,1
138,1,17.75,46,17.4442106691959,17.5735487386758,1
138,1,17.75,46,17.5735487386758,17.6297688100344,1
138,1,17.75,46,17.6297688100344,17.6519457611172,1
138,1,17.75,46,17.6519457611172,17.75,0
139,1,13.75,21,0,4.25587524073134,1
139,1,13.75,21,4.25587524073134,5.69556866110763,1
139,1,13.75,21,5.69556866110763,6.338144571881,1
139,1,13.75,21,6.338144571881,7.48802672900873,1
139,1,13.75,21,7.48802672900873,8.0686461922984,1
139,1,13.75,21,8.0686461922984,8.33504498771047,1
139,1,13.75,21,8.33504498771047,8.50634850769051,1
139,1,13.75,21,8.50634850769051,8.66744391624913,1
139,1,13.75,21,8.66744391624913,8.89473814528436,1
139,1,13.75,21,8.89473814528436,9.01954984151278,1
139,1,13.75,21,9.01954984151278,10.2685532681808,1
139,1,13.75,21,10.2685532681808,10.5319471797812,1
139,1,13.75,21,10.5319471797812,10.9805868645901,1
139,1,13.75,21,10.9805868645901,11.0330155613394,1
139,1,13.75,21,11.0330155613394,11.6006685230532,1
139,1,13.75,21,11.6006685230532,11.8270559027896,1
139,1,13.75,21,11.8270559027896,12.0213318630702,1
139,1,13.75,21,12.0213318630702,12.2550529936982,1
139,1,13.75,21,12.2550529936982,12.4478454075954,1
139,1,13.75,21,12.4478454075954,12.4638019544011,1
139,1,13.75,21,12.4638019544011,13.6322676531319,1
139,1,13.75,21,13.6322676531319,13.75,0
140,1,16.75,1,0,1.30679580923468,1
140,1,16.75,1,1.30679580923468,16.75,0
141,1,14.75,1,0,3.58138060324207,1
141,1,14.75,1,3.58138060324207,14.75,0
142,1,8.75,1,0,1.69715631961295,1
142,1,8.75,1,1.69715631961295,8.75,0
143,1,19.75,0,0,19.75,0
144,1,12.75,1,0,0.000177881028221582,1
144,1,12.75,1,0.000177881028221582,12.75,0
145,1,11.75,0,0,11.75,0
146,1,17.75,2,0,16.7939934355628,1
146,1,17.75,2,16.7939934355628,16.9652759748977,1
146,1,17.75,2,16.9652759748977,17.75,0
147,1,19.75,66,0,2.98681609156671,1
147,1,19.75,66,2.98681609156671,3.42202340701306,1
147,1,19.75,66,3.42202340701306,4.07349151973967,1
147,1,19.75,66,4.07349151973967,4.29911654284372,1
147,1,19.75,66,4.29911654284372,5.37896446867922,1
147,1,19.75,66,5.37896446867922,5.77496727420957,1
147,1,19.75,66,5.77496727420957,5.87870285574025,1
147,1,19.75,66,5.87870285574025,8.40598517507844,1
147,1,19.75,66,8.40598517507844,8.85942630122592,1
147,1,19.75,66,8.85942630122592,8.89089832818697,1
147,1,19.75,66,8.89089832818697,9.34550037945332,1
147,1,19.75,66,9.34550037945332,9.35927623441335,1
147,1,19.75,66,9.35927623441335,9.63908968496869,1
147,1,19.75,66,9.63908968496869,9.65542170061115,1
147,1,19.75,66,9.65542170061115,9.71344571363584,1
147,1,19.75,66,9.71344571363584,10.1111089827117,1
147,1,19.75,66,10.1111089827117,11.4053065406275,1
147,1,19.75,66,11.4053065406275,11.4575736219544,1
147,1,19.75,66,11.4575736219544,11.8525234617885,1
147,1,19.75,66,11.8525234617885,11.9613681105392,1
147,1,19.75,66,11.9613681105392,12.5967333114171,1
147,1,19.75,66,12.5967333114171,12.6104203089627,1
147,1,19.75,66,12.6104203089627,12.7517514668709,1
147,1,19.75,66,12.7517514668709,12.8710604878357,1
147,1,19.75,66,12.8710604878357,12.9561764678332,1
147,1,19.75,66,12.9561764678332,13.6711096976139,1
147,1,19.75,66,13.6711096976139,14.0111541536955,1
147,1,19.75,66,14.0111541536955,14.0986584907999,1
147,1,19.75,66,14.0986584907999,14.3049594430623,1
147,1,19.75,66,14.3049594430623,14.3337886774582,1
147,1,19.75,66,14.3337886774582,14.3424328696096,1
147,1,19.75,66,14.3424328696096,14.5744581660123,1
147,1,19.75,66,14.5744581660123,15.2863824257113,1
147,1,19.75,66,15.2863824257113,15.8189109963795,1
147,1,19.75,66,15.8189109963795,15.844822818386,1
147,1,19.75,66,15.844822818386,16.119956359691,1
147,1,19.75,66,16.119956359691,16.4360049483675,1
147,1,19.75,66,16.4360049483675,16.8501700952852,1
147,1,19.75,66,16.8501700952852,16.9839347786853,1
147,1,19.75,66,16.9839347786853,17.0196866704084,1
147,1,19.75,66,17.0196866704084,17.0348436972759,1
147,1,19.75,66,17.0348436972759,17.2396284420621,1
147,1,19.75,66,17.2396284420621,17.3747583592905,1
147,1,19.75,66,17.3747583592905,17.7198397545085,1
147,1,19.75,66,17.7198397545085,17.8392555954512,1
147,1,19.75,66,17.8392555954512,17.9274152404545,1
147,1,19.75,66,17.9274152404545,18.2048280316962,1
147,1,19.75,66,18.2048280316962,18.4185535548203,1
147,1,19.75,66,18.4185535548203,18.6361089964229,1
147,1,19.75,66,18.6361089964229,18.7224772433975,1
147,1,19.75,66,18.7224772433975,18.9535093378,1
147,1,19.75,66,18.9535093378,19.0288262981179,1
147,1,19.75,66,19.0288262981179,19.124416565178,1
147,1,19.75,66,19.124416565178,19.2168748294623,1
147,1,19.75,66,19.2168748294623,19.2338909749921,1
147,1,19.75,66,19.2338909749921,19.2436219031998,1
147,1,19.75,66,19.2436219031998,19.2710212205616,1
147,1,19.75,66,19.2710212205616,19.3250957998171,1
147,1,19.75,66,19.3250957998171,19.3900721663073,1
147,1,19.75,66,19.3900721663073,19.3938226430311,1
147,1,19.75,66,19.3938226430311,19.3970230746447,1
147,1,19.75,66,19.3970230746447,19.4481235556059,1
147,1,19.75,66,19.4481235556059,19.4661908107435,1
147,1,19.75,66,19.4661908107435,19.5582419083061,1
147,1,19.75,66,19.5582419083061,19.562934865142,1
147,1,19.75,66,19.562934865142,19.7190697026596,1
147,1,19.75,66,19.7190697026596,19.75,0
148,1,19.75,1,0,3.88674784023388,1
148,1,19.75,1,3.88674784023388,19.75,0
149,1,18.75,39,0,4.27436965874088,1
149,1,18.75,39,4.27436965874088,6.41529959568078,1
149,1,18.75,39,6.41529959568078,7.27951159143156,1
149,1,18.75,39,7.27951159143156,7.28585966880347,1
149,1,18.75,39,7.28585966880347,8.90753535224141,1
149,1,18.75,39,8.90753535224141,8.98884131732984,1
149,1,18.75,39,8.98884131732984,9.79097993911458,1
149,1,18.75,39,9.79097993911458,9.92528888137422,1
149,1,18.75,39,9.92528888137422,9.95979952836181,1
149,1,18.75,39,9.95979952836181,9.97400523497952,1
149,1,18.75,39,9.97400523497952,10.6710797215083,1
149,1,18.75,39,10.6710797215083,11.2587501459353,1
149,1,18.75,39,11.2587501459353,11.2794154471511,1
149,1,18.75,39,11.2794154471511,11.3988069845753,1
149,1,18.75,39,11.3988069845753,11.74092922273,1
149,1,18.75,39,11.74092922273,11.823018571679,1
149,1,18.75,39,11.823018571679,11.8263573946105,1
149,1,18.75,39,11.8263573946105,12.2256265697267,1
149,1,18.75,39,12.2256265697267,12.390074620409,1
149,1,18.75,39,12.390074620409,12.8932166569534,1
149,1,18.75,39,12.8932166569534,13.0012459148623,1
149,1,18.75,39,13.0012459148623,13.020149155566,1
149,1,18.75,39,13.020149155566,13.1127851145723,1
149,1,18.75,39,13.1127851145723,13.2324208021702,1
149,1,18.75,39,13.2324208021702,13.5229750495313,1
149,1,18.75,39,13.5229750495313,13.5729620631881,1
149,1,18.75,39,13.5729620631881,14.4583153848094,1
149,1,18.75,39,14.4583153848094,14.7130219309935,1
149,1,18.75,39,14.7130219309935,14.9757275058549,1
149,1,18.75,39,14.9757275058549,15.1724694637365,1
149,1,18.75,39,15.1724694637365,15.1734314086559,1
149,1,18.75,39,15.1734314086559,16.4710345543817,1
149,1,18.75,39,16.4710345543817,16.7590109424638,1
149,1,18.75,39,16.7590109424638,16.9336909835584,1
149,1,18.75,39,16.9336909835584,17.0888732186284,1
149,1,18.75,39,17.0888732186284,17.0950999112561,1
149,1,18.75,39,17.0950999112561,17.2130694713861,1
149,1,18.75,39,17.2130694713861,17.8017237415047,1
149,1,18.75,39,17.8017237415047,18.2123660036444,1
149,1,18.75,39,18.2123660036444,18.75,0
150,1,18.75,1,0,12.2998543361742,1
150,1,18.75,1,12.2998543361742,18.75,0
151,1,12.75,3,0,0.419258964163038,1
151,1,12.75,3,0.419258964163038,5.96423851261987,1
151,1,12.75,3,5.96423851261987,6.12046336103083,1
151,1,12.75,3,6.12046336103083,12.75,0
152,1,16.75,29,0,3.43840101590884,1
152,1,16.75,29,3.43840101590884,8.06380755972237,1
152,1,16.75,29,8.06380755972237,9.7794792952584,1
152,1,16.75,29,9.7794792952584,10.2754838917906,1
152,1,16.75,29,10.2754838917906,10.2934042217112,1
152,1,16.75,29,10.2934042217112,11.306593441935,1
152,1,16.75,29,11.306593441935,11.3117844143101,1
152,1,16.75,29,11.3117844143101,11.5675909782425,1
152,1,16.75,29,11.5675909782425,11.5916466893761,1
152,1,16.75,29,11.5916466893761,11.7073492065593,1
152,1,16.75,29,11.7073492065593,11.934345435423,1
152,1,16.75,29,11.934345435423,11.9441438044684,1
152,1,16.75,29,11.9441438044684,12.1796524496747,1
152,1,16.75,29,12.1796524496747,12.6517760959579,1
152,1,16.75,29,12.6517760959579,13.0917243517316,1
152,1,16.75,29,13.0917243517316,14.4503244392692,1
152,1,16.75,29,14.4503244392692,14.4707690086878,1
152,1,16.75,29,14.4707690086878,14.5227340236997,1
152,1,16.75,29,14.5227340236997,14.5437814897005,1
152,1,16.75,29,14.5437814897005,14.5719504377167,1
152,1,16.75,29,14.5719504377167,14.6206536923646,1
152,1,16.75,29,14.6206536923646,14.7379547826591,1
152,1,16.75,29,14.7379547826591,14.7743352480814,1
152,1,16.75,29,14.7743352480814,15.104171232187,1
152,1,16.75,29,15.104171232187,15.1727686031228,1
152,1,16.75,29,15.1727686031228,15.9791874786169,1
152,1,16.75,29,15.9791874786169,16.2069925542305,1
152,1,16.75,29,16.2069925542305,16.4064185171939,1
152,1,16.75,29,16.4064185171939,16.6428440423756,1
152,1,16.75,29,16.6428440423756,16.75,0
153,1,18.75,71,0,3.46736489281045,1
153,1,18.75,71,3.46736489281045,3.61967542988339,1
153,1,18.75,71,3.61967542988339,4.96453718465047,1
153,1,18.75,71,4.96453718465047,5.01003129757629,1
153,1,18.75,71,5.01003129757629,5.19893728535319,1
153,1,18.75,71,5.19893728535319,5.6843297865499,1
153,1,18.75,71,5.6843297865499,5.76208331000892,1
153,1,18.75,71,5.76208331000892,6.18195242198241,1
153,1,18.75,71,6.18195242198241,6.2072161938057,1
153,1,18.75,71,6.2072161938057,6.41709027910394,1
153,1,18.75,71,6.41709027910394,6.52721165665822,1
153,1,18.75,71,6.52721165665822,6.6327328259552,1
153,1,18.75,71,6.6327328259552,6.87787613331409,1
153,1,18.75,71,6.87787613331409,7.66787338614747,1
153,1,18.75,71,7.66787338614747,7.75278362649166,1
153,1,18.75,71,7.75278362649166,7.75955558686387,1
153,1,18.75,71,7.75955558686387,7.79393169991762,1
153,1,18.75,71,7.79393169991762,8.86980917100034,1
153,1,18.75,71,8.86980917100034,9.0755949662921,1
153,1,18.75,71,9.0755949662921,9.7146880863165,1
153,1,18.75,71,9.7146880863165,9.99799115182749,1
153,1,18.75,71,9.99799115182749,10.0076866709942,1
153,1,18.75,71,10.0076866709942,10.256835772678,1
153,1,18.75,71,10.256835772678,10.4913074290829,1
153,1,18.75,71,10.4913074290829,10.5117488089603,1
153,1,18.75,71,10.5117488089603,10.6287472667071,1
153,1,18.75,71,10.6287472667071,11.4207795361832,1
153,1,18.75,71,11.4207795361832,11.5078899689319,1
153,1,18.75,71,11.5078899689319,11.9300348759416,1
153,1,18.75,71,11.9300348759416,11.9696897029559,1
153,1,18.75,71,11.9696897029559,12.2688002813338,1
153,1,18.75,71,12.2688002813338,12.3703948653769,1
153,1,18.75,71,12.3703948653769,12.486475367426,1
153,1,18.75,71,12.486475367426,12.6492343951753,1
153,1,18.75,71,12.6492343951753,12.7237828146029,1
153,1,18.75,71,12.7237828146029,12.8795566798729,1
153,1,18.75,71,12.8795566798729,12.9147303856467,1
153,1,18.75,71,12.9147303856467,12.9269277113973,1
153,1,18.75,71,12.9269277113973,13.1528438530336,1
153,1,18.75,71,13.1528438530336,13.3750629198582,1
153,1,18.75,71,13.3750629198582,13.741962417076,1
153,1,18.75,71,13.741962417076,14.4848435923762,1
153,1,18.75,71,14.4848435923762,14.9189401898994,1
153,1,18.75,71,14.9189401898994,14.9720017268676,1
153,1,18.75,71,14.9720017268676,15.3782285980087,1
153,1,18.75,71,15.3782285980087,15.6267646866813,1
153,1,18.75,71,15.6267646866813,15.8186332534515,1
153,1,18.75,71,15.8186332534515,15.8992522515366,1
153,1,18.75,71,15.8992522515366,15.9720744993471,1
153,1,18.75,71,15.9720744993471,16.0782593218143,1
153,1,18.75,71,16.0782593218143,16.0900111155905,1
153,1,18.75,71,16.0900111155905,16.1950337192781,1
153,1,18.75,71,16.1950337192781,16.2211093684093,1
153,1,18.75,71,16.2211093684093,16.2709838243882,1
153,1,18.75,71,16.2709838243882,16.633853508039,1
153,1,18.75,71,16.633853508039,16.6507138224231,1
153,1,18.75,71,16.6507138224231,16.7989366419774,1
153,1,18.75,71,16.7989366419774,16.8809192689708,1
153,1,18.75,71,16.8809192689708,17.1298915348382,1
153,1,18.75,71,17.1298915348382,17.2835975334194,1
153,1,18.75,71,17.2835975334194,17.3085011812672,1
153,1,18.75,71,17.3085011812672,17.3238653890747,1
153,1,18.75,71,17.3238653890747,17.372237316317,1
153,1,18.75,71,17.372237316317,17.461476364206,1
153,1,18.75,71,17.461476364206,17.8513774311289,1
153,1,18.75,71,17.8513774311289,17.8628416384448,1
153,1,18.75,71,17.8628416384448,17.8936028445458,1
153,1,18.75,71,17.8936028445458,17.9577224376288,1
153,1,18.75,71,17.9577224376288,17.9610487175005,1
153,1,18.75,71,17.9610487175005,18.1945986673951,1
153,1,18.75,71,18.1945986673951,18.3905138804889,1
153,1,18.75,71,18.3905138804889,18.75,0
154,1,8.75,1,0,1.88475267058218,1
154,1,8.75,1,1.88475267058218,8.75,0
155,1,14.75,26,0,5.14310531564976,1
155,1,14.75,26,5.14310531564976,5.6244831255514,1
155,1,14.75,26,5.6244831255514,5.84826735857292,1
155,1,14.75,26,5.84826735857292,6.59961324979507,1
155,1,14.75,26,6.59961324979507,7.34630630800007,1
155,1,14.75,26,7.34630630800007,7.73635975325257,1
155,1,14.75,26,7.73635975325257,8.32375750811977,1
155,1,14.75,26,8.32375750811977,8.4329197731492,1
155,1,14.75,26,8.4329197731492,8.85876677865258,1
155,1,14.75,26,8.85876677865258,9.03122557524442,1
155,1,14.75,26,9.03122557524442,9.43252633431204,1
155,1,14.75,26,9.43252633431204,9.69775310567993,1
155,1,14.75,26,9.69775310567993,10.618677914337,1
155,1,14.75,26,10.618677914337,11.2171546899542,1
155,1,14.75,26,11.2171546899542,12.1622822751361,1
155,1,14.75,26,12.1622822751361,12.855878719707,1
155,1,14.75,26,12.855878719707,13.1023962565804,1
155,1,14.75,26,13.1023962565804,13.1068918041975,1
155,1,14.75,26,13.1068918041975,13.7082779658399,1
155,1,14.75,26,13.7082779658399,13.7241939687094,1
155,1,14.75,26,13.7241939687094,13.7784777419941,1
155,1,14.75,26,13.7784777419941,13.8715724871209,1
155,1,14.75,26,13.8715724871209,13.9557521581458,1
155,1,14.75,26,13.9557521581458,14.1491927739857,1
155,1,14.75,26,14.1491927739857,14.1795324296543,1
155,1,14.75,26,14.1795324296543,14.5761939988896,1
155,1,14.75,26,14.5761939988896,14.75,0
156,1,8.75,1,0,6.77164160561812,1
156,1,8.75,1,6.77164160561812,8.75,0
157,1,8.75,0,0,8.75,0
158,1,16.75,1,0,0.123190637599307,1
158,1,16.75,1,0.123190637599307,16.75,0
159,1,15.75,20,0,2.10296149339177,1
159,1,15.75,20,2.10296149339177,2.5480851818025,1
159,1,15.75,20,2.5480851818025,4.01779217364192,1
159,1,15.75,20,4.01779217364192,5.57703685141176,1
159,1,15.75,20,5.57703685141176,7.66936394205719,1
159,1,15.75,20,7.66936394205719,8.52222478684069,1
159,1,15.75,20,8.52222478684069,9.82837442180949,1
159,1,15.75,20,9.82837442180949,10.1362569315367,1
159,1,15.75,20,10.1362569315367,11.215258241379,1
159,1,15.75,20,11.215258241379,11.566164930368,1
159,1,15.75,20,11.566164930368,11.7498675615789,1
159,1,15.75,20,11.7498675615789,12.8534758198568,1
159,1,15.75,20,12.8534758198568,13.4522744630822,1
159,1,15.75,20,13.4522744630822,13.5267737153411,1
159,1,15.75,20,13.5267737153411,14.149120811294,1
159,1,15.75,20,14.149120811294,14.1807845062901,1
159,1,15.75,20,14.1807845062901,14.3179821912691,1
159,1,15.75,20,14.3179821912691,14.8610311251266,1
159,1,15.75,20,14.8610311251266,15.2175139297321,1
159,1,15.75,20,15.2175139297321,15.3507484758918,1
159,1,15.75,20,15.3507484758918,15.75,0
160,1,12.75,1,0,0.160370294589886,1
160,1,12.75,1,0.160370294589886,12.75,0
161,1,11.75,2,0,0.205834176289478,1
161,1,11.75,2,0.205834176289478,5.72517663417716,1
161,1,11.75,2,5.72517663417716,11.75,0
162,1,18.75,2,0,14.5808798136642,1
162,1,18.75,2,14.5808798136642,16.7730259576433,1
162,1,18.75,2,16.7730259576433,18.75,0
163,1,18.75,62,0,4.07971975292973,1
163,1,18.75,62,4.07971975292973,5.41296352450015,1
163,1,18.75,62,5.41296352450015,7.03449432246262,1
163,1,18.75,62,7.03449432246262,7.13996882333247,1
163,1,18.75,62,7.13996882333247,7.20355884351749,1
163,1,18.75,62,7.20355884351749,7.60596424118859,1
163,1,18.75,62,7.60596424118859,8.54822876169451,1
163,1,18.75,62,8.54822876169451,9.91088457772121,1
163,1,18.75,62,9.91088457772121,10.2674624833081,1
163,1,18.75,62,10.2674624833081,10.9203207233772,1
163,1,18.75,62,10.9203207233772,11.0056078098094,1
163,1,18.75,62,11.0056078098094,11.4113164166176,1
163,1,18.75,62,11.4113164166176,11.5938857831609,1
163,1,18.75,62,11.5938857831609,11.8665933375958,1
163,1,18.75,62,11.8665933375958,12.0117933619752,1
163,1,18.75,62,12.0117933619752,12.1185150863803,1
163,1,18.75,62,12.1185150863803,12.2754167695284,1
163,1,18.75,62,12.2754167695284,12.6736733141638,1
163,1,18.75,62,12.6736733141638,12.9626113906004,1
163,1,18.75,62,12.9626113906004,12.9957250840552,1
163,1,18.75,62,12.9957250840552,13.4531068256757,1
163,1,18.75,62,13.4531068256757,13.5665150279535,1
163,1,18.75,62,13.5665150279535,13.6053325633462,1
163,1,18.75,62,13.6053325633462,13.6444650247268,1
163,1,18.75,62,13.6444650247268,13.6781523222566,1
163,1,18.75,62,13.6781523222566,13.6801839857839,1
163,1,18.75,62,13.6801839857839,14.0972465431919,1
163,1,18.75,62,14.0972465431919,14.0996182079105,1
163,1,18.75,62,14.0996182079105,14.5701143048984,1
163,1,18.75,62,14.5701143048984,14.612328887181,1
163,1,18.75,62,14.612328887181,14.6844780619657,1
163,1,18.75,62,14.6844780619657,14.7068740980534,1
163,1,18.75,62,14.7068740980534,14.8372462754778,1
163,1,18.75,62,14.8372462754778,15.0100453301938,1
163,1,18.75,62,15.0100453301938,15.1076479879301,1
163,1,18.75,62,15.1076479879301,15.1195243632894,1
163,1,18.75,62,15.1195243632894,15.3356401704091,1
163,1,18.75,62,15.3356401704091,15.749877323256,1
163,1,18.75,62,15.749877323256,15.7806466811312,1
163,1,18.75,62,15.7806466811312,15.8558142558347,1
163,1,18.75,62,15.8558142558347,16.1735973292282,1
163,1,18.75,62,16.1735973292282,16.2621466380479,1
163,1,18.75,62,16.2621466380479,16.2621493685329,1
163,1,18.75,62,16.2621493685329,16.4490741525746,1
163,1,18.75,62,16.4490741525746,16.7461100544564,1
163,1,18.75,62,16.7461100544564,16.7516749291185,1
163,1,18.75,62,16.7516749291185,16.8651495951931,1
163,1,18.75,62,16.8651495951931,16.9534274355001,1
163,1,18.75,62,16.9534274355001,17.1355933756593,1
163,1,18.75,62,17.1355933756593,17.2489570270866,1
163,1,18.75,62,17.2489570270866,17.3552243645791,1
163,1,18.75,62,17.3552243645791,17.3662262346285,1
163,1,18.75,62,17.3662262346285,17.3664353670156,1
163,1,18.75,62,17.3664353670156,17.4421118495919,1
163,1,18.75,62,17.4421118495919,17.4708989241892,1
163,1,18.75,62,17.4708989241892,17.6498725662254,1
163,1,18.75,62,17.6498725662254,17.8374890447096,1
163,1,18.75,62,17.8374890447096,18.0388765195112,1
163,1,18.75,62,18.0388765195112,18.1160032664248,1
163,1,18.75,62,18.1160032664248,18.1946880228704,1
163,1,18.75,62,18.1946880228704,18.2593557460769,1
163,1,18.75,62,18.2593557460769,18.3182123821321,1
163,1,18.75,62,18.3182123821321,18.75,0
164,1,10.75,12,0,2.33748890691553,1
164,1,10.75,12,2.33748890691553,3.22627051711668,1
164,1,10.75,12,3.22627051711668,5.17330931112517,1
164,1,10.75,12,5.17330931112517,6.19864603656302,1
164,1,10.75,12,6.19864603656302,6.36654122850931,1
164,1,10.75,12,6.36654122850931,6.37524461559648,1
164,1,10.75,12,6.37524461559648,8.16184937006118,1
164,1,10.75,12,8.16184937006118,8.28940196598239,1
164,1,10.75,12,8.28940196598239,8.67094737246827,1
164,1,10.75,12,8.67094737246827,8.67576876531333,1
164,1,10.75,12,8.67576876531333,9.86561882651448,1
164,1,10.75,12,9.86561882651448,10.4208064937121,1
164,1,10.75,12,10.4208064937121,10.75,0
165,1,14.75,37,0,6.35655538147597,1
165,1,14.75,37,6.35655538147597,7.03040936808368,1
165,1,14.75,37,7.03040936808368,7.1938676556867,1
165,1,14.75,37,7.1938676556867,7.50041548952714,1
165,1,14.75,37,7.50041548952714,7.60160024948528,1
165,1,14.75,37,7.60160024948528,8.23600359144,1
165,1,14.75,37,8.23600359144,8.39694094308768,1
165,1,14.75,37,8.39694094308768,8.39706107062706,1
165,1,14.75,37,8.39706107062706,8.67189879236061,1
165,1,14.75,37,8.67189879236061,9.36665252574546,1
165,1,14.75,37,9.36665252574546,9.56339813012889,1
165,1,14.75,37,9.56339813012889,9.58890136933666,1
165,1,14.75,37,9.58890136933666,9.75934888893709,1
165,1,14.75,37,9.75934888893709,10.3722260060547,1
165,1,14.75,37,10.3722260060547,10.7248724757906,1
165,1,14.75,37,10.7248724757906,11.5436942445466,1
165,1,14.75,37,11.5436942445466,11.547561365734,1
165,1,14.75,37,11.547561365734,12.0937251331036,1
165,1,14.75,37,12.0937251331036,12.0959781841006,1
165,1,14.75,37,12.0959781841006,12.2129193946636,1
165,1,14.75,37,12.2129193946636,12.323197142453,1
165,1,14.75,37,12.323197142453,12.8096504328557,1
165,1,14.75,37,12.8096504328557,12.8602545003156,1
165,1,14.75,37,12.8602545003156,13.3313377383655,1
165,1,14.75,37,13.3313377383655,13.3670183700383,1
165,1,14.75,37,13.3670183700383,13.5808096137246,1
165,1,14.75,37,13.5808096137246,13.598834366674,1
165,1,14.75,37,13.598834366674,13.7404724260384,1
165,1,14.75,37,13.7404724260384,13.8944022916809,1
165,1,14.75,37,13.8944022916809,13.9526796194661,1
165,1,14.75,37,13.9526796194661,13.9577226932608,1
165,1,14.75,37,13.9577226932608,13.9820665481355,1
165,1,14.75,37,13.9820665481355,14.0116821510603,1
165,1,14.75,37,14.0116821510603,14.1136448369782,1
165,1,14.75,37,14.1136448369782,14.1168091593676,1
165,1,14.75,37,14.1168091593676,14.5393789889932,1
165,1,14.75,37,14.5393789889932,14.5912553918111,1
165,1,14.75,37,14.5912553918111,14.75,0
166,1,17.75,3,0,0.444481443051518,1
166,1,17.75,3,0.444481443051518,6.84229063150715,1
166,1,17.75,3,6.84229063150715,12.7901863240494,1
166,1,17.75,3,12.7901863240494,17.75,0
167,1,11.75,1,0,2.64527351547222,1
167,1,11.75,1,2.64527351547222,11.75,0
168,1,10.75,9,0,4.820001153727,1
168,1,10.75,9,4.820001153727,5.43176402394559,1
168,1,10.75,9,5.43176402394559,5.86797087752317,1
168,1,10.75,9,5.86797087752317,6.73793700856811,1
168,1,10.75,9,6.73793700856811,7.37005546538259,1
168,1,10.75,9,7.37005546538259,7.60362055999661,1
168,1,10.75,9,7.60362055999661,9.87553320570302,1
168,1,10.75,9,9.87553320570302,9.95297182142096,1
168,1,10.75,9,9.95297182142096,10.3506548382223,1
168,1,10.75,9,10.3506548382223,10.75,0
169,1,17.75,1,0,5.31996070191098,1
169,1,17.75,1,5.31996070191098,17.75,0
170,1,15.75,36,0,3.87556502604644,1
170,1,15.75,36,3.87556502604644,5.61201306967197,1
170,1,15.75,36,5.61201306967197,5.75836040523428,1
170,1,15.75,36,5.75836040523428,5.85239679042749,1
170,1,15.75,36,5.85239679042749,7.32423285155221,1
170,1,15.75,36,7.32423285155221,7.75510542119048,1
170,1,15.75,36,7.75510542119048,8.67448988044607,1
170,1,15.75,36,8.67448988044607,8.67675493561143,1
170,1,15.75,36,8.67675493561143,8.6831026634689,1
170,1,15.75,36,8.6831026634689,8.6853264533496,1
170,1,15.75,36,8.6853264533496,9.05098299014906,1
170,1,15.75,36,9.05098299014906,9.84269267382541,1
170,1,15.75,36,9.84269267382541,9.9117164519639,1
170,1,15.75,36,9.9117164519639,10.0548165112122,1
170,1,15.75,36,10.0548165112122,10.1670207304166,1
170,1,15.75,36,10.1670207304166,10.3796791384524,1
170,1,15.75,36,10.3796791384524,10.5242201511719,1
170,1,15.75,36,10.5242201511719,10.7468869128317,1
170,1,15.75,36,10.7468869128317,10.7723730556307,1
170,1,15.75,36,10.7723730556307,10.823893737346,1
170,1,15.75,36,10.823893737346,11.08624892996,1
170,1,15.75,36,11.08624892996,11.4782601700408,1
170,1,15.75,36,11.4782601700408,11.7785758893729,1
170,1,15.75,36,11.7785758893729,11.9462854129247,1
170,1,15.75,36,11.9462854129247,11.9906196406793,1
170,1,15.75,36,11.9906196406793,12.3514995953878,1
170,1,15.75,36,12.3514995953878,12.7779015414446,1
170,1,15.75,36,12.7779015414446,12.868789851149,1
170,1,15.75,36,12.868789851149,13.1401538882984,1
170,1,15.75,36,13.1401538882984,13.3025718466083,1
170,1,15.75,36,13.3025718466083,13.5141295985065,1
170,1,15.75,36,13.5141295985065,14.9388587068059,1
170,1,15.75,36,14.9388587068059,14.9816071885089,1
170,1,15.75,36,14.9816071885089,15.1100783363088,1
170,1,15.75,36,15.1100783363088,15.1472606515624,1
170,1,15.75,36,15.1472606515624,15.5376453183699,1
170,1,15.75,36,15.5376453183699,15.75,0
171,1,17.75,44,0,4.08952233139313,1
171,1,17.75,44,4.08952233139313,6.74828664611383,1
171,1,17.75,44,6.74828664611383,8.54388917030697,1
171,1,17.75,44,8.54388917030697,8.55557503669094,1
171,1,17.75,44,8.55557503669094,9.86268552833204,1
171,1,17.75,44,9.86268552833204,9.89950722584971,1
171,1,17.75,44,9.89950722584971,10.0244104227593,1
171,1,17.75,44,10.0244104227593,10.110747982946,1
171,1,17.75,44,10.110747982946,10.8949872924622,1
171,1,17.75,44,10.8949872924622,11.0568729751546,1
171,1,17.75,44,11.0568729751546,11.8545904649298,1
171,1,17.75,44,11.8545904649298,12.0167543418675,1
171,1,17.75,44,12.0167543418675,12.3284800940415,1
171,1,17.75,44,12.3284800940415,12.7192405879352,1
171,1,17.75,44,12.7192405879352,12.7585609918102,1
171,1,17.75,44,12.7585609918102,12.9718696350995,1
171,1,17.75,44,12.9718696350995,13.0819386737145,1
171,1,17.75,44,13.0819386737145,13.1851488761226,1
171,1,17.75,44,13.1851488761226,13.6965079805509,1
171,1,17.75,44,13.6965079805509,13.8992777053695,1
171,1,17.75,44,13.8992777053695,14.5397977692683,1
171,1,17.75,44,14.5397977692683,14.6489723177849,1
171,1,17.75,44,14.6489723177849,14.7076682927569,1
171,1,17.75,44,14.7076682927569,15.1809833678777,1
171,1,17.75,44,15.1809833678777,15.4363763078881,1
171,1,17.75,44,15.4363763078881,15.4576077722549,1
171,1,17.75,44,15.4576077722549,15.6340238591716,1
171,1,17.75,44,15.6340238591716,15.6448182928654,1
171,1,17.75,44,15.6448182928654,15.7968506938867,1
171,1,17.75,44,15.7968506938867,15.8145036581995,1
171,1,17.75,44,15.8145036581995,15.8798573260067,1
171,1,17.75,44,15.8798573260067,16.0885333007052,1
171,1,17.75,44,16.0885333007052,16.0904825237619,1
171,1,17.75,44,16.0904825237619,16.1554825703561,1
171,1,17.75,44,16.1554825703561,16.7337629781896,1
171,1,17.75,44,16.7337629781896,16.9336404028692,1
171,1,17.75,44,16.9336404028692,17.0248344466664,1
171,1,17.75,44,17.0248344466664,17.0480561116208,1
171,1,17.75,44,17.0480561116208,17.1385120564448,1
171,1,17.75,44,17.1385120564448,17.5229051264093,1
171,1,17.75,44,17.5229051264093,17.5960236373193,1
171,1,17.75,44,17.5960236373193,17.6850872748314,1
171,1,17.75,44,17.6850872748314,17.7002638778053,1
171,1,17.75,44,17.7002638778053,17.7012423638622,1
171,1,17.75,44,17.7012423638622,17.75,0
172,1,18.75,49,0,1.82603822392623,1
172,1,18.75,49,1.82603822392623,3.35152404266585,1
172,1,18.75,49,3.35152404266585,3.87925317015936,1
172,1,18.75,49,3.87925317015936,5.18117098088584,1
172,1,18.75,49,5.18117098088584,6.99594570842462,1
172,1,18.75,49,6.99594570842462,7.93080501814963,1
172,1,18.75,49,7.93080501814963,8.03168191523602,1
172,1,18.75,49,8.03168191523602,8.20084727446283,1
172,1,18.75,49,8.20084727446283,8.65851464361179,1
172,1,18.75,49,8.65851464361179,9.17084268752918,1
172,1,18.75,49,9.17084268752918,9.2524441927801,1
172,1,18.75,49,9.2524441927801,9.90633742904574,1
172,1,18.75,49,9.90633742904574,10.4860483635329,1
172,1,18.75,49,10.4860483635329,10.7005599144785,1
172,1,18.75,49,10.7005599144785,11.0106775462869,1
172,1,18.75,49,11.0106775462869,11.4228451832884,1
172,1,18.75,49,11.4228451832884,11.7033108275914,1
172,1,18.75,49,11.7033108275914,12.2264210555147,1
172,1,18.75,49,12.2264210555147,12.4016064633175,1
172,1,18.75,49,12.4016064633175,12.7132336065799,1
172,1,18.75,49,12.7132336065799,12.808780338394,1
172,1,18.75,49,12.808780338394,13.0920930650035,1
172,1,18.75,49,13.0920930650035,13.7622385966225,1
172,1,18.75,49,13.7622385966225,13.9291408220875,1
172,1,18.75,49,13.9291408220875,14.3443104680405,1
172,1,18.75,49,14.3443104680405,14.4882845873293,1
172,1,18.75,49,14.4882845873293,14.5083910689926,1
172,1,18.75,49,14.5083910689926,14.6662908181747,1
172,1,18.75,49,14.6662908181747,14.7036455345275,1
172,1,18.75,49,14.7036455345275,14.7230350254564,1
172,1,18.75,49,14.7230350254564,15.0915785303996,1
172,1,18.75,49,15.0915785303996,15.328545243601,1
172,1,18.75,49,15.328545243601,15.7950479566699,1
172,1,18.75,49,15.7950479566699,15.9605395486961,1
172,1,18.75,49,15.9605395486961,16.0430720750435,1
172,1,18.75,49,16.0430720750435,16.399109086874,1
172,1,18.75,49,16.399109086874,16.4424859641778,1
172,1,18.75,49,16.4424859641778,16.5263391625367,1
172,1,18.75,49,16.5263391625367,17.0312395190679,1
172,1,18.75,49,17.0312395190679,17.4348647455523,1
172,1,18.75,49,17.4348647455523,17.7060329175069,1
172,1,18.75,49,17.7060329175069,17.9397953194806,1
172,1,18.75,49,17.9397953194806,18.0511003309288,1
172,1,18.75,49,18.0511003309288,18.0521680117044,1
172,1,18.75,49,18.0521680117044,18.1370249392015,1
172,1,18.75,49,18.1370249392015,18.1734293720583,1
172,1,18.75,49,18.1734293720583,18.1899159753728,1
172,1,18.75,49,18.1899159753728,18.2086369175867,1
172,1,18.75,49,18.2086369175867,18.4008236007402,1
172,1,18.75,49,18.4008236007402,18.75,0
173,1,17.75,3,0,8.21315001988527,1
173,1,17.75,3,8.21315001988527,13.0974949236609,1
173,1,17.75,3,13.0974949236609,15.8774141394067,1
173,1,17.75,3,15.8774141394067,17.75,0
174,1,10.75,0,0,10.75,0
175,1,13.75,5,0,0.0803200681703845,1
175,1,13.75,5,0.0803200681703845,1.55839962009417,1
175,1,13.75,5,1.55839962009417,2.99462138566072,1
175,1,13.75,5,2.99462138566072,7.51575325672061,1
175,1,13.75,5,7.51575325672061,9.06640304414685,1
175,1,13.75,5,9.06640304414685,13.75,0
176,1,16.75,69,0,3.65366627396817,1
176,1,16.75,69,3.65366627396817,4.91347659571985,1
176,1,16.75,69,4.91347659571985,5.08566994724394,1
176,1,16.75,69,5.08566994724394,5.47428721920113,1
176,1,16.75,69,5.47428721920113,5.58172589039576,1
176,1,16.75,69,5.58172589039576,7.86363648331842,1
176,1,16.75,69,7.86363648331842,7.93068926593862,1
176,1,16.75,69,7.93068926593862,7.95079244194813,1
176,1,16.75,69,7.95079244194813,8.60977492034954,1
176,1,16.75,69,8.60977492034954,8.75900521058341,1
176,1,16.75,69,8.75900521058341,9.90581031361829,1
176,1,16.75,69,9.90581031361829,9.96532798821603,1
176,1,16.75,69,9.96532798821603,10.2352463188864,1
176,1,16.75,69,10.2352463188864,10.2377843343365,1
176,1,16.75,69,10.2377843343365,10.4125645329393,1
176,1,16.75,69,10.4125645329393,10.4270344960683,1
176,1,16.75,69,10.4270344960683,10.6235704558802,1
176,1,16.75,69,10.6235704558802,10.7501984876072,1
176,1,16.75,69,10.7501984876072,10.9118899098529,1
176,1,16.75,69,10.9118899098529,10.953354979312,1
176,1,16.75,69,10.953354979312,11.5286957974786,1
176,1,16.75,69,11.5286957974786,11.6556898805471,1
176,1,16.75,69,11.6556898805471,11.8640572806402,1
176,1,16.75,69,11.8640572806402,12.1781637977406,1
176,1,16.75,69,12.1781637977406,12.4413839090079,1
176,1,16.75,69,12.4413839090079,12.6370081157999,1
176,1,16.75,69,12.6370081157999,12.9665206517227,1
176,1,16.75,69,12.9665206517227,13.0353815244781,1
176,1,16.75,69,13.0353815244781,13.1713733132345,1
176,1,16.75,69,13.1713733132345,13.1789750248874,1
176,1,16.75,69,13.1789750248874,13.2729255042773,1
176,1,16.75,69,13.2729255042773,13.275216243351,1
176,1,16.75,69,13.275216243351,13.5470642977473,1
176,1,16.75,69,13.5470642977473,13.6336452393207,1
176,1,16.75,69,13.6336452393207,13.7209096195729,1
176,1,16.75,69,13.7209096195729,13.7552136024099,1
176,1,16.75,69,13.7552136024099,14.0833744412003,1
176,1,16.75,69,14.0833744412003,14.2940533643788,1
176,1,16.75,69,14.2940533643788,14.416063318056,1
176,1,16.75,69,14.416063318056,14.4884201431684,1
176,1,16.75,69,14.4884201431684,14.4978663240435,1
176,1,16.75,69,14.4978663240435,14.6500777563045,1
176,1,16.75,69,14.6500777563045,14.8693525630937,1
176,1,16.75,69,14.8693525630937,15.2502991103382,1
176,1,16.75,69,15.2502991103382,15.349168810535,1
176,1,16.75,69,15.349168810535,15.367066398655,1
176,1,16.75,69,15.367066398655,15.4455252357142,1
176,1,16.75,69,15.4455252357142,15.4811714606069,1
176,1,16.75,69,15.4811714606069,15.531782333476,1
176,1,16.75,69,15.531782333476,15.6943715012873,1
176,1,16.75,69,15.6943715012873,15.737850060585,1
176,1,16.75,69,15.737850060585,15.761540583255,1
176,1,16.75,69,15.761540583255,15.7902613795041,1
176,1,16.75,69,15.7902613795041,15.849595709104,1
176,1,16.75,69,15.849595709104,15.8746278812745,1
176,1,16.75,69,15.8746278812745,15.9722810753584,1
176,1,16.75,69,15.9722810753584,15.9890107023019,1
176,1,16.75,69,15.9890107023019,16.0698622772714,1
176,1,16.75,69,16.0698622772714,16.1479743409183,1
176,1,16.75,69,16.1479743409183,16.3103119432439,1
176,1,16.75,69,16.3103119432439,16.3188954917597,1
176,1,16.75,69,16.3188954917597,16.3288655713331,1
176,1,16.75,69,16.3288655713331,16.3949011861066,1
176,1,16.75,69,16.3949011861066,16.3984243332301,1
176,1,16.75,69,16.3984243332301,16.4439570505302,1
176,1,16.75,69,16.4439570505302,16.4552562541832,1
176,1,16.75,69,16.4552562541832,16.4857172476131,1
176,1,16.75,69,16.4857172476131,16.5951305878503,1
176,1,16.75,69,16.5951305878503,16.6641794996123,1
176,1,16.75,69,16.6641794996123,16.75,0
177,1,14.75,1,0,8.27870311568032,1
177,1,14.75,1,8.27870311568032,14.75,0
178,1,14.75,2,0,11.8627904200693,1
178,1,14.75,2,11.8627904200693,14.128543825643,1
178,1,14.75,2,14.128543825643,14.75,0
179,1,13.75,21,0,3.36885728971144,1
179,1,13.75,21,3.36885728971144,3.41146477317115,1
179,1,13.75,21,3.41146477317115,4.56961555372963,1
179,1,13.75,21,4.56961555372963,6.10670574835394,1
179,1,13.75,21,6.10670574835394,7.41564593262481,1
179,1,13.75,21,7.41564593262481,8.85458304183462,1
179,1,13.75,21,8.85458304183462,8.9805245461027,1
179,1,13.75,21,8.9805245461027,10.2794745695526,1
179,1,13.75,21,10.2794745695526,10.3187655112918,1
179,1,13.75,21,10.3187655112918,10.4486942947217,1
179,1,13.75,21,10.4486942947217,10.6083050377085,1
179,1,13.75,21,10.6083050377085,10.6768709520959,1
179,1,13.75,21,10.6768709520959,11.1863813209528,1
179,1,13.75,21,11.1863813209528,11.4286032443844,1
179,1,13.75,21,11.4286032443844,11.7526394085518,1
179,1,13.75,21,11.7526394085518,11.9372603210792,1
179,1,13.75,21,11.9372603210792,11.9786841505339,1
179,1,13.75,21,11.9786841505339,12.1648341305191,1
179,1,13.75,21,12.1648341305191,12.8210849661737,1
179,1,13.75,21,12.8210849661737,12.9312499560474,1
179,1,13.75,21,12.9312499560474,13.3939306163833,1
179,1,13.75,21,13.3939306163833,13.75,0
180,1,11.75,11,0,4.29204370625306,1
180,1,11.75,11,4.29204370625306,5.78616548853935,1
180,1,11.75,11,5.78616548853935,7.17135308773184,1
180,1,11.75,11,7.17135308773184,8.78133485141762,1
180,1,11.75,11,8.78133485141762,8.99223355979677,1
180,1,11.75,11,8.99223355979677,9.51683483751893,1
180,1,11.75,11,9.51683483751893,9.61024558210548,1
180,1,11.75,11,9.61024558210548,9.67340852631504,1
180,1,11.75,11,9.67340852631504,9.8248889957475,1
180,1,11.75,11,9.8248889957475,10.7572969349979,1
180,1,11.75,11,10.7572969349979,11.494553305639,1
180,1,11.75,11,11.494553305639,11.75,0
181,1,20.75,2,0,0.957886203831528,1
181,1,20.75,2,0.957886203831528,8.66816468920306,1
181,1,20.75,2,8.66816468920306,20.75,0
182,1,16.75,2,0,0.00078477528014935,1
182,1,16.75,2,0.00078477528014935,10.8987755411664,1
182,1,16.75,2,10.8987755411664,16.75,0
183,1,17.75,3,0,0.785716197053963,1
183,1,17.75,3,0.785716197053963,12.4541985117423,1
183,1,17.75,3,12.4541985117423,16.6981739381996,1
183,1,17.75,3,16.6981739381996,17.75,0
184,1,19.75,26,0,2.84795006110555,1
184,1,19.75,26,2.84795006110555,5.79847761087692,1
184,1,19.75,26,5.79847761087692,5.96417999765961,1
184,1,19.75,26,5.96417999765961,7.76633356087299,1
184,1,19.75,26,7.76633356087299,9.74742452859697,1
184,1,19.75,26,9.74742452859697,10.0341337351527,1
184,1,19.75,26,10.0341337351527,11.4069536347604,1
184,1,19.75,26,11.4069536347604,13.3679386467125,1
184,1,19.75,26,13.3679386467125,13.7547346181439,1
184,1,19.75,26,13.7547346181439,13.9280296246358,1
184,1,19.75,26,13.9280296246358,14.259259700248,1
184,1,19.75,26,14.259259700248,14.3864362473088,1
184,1,19.75,26,14.3864362473088,14.8095796656877,1
184,1,19.75,26,14.8095796656877,15.6801608808554,1
184,1,19.75,26,15.6801608808554,15.9899772460801,1
184,1,19.75,26,15.9899772460801,16.3618283511349,1
184,1,19.75,26,16.3618283511349,16.4334221704853,1
184,1,19.75,26,16.4334221704853,17.2523632115664,1
184,1,19.75,26,17.2523632115664,18.4016414138602,1
184,1,19.75,26,18.4016414138602,18.5558946539332,1
184,1,19.75,26,18.5558946539332,18.5845782902802,1
184,1,19.75,26,18.5845782902802,18.779840000799,1
184,1,19.75,26,18.779840000799,18.8277675347288,1
184,1,19.75,26,18.8277675347288,18.8491035111003,1
184,1,19.75,26,18.8491035111003,19.1109434193305,1
184,1,19.75,26,19.1109434193305,19.2664322614952,1
184,1,19.75,26,19.2664322614952,19.75,0
185,1,15.75,1,0,4.74579236577318,1
185,1,15.75,1,4.74579236577318,15.75,0
186,1,15.75,0,0,15.75,0
187,1,11.75,23,0,4.80464234388501,1
187,1,11.75,23,4.80464234388501,5.24310871303281,1
187,1,11.75,23,5.24310871303281,6.56693536728211,1
187,1,11.75,23,6.56693536728211,7.00577968134336,1
187,1,11.75,23,7.00577968134336,7.11033416417464,1
187,1,11.75,23,7.11033416417464,7.73621091842054,1
187,1,11.75,23,7.73621091842054,7.83827990095645,1
187,1,11.75,23,7.83827990095645,7.84203709574725,1
187,1,11.75,23,7.84203709574725,8.2502794288609,1
187,1,11.75,23,8.2502794288609,8.2690048680054,1
187,1,11.75,23,8.2690048680054,8.27937237778072,1
187,1,11.75,23,8.27937237778072,8.74568520178553,1
187,1,11.75,23,8.74568520178553,9.25116639916526,1
187,1,11.75,23,9.25116639916526,9.2999397980043,1
187,1,11.75,23,9.2999397980043,9.37516370291673,1
187,1,11.75,23,9.37516370291673,9.46363575586855,1
187,1,11.75,23,9.46363575586855,9.85923803242512,1
187,1,11.75,23,9.85923803242512,10.4207504257473,1
187,1,11.75,23,10.4207504257473,10.7187539165523,1
187,1,11.75,23,10.7187539165523,10.785121153718,1
187,1,11.75,23,10.785121153718,11.0974736745356,1
187,1,11.75,23,11.0974736745356,11.3033131421433,1
187,1,11.75,23,11.3033131421433,11.3181453619692,1
187,1,11.75,23,11.3181453619692,11.75,0
188,1,10.75,16,0,4.73344147912684,1
188,1,10.75,16,4.73344147912684,5.04452934100414,1
188,1,10.75,16,5.04452934100414,5.25300260649399,1
188,1,10.75,16,5.25300260649399,5.30226880700328,1
188,1,10.75,16,5.30226880700328,5.57003609865929,1
188,1,10.75,16,5.57003609865929,8.01536853398127,1
188,1,10.75,16,8.01536853398127,8.61121796114979,1
188,1,10.75,16,8.61121796114979,8.61465487136505,1
188,1,10.75,16,8.61465487136505,9.03003193990975,1
188,1,10.75,16,9.03003193990975,9.16619416869887,1
188,1,10.75,16,9.16619416869887,9.43963342825228,1
188,1,10.75,16,9.43963342825228,9.61871972134245,1
188,1,10.75,16,9.61871972134245,9.65580132457491,1
188,1,10.75,16,9.65580132457491,10.105362537701,1
188,1,10.75,16,10.105362537701,10.2134041081974,1
188,1,10.75,16,10.2134041081974,10.2270590466204,1
188,1,10.75,16,10.2270590466204,10.75,0
189,1,13.75,29,0,2.54611194453531,1
189,1,13.75,29,2.54611194453531,4.64871784537049,1
189,1,13.75,29,4.64871784537049,4.70370246902441,1
189,1,13.75,29,4.70370246902441,5.3767000081259,1
189,1,13.75,29,5.3767000081259,5.44029263543233,1
189,1,13.75,29,5.44029263543233,5.63951228730195,1
189,1,13.75,29,5.63951228730195,6.34782966469254,1
189,1,13.75,29,6.34782966469254,6.92162745197097,1
189,1,13.75,29,6.92162745197097,8.56922554492266,1
189,1,13.75,29,8.56922554492266,8.84999669892782,1
189,1,13.75,29,8.84999669892782,9.54510973352712,1
189,1,13.75,29,9.54510973352712,10.2792549878545,1
189,1,13.75,29,10.2792549878545,10.4846838204696,1
189,1,13.75,29,10.4846838204696,10.8097288789222,1
189,1,13.75,29,10.8097288789222,10.8760330433165,1
189,1,13.75,29,10.8760330433165,11.1303711915746,1
189,1,13.75,29,11.1303711915746,11.26204321332,1
189,1,13.75,29,11.26204321332,11.6271849224009,1
189,1,13.75,29,11.6271849224009,12.0994651202774,1
189,1,13.75,29,12.0994651202774,12.1627215496756,1
189,1,13.75,29,12.1627215496756,12.2054587589746,1
189,1,13.75,29,12.2054587589746,12.2602666651795,1
189,1,13.75,29,12.2602666651795,12.5034432775708,1
189,1,13.75,29,12.5034432775708,12.6396660716004,1
189,1,13.75,29,12.6396660716004,12.9306767915289,1
189,1,13.75,29,12.9306767915289,13.0310160300475,1
189,1,13.75,29,13.0310160300475,13.1175692123253,1
189,1,13.75,29,13.1175692123253,13.7451684580992,1
189,1,13.75,29,13.7451684580992,13.7489281411641,1
189,1,13.75,29,13.7489281411641,13.75,0
190,1,17.75,4,0,0.870670195100294,1
190,1,17.75,4,0.870670195100294,1.35210982489001,1
190,1,17.75,4,1.35210982489001,4.63475088060385,1
190,1,17.75,4,4.63475088060385,5.75182442952904,1
190,1,17.75,4,5.75182442952904,17.75,0
191,1,15.75,2,0,1.77459704075393,1
191,1,15.75,2,1.77459704075393,3.11867279556972,1
191,1,15.75,2,3.11867279556972,15.75,0
192,1,14.75,2,0,0.41987766007383,1
192,1,14.75,2,0.41987766007383,14.0815041430695,1
192,1,14.75,2,14.0815041430695,14.75,0
193,1,12.75,0,0,12.75,0
194,1,9.75,3,0,0.950516220086476,1
194,1,9.75,3,0.950516220086476,5.86229469303052,1
194,1,9.75,3,5.86229469303052,8.9785780449419,1
194,1,9.75,3,8.9785780449419,9.75,0
195,1,14.75,24,0,4.08168655463053,1
195,1,14.75,24,4.08168655463053,5.19474067515173,1
195,1,14.75,24,5.19474067515173,7.96417666931331,1
195,1,14.75,24,7.96417666931331,8.89162788625628,1
195,1,14.75,24,8.89162788625628,9.15236574256723,1
195,1,14.75,24,9.15236574256723,9.15516187838646,1
195,1,14.75,24,9.15516187838646,9.81581902824841,1
195,1,14.75,24,9.81581902824841,10.4905383406556,1
195,1,14.75,24,10.4905383406556,10.5206446693637,1
195,1,14.75,24,10.5206446693637,10.7744119465816,1
195,1,14.75,24,10.7744119465816,11.0667458915963,1
195,1,14.75,24,11.0667458915963,12.5856542231462,1
195,1,14.75,24,12.5856542231462,12.7821639422593,1
195,1,14.75,24,12.7821639422593,12.9783648355805,1
195,1,14.75,24,12.9783648355805,13.0315436876099,1
195,1,14.75,24,13.0315436876099,13.2067771459922,1
195,1,14.75,24,13.2067771459922,13.41781419899,1
195,1,14.75,24,13.41781419899,13.5336302410161,1
195,1,14.75,24,13.5336302410161,14.2341699363711,1
195,1,14.75,24,14.2341699363711,14.2365899840726,1
195,1,14.75,24,14.2365899840726,14.3204608534209,1
195,1,14.75,24,14.3204608534209,14.3516982464451,1
195,1,14.75,24,14.3516982464451,14.3885865489312,1
195,1,14.75,24,14.3885865489312,14.7457871386286,1
195,1,14.75,24,14.7457871386286,14.75,0
196,1,18.75,3,0,0.716696124209927,1
196,1,18.75,3,0.716696124209927,0.741244761896889,1
196,1,18.75,3,0.741244761896889,17.6313566338925,1
196,1,18.75,3,17.6313566338925,18.75,0
197,1,9.75,0,0,9.75,0
198,1,9.75,0,0,9.75,0
199,1,16.75,3,0,2.36009553505807,1
199,1,16.75,3,2.36009553505807,5.81756574135236,1
199,1,16.75,3,5.81756574135236,15.036129929727,1
199,1,16.75,3,15.036129929727,16.75,0
200,1,14.75,38,0,1.47811840071706,1
200,1,14.75,38,1.47811840071706,1.98843316292532,1
200,1,14.75,38,1.98843316292532,4.29904951455144,1
200,1,14.75,38,4.29904951455144,4.66518289659468,1
200,1,14.75,38,4.66518289659468,6.01994041717063,1
200,1,14.75,38,6.01994041717063,6.62616483433243,1
200,1,14.75,38,6.62616483433243,6.63203615627823,1
200,1,14.75,38,6.63203615627823,6.70942092561959,1
200,1,14.75,38,6.70942092561959,7.10027050045292,1
200,1,14.75,38,7.10027050045292,8.42569925477324,1
200,1,14.75,38,8.42569925477324,8.46125050461048,1
200,1,14.75,38,8.46125050461048,8.49385929555546,1
200,1,14.75,38,8.49385929555546,8.60198983990169,1
200,1,14.75,38,8.60198983990169,8.6899325471739,1
200,1,14.75,38,8.6899325471739,8.95121959871138,1
200,1,14.75,38,8.95121959871138,9.0576874819107,1
200,1,14.75,38,9.0576874819107,9.59463397356782,1
200,1,14.75,38,9.59463397356782,9.85100426672278,1
200,1,14.75,38,9.85100426672278,9.888010708899,1
200,1,14.75,38,9.888010708899,10.8058287961173,1
200,1,14.75,38,10.8058287961173,10.8845089695608,1
200,1,14.75,38,10.8845089695608,10.9556527214773,1
200,1,14.75,38,10.9556527214773,10.9797359636539,1
200,1,14.75,38,10.9797359636539,11.242934619303,1
200,1,14.75,38,11.242934619303,11.3105623281744,1
200,1,14.75,38,11.3105623281744,11.5565886555725,1
200,1,14.75,38,11.5565886555725,12.3808048785322,1
200,1,14.75,38,12.3808048785322,12.4038313532055,1
200,1,14.75,38,12.4038313532055,12.5975438874779,1
200,1,14.75,38,12.5975438874779,12.6075574281903,1
200,1,14.75,38,12.6075574281903,12.6183258087594,1
200,1,14.75,38,12.6183258087594,12.6325103183838,1
200,1,14.75,38,12.6325103183838,12.788508987364,1
200,1,14.75,38,12.788508987364,13.5086713804825,1
200,1,14.75,38,13.5086713804825,14.2997897665152,1
200,1,14.75,38,14.2997897665152,14.4562714864211,1
200,1,14.75,38,14.4562714864211,14.4918710285484,1
200,1,14.75,38,14.4918710285484,14.645086623331,1
200,1,14.75,38,14.645086623331,14.75,0
201,1,14.75,40,0,0.81713518605733,1
201,1,14.75,40,0.81713518605733,3.42438800446753,1
201,1,14.75,40,3.42438800446753,4.84650524892217,1
201,1,14.75,40,4.84650524892217,4.87459443882053,1
201,1,14.75,40,4.87459443882053,6.12945022044282,1
201,1,14.75,40,6.12945022044282,6.41016664857915,1
201,1,14.75,40,6.41016664857915,6.78128057524447,1
201,1,14.75,40,6.78128057524447,7.35734112387321,1
201,1,14.75,40,7.35734112387321,7.51540628807406,1
201,1,14.75,40,7.51540628807406,7.79275319220158,1
201,1,14.75,40,7.79275319220158,7.85662756753234,1
201,1,14.75,40,7.85662756753234,7.95373959000664,1
201,1,14.75,40,7.95373959000664,8.18743069853614,1
201,1,14.75,40,8.18743069853614,8.53030016418443,1
201,1,14.75,40,8.53030016418443,8.71639113257448,1
201,1,14.75,40,8.71639113257448,9.35801470988094,1
201,1,14.75,40,9.35801470988094,9.58062236024186,1
201,1,14.75,40,9.58062236024186,9.85934870510136,1
201,1,14.75,40,9.85934870510136,9.9665454994459,1
201,1,14.75,40,9.9665454994459,10.025949020277,1
201,1,14.75,40,10.025949020277,10.1595583720096,1
201,1,14.75,40,10.1595583720096,10.2227705419608,1
201,1,14.75,40,10.2227705419608,10.4327605530563,1
201,1,14.75,40,10.4327605530563,11.1069041114333,1
201,1,14.75,40,11.1069041114333,11.1354381740813,1
201,1,14.75,40,11.1354381740813,11.3602217586966,1
201,1,14.75,40,11.3602217586966,12.2196737911719,1
201,1,14.75,40,12.2196737911719,12.5339194196396,1
201,1,14.75,40,12.5339194196396,12.931713357562,1
201,1,14.75,40,12.931713357562,12.9880557336136,1
201,1,14.75,40,12.9880557336136,13.2313216766246,1
201,1,14.75,40,13.2313216766246,13.3653532365644,1
201,1,14.75,40,13.3653532365644,13.7749644898636,1
201,1,14.75,40,13.7749644898636,13.7899987784665,1
201,1,14.75,40,13.7899987784665,13.9762991951647,1
201,1,14.75,40,13.9762991951647,14.2544707607579,1
201,1,14.75,40,14.2544707607579,14.4169431784009,1
201,1,14.75,40,14.4169431784009,14.5117147382735,1
201,1,14.75,40,14.5117147382735,14.5334407497038,1
201,1,14.75,40,14.5334407497038,14.7288055202059,1
201,1,14.75,40,14.7288055202059,14.75,0
202,1,14.75,1,0,0.10615435266969,1
202,1,14.75,1,0.10615435266969,14.75,0
203,1,15.75,1,0,14.0440562685216,1
203,1,15.75,1,14.0440562685216,15.75,0
204,1,12.75,1,0,0.027084973553639,1
204,1,12.75,1,0.027084973553639,12.75,0
205,1,13.75,2,0,1.23396143183631,1
205,1,13.75,2,1.23396143183631,3.08762543608396,1
205,1,13.75,2,3.08762543608396,13.75,0
206,1,17.75,32,0,5.29201168622613,1
206,1,17.75,32,5.29201168622613,6.17019600330617,1
206,1,17.75,32,6.17019600330617,6.4905387251645,1
206,1,17.75,32,6.4905387251645,7.11085297093457,1
206,1,17.75,32,7.11085297093457,8.66215345644652,1
206,1,17.75,32,8.66215345644652,9.14002077079112,1
206,1,17.75,32,9.14002077079112,9.93428155533385,1
206,1,17.75,32,9.93428155533385,10.0581748662181,1
206,1,17.75,32,10.0581748662181,10.7182283724809,1
206,1,17.75,32,10.7182283724809,10.9241813871349,1
206,1,17.75,32,10.9241813871349,11.386564702887,1
206,1,17.75,32,11.386564702887,11.4754689051206,1
206,1,17.75,32,11.4754689051206,11.4950874467985,1
206,1,17.75,32,11.4950874467985,11.9456778708759,1
206,1,17.75,32,11.9456778708759,12.4035369311402,1
206,1,17.75,32,12.4035369311402,12.7857451516894,1
206,1,17.75,32,12.7857451516894,14.552274192978,1
206,1,17.75,32,14.552274192978,14.554766089001,1
206,1,17.75,32,14.554766089001,14.5878161645836,1
206,1,17.75,32,14.5878161645836,14.6990927680155,1
206,1,17.75,32,14.6990927680155,14.7404403698869,1
206,1,17.75,32,14.7404403698869,15.1222781914078,1
206,1,17.75,32,15.1222781914078,15.56174650174,1
206,1,17.75,32,15.56174650174,15.6315954966477,1
206,1,17.75,32,15.6315954966477,16.0078888953327,1
206,1,17.75,32,16.0078888953327,16.3677427447823,1
206,1,17.75,32,16.3677427447823,16.758443384396,1
206,1,17.75,32,16.758443384396,17.3185554788937,1
206,1,17.75,32,17.3185554788937,17.4327795218325,1
206,1,17.75,32,17.4327795218325,17.4597491900861,1
206,1,17.75,32,17.4597491900861,17.4952508989286,1
206,1,17.75,32,17.4952508989286,17.5902321868852,1
206,1,17.75,32,17.5902321868852,17.75,0
207,1,10.75,2,0,7.00681102627869,1
207,1,10.75,2,7.00681102627869,9.79654695329755,1
207,1,10.75,2,9.79654695329755,10.75,0
208,1,15.75,2,0,6.66605884131781,1
208,1,15.75,2,6.66605884131781,10.6834463941677,1
208,1,15.75,2,10.6834463941677,15.75,0
209,1,17.75,3,0,2.58763101910314,1
209,1,17.75,3,2.58763101910314,3.68606255214015,1
209,1,17.75,3,3.68606255214015,12.5452868754832,1
209,1,17.75,3,12.5452868754832,17.75,0
210,1,8.75,4,0,0.0616092335735219,1
210,1,8.75,4,0.0616092335735219,0.58303295617376,1
210,1,8.75,4,0.58303295617376,0.803498206041586,1
210,1,8.75,4,0.803498206041586,1.2497634416103,1
210,1,8.75,4,1.2497634416103,8.75,0
211,1,20.75,2,0,7.34153473570867,1
211,1,20.75,2,7.34153473570867,20.618905718751,1
211,1,20.75,2,20.618905718751,20.75,0
212,1,11.75,1,0,6.85813281900966,1
212,1,11.75,1,6.85813281900966,11.75,0
213,1,8.75,0,0,8.75,0
214,1,9.75,2,0,0.321518590921198,1
214,1,9.75,2,0.321518590921198,2.61272096562926,1
214,1,9.75,2,2.61272096562926,9.75,0
215,1,14.75,29,0,4.07123380540323,1
215,1,14.75,29,4.07123380540323,4.67360897772302,1
215,1,14.75,29,4.67360897772302,4.88001276060584,1
215,1,14.75,29,4.88001276060584,5.27559710620095,1
215,1,14.75,29,5.27559710620095,5.98399819936187,1
215,1,14.75,29,5.98399819936187,6.68284158754147,1
215,1,14.75,29,6.68284158754147,7.47853878639108,1
215,1,14.75,29,7.47853878639108,7.68067080242737,1
215,1,14.75,29,7.68067080242737,7.8476899259005,1
215,1,14.75,29,7.8476899259005,8.95447296129916,1
215,1,14.75,29,8.95447296129916,9.46366479771474,1
215,1,14.75,29,9.46366479771474,9.97324210909586,1
215,1,14.75,29,9.97324210909586,10.0597909011448,1
215,1,14.75,29,10.0597909011448,10.8022548426188,1
215,1,14.75,29,10.8022548426188,11.4269171166139,1
215,1,14.75,29,11.4269171166139,11.5133587969197,1
215,1,14.75,29,11.5133587969197,11.950313534578,1
215,1,14.75,29,11.950313534578,12.1754780302386,1
215,1,14.75,29,12.1754780302386,12.3358359107923,1
215,1,14.75,29,12.3358359107923,12.4445941732416,1
215,1,14.75,29,12.4445941732416,12.6413665764941,1
215,1,14.75,29,12.6413665764941,12.8046313122515,1
215,1,14.75,29,12.8046313122515,12.9782625360593,1
215,1,14.75,29,12.9782625360593,12.9962156562631,1
215,1,14.75,29,12.9962156562631,13.0832143444532,1
215,1,14.75,29,13.0832143444532,13.1826054342849,1
215,1,14.75,29,13.1826054342849,13.8004326593159,1
215,1,14.75,29,13.8004326593159,14.0681784460468,1
215,1,14.75,29,14.0681784460468,14.3535069011806,1
215,1,14.75,29,14.3535069011806,14.75,0
216,1,14.75,1,0,1.18510619042817,1
216,1,14.75,1,1.18510619042817,14.75,0
217,1,13.75,3,0,2.18249140742586,1
217,1,13.75,3,2.18249140742586,4.1480775375658,1
217,1,13.75,3,4.1480775375658,10.198425367614,1
217,1,13.75,3,10.198425367614,13.75,0
218,1,14.75,0,0,14.75,0
219,1,18.75,0,0,18.75,0
220,1,8.75,4,0,0.701088012994084,1
220,1,8.75,4,0.701088012994084,1.60301399772273,1
220,1,8.75,4,1.60301399772273,1.76025242351729,1
220,1,8.75,4,1.76025242351729,4.5204419797968,1
220,1,8.75,4,4.5204419797968,8.75,0
221,1,11.75,19,0,3.20140207484096,1
221,1,11.75,19,3.20140207484096,3.45711183380442,1
221,1,11.75,19,3.45711183380442,4.34655774905469,1
221,1,11.75,19,4.34655774905469,5.13612039603781,1
221,1,11.75,19,5.13612039603781,5.18145702673115,1
221,1,11.75,19,5.18145702673115,5.61890080266824,1
221,1,11.75,19,5.61890080266824,6.56589232600653,1
221,1,11.75,19,6.56589232600653,8.12918107533857,1
221,1,11.75,19,8.12918107533857,8.22324650100419,1
221,1,11.75,19,8.22324650100419,8.80405913673358,1
221,1,11.75,19,8.80405913673358,8.89615140882977,1
221,1,11.75,19,8.89615140882977,10.0479914796766,1
221,1,11.75,19,10.0479914796766,10.0503756945907,1
221,1,11.75,19,10.0503756945907,10.2083813554652,1
221,1,11.75,19,10.2083813554652,10.3907489366968,1
221,1,11.75,19,10.3907489366968,10.8196475375826,1
221,1,11.75,19,10.8196475375826,11.0729509930993,1
221,1,11.75,19,11.0729509930993,11.2705280962946,1
221,1,11.75,19,11.2705280962946,11.3469508225787,1
221,1,11.75,19,11.3469508225787,11.75,0
222,1,8.75,5,0,3.5568760577511,1
222,1,8.75,5,3.5568760577511,4.4665404689473,1
222,1,8.75,5,4.4665404689473,5.44308615783976,1
222,1,8.75,5,5.44308615783976,7.43655341075142,1
222,1,8.75,5,7.43655341075142,7.52794059622674,1
222,1,8.75,5,7.52794059622674,8.75,0
223,1,14.75,4,0,0.111942951226599,1
223,1,14.75,4,0.111942951226599,0.35372682618525,1
223,1,14.75,4,0.35372682618525,0.649428492667939,1
223,1,14.75,4,0.649428492667939,0.91130222252436,1
223,1,14.75,4,0.91130222252436,14.75,0
224,1,15.75,0,0,15.75,0
225,1,13.75,28,0,1.88069974207745,1
225,1,13.75,28,1.88069974207745,4.01498595299325,1
225,1,13.75,28,4.01498595299325,5.75641187866045,1
225,1,13.75,28,5.75641187866045,5.82563401523287,1
225,1,13.75,28,5.82563401523287,7.13444065660543,1
225,1,13.75,28,7.13444065660543,7.4725823579875,1
225,1,13.75,28,7.4725823579875,8.32720484191207,1
225,1,13.75,28,8.32720484191207,8.42735581521418,1
225,1,13.75,28,8.42735581521418,8.63333716453225,1
225,1,13.75,28,8.63333716453225,9.17334165686562,1
225,1,13.75,28,9.17334165686562,9.27443533478302,1
225,1,13.75,28,9.27443533478302,10.3429920318348,1
225,1,13.75,28,10.3429920318348,10.5225907423297,1
225,1,13.75,28,10.5225907423297,11.1751352005262,1
225,1,13.75,28,11.1751352005262,11.2585800915262,1
225,1,13.75,28,11.2585800915262,11.3614702092887,1
225,1,13.75,28,11.3614702092887,11.5006777808157,1
225,1,13.75,28,11.5006777808157,11.7075968788191,1
225,1,13.75,28,11.7075968788191,11.9631512362811,1
225,1,13.75,28,11.9631512362811,11.9942935402633,1
225,1,13.75,28,11.9942935402633,12.4933955657509,1
225,1,13.75,28,12.4933955657509,12.5858421232309,1
225,1,13.75,28,12.5858421232309,12.7128025813882,1
225,1,13.75,28,12.7128025813882,13.3942077246789,1
225,1,13.75,28,13.3942077246789,13.4385589782755,1
225,1,13.75,28,13.4385589782755,13.4459405455254,1
225,1,13.75,28,13.4459405455254,13.6682690596414,1
225,1,13.75,28,13.6682690596414,13.7411112920267,1
225,1,13.75,28,13.7411112920267,13.75,0
226,1,14.75,3,0,2.35518584390225,1
226,1,14.75,3,2.35518584390225,6.85600351126682,1
226,1,14.75,3,6.85600351126682,10.749279677518,1
226,1,14.75,3,10.749279677518,14.75,0
227,1,16.75,47,0,4.64691112031522,1
227,1,16.75,47,4.64691112031522,5.355188436375,1
227,1,16.75,47,5.355188436375,6.06209499487313,1
227,1,16.75,47,6.06209499487313,6.54500268539471,1
227,1,16.75,47,6.54500268539471,6.64060117329019,1
227,1,16.75,47,6.64060117329019,6.84394740095299,1
227,1,16.75,47,6.84394740095299,6.91315854979432,1
227,1,16.75,47,6.91315854979432,6.95928754096403,1
227,1,16.75,47,6.95928754096403,7.61505660797048,1
227,1,16.75,47,7.61505660797048,8.74960534433147,1
227,1,16.75,47,8.74960534433147,10.138202918042,1
227,1,16.75,47,10.138202918042,10.6094450950155,1
227,1,16.75,47,10.6094450950155,10.6516707514594,1
227,1,16.75,47,10.6516707514594,10.7842192882975,1
227,1,16.75,47,10.7842192882975,10.8221033114148,1
227,1,16.75,47,10.8221033114148,11.0851432902623,1
227,1,16.75,47,11.0851432902623,11.319633307486,1
227,1,16.75,47,11.319633307486,11.8128138944566,1
227,1,16.75,47,11.8128138944566,12.1383661056586,1
227,1,16.75,47,12.1383661056586,12.7468388406916,1
227,1,16.75,47,12.7468388406916,12.751636982686,1
227,1,16.75,47,12.751636982686,12.757072263576,1
227,1,16.75,47,12.757072263576,12.9664848695006,1
227,1,16.75,47,12.9664848695006,13.0258173001182,1
227,1,16.75,47,13.0258173001182,13.1449563787198,1
227,1,16.75,47,13.1449563787198,13.2123583781161,1
227,1,16.75,47,13.2123583781161,13.391577479435,1
227,1,16.75,47,13.391577479435,13.7532025127758,1
227,1,16.75,47,13.7532025127758,14.1029715022002,1
227,1,16.75,47,14.1029715022002,14.1730983543151,1
227,1,16.75,47,14.1730983543151,14.1917495509415,1
227,1,16.75,47,14.1917495509415,14.3971845712217,1
227,1,16.75,47,14.3971845712217,14.4089924784146,1
227,1,16.75,47,14.4089924784146,14.4772874315611,1
227,1,16.75,47,14.4772874315611,14.9193461308183,1
227,1,16.75,47,14.9193461308183,15.0120289465164,1
227,1,16.75,47,15.0120289465164,15.4917472134268,1
227,1,16.75,47,15.4917472134268,15.6810841229399,1
227,1,16.75,47,15.6810841229399,15.9399812164381,1
227,1,16.75,47,15.9399812164381,16.2495373856591,1
227,1,16.75,47,16.2495373856591,16.2664204512366,1
227,1,16.75,47,16.2664204512366,16.2990370543776,1
227,1,16.75,47,16.2990370543776,16.3435099407833,1
227,1,16.75,47,16.3435099407833,16.3673617510211,1
227,1,16.75,47,16.3673617510211,16.3675379172688,1
227,1,16.75,47,16.3675379172688,16.4899787735576,1
227,1,16.75,47,16.4899787735576,16.4902651372659,1
227,1,16.75,47,16.4902651372659,16.75,0
228,1,20.75,9,0,0.469168955314368,1
228,1,20.75,9,0.469168955314368,1.02301241695222,1
228,1,20.75,9,1.02301241695222,1.29985861564606,1
228,1,20.75,9,1.29985861564606,6.83560486879586,1
228,1,20.75,9,6.83560486879586,10.2417019469603,1
228,1,20.75,9,10.2417019469603,10.2714376436866,1
228,1,20.75,9,10.2714376436866,13.9818666866887,1
228,1,20.75,9,13.9818666866887,16.4776699646125,1
228,1,20.75,9,16.4776699646125,18.7511082707274,1
228,1,20.75,9,18.7511082707274,20.75,0
229,1,18.75,81,0,2.82272532561784,1
229,1,18.75,81,2.82272532561784,3.99968265277811,1
229,1,18.75,81,3.99968265277811,5.02578445743599,1
229,1,18.75,81,5.02578445743599,5.84304487256017,1
229,1,18.75,81,5.84304487256017,6.16821058514212,1
229,1,18.75,81,6.16821058514212,6.91805278433725,1
229,1,18.75,81,6.91805278433725,7.65739973724712,1
229,1,18.75,81,7.65739973724712,7.86575896766346,1
229,1,18.75,81,7.86575896766346,8.18063607534085,1
229,1,18.75,81,8.18063607534085,8.46383000569896,1
229,1,18.75,81,8.46383000569896,8.85519709580101,1
229,1,18.75,81,8.85519709580101,9.12424538367701,1
229,1,18.75,81,9.12424538367701,9.62737521896161,1
229,1,18.75,81,9.62737521896161,10.0487749736353,1
229,1,18.75,81,10.0487749736353,10.2729991363217,1
229,1,18.75,81,10.2729991363217,10.4519443733874,1
229,1,18.75,81,10.4519443733874,10.6984082375751,1
229,1,18.75,81,10.6984082375751,11.2619307717115,1
229,1,18.75,81,11.2619307717115,11.3049433206615,1
229,1,18.75,81,11.3049433206615,11.7886146542003,1
229,1,18.75,81,11.7886146542003,11.9966889898613,1
229,1,18.75,81,11.9966889898613,12.0320489163841,1
229,1,18.75,81,12.0320489163841,12.2012861671297,1
229,1,18.75,81,12.2012861671297,12.2612700981357,1
229,1,18.75,81,12.2612700981357,12.4716862137833,1
229,1,18.75,81,12.4716862137833,12.5028507659753,1
229,1,18.75,81,12.5028507659753,12.5489632576346,1
229,1,18.75,81,12.5489632576346,12.6565477416452,1
229,1,18.75,81,12.6565477416452,12.67178131318,1
229,1,18.75,81,12.67178131318,12.6798364774262,1
229,1,18.75,81,12.6798364774262,12.7665612349526,1
229,1,18.75,81,12.7665612349526,13.1898251863732,1
229,1,18.75,81,13.1898251863732,13.5084531646357,1
229,1,18.75,81,13.5084531646357,13.5813653489777,1
229,1,18.75,81,13.5813653489777,13.7297212080051,1
229,1,18.75,81,13.7297212080051,13.7444569952674,1
229,1,18.75,81,13.7444569952674,13.9420803196929,1
229,1,18.75,81,13.9420803196929,14.0579065687148,1
229,1,18.75,81,14.0579065687148,14.3619301553872,1
229,1,18.75,81,14.3619301553872,14.3747244268043,1
229,1,18.75,81,14.3747244268043,14.5059669212385,1
229,1,18.75,81,14.5059669212385,14.6191468870262,1
229,1,18.75,81,14.6191468870262,14.6570473434869,1
229,1,18.75,81,14.6570473434869,14.7090598977002,1
229,1,18.75,81,14.7090598977002,14.7594521609244,1
229,1,18.75,81,14.7594521609244,14.7989014862295,1
229,1,18.75,81,14.7989014862295,15.0134448511342,1
229,1,18.75,81,15.0134448511342,15.123693988102,1
229,1,18.75,81,15.123693988102,15.1525768872706,1
229,1,18.75,81,15.1525768872706,15.1653283317667,1
229,1,18.75,81,15.1653283317667,15.1764182289767,1
229,1,18.75,81,15.1764182289767,15.242955174901,1
229,1,18.75,81,15.242955174901,15.3587297241066,1
229,1,18.75,81,15.3587297241066,15.3664054619679,1
229,1,18.75,81,15.3664054619679,15.6158276672269,1
229,1,18.75,81,15.6158276672269,15.8330842616908,1
229,1,18.75,81,15.8330842616908,15.8525715535754,1
229,1,18.75,81,15.8525715535754,16.1744381658969,1
229,1,18.75,81,16.1744381658969,16.2260019677151,1
229,1,18.75,81,16.2260019677151,16.3080569315408,1
229,1,18.75,81,16.3080569315408,16.3980081819436,1
229,1,18.75,81,16.3980081819436,16.4034811758135,1
229,1,18.75,81,16.4034811758135,16.551748107808,1
229,1,18.75,81,16.551748107808,16.6050458593289,1
229,1,18.75,81,16.6050458593289,16.6077523019976,1
229,1,18.75,81,16.6077523019976,16.6852402222073,1
229,1,18.75,81,16.6852402222073,16.6906991187384,1
229,1,18.75,81,16.6906991187384,16.6969989202724,1
229,1,18.75,81,16.6969989202724,16.8429493460443,1
229,1,18.75,81,16.8429493460443,16.8540680140084,1
229,1,18.75,81,16.8540680140084,16.8962800825282,1
229,1,18.75,81,16.8962800825282,17.110918116615,1
229,1,18.75,81,17.110918116615,17.3489327583211,1
229,1,18.75,81,17.3489327583211,17.4635157797038,1
229,1,18.75,81,17.4635157797038,17.7193026409091,1
229,1,18.75,81,17.7193026409091,17.9850242632279,1
229,1,18.75,81,17.9850242632279,17.9866810504082,1
229,1,18.75,81,17.9866810504082,18.0831536643088,1
229,1,18.75,81,18.0831536643088,18.0893527983359,1
229,1,18.75,81,18.0893527983359,18.2427317063869,1
229,1,18.75,81,18.2427317063869,18.4263523547792,1
229,1,18.75,81,18.4263523547792,18.75,0
230,1,13.75,2,0,0.771336135680248,1
230,1,13.75,2,0.771336135680248,10.8535987024792,1
230,1,13.75,2,10.8535987024792,13.75,0
231,1,14.75,0,0,14.75,0
232,1,10.75,3,0,0.015913718548332,1
232,1,10.75,3,0.015913718548332,0.21247557277319,1
232,1,10.75,3,0.21247557277319,4.87570664431145,1
232,1,10.75,3,4.87570664431145,10.75,0
233,1,11.75,5,0,0.0181448988363395,1
233,1,11.75,5,0.0181448988363395,2.98337554560586,1
233,1,11.75,5,2.98337554560586,5.62050443973446,1
233,1,11.75,5,5.62050443973446,5.66405484885102,1
233,1,11.75,5,5.66405484885102,5.95300489646178,1
233,1,11.75,5,5.95300489646178,11.75,0
234,1,13.75,15,0,2.67630081624409,1
234,1,13.75,15,2.67630081624409,4.35387392749327,1
234,1,13.75,15,4.35387392749327,7.86190408638105,1
234,1,13.75,15,7.86190408638105,7.86448962180067,1
234,1,13.75,15,7.86448962180067,8.02893913687839,1
234,1,13.75,15,8.02893913687839,8.63646923766189,1
234,1,13.75,15,8.63646923766189,9.31679170444564,1
234,1,13.75,15,9.31679170444564,9.43269784640825,1
234,1,13.75,15,9.43269784640825,9.9758170994516,1
234,1,13.75,15,9.9758170994516,10.2587854366891,1
234,1,13.75,15,10.2587854366891,10.8412031742528,1
234,1,13.75,15,10.8412031742528,11.9106632513624,1
234,1,13.75,15,11.9106632513624,12.1903556556674,1
234,1,13.75,15,12.1903556556674,12.7952219388579,1
234,1,13.75,15,12.7952219388579,13.2835706746973,1
234,1,13.75,15,13.2835706746973,13.75,0
235,1,17.75,1,0,0.122968595197559,1
235,1,17.75,1,0.122968595197559,17.75,0
236,1,18.75,3,0,4.55136981163813,1
236,1,18.75,3,4.55136981163813,6.4361307549202,1
236,1,18.75,3,6.4361307549202,10.6460132201819,1
236,1,18.75,3,10.6460132201819,18.75,0
237,1,18.75,57,0,3.96877682758557,1
237,1,18.75,57,3.96877682758557,4.27924962215449,1
237,1,18.75,57,4.27924962215449,4.59051459512476,1
237,1,18.75,57,4.59051459512476,4.82454766514323,1
237,1,18.75,57,4.82454766514323,5.43708744660402,1
237,1,18.75,57,5.43708744660402,6.17580078150221,1
237,1,18.75,57,6.17580078150221,6.90278693425688,1
237,1,18.75,57,6.90278693425688,8.07736170124426,1
237,1,18.75,57,8.07736170124426,8.16197131193097,1
237,1,18.75,57,8.16197131193097,9.01271168487503,1
237,1,18.75,57,9.01271168487503,9.17166617913924,1
237,1,18.75,57,9.17166617913924,9.43770111281603,1
237,1,18.75,57,9.43770111281603,10.1194976911025,1
237,1,18.75,57,10.1194976911025,10.3737721901289,1
237,1,18.75,57,10.3737721901289,10.4380027155703,1
237,1,18.75,57,10.4380027155703,10.851208778179,1
237,1,18.75,57,10.851208778179,10.8809600832896,1
237,1,18.75,57,10.8809600832896,11.0270140568361,1
237,1,18.75,57,11.0270140568361,11.2590711028656,1
237,1,18.75,57,11.2590711028656,11.3422395441121,1
237,1,18.75,57,11.3422395441121,11.4053128805342,1
237,1,18.75,57,11.4053128805342,11.4643636582831,1
237,1,18.75,57,11.4643636582831,11.517822842399,1
237,1,18.75,57,11.517822842399,11.8039022010232,1
237,1,18.75,57,11.8039022010232,12.623835144953,1
237,1,18.75,57,12.623835144953,12.8198424641364,1
237,1,18.75,57,12.8198424641364,12.8689070929678,1
237,1,18.75,57,12.8689070929678,13.3604485619437,1
237,1,18.75,57,13.3604485619437,13.4094208085016,1
237,1,18.75,57,13.4094208085016,13.4452945678507,1
237,1,18.75,57,13.4452945678507,13.4602196925533,1
237,1,18.75,57,13.4602196925533,14.3869632737997,1
237,1,18.75,57,14.3869632737997,14.618039265625,1
237,1,18.75,57,14.618039265625,14.8003745309332,1
237,1,18.75,57,14.8003745309332,14.8701318311615,1
237,1,18.75,57,14.8701318311615,15.0288241563252,1
237,1,18.75,57,15.0288241563252,15.0928471807659,1
237,1,18.75,57,15.0928471807659,15.682590960377,1
237,1,18.75,57,15.682590960377,15.6885603613446,1
237,1,18.75,57,15.6885603613446,16.023184977164,1
237,1,18.75,57,16.023184977164,16.0924294932314,1
237,1,18.75,57,16.0924294932314,16.2946657096886,1
237,1,18.75,57,16.2946657096886,16.4853721777147,1
237,1,18.75,57,16.4853721777147,16.6780490799156,1
237,1,18.75,57,16.6780490799156,16.6902067503517,1
237,1,18.75,57,16.6902067503517,16.705977074721,1
237,1,18.75,57,16.705977074721,16.80958022947,1
237,1,18.75,57,16.80958022947,17.0214023213087,1
237,1,18.75,57,17.0214023213087,17.1899682929325,1
237,1,18.75,57,17.1899682929325,17.2139796121814,1
237,1,18.75,57,17.2139796121814,17.49209536614,1
237,1,18.75,57,17.49209536614,17.5259491417507,1
237,1,18.75,57,17.5259491417507,17.8438478675695,1
237,1,18.75,57,17.8438478675695,18.2154054705518,1
237,1,18.75,57,18.2154054705518,18.3328856257638,1
237,1,18.75,57,18.3328856257638,18.4525364920935,1
237,1,18.75,57,18.4525364920935,18.5379996293232,1
237,1,18.75,57,18.5379996293232,18.75,0
238,1,10.75,14,0,4.19393070067031,1
238,1,10.75,14,4.19393070067031,4.22188947487402,1
238,1,10.75,14,4.22188947487402,5.21522618714494,1
238,1,10.75,14,5.21522618714494,7.27971760624013,1
238,1,10.75,14,7.27971760624013,7.63385546578616,1
238,1,10.75,14,7.63385546578616,8.52175782508151,1
238,1,10.75,14,8.52175782508151,8.8718539696509,1
238,1,10.75,14,8.8718539696509,9.28255229903817,1
238,1,10.75,14,9.28255229903817,9.51921957282704,1
238,1,10.75,14,9.51921957282704,9.53324508026355,1
238,1,10.75,14,9.53324508026355,9.55839671131505,1
238,1,10.75,14,9.55839671131505,9.56730280459515,1
238,1,10.75,14,9.56730280459515,10.1384459446434,1
238,1,10.75,14,10.1384459446434,10.3518990065264,1
238,1,10.75,14,10.3518990065264,10.75,0
239,1,16.75,41,0,1.64539046912189,1
239,1,16.75,41,1.64539046912189,4.4620551665569,1
239,1,16.75,41,4.4620551665569,4.47777953390126,1
239,1,16.75,41,4.47777953390126,5.84729600348906,1
239,1,16.75,41,5.84729600348906,6.66719746493572,1
239,1,16.75,41,6.66719746493572,7.4850667610146,1
239,1,16.75,41,7.4850667610146,7.63733979252428,1
239,1,16.75,41,7.63733979252428,8.78178013384016,1
239,1,16.75,41,8.78178013384016,9.25554632002554,1
239,1,16.75,41,9.25554632002554,9.51462052279576,1
239,1,16.75,41,9.51462052279576,9.81726372333139,1
239,1,16.75,41,9.81726372333139,10.6504558827577,1
239,1,16.75,41,10.6504558827577,10.7215381535782,1
239,1,16.75,41,10.7215381535782,11.0072942251599,1
239,1,16.75,41,11.0072942251599,11.15652844567,1
239,1,16.75,41,11.15652844567,11.4599531981852,1
239,1,16.75,41,11.4599531981852,11.5203051898762,1
239,1,16.75,41,11.5203051898762,11.7591323375689,1
239,1,16.75,41,11.7591323375689,11.8124549082026,1
239,1,16.75,41,11.8124549082026,12.0339207765969,1
239,1,16.75,41,12.0339207765969,12.1453451320296,1
239,1,16.75,41,12.1453451320296,12.5362121238208,1
239,1,16.75,41,12.5362121238208,12.6713380691978,1
239,1,16.75,41,12.6713380691978,12.9237518232285,1
239,1,16.75,41,12.9237518232285,12.955511099641,1
239,1,16.75,41,12.955511099641,13.5768538962364,1
239,1,16.75,41,13.5768538962364,13.7059280821686,1
239,1,16.75,41,13.7059280821686,14.0193830617778,1
239,1,16.75,41,14.0193830617778,14.2219040811927,1
239,1,16.75,41,14.2219040811927,15.2809058864045,1
239,1,16.75,41,15.2809058864045,15.5136552981609,1
239,1,16.75,41,15.5136552981609,15.6158517454047,1
239,1,16.75,41,15.6158517454047,15.6314010205439,1
239,1,16.75,41,15.6314010205439,15.6501776326134,1
239,1,16.75,41,15.6501776326134,15.9930517332518,1
239,1,16.75,41,15.9930517332518,16.0231249398509,1
239,1,16.75,41,16.0231249398509,16.0436539949697,1
239,1,16.75,41,16.0436539949697,16.1818510662329,1
239,1,16.75,41,16.1818510662329,16.4719701951161,1
239,1,16.75,41,16.4719701951161,16.6968844734275,1
239,1,16.75,41,16.6968844734275,16.7298722322165,1
239,1,16.75,41,16.7298722322165,16.75,0
240,1,9.75,1,0,0.183223947070314,1
240,1,9.75,1,0.183223947070314,9.75,0
241,1,10.75,5,0,0.226481738495651,1
241,1,10.75,5,0.226481738495651,1.03022648660527,1
241,1,10.75,5,1.03022648660527,1.9384570303604,1
241,1,10.75,5,1.9384570303604,5.46210112613857,1
241,1,10.75,5,5.46210112613857,9.83489397032831,1
241,1,10.75,5,9.83489397032831,10.75,0
242,1,13.75,2,0,3.25676617263777,1
242,1,13.75,2,3.25676617263777,3.4676888696347,1
242,1,13.75,2,3.4676888696347,13.75,0
243,1,15.75,2,0,0.605644443757273,1
243,1,15.75,2,0.605644443757273,6.77296292196252,1
243,1,15.75,2,6.77296292196252,15.75,0
244,1,14.75,2,0,0.0501170703870478,1
244,1,14.75,2,0.0501170703870478,13.0857770792635,1
244,1,14.75,2,13.0857770792635,14.75,0
245,1,11.75,1,0,3.15709023260334,1
245,1,11.75,1,3.15709023260334,11.75,0
246,1,11.75,22,0,4.7867663648883,1
246,1,11.75,22,4.7867663648883,6.03379536284603,1
246,1,11.75,22,6.03379536284603,6.25184853172134,1
246,1,11.75,22,6.25184853172134,6.84940680471005,1
246,1,11.75,22,6.84940680471005,6.94710529523512,1
246,1,11.75,22,6.94710529523512,7.2125061386612,1
246,1,11.75,22,7.2125061386612,7.67378187340573,1
246,1,11.75,22,7.67378187340573,8.5924598654371,1
246,1,11.75,22,8.5924598654371,8.77465012570262,1
246,1,11.75,22,8.77465012570262,9.32406517307661,1
246,1,11.75,22,9.32406517307661,9.41546449040156,1
246,1,11.75,22,9.41546449040156,9.55161292030381,1
246,1,11.75,22,9.55161292030381,9.63909648117936,1
246,1,11.75,22,9.63909648117936,9.95552476928318,1
246,1,11.75,22,9.95552476928318,9.98153887900888,1
246,1,11.75,22,9.98153887900888,10.0753160792009,1
246,1,11.75,22,10.0753160792009,10.743737301827,1
246,1,11.75,22,10.743737301827,10.7818961557406,1
246,1,11.75,22,10.7818961557406,11.2019507662098,1
246,1,11.75,22,11.2019507662098,11.2047836432499,1
246,1,11.75,22,11.2047836432499,11.2208069925973,1
246,1,11.75,22,11.2208069925973,11.5540147811869,1
246,1,11.75,22,11.5540147811869,11.75,0
247,1,11.75,10,0,5.4310337573801,1
247,1,11.75,10,5.4310337573801,5.59144063641042,1
247,1,11.75,10,5.59144063641042,6.97297013631848,1
247,1,11.75,10,6.97297013631848,7.31242661258519,1
247,1,11.75,10,7.31242661258519,7.46701629074872,1
247,1,11.75,10,7.46701629074872,8.33895073003632,1
247,1,11.75,10,8.33895073003632,8.5259180221934,1
247,1,11.75,10,8.5259180221934,9.61818799549353,1
247,1,11.75,10,9.61818799549353,10.3956197937655,1
247,1,11.75,10,10.3956197937655,11.2520232641793,1
247,1,11.75,10,11.2520232641793,11.75,0
248,1,10.75,2,0,0.824620918251684,1
248,1,10.75,2,0.824620918251684,3.5456793576894,1
248,1,10.75,2,3.5456793576894,10.75,0
249,1,17.75,4,0,1.85236391128798,1
249,1,17.75,4,1.85236391128798,4.93736383089341,1
249,1,17.75,4,4.93736383089341,4.94277546731639,1
249,1,17.75,4,4.94277546731639,13.9750459057223,1
249,1,17.75,4,13.9750459057223,17.75,0
250,1,14.75,2,0,0.28737937784702,1
250,1,14.75,2,0.28737937784702,0.918601387682827,1
250,1,14.75,2,0.918601387682827,14.75,0
251,1,17.75,3,0,8.01253111263497,1
251,1,17.75,3,8.01253111263497,9.98894925629225,1
251,1,17.75,3,9.98894925629225,12.0993769295102,1
251,1,17.75,3,12.0993769295102,17.75,0
252,1,16.75,2,0,0.301257225871168,1
252,1,16.75,2,0.301257225871168,2.38972663883628,1
252,1,16.75,2,2.38972663883628,16.75,0
253,1,16.75,4,0,0.590752445715645,1
253,1,16.75,4,0.590752445715645,0.814374237209368,1
253,1,16.75,4,0.814374237209368,6.14049829709075,1
253,1,16.75,4,6.14049829709075,7.43957437083463,1
253,1,16.75,4,7.43957437083463,16.75,0
254,1,12.75,5,0,0.0923609480815379,1
254,1,12.75,5,0.0923609480815379,0.64917072875975,1
254,1,12.75,5,0.64917072875975,1.42543780633253,1
254,1,12.75,5,1.42543780633253,5.46902981083776,1
254,1,12.75,5,5.46902981083776,7.22595515037055,1
254,1,12.75,5,7.22595515037055,12.75,0
255,1,8.75,1,0,5.15011494600091,1
255,1,8.75,1,5.15011494600091,8.75,0
256,1,13.75,25,0,0.511166091286599,1
256,1,13.75,25,0.511166091286599,2.48402731399315,1
256,1,13.75,25,2.48402731399315,2.89916993386667,1
256,1,13.75,25,2.89916993386667,4.64722579374052,1
256,1,13.75,25,4.64722579374052,4.90881724389002,1
256,1,13.75,25,4.90881724389002,5.00596658304993,1
256,1,13.75,25,5.00596658304993,6.1022942279086,1
256,1,13.75,25,6.1022942279086,6.30952684025502,1
256,1,13.75,25,6.30952684025502,6.99799942631703,1
256,1,13.75,25,6.99799942631703,8.51303622573084,1
256,1,13.75,25,8.51303622573084,9.20507171289976,1
256,1,13.75,25,9.20507171289976,10.6227755384787,1
256,1,13.75,25,10.6227755384787,10.9310456470009,1
256,1,13.75,25,10.9310456470009,11.1413478252446,1
256,1,13.75,25,11.1413478252446,11.1608867439082,1
256,1,13.75,25,11.1608867439082,11.591362977943,1
256,1,13.75,25,11.591362977943,11.6971209213409,1
256,1,13.75,25,11.6971209213409,11.9642786700047,1
256,1,13.75,25,11.9642786700047,12.028527293128,1
256,1,13.75,25,12.028527293128,12.1197645755971,1
256,1,13.75,25,12.1197645755971,12.1930957454604,1
256,1,13.75,25,12.1930957454604,12.3496420663584,1
256,1,13.75,25,12.3496420663584,12.5077926099108,1
256,1,13.75,25,12.5077926099108,13.3230186548987,1
256,1,13.75,25,13.3230186548987,13.4555652799797,1
256,1,13.75,25,13.4555652799797,13.75,0
257,1,13.75,10,0,3.2936282325462,1
257,1,13.75,10,3.2936282325462,4.69220931490946,1
257,1,13.75,10,4.69220931490946,5.08516154253335,1
257,1,13.75,10,5.08516154253335,7.65506852034323,1
257,1,13.75,10,7.65506852034323,10.4420753804424,1
257,1,13.75,10,10.4420753804424,11.1629021102826,1
257,1,13.75,10,11.1629021102826,11.6066768678665,1
257,1,13.75,10,11.6066768678665,11.61574484529,1
257,1,13.75,10,11.61574484529,12.4113530787971,1
257,1,13.75,10,12.4113530787971,13.2652227262317,1
257,1,13.75,10,13.2652227262317,13.75,0
258,1,18.75,0,0,18.75,0
259,1,9.75,15,0,2.59148017531791,1
259,1,9.75,15,2.59148017531791,2.67768443449286,1
259,1,9.75,15,2.67768443449286,4.20458701817147,1
259,1,9.75,15,4.20458701817147,4.73082851818086,1
259,1,9.75,15,4.73082851818086,6.06437123676825,1
259,1,9.75,15,6.06437123676825,6.21246589831658,1
259,1,9.75,15,6.21246589831658,7.58465074053654,1
259,1,9.75,15,7.58465074053654,8.18032535570919,1
259,1,9.75,15,8.18032535570919,8.27995852252746,1
259,1,9.75,15,8.27995852252746,8.58666283584282,1
259,1,9.75,15,8.58666283584282,8.6345867595929,1
259,1,9.75,15,8.6345867595929,8.71972928714704,1
259,1,9.75,15,8.71972928714704,8.96881812799789,1
259,1,9.75,15,8.96881812799789,9.15215624288419,1
259,1,9.75,15,9.15215624288419,9.23922590257031,1
259,1,9.75,15,9.23922590257031,9.75,0
260,1,20.75,8,0,0.854294145810629,1
260,1,20.75,8,0.854294145810629,2.6151283930671,1
260,1,20.75,8,2.6151283930671,2.65747043572583,1
260,1,20.75,8,2.65747043572583,4.22848411550248,1
260,1,20.75,8,4.22848411550248,5.51310157486356,1
260,1,20.75,8,5.51310157486356,5.75215054040804,1
260,1,20.75,8,5.75215054040804,7.24209464089548,1
260,1,20.75,8,7.24209464089548,7.77273341424828,1
260,1,20.75,8,7.77273341424828,20.75,0
261,1,9.75,7,0,4.301578138788,1
261,1,9.75,7,4.301578138788,6.65137660831644,1
261,1,9.75,7,6.65137660831644,6.98709113426744,1
261,1,9.75,7,6.98709113426744,7.71518819692364,1
261,1,9.75,7,7.71518819692364,8.92579993256704,1
261,1,9.75,7,8.92579993256704,8.93408541442013,1
261,1,9.75,7,8.93408541442013,9.53813343401698,1
261,1,9.75,7,9.53813343401698,9.75,0
262,1,15.75,50,0,6.12051770063689,1
262,1,15.75,50,6.12051770063689,6.87587325736347,1
262,1,15.75,50,6.87587325736347,7.31179438795135,1
262,1,15.75,50,7.31179438795135,8.15301283691145,1
262,1,15.75,50,8.15301283691145,8.59844583945078,1
262,1,15.75,50,8.59844583945078,8.83237379031404,1
262,1,15.75,50,8.83237379031404,8.99969127777006,1
262,1,15.75,50,8.99969127777006,9.01686821197797,1
262,1,15.75,50,9.01686821197797,9.4466835661005,1
262,1,15.75,50,9.4466835661005,9.78206582907707,1
262,1,15.75,50,9.78206582907707,9.88987045433726,1
262,1,15.75,50,9.88987045433726,10.0405006464193,1
262,1,15.75,50,10.0405006464193,10.1387444481185,1
262,1,15.75,50,10.1387444481185,10.2497547308413,1
262,1,15.75,50,10.2497547308413,10.38847669194,1
262,1,15.75,50,10.38847669194,10.4235742527462,1
262,1,15.75,50,10.4235742527462,10.4631066213563,1
262,1,15.75,50,10.4631066213563,10.7690312891231,1
262,1,15.75,50,10.7690312891231,11.1578053020969,1
262,1,15.75,50,11.1578053020969,11.2385719836952,1
262,1,15.75,50,11.2385719836952,11.3453735744954,1
262,1,15.75,50,11.3453735744954,11.7127060914704,1
262,1,15.75,50,11.7127060914704,11.7949034162827,1
262,1,15.75,50,11.7949034162827,11.9579238678516,1
262,1,15.75,50,11.9579238678516,11.9822419202726,1
262,1,15.75,50,11.9822419202726,12.0757827208221,1
262,1,15.75,50,12.0757827208221,12.1019026179304,1
262,1,15.75,50,12.1019026179304,12.3283579242869,1
262,1,15.75,50,12.3283579242869,12.3285730830423,1
262,1,15.75,50,12.3285730830423,12.5954076206606,1
262,1,15.75,50,12.5954076206606,12.8536073229361,1
262,1,15.75,50,12.8536073229361,12.9893458333428,1
262,1,15.75,50,12.9893458333428,13.0287255362705,1
262,1,15.75,50,13.0287255362705,13.2557693735054,1
262,1,15.75,50,13.2557693735054,13.4623400631952,1
262,1,15.75,50,13.4623400631952,13.6122306685396,1
262,1,15.75,50,13.6122306685396,14.0341658053712,1
262,1,15.75,50,14.0341658053712,14.1449672041546,1
262,1,15.75,50,14.1449672041546,14.2331266933658,1
262,1,15.75,50,14.2331266933658,14.3221593919639,1
262,1,15.75,50,14.3221593919639,14.4036185917038,1
262,1,15.75,50,14.4036185917038,14.4412556988371,1
262,1,15.75,50,14.4412556988371,14.9757031366572,1
262,1,15.75,50,14.9757031366572,14.9789024803521,1
262,1,15.75,50,14.9789024803521,15.0176626991925,1
262,1,15.75,50,15.0176626991925,15.0178159885436,1
262,1,15.75,50,15.0178159885436,15.1245276987656,1
262,1,15.75,50,15.1245276987656,15.1554967147702,1
262,1,15.75,50,15.1554967147702,15.2531144981016,1
262,1,15.75,50,15.2531144981016,15.5644088688626,1
262,1,15.75,50,15.5644088688626,15.75,0
263,1,16.75,1,0,15.7542204818806,1
263,1,16.75,1,15.7542204818806,16.75,0
264,1,12.75,4,0,0.089809881850694,1
264,1,12.75,4,0.089809881850694,7.39145746919964,1
264,1,12.75,4,7.39145746919964,7.82561063606204,1
264,1,12.75,4,7.82561063606204,10.1751943204055,1
264,1,12.75,4,10.1751943204055,12.75,0
265,1,11.75,1,0,11.3249916120922,1
265,1,11.75,1,11.3249916120922,11.75,0
266,1,11.75,1,0,8.3262423031593,1
266,1,11.75,1,8.3262423031593,11.75,0
267,1,17.75,49,0,3.5171992820753,1
267,1,17.75,49,3.5171992820753,4.03556398794715,1
267,1,17.75,49,4.03556398794715,4.92172985296922,1
267,1,17.75,49,4.92172985296922,5.33436683373319,1
267,1,17.75,49,5.33436683373319,5.44307076017269,1
267,1,17.75,49,5.44307076017269,5.90848639486732,1
267,1,17.75,49,5.90848639486732,6.70098703449499,1
267,1,17.75,49,6.70098703449499,7.45857496686807,1
267,1,17.75,49,7.45857496686807,7.8426635881996,1
267,1,17.75,49,7.8426635881996,8.20692925278377,1
267,1,17.75,49,8.20692925278377,8.43804197819154,1
267,1,17.75,49,8.43804197819154,8.67186744354283,1
267,1,17.75,49,8.67186744354283,9.1071405770207,1
267,1,17.75,49,9.1071405770207,10.3914087198302,1
267,1,17.75,49,10.3914087198302,10.3929274052692,1
267,1,17.75,49,10.3929274052692,10.5146545875744,1
267,1,17.75,49,10.5146545875744,10.7524721061254,1
267,1,17.75,49,10.7524721061254,10.7696295893075,1
267,1,17.75,49,10.7696295893075,10.8469257371144,1
267,1,17.75,49,10.8469257371144,10.9030000125788,1
267,1,17.75,49,10.9030000125788,11.2596582665259,1
267,1,17.75,49,11.2596582665259,11.7100873107149,1
267,1,17.75,49,11.7100873107149,11.7897585493715,1
267,1,17.75,49,11.7897585493715,12.3442496772191,1
267,1,17.75,49,12.3442496772191,12.4014483929316,1
267,1,17.75,49,12.4014483929316,12.7105059243061,1
267,1,17.75,49,12.7105059243061,13.3479232713208,1
267,1,17.75,49,13.3479232713208,13.4931127169954,1
267,1,17.75,49,13.4931127169954,13.8875932658293,1
267,1,17.75,49,13.8875932658293,13.9347959120933,1
267,1,17.75,49,13.9347959120933,13.9355870546705,1
267,1,17.75,49,13.9355870546705,13.9703941939225,1
267,1,17.75,49,13.9703941939225,14.0450319926097,1
267,1,17.75,49,14.0450319926097,14.1865685158587,1
267,1,17.75,49,14.1865685158587,14.2505946618687,1
267,1,17.75,49,14.2505946618687,14.3671874358625,1
267,1,17.75,49,14.3671874358625,14.4618148447944,1
267,1,17.75,49,14.4618148447944,14.6295430247177,1
267,1,17.75,49,14.6295430247177,15.749134865588,1
267,1,17.75,49,15.749134865588,15.8400733109042,1
267,1,17.75,49,15.8400733109042,15.8638691288544,1
267,1,17.75,49,15.8638691288544,16.0042982633136,1
267,1,17.75,49,16.0042982633136,16.3246049822698,1
267,1,17.75,49,16.3246049822698,16.8259108433373,1
267,1,17.75,49,16.8259108433373,17.0017686661655,1
267,1,17.75,49,17.0017686661655,17.1325288760371,1
267,1,17.75,49,17.1325288760371,17.2846517690023,1
267,1,17.75,49,17.2846517690023,17.5893010635173,1
267,1,17.75,49,17.5893010635173,17.7446851475262,1
267,1,17.75,49,17.7446851475262,17.75,0
268,1,14.75,2,0,7.79844711463997,1
268,1,14.75,2,7.79844711463997,9.97027803648683,1
268,1,14.75,2,9.97027803648683,14.75,0
269,1,15.75,2,0,4.86640799488401,1
269,1,15.75,2,4.86640799488401,8.98151798452586,1
269,1,15.75,2,8.98151798452586,15.75,0
270,1,16.75,30,0,1.58821098792164,1
270,1,16.75,30,1.58821098792164,2.4352843010831,1
270,1,16.75,30,2.4352843010831,4.95183420950125,1
270,1,16.75,30,4.95183420950125,7.29433455232873,1
270,1,16.75,30,7.29433455232873,7.70210269079014,1
270,1,16.75,30,7.70210269079014,8.45429758932784,1
270,1,16.75,30,8.45429758932784,9.02077043665804,1
270,1,16.75,30,9.02077043665804,9.40914179470923,1
270,1,16.75,30,9.40914179470923,9.7749294013259,1
270,1,16.75,30,9.7749294013259,9.80457779307804,1
270,1,16.75,30,9.80457779307804,9.83225584590132,1
270,1,16.75,30,9.83225584590132,10.5232317791601,1
270,1,16.75,30,10.5232317791601,10.7996195964412,1
270,1,16.75,30,10.7996195964412,10.8968546825289,1
270,1,16.75,30,10.8968546825289,11.7500962493061,1
270,1,16.75,30,11.7500962493061,12.1371197084345,1
270,1,16.75,30,12.1371197084345,13.1464111835122,1
270,1,16.75,30,13.1464111835122,13.4115640611197,1
270,1,16.75,30,13.4115640611197,13.6372037198924,1
270,1,16.75,30,13.6372037198924,13.8474154361018,1
270,1,16.75,30,13.8474154361018,14.271783208725,1
270,1,16.75,30,14.271783208725,14.5135015518374,1
270,1,16.75,30,14.5135015518374,15.2410291504703,1
270,1,16.75,30,15.2410291504703,15.2506672801941,1
270,1,16.75,30,15.2506672801941,15.3008546046138,1
270,1,16.75,30,15.3008546046138,15.6236557219083,1
270,1,16.75,30,15.6236557219083,15.8101804100556,1
270,1,16.75,30,15.8101804100556,15.9875471813081,1
270,1,16.75,30,15.9875471813081,16.4968828541136,1
270,1,16.75,30,16.4968828541136,16.624656154523,1
270,1,16.75,30,16.624656154523,16.75,0
271,1,10.75,1,0,4.090558541203,1
271,1,10.75,1,4.090558541203,10.75,0
272,1,13.75,1,0,2.73260723689977,1
272,1,13.75,1,2.73260723689977,13.75,0
273,1,12.75,4,0,0.0702464805316022,1
273,1,12.75,4,0.0702464805316022,0.395577021236143,1
273,1,12.75,4,0.395577021236143,0.49471094152768,1
273,1,12.75,4,0.49471094152768,8.63094742996371,1
273,1,12.75,4,8.63094742996371,12.75,0
274,1,13.75,1,0,0.967538565465244,1
274,1,13.75,1,0.967538565465244,13.75,0
275,1,13.75,1,0,0.239850901047152,1
275,1,13.75,1,0.239850901047152,13.75,0
276,1,12.75,0,0,12.75,0
277,1,11.75,10,0,1.50143291911499,1
277,1,11.75,10,1.50143291911499,3.58388386247704,1
277,1,11.75,10,3.58388386247704,7.85520013558317,1
277,1,11.75,10,7.85520013558317,8.19479871816142,1
277,1,11.75,10,8.19479871816142,8.564306828381,1
277,1,11.75,10,8.564306828381,9.11668382623001,1
277,1,11.75,10,9.11668382623001,9.49620067778339,1
277,1,11.75,10,9.49620067778339,9.57736405987084,1
277,1,11.75,10,9.57736405987084,10.5836787830163,1
277,1,11.75,10,10.5836787830163,11.3651876760704,1
277,1,11.75,10,11.3651876760704,11.75,0
278,1,20.75,2,0,0.0453078774832773,1
278,1,20.75,2,0.0453078774832773,18.4684744721002,1
278,1,20.75,2,18.4684744721002,20.75,0
279,1,18.75,3,0,1.97859270190212,1
279,1,18.75,3,1.97859270190212,7.17300867649655,1
279,1,18.75,3,7.17300867649655,15.0886096341777,1
279,1,18.75,3,15.0886096341777,18.75,0
280,1,8.75,1,0,0.805186608752443,1
280,1,8.75,1,0.805186608752443,8.75,0
281,1,9.75,18,0,4.71927019187696,1
281,1,9.75,18,4.71927019187696,4.83188565948123,1
281,1,9.75,18,4.83188565948123,4.93691101769397,1
281,1,9.75,18,4.93691101769397,5.33043645176862,1
281,1,9.75,18,5.33043645176862,5.45684208162292,1
281,1,9.75,18,5.45684208162292,5.60666662311457,1
281,1,9.75,18,5.60666662311457,6.19269633624008,1
281,1,9.75,18,6.19269633624008,6.6975000446745,1
281,1,9.75,18,6.6975000446745,6.80605299993468,1
281,1,9.75,18,6.80605299993468,7.2932319984442,1
281,1,9.75,18,7.2932319984442,7.76196224793466,1
281,1,9.75,18,7.76196224793466,7.95712396553577,1
281,1,9.75,18,7.95712396553577,8.06306405023106,1
281,1,9.75,18,8.06306405023106,8.33933524276828,1
281,1,9.75,18,8.33933524276828,8.73859776896046,1
281,1,9.75,18,8.73859776896046,8.76442804092689,1
281,1,9.75,18,8.76442804092689,9.01881942316225,1
281,1,9.75,18,9.01881942316225,9.50753673277819,1
281,1,9.75,18,9.50753673277819,9.75,0
282,1,13.75,1,0,13.249427146511,1
282,1,13.75,1,13.249427146511,13.75,0
283,1,18.75,58,0,2.25925186433527,1
283,1,18.75,58,2.25925186433527,2.66778181659894,1
283,1,18.75,58,2.66778181659894,5.76263781819047,1
283,1,18.75,58,5.76263781819047,5.84779371618207,1
283,1,18.75,58,5.84779371618207,6.29292007075729,1
283,1,18.75,58,6.29292007075729,6.95632701015016,1
283,1,18.75,58,6.95632701015016,8.48134917254531,1
283,1,18.75,58,8.48134917254531,8.89741032044044,1
283,1,18.75,58,8.89741032044044,8.94409636019935,1
283,1,18.75,58,8.94409636019935,9.35032484289417,1
283,1,18.75,58,9.35032484289417,9.35200662405967,1
283,1,18.75,58,9.35200662405967,9.48555331122881,1
283,1,18.75,58,9.48555331122881,9.8130778431353,1
283,1,18.75,58,9.8130778431353,9.98694990892495,1
283,1,18.75,58,9.98694990892495,10.6734123000811,1
283,1,18.75,58,10.6734123000811,10.8764621980159,1
283,1,18.75,58,10.8764621980159,10.9535302321314,1
283,1,18.75,58,10.9535302321314,11.1950422117616,1
283,1,18.75,58,11.1950422117616,11.5506693806599,1
283,1,18.75,58,11.5506693806599,12.1673325758484,1
283,1,18.75,58,12.1673325758484,12.5274171266518,1
283,1,18.75,58,12.5274171266518,12.9343722299414,1
283,1,18.75,58,12.9343722299414,12.9526160250475,1
283,1,18.75,58,12.9526160250475,12.9548136016699,1
283,1,18.75,58,12.9548136016699,12.9885117183272,1
283,1,18.75,58,12.9885117183272,13.2411672682509,1
283,1,18.75,58,13.2411672682509,13.810161898936,1
283,1,18.75,58,13.810161898936,13.9579972408111,1
283,1,18.75,58,13.9579972408111,14.1875073631312,1
283,1,18.75,58,14.1875073631312,14.4178946372321,1
283,1,18.75,58,14.4178946372321,14.5418030440057,1
283,1,18.75,58,14.5418030440057,14.6051647318133,1
283,1,18.75,58,14.6051647318133,14.6688395668283,1
283,1,18.75,58,14.6688395668283,14.8904885856132,1
283,1,18.75,58,14.8904885856132,15.3021964644036,1
283,1,18.75,58,15.3021964644036,15.3833289312967,1
283,1,18.75,58,15.3833289312967,15.7809459433155,1
283,1,18.75,58,15.7809459433155,16.2188591604543,1
283,1,18.75,58,16.2188591604543,16.3211841659726,1
283,1,18.75,58,16.3211841659726,16.4162416566559,1
283,1,18.75,58,16.4162416566559,16.8879845553469,1
283,1,18.75,58,16.8879845553469,17.0219751758975,1
283,1,18.75,58,17.0219751758975,17.3995041639695,1
283,1,18.75,58,17.3995041639695,17.4257717427153,1
283,1,18.75,58,17.4257717427153,17.5677420460962,1
283,1,18.75,58,17.5677420460962,17.7269230329306,1
283,1,18.75,58,17.7269230329306,17.9182606638103,1
283,1,18.75,58,17.9182606638103,17.946964505677,1
283,1,18.75,58,17.946964505677,17.990585886343,1
283,1,18.75,58,17.990585886343,18.0251042084942,1
283,1,18.75,58,18.0251042084942,18.0350084283947,1
283,1,18.75,58,18.0350084283947,18.1775331436432,1
283,1,18.75,58,18.1775331436432,18.1888360486852,1
283,1,18.75,58,18.1888360486852,18.2740803949028,1
283,1,18.75,58,18.2740803949028,18.3001532676065,1
283,1,18.75,58,18.3001532676065,18.5821503985469,1
283,1,18.75,58,18.5821503985469,18.6167212299297,1
283,1,18.75,58,18.6167212299297,18.6680107647543,1
283,1,18.75,58,18.6680107647543,18.75,0
284,1,16.75,113,0,2.72002686722653,1
284,1,16.75,113,2.72002686722653,5.4471531344326,1
284,1,16.75,113,5.4471531344326,5.80661798533533,1
284,1,16.75,113,5.80661798533533,5.90979519240783,1
284,1,16.75,113,5.90979519240783,6.14684001113892,1
284,1,16.75,113,6.14684001113892,6.57122389348405,1
284,1,16.75,113,6.57122389348405,6.79752130011932,1
284,1,16.75,113,6.79752130011932,7.13209610070068,1
284,1,16.75,113,7.13209610070068,7.33723877166473,1
284,1,16.75,113,7.33723877166473,7.36782006791019,1
284,1,16.75,113,7.36782006791019,7.41741020328001,1
284,1,16.75,113,7.41741020328001,7.45910714074977,1
284,1,16.75,113,7.45910714074977,7.48855271352566,1
284,1,16.75,113,7.48855271352566,8.01297208058496,1
284,1,16.75,113,8.01297208058496,8.88836303019695,1
284,1,16.75,113,8.88836303019695,8.95642142568754,1
284,1,16.75,113,8.95642142568754,9.25264816688092,1
284,1,16.75,113,9.25264816688092,9.25591436691871,1
284,1,16.75,113,9.25591436691871,9.2960777269764,1
284,1,16.75,113,9.2960777269764,9.51460972267727,1
284,1,16.75,113,9.51460972267727,9.56439424323123,1
284,1,16.75,113,9.56439424323123,9.62712960210147,1
284,1,16.75,113,9.62712960210147,9.84379307406187,1
284,1,16.75,113,9.84379307406187,10.0282156514123,1
284,1,16.75,113,10.0282156514123,10.1451838552842,1
284,1,16.75,113,10.1451838552842,10.2927787583436,1
284,1,16.75,113,10.2927787583436,10.3585783942223,1
284,1,16.75,113,10.3585783942223,10.5206059420925,1
284,1,16.75,113,10.5206059420925,10.571673779931,1
284,1,16.75,113,10.571673779931,10.6671335091623,1
284,1,16.75,113,10.6671335091623,10.7830336344939,1
284,1,16.75,113,10.7830336344939,10.8020458457331,1
284,1,16.75,113,10.8020458457331,10.900976551836,1
284,1,16.75,113,10.900976551836,11.0680858384453,1
284,1,16.75,113,11.0680858384453,11.2251477406173,1
284,1,16.75,113,11.2251477406173,11.2829231711665,1
284,1,16.75,113,11.2829231711665,11.2984359270485,1
284,1,16.75,113,11.2984359270485,11.6194986150559,1
284,1,16.75,113,11.6194986150559,11.7538727836712,1
284,1,16.75,113,11.7538727836712,11.8966716419761,1
284,1,16.75,113,11.8966716419761,11.9836914709533,1
284,1,16.75,113,11.9836914709533,12.0427851256361,1
284,1,16.75,113,12.0427851256361,12.1363533513075,1
284,1,16.75,113,12.1363533513075,12.3681640589861,1
284,1,16.75,113,12.3681640589861,12.4236660356343,1
284,1,16.75,113,12.4236660356343,12.4334289479485,1
284,1,16.75,113,12.4334289479485,12.5662870257785,1
284,1,16.75,113,12.5662870257785,12.5828352276633,1
284,1,16.75,113,12.5828352276633,12.601734330831,1
284,1,16.75,113,12.601734330831,12.6245078074404,1
284,1,16.75,113,12.6245078074404,12.6936698052983,1
284,1,16.75,113,12.6936698052983,12.7217523409945,1
284,1,16.75,113,12.7217523409945,12.8147767184343,1
284,1,16.75,113,12.8147767184343,12.8884009106303,1
284,1,16.75,113,12.8884009106303,12.9178026971518,1
284,1,16.75,113,12.9178026971518,12.9359616608985,1
284,1,16.75,113,12.9359616608985,13.1710685083877,1
284,1,16.75,113,13.1710685083877,13.2682334385805,1
284,1,16.75,113,13.2682334385805,13.3782675221909,1
284,1,16.75,113,13.3782675221909,13.4365909035323,1
284,1,16.75,113,13.4365909035323,13.4370921109422,1
284,1,16.75,113,13.4370921109422,13.6363879678263,1
284,1,16.75,113,13.6363879678263,13.7309215595847,1
284,1,16.75,113,13.7309215595847,13.8362857210309,1
284,1,16.75,113,13.8362857210309,13.9557641008408,1
284,1,16.75,113,13.9557641008408,14.0732535587389,1
284,1,16.75,113,14.0732535587389,14.1858336443455,1
284,1,16.75,113,14.1858336443455,14.1886671709591,1
284,1,16.75,113,14.1886671709591,14.2729404458005,1
284,1,16.75,113,14.2729404458005,14.3544465367472,1
284,1,16.75,113,14.3544465367472,14.4007926847687,1
284,1,16.75,113,14.4007926847687,14.4854717920906,1
284,1,16.75,113,14.4854717920906,14.5007749770635,1
284,1,16.75,113,14.5007749770635,14.5894756683842,1
284,1,16.75,113,14.5894756683842,14.6146002150174,1
284,1,16.75,113,14.6146002150174,14.6255662940047,1
284,1,16.75,113,14.6255662940047,14.6294892396864,1
284,1,16.75,113,14.6294892396864,14.6962965397289,1
284,1,16.75,113,14.6962965397289,14.8081880330657,1
284,1,16.75,113,14.8081880330657,14.9911563805341,1
284,1,16.75,113,14.9911563805341,15.0081823254168,1
284,1,16.75,113,15.0081823254168,15.0083986081201,1
284,1,16.75,113,15.0083986081201,15.1751740488198,1
284,1,16.75,113,15.1751740488198,15.2172765178959,1
284,1,16.75,113,15.2172765178959,15.2211107971365,1
284,1,16.75,113,15.2211107971365,15.3538064676359,1
284,1,16.75,113,15.3538064676359,15.4076128546566,1
284,1,16.75,113,15.4076128546566,15.4267331047386,1
284,1,16.75,113,15.4267331047386,15.463749092846,1
284,1,16.75,113,15.463749092846,15.4754247877631,1
284,1,16.75,113,15.4754247877631,15.4777393532074,1
284,1,16.75,113,15.4777393532074,15.5252991643304,1
284,1,16.75,113,15.5252991643304,15.7015544316956,1
284,1,16.75,113,15.7015544316956,15.7532513084186,1
284,1,16.75,113,15.7532513084186,15.8099298083325,1
284,1,16.75,113,15.8099298083325,15.8401338268659,1
284,1,16.75,113,15.8401338268659,15.9211435646934,1
284,1,16.75,113,15.9211435646934,15.9220644311547,1
284,1,16.75,113,15.9220644311547,16.0070672740378,1
284,1,16.75,113,16.0070672740378,16.0825936021423,1
284,1,16.75,113,16.0825936021423,16.1369763525063,1
284,1,16.75,113,16.1369763525063,16.1484401197016,1
284,1,16.75,113,16.1484401197016,16.1611986802777,1
284,1,16.75,113,16.1611986802777,16.1722496570032,1
284,1,16.75,113,16.1722496570032,16.262063886672,1
284,1,16.75,113,16.262063886672,16.4509672303667,1
284,1,16.75,113,16.4509672303667,16.4835227613526,1
284,1,16.75,113,16.4835227613526,16.5711009150651,1
284,1,16.75,113,16.5711009150651,16.5782741975659,1
284,1,16.75,113,16.5782741975659,16.6066490599197,1
284,1,16.75,113,16.6066490599197,16.6370865731411,1
284,1,16.75,113,16.6370865731411,16.6745530698031,1
284,1,16.75,113,16.6745530698031,16.7041558176453,1
284,1,16.75,113,16.7041558176453,16.75,0
285,1,9.75,3,0,5.06854296475261,1
285,1,9.75,3,5.06854296475261,9.19613115369271,1
285,1,9.75,3,9.19613115369271,9.5758552378563,1
285,1,9.75,3,9.5758552378563,9.75,0
286,1,8.75,2,0,5.06480997842776,1
286,1,8.75,2,5.06480997842776,8.58797362283539,1
286,1,8.75,2,8.58797362283539,8.75,0
287,1,8.75,0,0,8.75,0
288,1,16.75,26,0,6.56104098650466,1
288,1,16.75,26,6.56104098650466,7.14138298558893,1
288,1,16.75,26,7.14138298558893,7.63719345946367,1
288,1,16.75,26,7.63719345946367,7.81705131719162,1
288,1,16.75,26,7.81705131719162,7.89462317952757,1
288,1,16.75,26,7.89462317952757,8.77712651498514,1
288,1,16.75,26,8.77712651498514,9.26683952954304,1
288,1,16.75,26,9.26683952954304,9.99165756608149,1
288,1,16.75,26,9.99165756608149,10.7422807655118,1
288,1,16.75,26,10.7422807655118,10.9740500681095,1
288,1,16.75,26,10.9740500681095,11.5345333343644,1
288,1,16.75,26,11.5345333343644,11.7650284139779,1
288,1,16.75,26,11.7650284139779,12.1770696039885,1
288,1,16.75,26,12.1770696039885,13.2451226665055,1
288,1,16.75,26,13.2451226665055,14.0797075945315,1
288,1,16.75,26,14.0797075945315,14.3806163139445,1
288,1,16.75,26,14.3806163139445,14.8070160154062,1
288,1,16.75,26,14.8070160154062,14.9667895099425,1
288,1,16.75,26,14.9667895099425,15.0775523470004,1
288,1,16.75,26,15.0775523470004,15.6724013242927,1
288,1,16.75,26,15.6724013242927,16.3628095328435,1
288,1,16.75,26,16.3628095328435,16.3894188301665,1
288,1,16.75,26,16.3894188301665,16.5476769070519,1
288,1,16.75,26,16.5476769070519,16.6093560781013,1
288,1,16.75,26,16.6093560781013,16.6767516525018,1
288,1,16.75,26,16.6767516525018,16.6983081861022,1
288,1,16.75,26,16.6983081861022,16.75,0
289,1,13.75,30,0,2.56235864073213,1
289,1,13.75,30,2.56235864073213,4.88757704011804,1
289,1,13.75,30,4.88757704011804,4.96031029232275,1
289,1,13.75,30,4.96031029232275,5.49564781898517,1
289,1,13.75,30,5.49564781898517,5.59132663259951,1
289,1,13.75,30,5.59132663259951,6.23324832072959,1
289,1,13.75,30,6.23324832072959,6.26949238117642,1
289,1,13.75,30,6.26949238117642,6.76531422822925,1
289,1,13.75,30,6.76531422822925,6.77911338641449,1
289,1,13.75,30,6.77911338641449,7.02697019628327,1
289,1,13.75,30,7.02697019628327,7.88837689368926,1
289,1,13.75,30,7.88837689368926,8.63264220244504,1
289,1,13.75,30,8.63264220244504,8.65792349052179,1
289,1,13.75,30,8.65792349052179,8.93796742690778,1
289,1,13.75,30,8.93796742690778,9.14846080419918,1
289,1,13.75,30,9.14846080419918,9.42531913238795,1
289,1,13.75,30,9.42531913238795,9.49729308328217,1
289,1,13.75,30,9.49729308328217,10.1569762605093,1
289,1,13.75,30,10.1569762605093,10.3315002945369,1
289,1,13.75,30,10.3315002945369,10.7588919392224,1
289,1,13.75,30,10.7588919392224,12.3929223856145,1
289,1,13.75,30,12.3929223856145,12.3966468764726,1
289,1,13.75,30,12.3966468764726,12.4016760552612,1
289,1,13.75,30,12.4016760552612,12.6041358057686,1
289,1,13.75,30,12.6041358057686,12.6491578516667,1
289,1,13.75,30,12.6491578516667,12.7077470969709,1
289,1,13.75,30,12.7077470969709,12.7916458408894,1
289,1,13.75,30,12.7916458408894,13.0407823579138,1
289,1,13.75,30,13.0407823579138,13.3555238122849,1
289,1,13.75,30,13.3555238122849,13.6068747235745,1
289,1,13.75,30,13.6068747235745,13.75,0
290,1,16.75,4,0,0.444552886760764,1
290,1,16.75,4,0.444552886760764,5.10763561673906,1
290,1,16.75,4,5.10763561673906,7.05866413920137,1
290,1,16.75,4,7.05866413920137,7.14718365352918,1
290,1,16.75,4,7.14718365352918,16.75,0
291,1,8.75,3,0,3.61249530734295,1
291,1,8.75,3,3.61249530734295,6.37964079460613,1
291,1,8.75,3,6.37964079460613,7.71596167473971,1
291,1,8.75,3,7.71596167473971,8.75,0
292,1,11.75,0,0,11.75,0
293,1,8.75,1,0,5.29799096993653,1
293,1,8.75,1,5.29799096993653,8.75,0
294,1,8.75,7,0,0.591244441028691,1
294,1,8.75,7,0.591244441028691,4.1518157322018,1
294,1,8.75,7,4.1518157322018,4.2776166725743,1
294,1,8.75,7,4.2776166725743,5.70564494539372,1
294,1,8.75,7,5.70564494539372,7.29247796115867,1
294,1,8.75,7,7.29247796115867,7.61729706147022,1
294,1,8.75,7,7.61729706147022,8.19451675479563,1
294,1,8.75,7,8.19451675479563,8.75,0
295,1,15.75,1,0,8.80213862429668,1
295,1,15.75,1,8.80213862429668,15.75,0
296,1,14.75,0,0,14.75,0
297,1,12.75,19,0,1.49985890960283,1
297,1,12.75,19,1.49985890960283,1.74942105739942,1
297,1,12.75,19,1.74942105739942,6.2853426458637,1
297,1,12.75,19,6.2853426458637,6.71007897227159,1
297,1,12.75,19,6.71007897227159,7.85487841487727,1
297,1,12.75,19,7.85487841487727,7.97885207506225,1
297,1,12.75,19,7.97885207506225,8.67480858013686,1
297,1,12.75,19,8.67480858013686,9.08110117602534,1
297,1,12.75,19,9.08110117602534,9.10369232558238,1
297,1,12.75,19,9.10369232558238,9.19870359892152,1
297,1,12.75,19,9.19870359892152,9.25116757832394,1
297,1,12.75,19,9.25116757832394,9.2602153619529,1
297,1,12.75,19,9.2602153619529,10.0638701386472,1
297,1,12.75,19,10.0638701386472,10.1660148932423,1
297,1,12.75,19,10.1660148932423,10.6077840164221,1
297,1,12.75,19,10.6077840164221,11.2023853801033,1
297,1,12.75,19,11.2023853801033,11.2894367541162,1
297,1,12.75,19,11.2894367541162,11.6729196347393,1
297,1,12.75,19,11.6729196347393,11.7518416247051,1
297,1,12.75,19,11.7518416247051,12.75,0
298,1,12.75,1,0,0.225589118473365,1
298,1,12.75,1,0.225589118473365,12.75,0
299,1,18.75,4,0,1.61432940184663,1
299,1,18.75,4,1.61432940184663,6.73094664337869,1
299,1,18.75,4,6.73094664337869,8.2923031218443,1
299,1,18.75,4,8.2923031218443,16.9128525399128,1
299,1,18.75,4,16.9128525399128,18.75,0
300,1,17.75,2,0,3.05819431045243,1
300,1,17.75,2,3.05819431045243,7.35212147275776,1
300,1,17.75,2,7.35212147275776,17.75,0
301,0,14.75,40,0,3.73872829057977,1
301,0,14.75,40,3.73872829057977,4.46453072202851,1
301,0,14.75,40,4.46453072202851,4.74477777445247,1
301,0,14.75,40,4.74477777445247,5.6719866377719,1
301,0,14.75,40,5.6719866377719,6.47656399349064,1
301,0,14.75,40,6.47656399349064,7.01673032335665,1
301,0,14.75,40,7.01673032335665,7.07514410351051,1
301,0,14.75,40,7.07514410351051,7.42018654331587,1
301,0,14.75,40,7.42018654331587,9.37347230885972,1
301,0,14.75,40,9.37347230885972,9.91903186222429,1
301,0,14.75,40,9.91903186222429,9.98322474435606,1
301,0,14.75,40,9.98322474435606,10.3176459597645,1
301,0,14.75,40,10.3176459597645,10.3527726459692,1
301,0,14.75,40,10.3527726459692,10.3556540714429,1
301,0,14.75,40,10.3556540714429,10.3573809218072,1
301,0,14.75,40,10.3573809218072,10.4619128551572,1
301,0,14.75,40,10.4619128551572,10.667565590482,1
301,0,14.75,40,10.667565590482,10.9475655675942,1
301,0,14.75,40,10.9475655675942,10.9593688742025,1
301,0,14.75,40,10.9593688742025,10.9595304929899,1
301,0,14.75,40,10.9595304929899,11.1925897526471,1
301,0,14.75,40,11.1925897526471,11.1926556827897,1
301,0,14.75,40,11.1926556827897,11.2025339761026,1
301,0,14.75,40,11.2025339761026,11.2985828199398,1
301,0,14.75,40,11.2985828199398,11.8090920306976,1
301,0,14.75,40,11.8090920306976,11.8525165720437,1
301,0,14.75,40,11.8525165720437,11.9319775321338,1
301,0,14.75,40,11.9319775321338,12.309303182269,1
301,0,14.75,40,12.309303182269,12.3784551925762,1
301,0,14.75,40,12.3784551925762,12.3868717748817,1
301,0,14.75,40,12.3868717748817,12.5109415479969,1
301,0,14.75,40,12.5109415479969,13.3226091888094,1
301,0,14.75,40,13.3226091888094,13.3632044713354,1
301,0,14.75,40,13.3632044713354,13.4859484920269,1
301,0,14.75,40,13.4859484920269,13.8447467520306,1
301,0,14.75,40,13.8447467520306,13.9112934052572,1
301,0,14.75,40,13.9112934052572,13.9315974693404,1
301,0,14.75,40,13.9315974693404,14.4471787868612,1
301,0,14.75,40,14.4471787868612,14.6240789915062,1
301,0,14.75,40,14.6240789915062,14.6626414732287,1
301,0,14.75,40,14.6626414732287,14.75,0
302,0,13.75,0,0,13.75,0
303,0,11.75,3,0,0.029526975809791,1
303,0,11.75,3,0.029526975809791,0.0595892551391525,1
303,0,11.75,3,0.0595892551391525,2.73814412411269,1
303,0,11.75,3,2.73814412411269,11.75,0
304,0,14.75,0,0,14.75,0
305,0,13.75,53,0,2.0054825022643,1
305,0,13.75,53,2.0054825022643,3.46014118431965,1
305,0,13.75,53,3.46014118431965,3.49568431822332,1
305,0,13.75,53,3.49568431822332,3.5484853147366,1
305,0,13.75,53,3.5484853147366,3.94171143909362,1
305,0,13.75,53,3.94171143909362,4.08315886879109,1
305,0,13.75,53,4.08315886879109,4.53616498704327,1
305,0,13.75,53,4.53616498704327,5.06107030529136,1
305,0,13.75,53,5.06107030529136,6.65041614840059,1
305,0,13.75,53,6.65041614840059,7.58878300777985,1
305,0,13.75,53,7.58878300777985,7.79959125326048,1
305,0,13.75,53,7.79959125326048,8.3918343053238,1
305,0,13.75,53,8.3918343053238,8.61160023840768,1
305,0,13.75,53,8.61160023840768,8.66948983020522,1
305,0,13.75,53,8.66948983020522,8.91063301547312,1
305,0,13.75,53,8.91063301547312,9.65316469349395,1
305,0,13.75,53,9.65316469349395,9.94490792685083,1
305,0,13.75,53,9.94490792685083,10.0917955137283,1
305,0,13.75,53,10.0917955137283,10.1424847090894,1
305,0,13.75,53,10.1424847090894,10.3619964536575,1
305,0,13.75,53,10.3619964536575,10.4258513141464,1
305,0,13.75,53,10.4258513141464,10.5617625925046,1
305,0,13.75,53,10.5617625925046,10.7340821378087,1
305,0,13.75,53,10.7340821378087,10.9338392049075,1
305,0,13.75,53,10.9338392049075,10.9826776701952,1
305,0,13.75,53,10.9826776701952,11.2422984580623,1
305,0,13.75,53,11.2422984580623,11.3280388193723,1
305,0,13.75,53,11.3280388193723,11.4000145410775,1
305,0,13.75,53,11.4000145410775,11.4217513433095,1
305,0,13.75,53,11.4217513433095,11.4816870103654,1
305,0,13.75,53,11.4816870103654,11.4962982584658,1
305,0,13.75,53,11.4962982584658,11.5748556434825,1
305,0,13.75,53,11.5748556434825,11.6143284213605,1
305,0,13.75,53,11.6143284213605,11.8283209190423,1
305,0,13.75,53,11.8283209190423,11.8828640156017,1
305,0,13.75,53,11.8828640156017,12.1173616035682,1
305,0,13.75,53,12.1173616035682,12.1578367686152,1
305,0,13.75,53,12.1578367686152,12.3076306828422,1
305,0,13.75,53,12.3076306828422,12.3362573619882,1
305,0,13.75,53,12.3362573619882,12.3538832192623,1
305,0,13.75,53,12.3538832192623,12.6360240128686,1
305,0,13.75,53,12.6360240128686,12.7517980087697,1
305,0,13.75,53,12.7517980087697,12.7552038246297,1
305,0,13.75,53,12.7552038246297,12.7615782813896,1
305,0,13.75,53,12.7615782813896,12.8033179143248,1
305,0,13.75,53,12.8033179143248,12.873541697036,1
305,0,13.75,53,12.873541697036,13.0213171607332,1
305,0,13.75,53,13.0213171607332,13.0876392025553,1
305,0,13.75,53,13.0876392025553,13.0942620102793,1
305,0,13.75,53,13.0942620102793,13.4642873237971,1
305,0,13.75,53,13.4642873237971,13.4963838601453,1
305,0,13.75,53,13.4963838601453,13.5628513770408,1
305,0,13.75,53,13.5628513770408,13.5875307038732,1
305,0,13.75,53,13.5875307038732,13.75,0
306,0,10.75,9,0,1.66690179856485,1
306,0,10.75,9,1.66690179856485,3.87991434206341,1
306,0,10.75,9,3.87991434206341,4.66725273060203,1
306,0,10.75,9,4.66725273060203,6.66528727051218,1
306,0,10.75,9,6.66528727051218,7.8010834841797,1
306,0,10.75,9,7.8010834841797,8.46610546408286,1
306,0,10.75,9,8.46610546408286,8.8018544701562,1
306,0,10.75,9,8.8018544701562,9.57605605023705,1
306,0,10.75,9,9.57605605023705,9.83594454317292,1
306,0,10.75,9,9.83594454317292,10.75,0
307,0,11.75,2,0,0.00347038470812709,1
307,0,11.75,2,0.00347038470812709,0.87611368946689,1
307,0,11.75,2,0.87611368946689,11.75,0
308,0,11.75,20,0,5.73582831413675,1
308,0,11.75,20,5.73582831413675,6.0203961683793,1
308,0,11.75,20,6.0203961683793,6.15810878305545,1
308,0,11.75,20,6.15810878305545,6.29821682336738,1
308,0,11.75,20,6.29821682336738,6.76526177899703,1
308,0,11.75,20,6.76526177899703,6.87114263389492,1
308,0,11.75,20,6.87114263389492,6.91875997608631,1
308,0,11.75,20,6.91875997608631,7.78384358547527,1
308,0,11.75,20,7.78384358547527,8.99934763507629,1
308,0,11.75,20,8.99934763507629,10.1305775835944,1
308,0,11.75,20,10.1305775835944,10.4478358859354,1
308,0,11.75,20,10.4478358859354,10.9387479838569,1
308,0,11.75,20,10.9387479838569,11.1448945003738,1
308,0,11.75,20,11.1448945003738,11.1477021492373,1
308,0,11.75,20,11.1477021492373,11.2876511320283,1
308,0,11.75,20,11.2876511320283,11.3270054035026,1
308,0,11.75,20,11.3270054035026,11.33266059891,1
308,0,11.75,20,11.33266059891,11.4171689163211,1
308,0,11.75,20,11.4171689163211,11.4579295753752,1
308,0,11.75,20,11.4579295753752,11.6000203351402,1
308,0,11.75,20,11.6000203351402,11.75,0
309,0,16.75,34,0,1.83437651660192,1
309,0,16.75,34,1.83437651660192,1.96312775509006,1
309,0,16.75,34,1.96312775509006,4.52104268646125,1
309,0,16.75,34,4.52104268646125,7.13908153665103,1
309,0,16.75,34,7.13908153665103,7.69261887188846,1
309,0,16.75,34,7.69261887188846,8.04158520806695,1
309,0,16.75,34,8.04158520806695,8.23107902801024,1
309,0,16.75,34,8.23107902801024,8.50616535535065,1
309,0,16.75,34,8.50616535535065,8.8054181792401,1
309,0,16.75,34,8.8054181792401,9.26058554179526,1
309,0,16.75,34,9.26058554179526,9.47198373023948,1
309,0,16.75,34,9.47198373023948,9.69979911870218,1
309,0,16.75,34,9.69979911870218,10.3161112585455,1
309,0,16.75,34,10.3161112585455,10.5825944691595,1
309,0,16.75,34,10.5825944691595,10.9471579018653,1
309,0,16.75,34,10.9471579018653,11.3024084956838,1
309,0,16.75,34,11.3024084956838,11.3333955857778,1
309,0,16.75,34,11.3333955857778,11.8504451971473,1
309,0,16.75,34,11.8504451971473,12.2595368912552,1
309,0,16.75,34,12.2595368912552,12.3062528604939,1
309,0,16.75,34,12.3062528604939,12.9132142136188,1
309,0,16.75,34,12.9132142136188,13.4851654343097,1
309,0,16.75,34,13.4851654343097,13.6040372223743,1
309,0,16.75,34,13.6040372223743,13.9002475661068,1
309,0,16.75,34,13.9002475661068,13.9317829149216,1
309,0,16.75,34,13.9317829149216,14.0375541273762,1
309,0,16.75,34,14.0375541273762,14.224113566947,1
309,0,16.75,34,14.224113566947,14.551658191511,1
309,0,16.75,34,14.551658191511,14.8054705751661,1
309,0,16.75,34,14.8054705751661,14.8165842955363,1
309,0,16.75,34,14.8165842955363,14.9573858830134,1
309,0,16.75,34,14.9573858830134,15.04391834524,1
309,0,16.75,34,15.04391834524,15.6578812326519,1
309,0,16.75,34,15.6578812326519,15.7543445968281,1
309,0,16.75,34,15.7543445968281,16.75,0
310,0,16.75,2,0,4.18409298025826,1
310,0,16.75,2,4.18409298025826,16.4859407249056,1
310,0,16.75,2,16.4859407249056,16.75,0
311,0,8.75,3,0,0.0185617821678624,1
311,0,8.75,3,0.0185617821678624,2.91879089358756,1
311,0,8.75,3,2.91879089358756,7.66248108072593,1
311,0,8.75,3,7.66248108072593,8.75,0
312,0,17.75,36,0,3.50982318262657,1
312,0,17.75,36,3.50982318262657,4.19662512971638,1
312,0,17.75,36,4.19662512971638,5.40421898244843,1
312,0,17.75,36,5.40421898244843,5.70985672666543,1
312,0,17.75,36,5.70985672666543,8.35157837989044,1
312,0,17.75,36,8.35157837989044,9.33293836305831,1
312,0,17.75,36,9.33293836305831,10.0070379295789,1
312,0,17.75,36,10.0070379295789,10.3311799722267,1
312,0,17.75,36,10.3311799722267,10.7544046664217,1
312,0,17.75,36,10.7544046664217,11.0602948576015,1
312,0,17.75,36,11.0602948576015,12.0144890947679,1
312,0,17.75,36,12.0144890947679,12.5821828928489,1
312,0,17.75,36,12.5821828928489,12.7086645329226,1
312,0,17.75,36,12.7086645329226,12.8825648956172,1
312,0,17.75,36,12.8825648956172,12.8889587970052,1
312,0,17.75,36,12.8889587970052,13.1984080632197,1
312,0,17.75,36,13.1984080632197,13.8966656745976,1
312,0,17.75,36,13.8966656745976,14.0399676657046,1
312,0,17.75,36,14.0399676657046,14.184911638028,1
312,0,17.75,36,14.184911638028,14.4537548565813,1
312,0,17.75,36,14.4537548565813,14.548436761385,1
312,0,17.75,36,14.548436761385,14.935009121332,1
312,0,17.75,36,14.935009121332,15.1177799975912,1
312,0,17.75,36,15.1177799975912,15.5721733953304,1
312,0,17.75,36,15.5721733953304,15.680845261635,1
312,0,17.75,36,15.680845261635,16.0905657232312,1
312,0,17.75,36,16.0905657232312,16.1636707311952,1
312,0,17.75,36,16.1636707311952,16.3400191626601,1
312,0,17.75,36,16.3400191626601,16.509417339321,1
312,0,17.75,36,16.509417339321,16.6124257317572,1
312,0,17.75,36,16.6124257317572,16.8648419772771,1
312,0,17.75,36,16.8648419772771,17.1928954728823,1
312,0,17.75,36,17.1928954728823,17.3498158712612,1
312,0,17.75,36,17.3498158712612,17.4461901060407,1
312,0,17.75,36,17.4461901060407,17.4884162530582,1
312,0,17.75,36,17.4884162530582,17.5542170475169,1
312,0,17.75,36,17.5542170475169,17.75,0
313,0,16.75,50,0,2.80765457921143,1
313,0,16.75,50,2.80765457921143,3.37392433902372,1
313,0,16.75,50,3.37392433902372,5.07646273877363,1
313,0,16.75,50,5.07646273877363,5.85921337403756,1
313,0,16.75,50,5.85921337403756,5.86051496622151,1
313,0,16.75,50,5.86051496622151,6.33227636926652,1
313,0,16.75,50,6.33227636926652,6.45417840822034,1
313,0,16.75,50,6.45417840822034,6.52176307319743,1
313,0,16.75,50,6.52176307319743,7.39494262328359,1
313,0,16.75,50,7.39494262328359,7.55186048302199,1
313,0,16.75,50,7.55186048302199,7.70871274562024,1
313,0,16.75,50,7.70871274562024,8.35812234072189,1
313,0,16.75,50,8.35812234072189,8.64739908291384,1
313,0,16.75,50,8.64739908291384,8.90802901210137,1
313,0,16.75,50,8.90802901210137,10.7582742276358,1
313,0,16.75,50,10.7582742276358,10.7924339076149,1
313,0,16.75,50,10.7924339076149,11.0031831977456,1
313,0,16.75,50,11.0031831977456,11.7087761530354,1
313,0,16.75,50,11.7087761530354,11.7840089441502,1
313,0,16.75,50,11.7840089441502,11.7994943706565,1
313,0,16.75,50,11.7994943706565,11.9988910642852,1
313,0,16.75,50,11.9988910642852,12.2988851136122,1
313,0,16.75,50,12.2988851136122,12.5543781867671,1
313,0,16.75,50,12.5543781867671,12.6343492023286,1
313,0,16.75,50,12.6343492023286,12.7741462585666,1
313,0,16.75,50,12.7741462585666,12.8164617024203,1
313,0,16.75,50,12.8164617024203,12.9342356511494,1
313,0,16.75,50,12.9342356511494,13.0628044217789,1
313,0,16.75,50,13.0628044217789,13.105196194599,1
313,0,16.75,50,13.105196194599,13.1790201309328,1
313,0,16.75,50,13.1790201309328,13.2969366163029,1
313,0,16.75,50,13.2969366163029,13.8820507696997,1
313,0,16.75,50,13.8820507696997,13.9423475419698,1
313,0,16.75,50,13.9423475419698,13.9765604630729,1
313,0,16.75,50,13.9765604630729,14.1961208571829,1
313,0,16.75,50,14.1961208571829,14.454310640057,1
313,0,16.75,50,14.454310640057,14.5641276321229,1
313,0,16.75,50,14.5641276321229,14.8022534376676,1
313,0,16.75,50,14.8022534376676,14.9453244897703,1
313,0,16.75,50,14.9453244897703,14.9970223121751,1
313,0,16.75,50,14.9970223121751,15.1382202986216,1
313,0,16.75,50,15.1382202986216,15.2371631956648,1
313,0,16.75,50,15.2371631956648,15.4817780897598,1
313,0,16.75,50,15.4817780897598,15.7108275024784,1
313,0,16.75,50,15.7108275024784,15.7162355168468,1
313,0,16.75,50,15.7162355168468,15.7788553394823,1
313,0,16.75,50,15.7788553394823,15.805561100243,1
313,0,16.75,50,15.805561100243,15.849953120844,1
313,0,16.75,50,15.849953120844,16.0173063761002,1
313,0,16.75,50,16.0173063761002,16.1617936080523,1
313,0,16.75,50,16.1617936080523,16.75,0
314,0,18.75,3,0,1.59418108254653,1
314,0,18.75,3,1.59418108254653,2.92166329198191,1
314,0,18.75,3,2.92166329198191,7.45488441151362,1
314,0,18.75,3,7.45488441151362,18.75,0
315,0,8.75,3,0,6.75790108889607,1
315,0,8.75,3,6.75790108889607,7.02951809221522,1
315,0,8.75,3,7.02951809221522,7.21176073256195,1
315,0,8.75,3,7.21176073256195,8.75,0
316,0,11.75,7,0,6.22295019627055,1
316,0,11.75,7,6.22295019627055,6.55298405717794,1
316,0,11.75,7,6.55298405717794,7.18907642029137,1
316,0,11.75,7,7.18907642029137,9.51037317218043,1
316,0,11.75,7,9.51037317218043,10.6228807183389,1
316,0,11.75,7,10.6228807183389,10.8574309009432,1
316,0,11.75,7,10.8574309009432,11.3703232947798,1
316,0,11.75,7,11.3703232947798,11.75,0
317,0,14.75,4,0,0.876679479396047,1
317,0,14.75,4,0.876679479396047,1.03772708274291,1
317,0,14.75,4,1.03772708274291,13.0964157182943,1
317,0,14.75,4,13.0964157182943,14.1859454088757,1
317,0,14.75,4,14.1859454088757,14.75,0
318,0,10.75,13,0,4.13126361436643,1
318,0,10.75,13,4.13126361436643,4.18175510664454,1
318,0,10.75,13,4.18175510664454,5.04533216693044,1
318,0,10.75,13,5.04533216693044,5.97519994839579,1
318,0,10.75,13,5.97519994839579,6.23398985040798,1
318,0,10.75,13,6.23398985040798,6.33420012591981,1
318,0,10.75,13,6.33420012591981,6.62165468900337,1
318,0,10.75,13,6.62165468900337,8.99227783668688,1
318,0,10.75,13,8.99227783668688,9.0869840875792,1
318,0,10.75,13,9.0869840875792,9.58269679365877,1
318,0,10.75,13,9.58269679365877,9.97725854253451,1
318,0,10.75,13,9.97725854253451,10.1513529075598,1
318,0,10.75,13,10.1513529075598,10.3884680641257,1
318,0,10.75,13,10.3884680641257,10.75,0
319,0,13.75,3,0,0.00606122279540991,1
319,0,13.75,3,0.00606122279540991,5.3989101414913,1
319,0,13.75,3,5.3989101414913,11.0708815269831,1
319,0,13.75,3,11.0708815269831,13.75,0
320,0,15.75,16,0,3.45456346548195,1
320,0,15.75,16,3.45456346548195,3.70931001176804,1
320,0,15.75,16,3.70931001176804,6.61578543136147,1
320,0,15.75,16,6.61578543136147,7.34253540737057,1
320,0,15.75,16,7.34253540737057,8.28077614235771,1
320,0,15.75,16,8.28077614235771,8.76493255842992,1
320,0,15.75,16,8.76493255842992,10.8805456583555,1
320,0,15.75,16,10.8805456583555,11.6548731589614,1
320,0,15.75,16,11.6548731589614,11.9322325766709,1
320,0,15.75,16,11.9322325766709,12.0680665496087,1
320,0,15.75,16,12.0680665496087,12.8376549915649,1
320,0,15.75,16,12.8376549915649,14.6408848977512,1
320,0,15.75,16,14.6408848977512,14.6565880941627,1
320,0,15.75,16,14.6565880941627,15.2569862150808,1
320,0,15.75,16,15.2569862150808,15.3220694666,1
320,0,15.75,16,15.3220694666,15.6081193406538,1
320,0,15.75,16,15.6081193406538,15.75,0
321,0,12.75,1,0,11.2201049887709,1
321,0,12.75,1,11.2201049887709,12.75,0
322,0,17.75,2,0,4.9502838989691,1
322,0,17.75,2,4.9502838989691,16.8649966109821,1
322,0,17.75,2,16.8649966109821,17.75,0
323,0,17.75,37,0,2.57181717294476,1
323,0,17.75,37,2.57181717294476,5.84811491559957,1
323,0,17.75,37,5.84811491559957,6.29675738207065,1
323,0,17.75,37,6.29675738207065,6.443788453787,1
323,0,17.75,37,6.443788453787,6.96404404680633,1
323,0,17.75,37,6.96404404680633,7.54154911812008,1
323,0,17.75,37,7.54154911812008,8.13483653574413,1
323,0,17.75,37,8.13483653574413,8.35845687504776,1
323,0,17.75,37,8.35845687504776,8.68749610556946,1
323,0,17.75,37,8.68749610556946,9.70137632753283,1
323,0,17.75,37,9.70137632753283,10.3203472627888,1
323,0,17.75,37,10.3203472627888,10.5407566765501,1
323,0,17.75,37,10.5407566765501,10.9702983248766,1
323,0,17.75,37,10.9702983248766,12.3173248173655,1
323,0,17.75,37,12.3173248173655,12.7673030885475,1
323,0,17.75,37,12.7673030885475,12.8288479880444,1
323,0,17.75,37,12.8288479880444,13.059615939528,1
323,0,17.75,37,13.059615939528,13.2180097037942,1
323,0,17.75,37,13.2180097037942,13.2226549181101,1
323,0,17.75,37,13.2226549181101,13.3992647907876,1
323,0,17.75,37,13.3992647907876,13.4310029952537,1
323,0,17.75,37,13.4310029952537,13.6677312306845,1
323,0,17.75,37,13.6677312306845,13.8803075913883,1
323,0,17.75,37,13.8803075913883,14.8178452755082,1
323,0,17.75,37,14.8178452755082,14.9614990800473,1
323,0,17.75,37,14.9614990800473,15.5502927747355,1
323,0,17.75,37,15.5502927747355,15.7779546412244,1
323,0,17.75,37,15.7779546412244,16.123430471846,1
323,0,17.75,37,16.123430471846,16.2262255638076,1
323,0,17.75,37,16.2262255638076,16.5400146307101,1
323,0,17.75,37,16.5400146307101,16.84425532882,1
323,0,17.75,37,16.84425532882,17.1698307081598,1
323,0,17.75,37,17.1698307081598,17.1864568173146,1
323,0,17.75,37,17.1864568173146,17.210396704239,1
323,0,17.75,37,17.210396704239,17.4452822086005,1
323,0,17.75,37,17.4452822086005,17.5753241265072,1
323,0,17.75,37,17.5753241265072,17.6350312995994,1
323,0,17.75,37,17.6350312995994,17.75,0
324,0,18.75,3,0,5.76481740849182,1
324,0,18.75,3,5.76481740849182,12.7945583817133,1
324,0,18.75,3,12.7945583817133,17.1256021125545,1
324,0,18.75,3,17.1256021125545,18.75,0
325,0,16.75,1,0,6.05793939467632,1
325,0,16.75,1,6.05793939467632,16.75,0
326,0,14.75,2,0,9.44697135762559,1
326,0,14.75,2,9.44697135762559,10.1941085137576,1
326,0,14.75,2,10.1941085137576,14.75,0
327,0,8.75,4,0,3.4588321386495,1
327,0,8.75,4,3.4588321386495,3.89197449460235,1
327,0,8.75,4,3.89197449460235,7.25684916589345,1
327,0,8.75,4,7.25684916589345,8.44702828305148,1
327,0,8.75,4,8.44702828305148,8.75,0
328,0,11.75,1,0,8.67182608961554,1
328,0,11.75,1,8.67182608961554,11.75,0
329,0,14.75,1,0,1.03089934677021,1
329,0,14.75,1,1.03089934677021,14.75,0
330,0,14.75,26,0,3.12149197064237,1
330,0,14.75,26,3.12149197064237,4.76962343703097,1
330,0,14.75,26,4.76962343703097,5.2600620152033,1
330,0,14.75,26,5.2600620152033,6.75551722947517,1
330,0,14.75,26,6.75551722947517,7.88235221209587,1
330,0,14.75,26,7.88235221209587,8.0323471411043,1
330,0,14.75,26,8.0323471411043,8.38415952195515,1
330,0,14.75,26,8.38415952195515,8.43561897105286,1
330,0,14.75,26,8.43561897105286,9.86760950797537,1
330,0,14.75,26,9.86760950797537,10.8482471353564,1
330,0,14.75,26,10.8482471353564,10.9536651987515,1
330,0,14.75,26,10.9536651987515,11.1592047532399,1
330,0,14.75,26,11.1592047532399,11.5786731781963,1
330,0,14.75,26,11.5786731781963,11.7351175187712,1
330,0,14.75,26,11.7351175187712,11.8573286516193,1
330,0,14.75,26,11.8573286516193,12.7479379068756,1
330,0,14.75,26,12.7479379068756,12.8783035908879,1
330,0,14.75,26,12.8783035908879,13.2148434384401,1
330,0,14.75,26,13.2148434384401,13.3527484790385,1
330,0,14.75,26,13.3527484790385,13.6319903394557,1
330,0,14.75,26,13.6319903394557,13.9611176436255,1
330,0,14.75,26,13.9611176436255,14.2110418881806,1
330,0,14.75,26,14.2110418881806,14.3096321470243,1
330,0,14.75,26,14.3096321470243,14.4234198561547,1
330,0,14.75,26,14.4234198561547,14.5326497767784,1
330,0,14.75,26,14.5326497767784,14.7458413487043,1
330,0,14.75,26,14.7458413487043,14.75,0
331,0,16.75,0,0,16.75,0
332,0,8.75,0,0,8.75,0
333,0,9.75,11,0,3.52620160607255,1
333,0,9.75,11,3.52620160607255,4.00967799011107,1
333,0,9.75,11,4.00967799011107,4.5405159148201,1
333,0,9.75,11,4.5405159148201,4.76536376647624,1
333,0,9.75,11,4.76536376647624,5.02877476695755,1
333,0,9.75,11,5.02877476695755,5.96747792079886,1
333,0,9.75,11,5.96747792079886,8.78708423875624,1
333,0,9.75,11,8.78708423875624,8.80491296733992,1
333,0,9.75,11,8.80491296733992,8.99966740753614,1
333,0,9.75,11,8.99966740753614,9.01624441303166,1
333,0,9.75,11,9.01624441303166,9.31861610471306,1
333,0,9.75,11,9.31861610471306,9.75,0
334,0,11.75,2,0,2.9078939187282,1
334,0,11.75,2,2.9078939187282,3.72470188443755,1
334,0,11.75,2,3.72470188443755,11.75,0
335,0,12.75,2,0,0.736761964106479,1
335,0,12.75,2,0.736761964106479,10.3227145619108,1
335,0,12.75,2,10.3227145619108,12.75,0
336,0,9.75,0,0,9.75,0
337,0,15.75,33,0,5.5071042960918,1
337,0,15.75,33,5.5071042960918,5.65955739576052,1
337,0,15.75,33,5.65955739576052,6.77830317618918,1
337,0,15.75,33,6.77830317618918,6.81558982433432,1
337,0,15.75,33,6.81558982433432,7.62593791469475,1
337,0,15.75,33,7.62593791469475,7.63295012184215,1
337,0,15.75,33,7.63295012184215,8.17458771892827,1
337,0,15.75,33,8.17458771892827,8.51417884578504,1
337,0,15.75,33,8.51417884578504,8.61711974153864,1
337,0,15.75,33,8.61711974153864,8.74945847655246,1
337,0,15.75,33,8.74945847655246,8.92136723004445,1
337,0,15.75,33,8.92136723004445,10.258875894203,1
337,0,15.75,33,10.258875894203,10.3955090345696,1
337,0,15.75,33,10.3955090345696,10.8341375081844,1
337,0,15.75,33,10.8341375081844,11.2660555072539,1
337,0,15.75,33,11.2660555072539,11.6588920624433,1
337,0,15.75,33,11.6588920624433,12.5299168365547,1
337,0,15.75,33,12.5299168365547,12.6832283960716,1
337,0,15.75,33,12.6832283960716,13.3680610020894,1
337,0,15.75,33,13.3680610020894,13.5042233607733,1
337,0,15.75,33,13.5042233607733,13.5683852260336,1
337,0,15.75,33,13.5683852260336,13.586767314958,1
337,0,15.75,33,13.586767314958,13.9123126454043,1
337,0,15.75,33,13.9123126454043,14.0023132319575,1
337,0,15.75,33,14.0023132319575,14.1355047926892,1
337,0,15.75,33,14.1355047926892,14.1699852671936,1
337,0,15.75,33,14.1699852671936,14.7466857552765,1
337,0,15.75,33,14.7466857552765,14.7574420215478,1
337,0,15.75,33,14.7574420215478,14.7654693815078,1
337,0,15.75,33,14.7654693815078,15.205483179652,1
337,0,15.75,33,15.205483179652,15.3777169663979,1
337,0,15.75,33,15.3777169663979,15.6066741856127,1
337,0,15.75,33,15.6066741856127,15.6697880154357,1
337,0,15.75,33,15.6697880154357,15.75,0
338,0,19.75,2,0,10.1996026250843,1
338,0,19.75,2,10.1996026250843,10.7907864444557,1
338,0,19.75,2,10.7907864444557,19.75,0
339,0,17.75,59,0,3.97237127160424,1
339,0,17.75,59,3.97237127160424,4.43104142755023,1
339,0,17.75,59,4.43104142755023,5.1884488548228,1
339,0,17.75,59,5.1884488548228,6.74595068529988,1
339,0,17.75,59,6.74595068529988,7.11139331440275,1
339,0,17.75,59,7.11139331440275,7.13908523840028,1
339,0,17.75,59,7.13908523840028,7.71361708158873,1
339,0,17.75,59,7.71361708158873,7.74639409629667,1
339,0,17.75,59,7.74639409629667,7.96851004781124,1
339,0,17.75,59,7.96851004781124,8.0720904674621,1
339,0,17.75,59,8.0720904674621,8.73914750695887,1
339,0,17.75,59,8.73914750695887,9.17094311729635,1
339,0,17.75,59,9.17094311729635,9.17238348701914,1
339,0,17.75,59,9.17238348701914,9.23581177625985,1
339,0,17.75,59,9.23581177625985,9.39990395312477,1
339,0,17.75,59,9.39990395312477,10.2334142139544,1
339,0,17.75,59,10.2334142139544,10.3397075827286,1
339,0,17.75,59,10.3397075827286,10.4697486197094,1
339,0,17.75,59,10.4697486197094,10.4786844971618,1
339,0,17.75,59,10.4786844971618,10.6411956780487,1
339,0,17.75,59,10.6411956780487,10.8902430518668,1
339,0,17.75,59,10.8902430518668,11.2367750089135,1
339,0,17.75,59,11.2367750089135,11.4121640992527,1
339,0,17.75,59,11.4121640992527,11.5157862181905,1
339,0,17.75,59,11.5157862181905,11.8309327202537,1
339,0,17.75,59,11.8309327202537,11.855111523276,1
339,0,17.75,59,11.855111523276,11.9675862852055,1
339,0,17.75,59,11.9675862852055,12.2219262916411,1
339,0,17.75,59,12.2219262916411,12.6752679543822,1
339,0,17.75,59,12.6752679543822,12.7233211578193,1
339,0,17.75,59,12.7233211578193,13.3112885783507,1
339,0,17.75,59,13.3112885783507,13.4781419979948,1
339,0,17.75,59,13.4781419979948,13.8338274312036,1
339,0,17.75,59,13.8338274312036,13.8344672949674,1
339,0,17.75,59,13.8344672949674,13.8675286264868,1
339,0,17.75,59,13.8675286264868,14.0742681621038,1
339,0,17.75,59,14.0742681621038,14.2471684912173,1
339,0,17.75,59,14.2471684912173,14.6085420228641,1
339,0,17.75,59,14.6085420228641,14.8480212287197,1
339,0,17.75,59,14.8480212287197,14.858258768357,1
339,0,17.75,59,14.858258768357,15.2052833547011,1
339,0,17.75,59,15.2052833547011,15.2825463547898,1
339,0,17.75,59,15.2825463547898,15.2889597350829,1
339,0,17.75,59,15.2889597350829,15.4320253470092,1
339,0,17.75,59,15.4320253470092,15.9029055850573,1
339,0,17.75,59,15.9029055850573,15.9547241522394,1
339,0,17.75,59,15.9547241522394,16.0501936914765,1
339,0,17.75,59,16.0501936914765,16.4564240982565,1
339,0,17.75,59,16.4564240982565,16.4642566543286,1
339,0,17.75,59,16.4642566543286,16.4733208598622,1
339,0,17.75,59,16.4733208598622,16.4894641738315,1
339,0,17.75,59,16.4894641738315,16.8122945359765,1
339,0,17.75,59,16.8122945359765,16.9037922326399,1
339,0,17.75,59,16.9037922326399,16.9170042433796,1
339,0,17.75,59,16.9170042433796,16.9450021015941,1
339,0,17.75,59,16.9450021015941,17.0196850499683,1
339,0,17.75,59,17.0196850499683,17.0578407581934,1
339,0,17.75,59,17.0578407581934,17.3054468364451,1
339,0,17.75,59,17.3054468364451,17.5654300011077,1
339,0,17.75,59,17.5654300011077,17.75,0
340,0,13.75,1,0,1.87295258723772,1
340,0,13.75,1,1.87295258723772,13.75,0
341,0,13.75,2,0,0.0411766409311503,1
341,0,13.75,2,0.0411766409311503,0.0546764753574507,1
341,0,13.75,2,0.0546764753574507,13.75,0
342,0,14.75,23,0,1.56908578305964,1
342,0,14.75,23,1.56908578305964,3.05240347988135,1
342,0,14.75,23,3.05240347988135,5.85047838357923,1
342,0,14.75,23,5.85047838357923,6.9480347767234,1
342,0,14.75,23,6.9480347767234,7.05312073399219,1
342,0,14.75,23,7.05312073399219,7.13125185921687,1
342,0,14.75,23,7.13125185921687,7.52011982111043,1
342,0,14.75,23,7.52011982111043,7.55721613132478,1
342,0,14.75,23,7.55721613132478,8.9392392506875,1
342,0,14.75,23,8.9392392506875,9.27843387395309,1
342,0,14.75,23,9.27843387395309,9.7182697742574,1
342,0,14.75,23,9.7182697742574,9.92168611822991,1
342,0,14.75,23,9.92168611822991,9.93331105344057,1
342,0,14.75,23,9.93331105344057,10.8562143663729,1
342,0,14.75,23,10.8562143663729,11.112818304361,1
342,0,14.75,23,11.112818304361,11.4626713913417,1
342,0,14.75,23,11.4626713913417,11.8674144170781,1
342,0,14.75,23,11.8674144170781,11.9140340987649,1
342,0,14.75,23,11.9140340987649,12.0023230029496,1
342,0,14.75,23,12.0023230029496,13.3015394270459,1
342,0,14.75,23,13.3015394270459,13.6469140718803,1
342,0,14.75,23,13.6469140718803,14.1966040540256,1
342,0,14.75,23,14.1966040540256,14.6991547128598,1
342,0,14.75,23,14.6991547128598,14.75,0
343,0,9.75,1,0,3.73881730274714,1
343,0,9.75,1,3.73881730274714,9.75,0
344,0,18.75,38,0,6.0978031403545,1
344,0,18.75,38,6.0978031403545,7.07147346144141,1
344,0,18.75,38,7.07147346144141,7.42124527742704,1
344,0,18.75,38,7.42124527742704,8.37011797038697,1
344,0,18.75,38,8.37011797038697,8.48433539276264,1
344,0,18.75,38,8.48433539276264,9.41868758267571,1
344,0,18.75,38,9.41868758267571,9.70278769710643,1
344,0,18.75,38,9.70278769710643,9.78351314257334,1
344,0,18.75,38,9.78351314257334,10.1834424435486,1
344,0,18.75,38,10.1834424435486,11.3481988473949,1
344,0,18.75,38,11.3481988473949,11.3726227556674,1
344,0,18.75,38,11.3726227556674,11.7229569874223,1
344,0,18.75,38,11.7229569874223,11.9239931912825,1
344,0,18.75,38,11.9239931912825,12.4641998181073,1
344,0,18.75,38,12.4641998181073,12.5639468170625,1
344,0,18.75,38,12.5639468170625,13.6415126533996,1
344,0,18.75,38,13.6415126533996,13.9679118905727,1
344,0,18.75,38,13.9679118905727,14.2810963643635,1
344,0,18.75,38,14.2810963643635,14.6677989511798,1
344,0,18.75,38,14.6677989511798,14.8237868565071,1
344,0,18.75,38,14.8237868565071,14.9165701284207,1
344,0,18.75,38,14.9165701284207,15.4858978745343,1
344,0,18.75,38,15.4858978745343,15.7603130213689,1
344,0,18.75,38,15.7603130213689,16.0479183872273,1
344,0,18.75,38,16.0479183872273,16.581926834015,1
344,0,18.75,38,16.581926834015,16.5969918981888,1
344,0,18.75,38,16.5969918981888,16.6612025357945,1
344,0,18.75,38,16.6612025357945,16.6921913086611,1
344,0,18.75,38,16.6921913086611,16.7936470787775,1
344,0,18.75,38,16.7936470787775,16.813511969174,1
344,0,18.75,38,16.813511969174,16.9593155021806,1
344,0,18.75,38,16.9593155021806,16.9998546973533,1
344,0,18.75,38,16.9998546973533,17.3122839793117,1
344,0,18.75,38,17.3122839793117,17.4157124387677,1
344,0,18.75,38,17.4157124387677,17.5644071085302,1
344,0,18.75,38,17.5644071085302,18.080102323692,1
344,0,18.75,38,18.080102323692,18.3704457569292,1
344,0,18.75,38,18.3704457569292,18.6509604096749,1
344,0,18.75,38,18.6509604096749,18.75,0
345,0,15.75,2,0,2.89331790064947,1
345,0,15.75,2,2.89331790064947,6.74701337041647,1
345,0,15.75,2,6.74701337041647,15.75,0
346,0,18.75,1,0,1.18008693347288,1
346,0,18.75,1,1.18008693347288,18.75,0
347,0,18.75,39,0,1.92292313071143,1
347,0,18.75,39,1.92292313071143,2.113563712302,1
347,0,18.75,39,2.113563712302,3.18042148444355,1
347,0,18.75,39,3.18042148444355,8.31665682062826,1
347,0,18.75,39,8.31665682062826,9.95529855246445,1
347,0,18.75,39,9.95529855246445,10.4075884091187,1
347,0,18.75,39,10.4075884091187,10.4336170795734,1
347,0,18.75,39,10.4336170795734,11.3118588662565,1
347,0,18.75,39,11.3118588662565,11.6781003526934,1
347,0,18.75,39,11.6781003526934,11.681550868146,1
347,0,18.75,39,11.681550868146,11.6903928761186,1
347,0,18.75,39,11.6903928761186,12.8452219075091,1
347,0,18.75,39,12.8452219075091,12.8680843179271,1
347,0,18.75,39,12.8680843179271,12.9980742430193,1
347,0,18.75,39,12.9980742430193,13.3307147250003,1
347,0,18.75,39,13.3307147250003,14.6950292298318,1
347,0,18.75,39,14.6950292298318,14.7381707888814,1
347,0,18.75,39,14.7381707888814,14.7557993481798,1
347,0,18.75,39,14.7557993481798,14.9712198492953,1
347,0,18.75,39,14.9712198492953,15.0526621084434,1
347,0,18.75,39,15.0526621084434,15.1952982733162,1
347,0,18.75,39,15.1952982733162,15.2742923870958,1
347,0,18.75,39,15.2742923870958,15.3031335333749,1
347,0,18.75,39,15.3031335333749,15.3303960287603,1
347,0,18.75,39,15.3303960287603,16.0780839554349,1
347,0,18.75,39,16.0780839554349,16.2609285634481,1
347,0,18.75,39,16.2609285634481,16.6214499459494,1
347,0,18.75,39,16.6214499459494,16.6374848565352,1
347,0,18.75,39,16.6374848565352,17.5711252844265,1
347,0,18.75,39,17.5711252844265,17.5738274598626,1
347,0,18.75,39,17.5738274598626,17.9281359741454,1
347,0,18.75,39,17.9281359741454,18.160030899887,1
347,0,18.75,39,18.160030899887,18.1871653022257,1
347,0,18.75,39,18.1871653022257,18.2003958186252,1
347,0,18.75,39,18.2003958186252,18.2387517526392,1
347,0,18.75,39,18.2387517526392,18.3171404070627,1
347,0,18.75,39,18.3171404070627,18.410068100285,1
347,0,18.75,39,18.410068100285,18.6584026149654,1
347,0,18.75,39,18.6584026149654,18.6782710012308,1
347,0,18.75,39,18.6782710012308,18.75,0
348,0,16.75,38,0,2.96652214114764,1
348,0,16.75,38,2.96652214114764,6.0392605374302,1
348,0,16.75,38,6.0392605374302,7.27631519644188,1
348,0,16.75,38,7.27631519644188,7.83514102966994,1
348,0,16.75,38,7.83514102966994,9.23453712839578,1
348,0,16.75,38,9.23453712839578,9.2458513540338,1
348,0,16.75,38,9.2458513540338,9.26469900395099,1
348,0,16.75,38,9.26469900395099,9.51586463240435,1
348,0,16.75,38,9.51586463240435,9.66303038828861,1
348,0,16.75,38,9.66303038828861,10.0861474850674,1
348,0,16.75,38,10.0861474850674,10.2957456385811,1
348,0,16.75,38,10.2957456385811,10.7647521688632,1
348,0,16.75,38,10.7647521688632,11.2316066281274,1
348,0,16.75,38,11.2316066281274,11.2936013588267,1
348,0,16.75,38,11.2936013588267,11.5071656088977,1
348,0,16.75,38,11.5071656088977,12.1649843548506,1
348,0,16.75,38,12.1649843548506,12.6565443693733,1
348,0,16.75,38,12.6565443693733,12.7510165154867,1
348,0,16.75,38,12.7510165154867,12.7536061351501,1
348,0,16.75,38,12.7536061351501,12.9170787241828,1
348,0,16.75,38,12.9170787241828,12.9422854958399,1
348,0,16.75,38,12.9422854958399,13.0540155430353,1
348,0,16.75,38,13.0540155430353,13.5040829105121,1
348,0,16.75,38,13.5040829105121,13.5995424104568,1
348,0,16.75,38,13.5995424104568,13.8498936171789,1
348,0,16.75,38,13.8498936171789,15.0504260929806,1
348,0,16.75,38,15.0504260929806,15.0557853750464,1
348,0,16.75,38,15.0557853750464,15.1000353276259,1
348,0,16.75,38,15.1000353276259,15.2448600438891,1
348,0,16.75,38,15.2448600438891,15.7571090737064,1
348,0,16.75,38,15.7571090737064,15.8293668079324,1
348,0,16.75,38,15.8293668079324,15.929178212975,1
348,0,16.75,38,15.929178212975,15.9753226750622,1
348,0,16.75,38,15.9753226750622,16.1622886316695,1
348,0,16.75,38,16.1622886316695,16.3607968971293,1
348,0,16.75,38,16.3607968971293,16.4178990029472,1
348,0,16.75,38,16.4178990029472,16.6619885161282,1
348,0,16.75,38,16.6619885161282,16.684670616921,1
348,0,16.75,38,16.684670616921,16.75,0
349,0,11.75,1,0,5.09546108455138,1
349,0,11.75,1,5.09546108455138,11.75,0
350,0,19.75,59,0,1.92349809963583,1
350,0,19.75,59,1.92349809963583,4.94297070423378,1
350,0,19.75,59,4.94297070423378,5.95429509236364,1
350,0,19.75,59,5.95429509236364,6.82770044186174,1
350,0,19.75,59,6.82770044186174,8.64170070526269,1
350,0,19.75,59,8.64170070526269,8.66324660757089,1
350,0,19.75,59,8.66324660757089,9.32856123001243,1
350,0,19.75,59,9.32856123001243,9.65256416660374,1
350,0,19.75,59,9.65256416660374,9.73166975455518,1
350,0,19.75,59,9.73166975455518,9.79053246952162,1
350,0,19.75,59,9.79053246952162,9.85136120956957,1
350,0,19.75,59,9.85136120956957,10.1088189477148,1
350,0,19.75,59,10.1088189477148,10.4142133809724,1
350,0,19.75,59,10.4142133809724,10.8508099809586,1
350,0,19.75,59,10.8508099809586,11.0447056938593,1
350,0,19.75,59,11.0447056938593,11.2052917903283,1
350,0,19.75,59,11.2052917903283,11.2302152831136,1
350,0,19.75,59,11.2302152831136,11.7843680402345,1
350,0,19.75,59,11.7843680402345,11.8528122548941,1
350,0,19.75,59,11.8528122548941,12.056329236088,1
350,0,19.75,59,12.056329236088,12.3285594495804,1
350,0,19.75,59,12.3285594495804,12.8054251323818,1
350,0,19.75,59,12.8054251323818,12.9584182460574,1
350,0,19.75,59,12.9584182460574,13.0141505624003,1
350,0,19.75,59,13.0141505624003,13.2670558595114,1
350,0,19.75,59,13.2670558595114,13.3914081700496,1
350,0,19.75,59,13.3914081700496,13.7001777799225,1
350,0,19.75,59,13.7001777799225,13.8759364391915,1
350,0,19.75,59,13.8759364391915,14.0740317217215,1
350,0,19.75,59,14.0740317217215,14.1391252911671,1
350,0,19.75,59,14.1391252911671,14.5146481622898,1
350,0,19.75,59,14.5146481622898,14.735841189515,1
350,0,19.75,59,14.735841189515,15.0570917943467,1
350,0,19.75,59,15.0570917943467,15.1707029892058,1
350,0,19.75,59,15.1707029892058,15.3314426864746,1
350,0,19.75,59,15.3314426864746,15.3431075264622,1
350,0,19.75,59,15.3431075264622,15.3929284612309,1
350,0,19.75,59,15.3929284612309,15.5427636286803,1
350,0,19.75,59,15.5427636286803,15.8799014112267,1
350,0,19.75,59,15.8799014112267,17.1409617666177,1
350,0,19.75,59,17.1409617666177,17.2187825184466,1
350,0,19.75,59,17.2187825184466,17.2488513346891,1
350,0,19.75,59,17.2488513346891,17.3596034864795,1
350,0,19.75,59,17.3596034864795,17.3898840620494,1
350,0,19.75,59,17.3898840620494,17.497510388876,1
350,0,19.75,59,17.497510388876,17.7612420309934,1
350,0,19.75,59,17.7612420309934,17.8051714517389,1
350,0,19.75,59,17.8051714517389,18.0276564445792,1
350,0,19.75,59,18.0276564445792,18.6936017608087,1
350,0,19.75,59,18.6936017608087,18.7251160794008,1
350,0,19.75,59,18.7251160794008,18.8342616809668,1
350,0,19.75,59,18.8342616809668,18.876158790289,1
350,0,19.75,59,18.876158790289,18.9021081083564,1
350,0,19.75,59,18.9021081083564,18.945072383358,1
350,0,19.75,59,18.945072383358,18.9553582961192,1
350,0,19.75,59,18.9553582961192,18.9701452184232,1
350,0,19.75,59,18.9701452184232,19.0099448945888,1
350,0,19.75,59,19.0099448945888,19.3808955661539,1
350,0,19.75,59,19.3808955661539,19.7493552271031,1
350,0,19.75,59,19.7493552271031,19.75,0
351,0,18.75,37,0,6.18190832225652,1
351,0,18.75,37,6.18190832225652,6.56582211705223,1
351,0,18.75,37,6.56582211705223,6.73506872513885,1
351,0,18.75,37,6.73506872513885,6.79907659001526,1
351,0,18.75,37,6.79907659001526,6.92160003335965,1
351,0,18.75,37,6.92160003335965,8.30141051325737,1
351,0,18.75,37,8.30141051325737,10.264373594956,1
351,0,18.75,37,10.264373594956,10.6382407037377,1
351,0,18.75,37,10.6382407037377,10.9757118873343,1
351,0,18.75,37,10.9757118873343,11.2734474868914,1
351,0,18.75,37,11.2734474868914,11.7321768445187,1
351,0,18.75,37,11.7321768445187,11.9302276258086,1
351,0,18.75,37,11.9302276258086,12.1418199724025,1
351,0,18.75,37,12.1418199724025,12.9264475336952,1
351,0,18.75,37,12.9264475336952,13.5110850598503,1
351,0,18.75,37,13.5110850598503,13.9138033976164,1
351,0,18.75,37,13.9138033976164,13.9810559882595,1
351,0,18.75,37,13.9810559882595,14.0880872502621,1
351,0,18.75,37,14.0880872502621,14.4951819103273,1
351,0,18.75,37,14.4951819103273,14.5265953246704,1
351,0,18.75,37,14.5265953246704,15.5887979954284,1
351,0,18.75,37,15.5887979954284,15.7019315891941,1
351,0,18.75,37,15.7019315891941,15.7579216872624,1
351,0,18.75,37,15.7579216872624,15.8263271373491,1
351,0,18.75,37,15.8263271373491,16.4392230766386,1
351,0,18.75,37,16.4392230766386,16.6454516722853,1
351,0,18.75,37,16.6454516722853,16.7426618971784,1
351,0,18.75,37,16.7426618971784,17.2217032186058,1
351,0,18.75,37,17.2217032186058,17.3675475725211,1
351,0,18.75,37,17.3675475725211,17.8593619983921,1
351,0,18.75,37,17.8593619983921,17.8881284543928,1
351,0,18.75,37,17.8881284543928,18.0215582759443,1
351,0,18.75,37,18.0215582759443,18.183703047477,1
351,0,18.75,37,18.183703047477,18.2758612568308,1
351,0,18.75,37,18.2758612568308,18.3225803101388,1
351,0,18.75,37,18.3225803101388,18.4884614354332,1
351,0,18.75,37,18.4884614354332,18.4908720917493,1
351,0,18.75,37,18.4908720917493,18.75,0
352,0,18.75,46,0,0.336609831431121,1
352,0,18.75,46,0.336609831431121,2.5900367598753,1
352,0,18.75,46,2.5900367598753,3.11256177751886,1
352,0,18.75,46,3.11256177751886,4.54254257176194,1
352,0,18.75,46,4.54254257176194,7.16140432844573,1
352,0,18.75,46,7.16140432844573,7.22477723824777,1
352,0,18.75,46,7.22477723824777,7.64173117964376,1
352,0,18.75,46,7.64173117964376,8.16577317732165,1
352,0,18.75,46,8.16577317732165,8.52225851845742,1
352,0,18.75,46,8.52225851845742,9.78045932647401,1
352,0,18.75,46,9.78045932647401,10.0467395614428,1
352,0,18.75,46,10.0467395614428,10.2204221233963,1
352,0,18.75,46,10.2204221233963,10.3434493333211,1
352,0,18.75,46,10.3434493333211,10.4270861127714,1
352,0,18.75,46,10.4270861127714,10.5999525095209,1
352,0,18.75,46,10.5999525095209,11.7316697441901,1
352,0,18.75,46,11.7316697441901,12.0796523898358,1
352,0,18.75,46,12.0796523898358,12.3683695154517,1
352,0,18.75,46,12.3683695154517,13.4819898645754,1
352,0,18.75,46,13.4819898645754,14.0919201578014,1
352,0,18.75,46,14.0919201578014,14.6655117070225,1
352,0,18.75,46,14.6655117070225,15.4216496044878,1
352,0,18.75,46,15.4216496044878,15.7558387389202,1
352,0,18.75,46,15.7558387389202,15.8441724965743,1
352,0,18.75,46,15.8441724965743,16.1301269968085,1
352,0,18.75,46,16.1301269968085,16.2287607282332,1
352,0,18.75,46,16.2287607282332,16.2828336547931,1
352,0,18.75,46,16.2828336547931,16.7724249966006,1
352,0,18.75,46,16.7724249966006,16.8524236575902,1
352,0,18.75,46,16.8524236575902,17.1513751367455,1
352,0,18.75,46,17.1513751367455,17.2706871704637,1
352,0,18.75,46,17.2706871704637,17.4633511249825,1
352,0,18.75,46,17.4633511249825,17.5347454307769,1
352,0,18.75,46,17.5347454307769,17.5412154883483,1
352,0,18.75,46,17.5412154883483,17.5683272161722,1
352,0,18.75,46,17.5683272161722,17.8635326241126,1
352,0,18.75,46,17.8635326241126,17.8744724681388,1
352,0,18.75,46,17.8744724681388,18.0365239819669,1
352,0,18.75,46,18.0365239819669,18.3004297443628,1
352,0,18.75,46,18.3004297443628,18.3471335346639,1
352,0,18.75,46,18.3471335346639,18.4040569109186,1
352,0,18.75,46,18.4040569109186,18.4541623678301,1
352,0,18.75,46,18.4541623678301,18.5251333926569,1
352,0,18.75,46,18.5251333926569,18.5714506285697,1
352,0,18.75,46,18.5714506285697,18.591564730045,1
352,0,18.75,46,18.591564730045,18.6140086412878,1
352,0,18.75,46,18.6140086412878,18.75,0
353,0,8.75,3,0,0.523019830600206,1
353,0,8.75,3,0.523019830600206,0.769858447455535,1
353,0,8.75,3,0.769858447455535,3.26399553334421,1
353,0,8.75,3,3.26399553334421,8.75,0
354,0,16.75,3,0,4.24787432511894,1
354,0,16.75,3,4.24787432511894,13.9104157495397,1
354,0,16.75,3,13.9104157495397,15.7226772956545,1
354,0,16.75,3,15.7226772956545,16.75,0
355,0,11.75,2,0,6.13373840310748,1
355,0,11.75,2,6.13373840310748,6.22141555082465,1
355,0,11.75,2,6.22141555082465,11.75,0
356,0,16.75,40,0,1.49583266113251,1
356,0,16.75,40,1.49583266113251,3.70046416118792,1
356,0,16.75,40,3.70046416118792,6.1008322540574,1
356,0,16.75,40,6.1008322540574,6.352730300571,1
356,0,16.75,40,6.352730300571,7.0967552206364,1
356,0,16.75,40,7.0967552206364,7.92694600929575,1
356,0,16.75,40,7.92694600929575,7.92919123819941,1
356,0,16.75,40,7.92919123819941,8.72863377139518,1
356,0,16.75,40,8.72863377139518,9.17742779534347,1
356,0,16.75,40,9.17742779534347,9.46713019289268,1
356,0,16.75,40,9.46713019289268,9.72676742118174,1
356,0,16.75,40,9.72676742118174,9.85119808494972,1
356,0,16.75,40,9.85119808494972,9.8729070291497,1
356,0,16.75,40,9.8729070291497,10.9231695099707,1
356,0,16.75,40,10.9231695099707,11.8342187996297,1
356,0,16.75,40,11.8342187996297,12.3766972603972,1
356,0,16.75,40,12.3766972603972,12.4061138119933,1
356,0,16.75,40,12.4061138119933,12.6381475860882,1
356,0,16.75,40,12.6381475860882,12.8956772999208,1
356,0,16.75,40,12.8956772999208,13.5127609402685,1
356,0,16.75,40,13.5127609402685,13.6265396874682,1
356,0,16.75,40,13.6265396874682,14.3466375638588,1
356,0,16.75,40,14.3466375638588,14.5498313339165,1
356,0,16.75,40,14.5498313339165,14.8496526927727,1
356,0,16.75,40,14.8496526927727,15.1187605629276,1
356,0,16.75,40,15.1187605629276,15.154412239106,1
356,0,16.75,40,15.154412239106,15.5420514048721,1
356,0,16.75,40,15.5420514048721,15.6560103464534,1
356,0,16.75,40,15.6560103464534,15.7168826833401,1
356,0,16.75,40,15.7168826833401,15.7286293285486,1
356,0,16.75,40,15.7286293285486,15.9332932947688,1
356,0,16.75,40,15.9332932947688,15.9450457229917,1
356,0,16.75,40,15.9450457229917,15.997177374176,1
356,0,16.75,40,15.997177374176,16.0191552627517,1
356,0,16.75,40,16.0191552627517,16.1023313902932,1
356,0,16.75,40,16.1023313902932,16.3594004748912,1
356,0,16.75,40,16.3594004748912,16.541838602397,1
356,0,16.75,40,16.541838602397,16.6385556434352,1
356,0,16.75,40,16.6385556434352,16.7117097402267,1
356,0,16.75,40,16.7117097402267,16.7222923988168,1
356,0,16.75,40,16.7222923988168,16.75,0
357,0,14.75,2,0,4.30653818114249,1
357,0,14.75,2,4.30653818114249,6.47651589282058,1
357,0,14.75,2,6.47651589282058,14.75,0
358,0,16.75,28,0,3.51817458095131,1
358,0,16.75,28,3.51817458095131,6.50669792437525,1
358,0,16.75,28,6.50669792437525,7.6321016157008,1
358,0,16.75,28,7.6321016157008,8.15546074181656,1
358,0,16.75,28,8.15546074181656,8.53345920465877,1
358,0,16.75,28,8.53345920465877,8.98291365021733,1
358,0,16.75,28,8.98291365021733,10.0623375665506,1
358,0,16.75,28,10.0623375665506,11.4901148577234,1
358,0,16.75,28,11.4901148577234,12.3073784025266,1
358,0,16.75,28,12.3073784025266,12.4860645261548,1
358,0,16.75,28,12.4860645261548,12.5766393627949,1
358,0,16.75,28,12.5766393627949,13.5084454586908,1
358,0,16.75,28,13.5084454586908,13.5901781227717,1
358,0,16.75,28,13.5901781227717,13.7140184129857,1
358,0,16.75,28,13.7140184129857,13.9170222154965,1
358,0,16.75,28,13.9170222154965,14.23950633389,1
358,0,16.75,28,14.23950633389,14.2789856041516,1
358,0,16.75,28,14.2789856041516,14.2825373223724,1
358,0,16.75,28,14.2825373223724,14.766496573189,1
358,0,16.75,28,14.766496573189,14.8224652058979,1
358,0,16.75,28,14.8224652058979,15.2879076727865,1
358,0,16.75,28,15.2879076727865,15.5142239465637,1
358,0,16.75,28,15.5142239465637,15.5604594188514,1
358,0,16.75,28,15.5604594188514,15.5826616560659,1
358,0,16.75,28,15.5826616560659,16.0731133851204,1
358,0,16.75,28,16.0731133851204,16.1325451616132,1
358,0,16.75,28,16.1325451616132,16.2080020465997,1
358,0,16.75,28,16.2080020465997,16.3237515467696,1
358,0,16.75,28,16.3237515467696,16.75,0
359,0,14.75,3,0,0.000254782711015234,1
359,0,14.75,3,0.000254782711015234,6.62625054746139,1
359,0,14.75,3,6.62625054746139,13.9180688231251,1
359,0,14.75,3,13.9180688231251,14.75,0
360,0,13.75,12,0,1.676457145697,1
360,0,13.75,12,1.676457145697,4.52555145698107,1
360,0,13.75,12,4.52555145698107,5.0493679854942,1
360,0,13.75,12,5.0493679854942,5.58490477718471,1
360,0,13.75,12,5.58490477718471,7.56020604036047,1
360,0,13.75,12,7.56020604036047,9.263931188933,1
360,0,13.75,12,9.263931188933,9.34867573623973,1
360,0,13.75,12,9.34867573623973,9.62423194266528,1
360,0,13.75,12,9.62423194266528,11.1258776882195,1
360,0,13.75,12,11.1258776882195,11.7394603310206,1
360,0,13.75,12,11.7394603310206,12.7502605270753,1
360,0,13.75,12,12.7502605270753,13.6391577947521,1
360,0,13.75,12,13.6391577947521,13.75,0
361,0,12.75,20,0,1.25161262498173,1
361,0,12.75,20,1.25161262498173,3.17122516914716,1
361,0,12.75,20,3.17122516914716,4.21311904656919,1
361,0,12.75,20,4.21311904656919,6.59638142624425,1
361,0,12.75,20,6.59638142624425,7.77142523386293,1
361,0,12.75,20,7.77142523386293,8.1876830322045,1
361,0,12.75,20,8.1876830322045,8.79056257611821,1
361,0,12.75,20,8.79056257611821,9.22695609187416,1
361,0,12.75,20,9.22695609187416,9.5382017002318,1
361,0,12.75,20,9.5382017002318,9.55820131377425,1
361,0,12.75,20,9.55820131377425,9.87134292144663,1
361,0,12.75,20,9.87134292144663,10.2224514596897,1
361,0,12.75,20,10.2224514596897,10.8435995818697,1
361,0,12.75,20,10.8435995818697,10.9930059460412,1
361,0,12.75,20,10.9930059460412,11.0049351779808,1
361,0,12.75,20,11.0049351779808,11.1307184572073,1
361,0,12.75,20,11.1307184572073,12.205313154337,1
361,0,12.75,20,12.205313154337,12.3900259011288,1
361,0,12.75,20,12.3900259011288,12.5068702450176,1
361,0,12.75,20,12.5068702450176,12.5104958154067,1
361,0,12.75,20,12.5104958154067,12.75,0
362,0,19.75,0,0,19.75,0
363,0,18.75,2,0,0.816408865148397,1
363,0,18.75,2,0.816408865148397,3.06669398447839,1
363,0,18.75,2,3.06669398447839,18.75,0
364,0,10.75,2,0,0.00626877508898565,1
364,0,10.75,2,0.00626877508898565,6.43486753659187,1
364,0,10.75,2,6.43486753659187,10.75,0
365,0,8.75,11,0,3.67160946524752,1
365,0,8.75,11,3.67160946524752,5.20952932628113,1
365,0,8.75,11,5.20952932628113,5.40706420169459,1
365,0,8.75,11,5.40706420169459,6.42318465054139,1
365,0,8.75,11,6.42318465054139,6.62634876191667,1
365,0,8.75,11,6.62634876191667,6.75242843959508,1
365,0,8.75,11,6.75242843959508,7.07721489556375,1
365,0,8.75,11,7.07721489556375,7.69762922228057,1
365,0,8.75,11,7.69762922228057,7.99565859732578,1
365,0,8.75,11,7.99565859732578,8.08592586378594,1
365,0,8.75,11,8.08592586378594,8.54213022920361,1
365,0,8.75,11,8.54213022920361,8.75,0
366,0,14.75,2,0,0.775357003229282,1
366,0,14.75,2,0.775357003229282,7.00723772187477,1
366,0,14.75,2,7.00723772187477,14.75,0
367,0,19.75,3,0,2.48949461216851,1
367,0,19.75,3,2.48949461216851,7.10090825459809,1
367,0,19.75,3,7.10090825459809,18.736832091202,1
367,0,19.75,3,18.736832091202,19.75,0
368,0,14.75,0,0,14.75,0
369,0,14.75,0,0,14.75,0
370,0,14.75,2,0,8.68171007437145,1
370,0,14.75,2,8.68171007437145,9.64856138960398,1
370,0,14.75,2,9.64856138960398,14.75,0
371,0,13.75,1,0,0.0481289248405603,1
371,0,13.75,1,0.0481289248405603,13.75,0
372,0,11.75,2,0,0.261394245283026,1
372,0,11.75,2,0.261394245283026,1.40414102141407,1
372,0,11.75,2,1.40414102141407,11.75,0
373,0,10.75,21,0,3.31206239863141,1
373,0,10.75,21,3.31206239863141,4.18929363532596,1
373,0,10.75,21,4.18929363532596,5.28734441789304,1
373,0,10.75,21,5.28734441789304,5.46248520482713,1
373,0,10.75,21,5.46248520482713,6.02695913509427,1
373,0,10.75,21,6.02695913509427,6.87679367969406,1
373,0,10.75,21,6.87679367969406,6.99362406096398,1
373,0,10.75,21,6.99362406096398,7.10312364610137,1
373,0,10.75,21,7.10312364610137,7.59897678072005,1
373,0,10.75,21,7.59897678072005,7.67838520712858,1
373,0,10.75,21,7.67838520712858,8.6272235747329,1
373,0,10.75,21,8.6272235747329,9.13198581764576,1
373,0,10.75,21,9.13198581764576,9.52910469286326,1
373,0,10.75,21,9.52910469286326,9.64822366865176,1
373,0,10.75,21,9.64822366865176,9.74056914706721,1
373,0,10.75,21,9.74056914706721,9.74557707854981,1
373,0,10.75,21,9.74557707854981,10.0837837561486,1
373,0,10.75,21,10.0837837561486,10.1136501992079,1
373,0,10.75,21,10.1136501992079,10.2410059847898,1
373,0,10.75,21,10.2410059847898,10.4237464252891,1
373,0,10.75,21,10.4237464252891,10.6986238146035,1
373,0,10.75,21,10.6986238146035,10.75,0
374,0,10.75,15,0,3.01412401828282,1
374,0,10.75,15,3.01412401828282,3.0336477208811,1
374,0,10.75,15,3.0336477208811,5.35125923448352,1
374,0,10.75,15,5.35125923448352,5.47661528777985,1
374,0,10.75,15,5.47661528777985,6.24425270048823,1
374,0,10.75,15,6.24425270048823,6.99310555521386,1
374,0,10.75,15,6.99310555521386,7.30911672665013,1
374,0,10.75,15,7.30911672665013,7.56903490113352,1
374,0,10.75,15,7.56903490113352,7.76262119422914,1
374,0,10.75,15,7.76262119422914,8.09640276806606,1
374,0,10.75,15,8.09640276806606,8.66878368373423,1
374,0,10.75,15,8.66878368373423,9.01699866862873,1
374,0,10.75,15,9.01699866862873,9.03051444944917,1
374,0,10.75,15,9.03051444944917,9.38509882859018,1
374,0,10.75,15,9.38509882859018,9.84754020198402,1
374,0,10.75,15,9.84754020198402,10.75,0
375,0,16.75,0,0,16.75,0
376,0,15.75,0,0,15.75,0
377,0,13.75,16,0,6.44097921200208,1
377,0,13.75,16,6.44097921200208,7.70666402297894,1
377,0,13.75,16,7.70666402297894,10.13498713977,1
377,0,13.75,16,10.13498713977,10.4809848812599,1
377,0,13.75,16,10.4809848812599,10.4919734008837,1
377,0,13.75,16,10.4919734008837,10.6937010006196,1
377,0,13.75,16,10.6937010006196,10.7112183616019,1
377,0,13.75,16,10.7112183616019,10.9985206580525,1
377,0,13.75,16,10.9985206580525,11.3690500162222,1
377,0,13.75,16,11.3690500162222,11.569524959858,1
377,0,13.75,16,11.569524959858,12.0567811068152,1
377,0,13.75,16,12.0567811068152,12.826981002453,1
377,0,13.75,16,12.826981002453,12.8938947872672,1
377,0,13.75,16,12.8938947872672,12.9118970378561,1
377,0,13.75,16,12.9118970378561,13.2888879234751,1
377,0,13.75,16,13.2888879234751,13.4950783611061,1
377,0,13.75,16,13.4950783611061,13.75,0
378,0,11.75,1,0,0.0209319007715607,1
378,0,11.75,1,0.0209319007715607,11.75,0
379,0,18.75,41,0,6.05657444711401,1
379,0,18.75,41,6.05657444711401,6.0743464286191,1
379,0,18.75,41,6.0743464286191,7.84749653813933,1
379,0,18.75,41,7.84749653813933,8.41405307397584,1
379,0,18.75,41,8.41405307397584,9.27300341573301,1
379,0,18.75,41,9.27300341573301,9.50534942473015,1
379,0,18.75,41,9.50534942473015,9.689930826838,1
379,0,18.75,41,9.689930826838,9.7104008662208,1
379,0,18.75,41,9.7104008662208,10.0261486476346,1
379,0,18.75,41,10.0261486476346,10.0930001062266,1
379,0,18.75,41,10.0930001062266,10.2718807549442,1
379,0,18.75,41,10.2718807549442,10.3763126600611,1
379,0,18.75,41,10.3763126600611,10.6403188831692,1
379,0,18.75,41,10.6403188831692,10.9544544933986,1
379,0,18.75,41,10.9544544933986,11.6076328474664,1
379,0,18.75,41,11.6076328474664,12.1011880195452,1
379,0,18.75,41,12.1011880195452,12.5089448482475,1
379,0,18.75,41,12.5089448482475,12.5254140854918,1
379,0,18.75,41,12.5254140854918,13.1013894719636,1
379,0,18.75,41,13.1013894719636,13.1903082727828,1
379,0,18.75,41,13.1903082727828,14.0730179222711,1
379,0,18.75,41,14.0730179222711,14.083846077826,1
379,0,18.75,41,14.083846077826,14.1073735866227,1
379,0,18.75,41,14.1073735866227,14.1331743232058,1
379,0,18.75,41,14.1331743232058,14.31329751258,1
379,0,18.75,41,14.31329751258,14.4978011715535,1
379,0,18.75,41,14.4978011715535,14.6794701658445,1
379,0,18.75,41,14.6794701658445,14.7940429963755,1
379,0,18.75,41,14.7940429963755,15.1372069223978,1
379,0,18.75,41,15.1372069223978,15.1404864393348,1
379,0,18.75,41,15.1404864393348,15.4030567213831,1
379,0,18.75,41,15.4030567213831,15.9165474430536,1
379,0,18.75,41,15.9165474430536,15.9736525336814,1
379,0,18.75,41,15.9736525336814,16.2351778929695,1
379,0,18.75,41,16.2351778929695,16.3060171302782,1
379,0,18.75,41,16.3060171302782,16.4972915250876,1
379,0,18.75,41,16.4972915250876,17.8194779331632,1
379,0,18.75,41,17.8194779331632,17.9139241269328,1
379,0,18.75,41,17.9139241269328,18.1102589145303,1
379,0,18.75,41,18.1102589145303,18.2912944205733,1
379,0,18.75,41,18.2912944205733,18.3122661537093,1
379,0,18.75,41,18.3122661537093,18.75,0
380,0,10.75,14,0,2.16320854688174,1
380,0,10.75,14,2.16320854688174,5.49432553493118,1
380,0,10.75,14,5.49432553493118,5.89113095656245,1
380,0,10.75,14,5.89113095656245,6.09416143227764,1
380,0,10.75,14,6.09416143227764,7.07555201299878,1
380,0,10.75,14,7.07555201299878,7.37463577878469,1
380,0,10.75,14,7.37463577878469,7.58157538844556,1
380,0,10.75,14,7.58157538844556,7.77318887637904,1
380,0,10.75,14,7.77318887637904,9.5063377481398,1
380,0,10.75,14,9.5063377481398,9.8728941832168,1
380,0,10.75,14,9.8728941832168,10.2002537018139,1
380,0,10.75,14,10.2002537018139,10.4437669942896,1
380,0,10.75,14,10.4437669942896,10.5346508499431,1
380,0,10.75,14,10.5346508499431,10.6505304989686,1
380,0,10.75,14,10.6505304989686,10.75,0
381,0,12.75,0,0,12.75,0
382,0,13.75,1,0,0.0122324788292859,1
382,0,13.75,1,0.0122324788292859,13.75,0
383,0,17.75,1,0,11.9067606826215,1
383,0,17.75,1,11.9067606826215,17.75,0
384,0,19.75,4,0,0.00900158062167264,1
384,0,19.75,4,0.00900158062167264,13.3421065242565,1
384,0,19.75,4,13.3421065242565,15.3958784893134,1
384,0,19.75,4,15.3958784893134,17.2298819055923,1
384,0,19.75,4,17.2298819055923,19.75,0
385,0,8.75,1,0,0.694117648135532,1
385,0,8.75,1,0.694117648135532,8.75,0
386,0,9.75,1,0,0.935333120082827,1
386,0,9.75,1,0.935333120082827,9.75,0
387,0,13.75,1,0,4.64424560101584,1
387,0,13.75,1,4.64424560101584,13.75,0
388,0,16.75,1,0,12.0408846940433,1
388,0,16.75,1,12.0408846940433,16.75,0
389,0,12.75,1,0,0.00231596955605992,1
389,0,12.75,1,0.00231596955605992,12.75,0
390,0,14.75,1,0,3.84451107774984,1
390,0,14.75,1,3.84451107774984,14.75,0
391,0,11.75,11,0,1.47854787921093,1
391,0,11.75,11,1.47854787921093,3.65327952098554,1
391,0,11.75,11,3.65327952098554,5.3916791192537,1
391,0,11.75,11,5.3916791192537,5.5264119394766,1
391,0,11.75,11,5.5264119394766,6.2203319651041,1
391,0,11.75,11,6.2203319651041,7.999572858084,1
391,0,11.75,11,7.999572858084,8.60481384022874,1
391,0,11.75,11,8.60481384022874,8.72226996344622,1
391,0,11.75,11,8.72226996344622,9.79761589073755,1
391,0,11.75,11,9.79761589073755,10.3085011801549,1
391,0,11.75,11,10.3085011801549,11.7401809457305,1
391,0,11.75,11,11.7401809457305,11.75,0
392,0,19.75,1,0,1.50967615787132,1
392,0,19.75,1,1.50967615787132,19.75,0
393,0,20.75,1,0,4.89795440612686,1
393,0,20.75,1,4.89795440612686,20.75,0
394,0,9.75,10,0,3.49404880265447,1
394,0,9.75,10,3.49404880265447,7.16726018314145,1
394,0,9.75,10,7.16726018314145,7.53016018616385,1
394,0,9.75,10,7.53016018616385,7.66191086573665,1
394,0,9.75,10,7.66191086573665,8.18230394564069,1
394,0,9.75,10,8.18230394564069,8.44828371794758,1
394,0,9.75,10,8.44828371794758,8.68925623424754,1
394,0,9.75,10,8.68925623424754,8.78114946653242,1
394,0,9.75,10,8.78114946653242,8.9432927630001,1
394,0,9.75,10,8.9432927630001,9.25475890481327,1
394,0,9.75,10,9.25475890481327,9.75,0
395,0,13.75,12,0,4.80357401056337,1
395,0,13.75,12,4.80357401056337,8.78744344545064,1
395,0,13.75,12,8.78744344545064,8.88257942670644,1
395,0,13.75,12,8.88257942670644,8.97416353204207,1
395,0,13.75,12,8.97416353204207,11.7076475776555,1
395,0,13.75,12,11.7076475776555,11.8148776588022,1
395,0,13.75,12,11.8148776588022,12.062985811714,1
395,0,13.75,12,12.062985811714,12.4097735930464,1
395,0,13.75,12,12.4097735930464,12.6166229170782,1
395,0,13.75,12,12.6166229170782,12.6612058979737,1
395,0,13.75,12,12.6612058979737,12.7862822770232,1
395,0,13.75,12,12.7862822770232,13.6108128486685,1
395,0,13.75,12,13.6108128486685,13.75,0
396,0,12.75,2,0,3.21401093764009,1
396,0,12.75,2,3.21401093764009,3.77269075045199,1
396,0,12.75,2,3.77269075045199,12.75,0
397,0,13.75,3,0,0.272035541920884,1
397,0,13.75,3,0.272035541920884,1.2503183311491,1
397,0,13.75,3,1.2503183311491,1.26452297795063,1
397,0,13.75,3,1.26452297795063,13.75,0
398,0,17.75,4,0,2.30515922741921,1
398,0,17.75,4,2.30515922741921,2.30602480069832,1
398,0,17.75,4,2.30602480069832,5.9484704407903,1
398,0,17.75,4,5.9484704407903,11.2677263233441,1
398,0,17.75,4,11.2677263233441,17.75,0
399,0,7.75,2,0,1.36381067221092,1
399,0,7.75,2,1.36381067221092,2.85385334220008,1
399,0,7.75,2,2.85385334220008,7.75,0
400,0,15.75,1,0,13.2677619977969,1
400,0,15.75,1,13.2677619977969,15.75,0
401,0,11.75,12,0,2.66842095734363,1
401,0,11.75,12,2.66842095734363,5.92982208616681,1
401,0,11.75,12,5.92982208616681,7.23597068015595,1
401,0,11.75,12,7.23597068015595,7.31921687114946,1
401,0,11.75,12,7.31921687114946,7.95206906418914,1
401,0,11.75,12,7.95206906418914,8.49997306225267,1
401,0,11.75,12,8.49997306225267,8.80449772701241,1
401,0,11.75,12,8.80449772701241,9.25386847942388,1
401,0,11.75,12,9.25386847942388,9.42074104095845,1
401,0,11.75,12,9.42074104095845,10.7660508739291,1
401,0,11.75,12,10.7660508739291,10.8064551146055,1
401,0,11.75,12,10.8064551146055,11.6494704002172,1
401,0,11.75,12,11.6494704002172,11.75,0
402,0,19.75,51,0,6.43113147478488,1
402,0,19.75,51,6.43113147478488,7.6414597441277,1
402,0,19.75,51,7.6414597441277,7.88235606685782,1
402,0,19.75,51,7.88235606685782,7.89801951182893,1
402,0,19.75,51,7.89801951182893,8.46769718628915,1
402,0,19.75,51,8.46769718628915,9.08279605582339,1
402,0,19.75,51,9.08279605582339,10.9376127145682,1
402,0,19.75,51,10.9376127145682,11.0537583767752,1
402,0,19.75,51,11.0537583767752,11.3741733642993,1
402,0,19.75,51,11.3741733642993,11.4122981168172,1
402,0,19.75,51,11.4122981168172,11.4961386912839,1
402,0,19.75,51,11.4961386912839,12.1167596763785,1
402,0,19.75,51,12.1167596763785,12.4028272788134,1
402,0,19.75,51,12.4028272788134,12.8570183052045,1
402,0,19.75,51,12.8570183052045,13.0598042076006,1
402,0,19.75,51,13.0598042076006,13.083961841289,1
402,0,19.75,51,13.083961841289,13.6530809600525,1
402,0,19.75,51,13.6530809600525,13.7507073539484,1
402,0,19.75,51,13.7507073539484,14.4511565430575,1
402,0,19.75,51,14.4511565430575,14.7163904999811,1
402,0,19.75,51,14.7163904999811,15.1602013651636,1
402,0,19.75,51,15.1602013651636,15.4494987212585,1
402,0,19.75,51,15.4494987212585,15.4628982410738,1
402,0,19.75,51,15.4628982410738,15.4761418213574,1
402,0,19.75,51,15.4761418213574,15.5456215306662,1
402,0,19.75,51,15.5456215306662,15.562626469743,1
402,0,19.75,51,15.562626469743,16.0373485588864,1
402,0,19.75,51,16.0373485588864,16.1167714279424,1
402,0,19.75,51,16.1167714279424,16.4276455905643,1
402,0,19.75,51,16.4276455905643,16.4436123701462,1
402,0,19.75,51,16.4436123701462,16.5754889499301,1
402,0,19.75,51,16.5754889499301,16.6484193446178,1
402,0,19.75,51,16.6484193446178,16.8420361926358,1
402,0,19.75,51,16.8420361926358,16.8456938710554,1
402,0,19.75,51,16.8456938710554,16.9424718905761,1
402,0,19.75,51,16.9424718905761,16.9922286769724,1
402,0,19.75,51,16.9922286769724,17.0945698649464,1
402,0,19.75,51,17.0945698649464,17.263366371073,1
402,0,19.75,51,17.263366371073,17.7490308741089,1
402,0,19.75,51,17.7490308741089,17.7818520604344,1
402,0,19.75,51,17.7818520604344,17.8679394624556,1
402,0,19.75,51,17.8679394624556,18.0022562367853,1
402,0,19.75,51,18.0022562367853,18.1715430113073,1
402,0,19.75,51,18.1715430113073,18.2982685097722,1
402,0,19.75,51,18.2982685097722,18.6755986229669,1
402,0,19.75,51,18.6755986229669,18.8715995933656,1
402,0,19.75,51,18.8715995933656,18.9036261861666,1
402,0,19.75,51,18.9036261861666,19.0104005668093,1
402,0,19.75,51,19.0104005668093,19.638770947477,1
402,0,19.75,51,19.638770947477,19.657301322346,1
402,0,19.75,51,19.657301322346,19.6811064678364,1
402,0,19.75,51,19.6811064678364,19.75,0
403,0,17.75,28,0,3.2475115782039,1
403,0,17.75,28,3.2475115782039,5.47320386541166,1
403,0,17.75,28,5.47320386541166,6.09920657955142,1
403,0,17.75,28,6.09920657955142,6.45610755983386,1
403,0,17.75,28,6.45610755983386,7.64639805243382,1
403,0,17.75,28,7.64639805243382,7.68896391372394,1
403,0,17.75,28,7.68896391372394,9.11044141380922,1
403,0,17.75,28,9.11044141380922,9.41572855637074,1
403,0,17.75,28,9.41572855637074,9.4831605137979,1
403,0,17.75,28,9.4831605137979,10.0951734913782,1
403,0,17.75,28,10.0951734913782,10.537969284703,1
403,0,17.75,28,10.537969284703,10.7102122008178,1
403,0,17.75,28,10.7102122008178,11.2277859061469,1
403,0,17.75,28,11.2277859061469,11.2372971475258,1
403,0,17.75,28,11.2372971475258,11.5423890632539,1
403,0,17.75,28,11.5423890632539,12.0644485565711,1
403,0,17.75,28,12.0644485565711,13.5327998274425,1
403,0,17.75,28,13.5327998274425,13.6147925348653,1
403,0,17.75,28,13.6147925348653,14.1217956466152,1
403,0,17.75,28,14.1217956466152,14.8329148638683,1
403,0,17.75,28,14.8329148638683,15.353292084881,1
403,0,17.75,28,15.353292084881,15.8647374320252,1
403,0,17.75,28,15.8647374320252,15.9750011618632,1
403,0,17.75,28,15.9750011618632,16.073196840095,1
403,0,17.75,28,16.073196840095,16.3002721232268,1
403,0,17.75,28,16.3002721232268,16.760607330592,1
403,0,17.75,28,16.760607330592,16.9978813064418,1
403,0,17.75,28,16.9978813064418,17.2681420560222,1
403,0,17.75,28,17.2681420560222,17.75,0
404,0,9.75,2,0,4.07466127144603,1
404,0,9.75,2,4.07466127144603,7.13795487048518,1
404,0,9.75,2,7.13795487048518,9.75,0
405,0,12.75,0,0,12.75,0
406,0,15.75,0,0,15.75,0
407,0,15.75,23,0,6.78626529453842,1
407,0,15.75,23,6.78626529453842,7.66432666682232,1
407,0,15.75,23,7.66432666682232,7.75702766712477,1
407,0,15.75,23,7.75702766712477,8.22241017878913,1
407,0,15.75,23,8.22241017878913,8.23808932665879,1
407,0,15.75,23,8.23808932665879,8.38042458788241,1
407,0,15.75,23,8.38042458788241,8.59081687394119,1
407,0,15.75,23,8.59081687394119,8.60717550632891,1
407,0,15.75,23,8.60717550632891,9.52417715420029,1
407,0,15.75,23,9.52417715420029,9.99840488350754,1
407,0,15.75,23,9.99840488350754,10.7392127538273,1
407,0,15.75,23,10.7392127538273,11.4707048435453,1
407,0,15.75,23,11.4707048435453,11.9306678780628,1
407,0,15.75,23,11.9306678780628,11.9374933471747,1
407,0,15.75,23,11.9374933471747,12.3223124934575,1
407,0,15.75,23,12.3223124934575,12.4660902419653,1
407,0,15.75,23,12.4660902419653,12.5227552454248,1
407,0,15.75,23,12.5227552454248,12.9027460677249,1
407,0,15.75,23,12.9027460677249,13.7450193088211,1
407,0,15.75,23,13.7450193088211,14.7201819597879,1
407,0,15.75,23,14.7201819597879,15.0816789624254,1
407,0,15.75,23,15.0816789624254,15.083694117356,1
407,0,15.75,23,15.083694117356,15.6786302885679,1
407,0,15.75,23,15.6786302885679,15.75,0
408,0,11.75,0,0,11.75,0
409,0,11.75,20,0,4.89150884610123,1
409,0,11.75,20,4.89150884610123,6.00263578253077,1
409,0,11.75,20,6.00263578253077,6.10834773839882,1
409,0,11.75,20,6.10834773839882,6.39460635412011,1
409,0,11.75,20,6.39460635412011,6.73325294690385,1
409,0,11.75,20,6.73325294690385,7.22956904365345,1
409,0,11.75,20,7.22956904365345,7.29847814590902,1
409,0,11.75,20,7.29847814590902,8.00257679823049,1
409,0,11.75,20,8.00257679823049,8.31198113421244,1
409,0,11.75,20,8.31198113421244,8.60013312998734,1
409,0,11.75,20,8.60013312998734,9.18122694160925,1
409,0,11.75,20,9.18122694160925,9.98258639840139,1
409,0,11.75,20,9.98258639840139,10.2237277810823,1
409,0,11.75,20,10.2237277810823,10.8043285866701,1
409,0,11.75,20,10.8043285866701,11.0297330924814,1
409,0,11.75,20,11.0297330924814,11.0947260012653,1
409,0,11.75,20,11.0947260012653,11.1075867089923,1
409,0,11.75,20,11.1075867089923,11.107752143148,1
409,0,11.75,20,11.107752143148,11.5874816945062,1
409,0,11.75,20,11.5874816945062,11.595182055738,1
409,0,11.75,20,11.595182055738,11.75,0
410,0,15.75,2,0,4.16040712068509,1
410,0,15.75,2,4.16040712068509,4.41507955685516,1
410,0,15.75,2,4.41507955685516,15.75,0
411,0,10.75,16,0,4.78920031053847,1
411,0,10.75,16,4.78920031053847,4.92551804199484,1
411,0,10.75,16,4.92551804199484,5.5121466987378,1
411,0,10.75,16,5.5121466987378,5.85057497367888,1
411,0,10.75,16,5.85057497367888,7.26006970719846,1
411,0,10.75,16,7.26006970719846,8.06962075203786,1
411,0,10.75,16,8.06962075203786,8.53866848264478,1
411,0,10.75,16,8.53866848264478,8.70227397492751,1
411,0,10.75,16,8.70227397492751,9.4958235627195,1
411,0,10.75,16,9.4958235627195,9.66712150281523,1
411,0,10.75,16,9.66712150281523,9.98178290364731,1
411,0,10.75,16,9.98178290364731,10.187542644443,1
411,0,10.75,16,10.187542644443,10.1986351511465,1
411,0,10.75,16,10.1986351511465,10.2434548725339,1
411,0,10.75,16,10.2434548725339,10.245785237062,1
411,0,10.75,16,10.245785237062,10.401259093986,1
411,0,10.75,16,10.401259093986,10.75,0
412,0,11.75,11,0,0.488573831136393,1
412,0,11.75,11,0.488573831136393,3.07724800777955,1
412,0,11.75,11,3.07724800777955,7.82917019007977,1
412,0,11.75,11,7.82917019007977,7.91879415005893,1
412,0,11.75,11,7.91879415005893,7.93727026576616,1
412,0,11.75,11,7.93727026576616,8.58843462265733,1
412,0,11.75,11,8.58843462265733,9.2038412454605,1
412,0,11.75,11,9.2038412454605,9.29494725484211,1
412,0,11.75,11,9.29494725484211,9.79828058171784,1
412,0,11.75,11,9.79828058171784,10.0992752953335,1
412,0,11.75,11,10.0992752953335,11.4226596421361,1
412,0,11.75,11,11.4226596421361,11.75,0
413,0,9.75,9,0,3.73286094266892,1
413,0,9.75,9,3.73286094266892,3.9226903998491,1
413,0,9.75,9,3.9226903998491,4.98364859565829,1
413,0,9.75,9,4.98364859565829,7.28777286303717,1
413,0,9.75,9,7.28777286303717,7.55167335609752,1
413,0,9.75,9,7.55167335609752,7.63468430295297,1
413,0,9.75,9,7.63468430295297,7.73734152087685,1
413,0,9.75,9,7.73734152087685,8.94883512566602,1
413,0,9.75,9,8.94883512566602,9.34918898926584,1
413,0,9.75,9,9.34918898926584,9.75,0
414,0,15.75,1,0,7.10988455766886,1
414,0,15.75,1,7.10988455766886,15.75,0
415,0,15.75,8,0,0.293656072381029,1
415,0,15.75,8,0.293656072381029,1.47898741478936,1
415,0,15.75,8,1.47898741478936,4.4474722185929,1
415,0,15.75,8,4.4474722185929,5.50591554483655,1
415,0,15.75,8,5.50591554483655,6.28885250388887,1
415,0,15.75,8,6.28885250388887,7.15489675612208,1
415,0,15.75,8,7.15489675612208,8.12316987854768,1
415,0,15.75,8,8.12316987854768,13.5732368307129,1
415,0,15.75,8,13.5732368307129,15.75,0
416,0,10.75,15,0,2.16821560222292,1
416,0,10.75,15,2.16821560222292,3.18835926752512,1
416,0,10.75,15,3.18835926752512,7.00007159619259,1
416,0,10.75,15,7.00007159619259,7.49995021700623,1
416,0,10.75,15,7.49995021700623,7.56758277783726,1
416,0,10.75,15,7.56758277783726,7.62617671731009,1
416,0,10.75,15,7.62617671731009,8.35963371489323,1
416,0,10.75,15,8.35963371489323,9.05319422278417,1
416,0,10.75,15,9.05319422278417,9.08742049148881,1
416,0,10.75,15,9.08742049148881,9.29072006546905,1
416,0,10.75,15,9.29072006546905,9.66922425120422,1
416,0,10.75,15,9.66922425120422,10.0372816295309,1
416,0,10.75,15,10.0372816295309,10.17716873356,1
416,0,10.75,15,10.17716873356,10.3570500388384,1
416,0,10.75,15,10.3570500388384,10.5293064595916,1
416,0,10.75,15,10.5293064595916,10.75,0
417,0,11.75,1,0,0.0527154204137411,1
417,0,11.75,1,0.0527154204137411,11.75,0
418,0,18.75,2,0,1.78489969789274,1
418,0,18.75,2,1.78489969789274,8.85438129070753,1
418,0,18.75,2,8.85438129070753,18.75,0
419,0,16.75,26,0,1.8063830954865,1
419,0,16.75,26,1.8063830954865,6.15501664898031,1
419,0,16.75,26,6.15501664898031,7.27972299959875,1
419,0,16.75,26,7.27972299959875,7.52118763417952,1
419,0,16.75,26,7.52118763417952,8.84340014152162,1
419,0,16.75,26,8.84340014152162,9.42112241470658,1
419,0,16.75,26,9.42112241470658,9.52207015785652,1
419,0,16.75,26,9.52207015785652,10.3135814584228,1
419,0,16.75,26,10.3135814584228,10.6619506517178,1
419,0,16.75,26,10.6619506517178,11.1999990430044,1
419,0,16.75,26,11.1999990430044,11.5604892650101,1
419,0,16.75,26,11.5604892650101,11.7963552332359,1
419,0,16.75,26,11.7963552332359,11.9175037053782,1
419,0,16.75,26,11.9175037053782,11.9252658348758,1
419,0,16.75,26,11.9252658348758,13.5112449205178,1
419,0,16.75,26,13.5112449205178,14.1606237778871,1
419,0,16.75,26,14.1606237778871,14.4648621520219,1
419,0,16.75,26,14.4648621520219,14.4734632910837,1
419,0,16.75,26,14.4734632910837,15.1767081205008,1
419,0,16.75,26,15.1767081205008,15.2028011730128,1
419,0,16.75,26,15.2028011730128,15.2144914236052,1
419,0,16.75,26,15.2144914236052,15.4115743017876,1
419,0,16.75,26,15.4115743017876,15.5830224806917,1
419,0,16.75,26,15.5830224806917,15.7980484472326,1
419,0,16.75,26,15.7980484472326,16.014777894942,1
419,0,16.75,26,16.014777894942,16.706801887503,1
419,0,16.75,26,16.706801887503,16.75,0
420,0,8.75,11,0,3.99993887224235,1
420,0,8.75,11,3.99993887224235,4.39735683554317,1
420,0,8.75,11,4.39735683554317,4.4191878323448,1
420,0,8.75,11,4.4191878323448,5.37860392528631,1
420,0,8.75,11,5.37860392528631,5.40260131824509,1
420,0,8.75,11,5.40260131824509,6.00639479783286,1
420,0,8.75,11,6.00639479783286,6.17319057543997,1
420,0,8.75,11,6.17319057543997,6.2456867097503,1
420,0,8.75,11,6.2456867097503,6.65032025435809,1
420,0,8.75,11,6.65032025435809,7.46461779541056,1
420,0,8.75,11,7.46461779541056,8.22105458944699,1
420,0,8.75,11,8.22105458944699,8.75,0
421,0,7.75,3,0,6.34014587615047,1
421,0,7.75,3,6.34014587615047,7.38650583685011,1
421,0,7.75,3,7.38650583685011,7.48684705777795,1
421,0,7.75,3,7.48684705777795,7.75,0
422,0,13.75,51,0,1.68326195783826,1
422,0,13.75,51,1.68326195783826,2.93318720078274,1
422,0,13.75,51,2.93318720078274,3.14020251944383,1
422,0,13.75,51,3.14020251944383,4.08752089656162,1
422,0,13.75,51,4.08752089656162,5.32674674469544,1
422,0,13.75,51,5.32674674469544,5.47166339485095,1
422,0,13.75,51,5.47166339485095,5.50441365029577,1
422,0,13.75,51,5.50441365029577,5.93348253400515,1
422,0,13.75,51,5.93348253400515,6.12570948894077,1
422,0,13.75,51,6.12570948894077,6.55602568348279,1
422,0,13.75,51,6.55602568348279,7.2825783655889,1
422,0,13.75,51,7.2825783655889,7.4681079850297,1
422,0,13.75,51,7.4681079850297,7.47922042046672,1
422,0,13.75,51,7.47922042046672,7.79102646197679,1
422,0,13.75,51,7.79102646197679,8.3582120231555,1
422,0,13.75,51,8.3582120231555,8.50025925746053,1
422,0,13.75,51,8.50025925746053,8.96535842355756,1
422,0,13.75,51,8.96535842355756,9.02817977898894,1
422,0,13.75,51,9.02817977898894,9.08973104029642,1
422,0,13.75,51,9.08973104029642,9.92310082065738,1
422,0,13.75,51,9.92310082065738,10.019507419463,1
422,0,13.75,51,10.019507419463,10.0940675094637,1
422,0,13.75,51,10.0940675094637,10.2223492695207,1
422,0,13.75,51,10.2223492695207,10.3692278337984,1
422,0,13.75,51,10.3692278337984,10.639540683296,1
422,0,13.75,51,10.639540683296,10.789298471351,1
422,0,13.75,51,10.789298471351,11.3124296233653,1
422,0,13.75,51,11.3124296233653,11.4545118463218,1
422,0,13.75,51,11.4545118463218,11.6749624296646,1
422,0,13.75,51,11.6749624296646,11.6754482445333,1
422,0,13.75,51,11.6754482445333,11.7740255927257,1
422,0,13.75,51,11.7740255927257,12.0214397497349,1
422,0,13.75,51,12.0214397497349,12.1111184402332,1
422,0,13.75,51,12.1111184402332,12.3430721742461,1
422,0,13.75,51,12.3430721742461,12.4244956748972,1
422,0,13.75,51,12.4244956748972,12.573754471003,1
422,0,13.75,51,12.573754471003,12.5910859286674,1
422,0,13.75,51,12.5910859286674,12.6157487867337,1
422,0,13.75,51,12.6157487867337,12.8335149584406,1
422,0,13.75,51,12.8335149584406,12.9409500338424,1
422,0,13.75,51,12.9409500338424,12.9877013520031,1
422,0,13.75,51,12.9877013520031,13.102430181001,1
422,0,13.75,51,13.102430181001,13.1468379218044,1
422,0,13.75,51,13.1468379218044,13.1594835032327,1
422,0,13.75,51,13.1594835032327,13.251579925415,1
422,0,13.75,51,13.251579925415,13.2917797580639,1
422,0,13.75,51,13.2917797580639,13.3412738243398,1
422,0,13.75,51,13.3412738243398,13.413228910158,1
422,0,13.75,51,13.413228910158,13.4338198050051,1
422,0,13.75,51,13.4338198050051,13.7203481419434,1
422,0,13.75,51,13.7203481419434,13.729085245766,1
422,0,13.75,51,13.729085245766,13.75,0
423,0,14.75,0,0,14.75,0
424,0,12.75,9,0,5.40064690169412,1
424,0,12.75,9,5.40064690169412,5.82468901252391,1
424,0,12.75,9,5.82468901252391,6.56111690959735,1
424,0,12.75,9,6.56111690959735,7.1971122024132,1
424,0,12.75,9,7.1971122024132,7.27882299303722,1
424,0,12.75,9,7.27882299303722,8.42427100695014,1
424,0,12.75,9,8.42427100695014,8.83247961671007,1
424,0,12.75,9,8.83247961671007,10.2048527560113,1
424,0,12.75,9,10.2048527560113,12.5487780323613,1
424,0,12.75,9,12.5487780323613,12.75,0
425,0,13.75,2,0,1.09318634754373,1
425,0,13.75,2,1.09318634754373,3.88517940219742,1
425,0,13.75,2,3.88517940219742,13.75,0
426,0,12.75,14,0,4.22013868463644,1
426,0,12.75,14,4.22013868463644,5.83101940446724,1
426,0,12.75,14,5.83101940446724,6.31556770194371,1
426,0,12.75,14,6.31556770194371,9.52557560079768,1
426,0,12.75,14,9.52557560079768,9.74503642695988,1
426,0,12.75,14,9.74503642695988,9.93638283898136,1
426,0,12.75,14,9.93638283898136,10.3760199046528,1
426,0,12.75,14,10.3760199046528,11.1067239639945,1
426,0,12.75,14,11.1067239639945,11.108463296202,1
426,0,12.75,14,11.108463296202,11.2876240595113,1
426,0,12.75,14,11.2876240595113,11.3018631645785,1
426,0,12.75,14,11.3018631645785,11.7244681319064,1
426,0,12.75,14,11.7244681319064,12.2150633824489,1
426,0,12.75,14,12.2150633824489,12.6063605469152,1
426,0,12.75,14,12.6063605469152,12.75,0
427,0,13.75,38,0,2.40522791943928,1
427,0,13.75,38,2.40522791943928,3.31935186732379,1
427,0,13.75,38,3.31935186732379,4.19221758539575,1
427,0,13.75,38,4.19221758539575,4.36087702647045,1
427,0,13.75,38,4.36087702647045,5.42394067167436,1
427,0,13.75,38,5.42394067167436,5.73237204703209,1
427,0,13.75,38,5.73237204703209,5.76298411762574,1
427,0,13.75,38,5.76298411762574,5.77357634261902,1
427,0,13.75,38,5.77357634261902,5.79522358497973,1
427,0,13.75,38,5.79522358497973,5.8144380746431,1
427,0,13.75,38,5.8144380746431,5.89288324972252,1
427,0,13.75,38,5.89288324972252,7.19067270525524,1
427,0,13.75,38,7.19067270525524,7.3761213996852,1
427,0,13.75,38,7.3761213996852,7.76340659286725,1
427,0,13.75,38,7.76340659286725,8.26267326391207,1
427,0,13.75,38,8.26267326391207,8.48291345139355,1
427,0,13.75,38,8.48291345139355,8.57006811266264,1
427,0,13.75,38,8.57006811266264,8.97760243778662,1
427,0,13.75,38,8.97760243778662,9.50200730370381,1
427,0,13.75,38,9.50200730370381,9.70090317258124,1
427,0,13.75,38,9.70090317258124,9.77324044250143,1
427,0,13.75,38,9.77324044250143,10.0573165958783,1
427,0,13.75,38,10.0573165958783,10.1780202045291,1
427,0,13.75,38,10.1780202045291,10.8916639500143,1
427,0,13.75,38,10.8916639500143,11.1057471745242,1
427,0,13.75,38,11.1057471745242,11.1640959354824,1
427,0,13.75,38,11.1640959354824,11.2223734495979,1
427,0,13.75,38,11.2223734495979,11.9045808254085,1
427,0,13.75,38,11.9045808254085,12.0053236218209,1
427,0,13.75,38,12.0053236218209,12.0619855580094,1
427,0,13.75,38,12.0619855580094,12.3011682406774,1
427,0,13.75,38,12.3011682406774,12.3032897441039,1
427,0,13.75,38,12.3032897441039,12.3615907079504,1
427,0,13.75,38,12.3615907079504,12.3953392383826,1
427,0,13.75,38,12.3953392383826,12.4066436700474,1
427,0,13.75,38,12.4066436700474,12.5320964736048,1
427,0,13.75,38,12.5320964736048,12.5643728260015,1
427,0,13.75,38,12.5643728260015,12.5927976440802,1
427,0,13.75,38,12.5927976440802,13.75,0
428,0,11.75,1,0,0.722203495207665,1
428,0,11.75,1,0.722203495207665,11.75,0
429,0,11.75,12,0,2.96349120078747,1
429,0,11.75,12,2.96349120078747,3.66513657436076,1
429,0,11.75,12,3.66513657436076,5.21931510527626,1
429,0,11.75,12,5.21931510527626,6.09835504682447,1
429,0,11.75,12,6.09835504682447,7.04433313780442,1
429,0,11.75,12,7.04433313780442,7.12443352610521,1
429,0,11.75,12,7.12443352610521,7.83754575447364,1
429,0,11.75,12,7.83754575447364,9.66685935518373,1
429,0,11.75,12,9.66685935518373,9.78036747876338,1
429,0,11.75,12,9.78036747876338,10.3813909408405,1
429,0,11.75,12,10.3813909408405,11.5599208267379,1
429,0,11.75,12,11.5599208267379,11.6210434689183,1
429,0,11.75,12,11.6210434689183,11.75,0
430,0,10.75,16,0,1.57019207860554,1
430,0,10.75,16,1.57019207860554,2.57170555769674,1
430,0,10.75,16,2.57170555769674,2.70853242991842,1
430,0,10.75,16,2.70853242991842,3.31850044596882,1
430,0,10.75,16,3.31850044596882,4.13251639553308,1
430,0,10.75,16,4.13251639553308,5.50615396346553,1
430,0,10.75,16,5.50615396346553,5.94120076150294,1
430,0,10.75,16,5.94120076150294,7.08858690329485,1
430,0,10.75,16,7.08858690329485,7.2177204519421,1
430,0,10.75,16,7.2177204519421,7.31866736237887,1
430,0,10.75,16,7.31866736237887,7.87763953159615,1
430,0,10.75,16,7.87763953159615,8.09917974618991,1
430,0,10.75,16,8.09917974618991,8.81695094391636,1
430,0,10.75,16,8.81695094391636,9.12760320089319,1
430,0,10.75,16,9.12760320089319,10.0670808025317,1
430,0,10.75,16,10.0670808025317,10.1138820940919,1
430,0,10.75,16,10.1138820940919,10.75,0
431,0,12.75,3,0,0.225566272654665,1
431,0,12.75,3,0.225566272654665,0.687687708910989,1
431,0,12.75,3,0.687687708910989,5.79404475148158,1
431,0,12.75,3,5.79404475148158,12.75,0
432,0,17.75,42,0,5.47461263177324,1
432,0,17.75,42,5.47461263177324,7.38623412350025,1
432,0,17.75,42,7.38623412350025,7.78279533345988,1
432,0,17.75,42,7.78279533345988,8.18365759675967,1
432,0,17.75,42,8.18365759675967,8.66589135382643,1
432,0,17.75,42,8.66589135382643,8.75845552144772,1
432,0,17.75,42,8.75845552144772,9.15730372189905,1
432,0,17.75,42,9.15730372189905,9.2119242244659,1
432,0,17.75,42,9.2119242244659,9.89121994337447,1
432,0,17.75,42,9.89121994337447,9.92452320350646,1
432,0,17.75,42,9.92452320350646,10.108365771746,1
432,0,17.75,42,10.108365771746,10.3434954141175,1
432,0,17.75,42,10.3434954141175,10.8856817350687,1
432,0,17.75,42,10.8856817350687,11.8514505612341,1
432,0,17.75,42,11.8514505612341,12.8606132118652,1
432,0,17.75,42,12.8606132118652,13.0394133768273,1
432,0,17.75,42,13.0394133768273,13.4512694759066,1
432,0,17.75,42,13.4512694759066,13.6039405642764,1
432,0,17.75,42,13.6039405642764,13.6426195498276,1
432,0,17.75,42,13.6426195498276,14.4311389909911,1
432,0,17.75,42,14.4311389909911,14.4794474344533,1
432,0,17.75,42,14.4794474344533,14.7126796702756,1
432,0,17.75,42,14.7126796702756,14.7424672405551,1
432,0,17.75,42,14.7424672405551,14.7700878009118,1
432,0,17.75,42,14.7700878009118,15.1355932143063,1
432,0,17.75,42,15.1355932143063,15.1771924481407,1
432,0,17.75,42,15.1771924481407,15.3194443679902,1
432,0,17.75,42,15.3194443679902,15.4875440224175,1
432,0,17.75,42,15.4875440224175,15.6780449140765,1
432,0,17.75,42,15.6780449140765,15.8801862042046,1
432,0,17.75,42,15.8801862042046,15.9761636442369,1
432,0,17.75,42,15.9761636442369,16.0436488908587,1
432,0,17.75,42,16.0436488908587,16.0969089437318,1
432,0,17.75,42,16.0969089437318,16.1323746980252,1
432,0,17.75,42,16.1323746980252,16.1390233599785,1
432,0,17.75,42,16.1390233599785,16.1681881413175,1
432,0,17.75,42,16.1681881413175,16.4394832626003,1
432,0,17.75,42,16.4394832626003,16.6114289306345,1
432,0,17.75,42,16.6114289306345,17.045768094947,1
432,0,17.75,42,17.045768094947,17.0569227506968,1
432,0,17.75,42,17.0569227506968,17.1644637584911,1
432,0,17.75,42,17.1644637584911,17.3992765440086,1
432,0,17.75,42,17.3992765440086,17.75,0
433,0,8.75,1,0,0.291983621165173,1
433,0,8.75,1,0.291983621165173,8.75,0
434,0,17.75,45,0,1.79219974121053,1
434,0,17.75,45,1.79219974121053,2.34554303265359,1
434,0,17.75,45,2.34554303265359,2.85741015669689,1
434,0,17.75,45,2.85741015669689,4.88041845429551,1
434,0,17.75,45,4.88041845429551,5.40974986391709,1
434,0,17.75,45,5.40974986391709,5.61856113261712,1
434,0,17.75,45,5.61856113261712,6.71293879958955,1
434,0,17.75,45,6.71293879958955,7.49568529231321,1
434,0,17.75,45,7.49568529231321,8.01965594052912,1
434,0,17.75,45,8.01965594052912,8.39786736662214,1
434,0,17.75,45,8.39786736662214,8.64992460909581,1
434,0,17.75,45,8.64992460909581,9.14900733950441,1
434,0,17.75,45,9.14900733950441,9.8255924722471,1
434,0,17.75,45,9.8255924722471,10.1884931853064,1
434,0,17.75,45,10.1884931853064,11.0524200500066,1
434,0,17.75,45,11.0524200500066,11.0924662058025,1
434,0,17.75,45,11.0924662058025,11.2221621085166,1
434,0,17.75,45,11.2221621085166,11.6470692944087,1
434,0,17.75,45,11.6470692944087,11.8142361087888,1
434,0,17.75,45,11.8142361087888,11.8255198993045,1
434,0,17.75,45,11.8255198993045,12.0605932939503,1
434,0,17.75,45,12.0605932939503,12.5217230535612,1
434,0,17.75,45,12.5217230535612,13.2967506772017,1
434,0,17.75,45,13.2967506772017,13.670829878521,1
434,0,17.75,45,13.670829878521,13.7205017476806,1
434,0,17.75,45,13.7205017476806,13.7297124387956,1
434,0,17.75,45,13.7297124387956,14.3932706118542,1
434,0,17.75,45,14.3932706118542,14.4282410763103,1
434,0,17.75,45,14.4282410763103,14.4296949522681,1
434,0,17.75,45,14.4296949522681,14.4888967882177,1
434,0,17.75,45,14.4888967882177,14.5670474561951,1
434,0,17.75,45,14.5670474561951,14.8168473712016,1
434,0,17.75,45,14.8168473712016,15.5450784100959,1
434,0,17.75,45,15.5450784100959,15.6258441432564,1
434,0,17.75,45,15.6258441432564,15.6881633595712,1
434,0,17.75,45,15.6881633595712,15.8988081391987,1
434,0,17.75,45,15.8988081391987,15.9389288303553,1
434,0,17.75,45,15.9389288303553,16.3685953608405,1
434,0,17.75,45,16.3685953608405,16.693689813099,1
434,0,17.75,45,16.693689813099,16.7544123757074,1
434,0,17.75,45,16.7544123757074,16.8457050758308,1
434,0,17.75,45,16.8457050758308,16.8485951978697,1
434,0,17.75,45,16.8485951978697,17.2971545987675,1
434,0,17.75,45,17.2971545987675,17.451828962109,1
434,0,17.75,45,17.451828962109,17.7298395944057,1
434,0,17.75,45,17.7298395944057,17.75,0
435,0,8.75,8,0,2.89111940586043,1
435,0,8.75,8,2.89111940586043,3.23453462296238,1
435,0,8.75,8,3.23453462296238,5.1549480201364,1
435,0,8.75,8,5.1549480201364,6.07752760786405,1
435,0,8.75,8,6.07752760786405,6.09277010346136,1
435,0,8.75,8,6.09277010346136,6.22461700774569,1
435,0,8.75,8,6.22461700774569,7.62111968316146,1
435,0,8.75,8,7.62111968316146,8.55898765553584,1
435,0,8.75,8,8.55898765553584,8.75,0
436,0,8.75,1,0,7.36318187773201,1
436,0,8.75,1,7.36318187773201,8.75,0
437,0,10.75,0,0,10.75,0
438,0,14.75,28,0,3.08877512499331,1
438,0,14.75,28,3.08877512499331,5.02810618723646,1
438,0,14.75,28,5.02810618723646,5.31302392859453,1
438,0,14.75,28,5.31302392859453,5.3440314815177,1
438,0,14.75,28,5.3440314815177,6.80545338237114,1
438,0,14.75,28,6.80545338237114,7.23971304397153,1
438,0,14.75,28,7.23971304397153,7.44774920503358,1
438,0,14.75,28,7.44774920503358,7.57258260893317,1
438,0,14.75,28,7.57258260893317,8.60483487121459,1
438,0,14.75,28,8.60483487121459,8.70614851625913,1
438,0,14.75,28,8.70614851625913,9.72452522899487,1
438,0,14.75,28,9.72452522899487,10.9804805677479,1
438,0,14.75,28,10.9804805677479,11.323474335604,1
438,0,14.75,28,11.323474335604,11.812689170613,1
438,0,14.75,28,11.812689170613,11.923456583792,1
438,0,14.75,28,11.923456583792,11.9682608470072,1
438,0,14.75,28,11.9682608470072,11.9769342879713,1
438,0,14.75,28,11.9769342879713,12.0400697413314,1
438,0,14.75,28,12.0400697413314,12.2101344024607,1
438,0,14.75,28,12.2101344024607,12.3028254961482,1
438,0,14.75,28,12.3028254961482,12.4678838029988,1
438,0,14.75,28,12.4678838029988,12.9526476664691,1
438,0,14.75,28,12.9526476664691,13.1934988055419,1
438,0,14.75,28,13.1934988055419,13.3398658252241,1
438,0,14.75,28,13.3398658252241,13.3742108592575,1
438,0,14.75,28,13.3742108592575,13.6397737190076,1
438,0,14.75,28,13.6397737190076,13.9245302043394,1
438,0,14.75,28,13.9245302043394,14.6273352821778,1
438,0,14.75,28,14.6273352821778,14.75,0
439,0,14.75,0,0,14.75,0
440,0,13.75,18,0,4.66637977180218,1
440,0,13.75,18,4.66637977180218,5.11035942817463,1
440,0,13.75,18,5.11035942817463,5.79982305568771,1
440,0,13.75,18,5.79982305568771,6.49026503503988,1
440,0,13.75,18,6.49026503503988,6.53194115352237,1
440,0,13.75,18,6.53194115352237,7.08260332011433,1
440,0,13.75,18,7.08260332011433,8.12553584243672,1
440,0,13.75,18,8.12553584243672,8.8739171393185,1
440,0,13.75,18,8.8739171393185,9.48761861774946,1
440,0,13.75,18,9.48761861774946,10.6810626272106,1
440,0,13.75,18,10.6810626272106,10.8496206864442,1
440,0,13.75,18,10.8496206864442,10.8747830432273,1
440,0,13.75,18,10.8747830432273,10.9814914019426,1
440,0,13.75,18,10.9814914019426,11.3095715950838,1
440,0,13.75,18,11.3095715950838,11.5539196086667,1
440,0,13.75,18,11.5539196086667,11.8602691141855,1
440,0,13.75,18,11.8602691141855,13.5011718344678,1
440,0,13.75,18,13.5011718344678,13.5530385058995,1
440,0,13.75,18,13.5530385058995,13.75,0
441,0,12.75,0,0,12.75,0
442,0,10.75,17,0,2.54176782890899,1
442,0,10.75,17,2.54176782890899,3.5512043660328,1
442,0,10.75,17,3.5512043660328,3.9112235509395,1
442,0,10.75,17,3.9112235509395,4.44518525138729,1
442,0,10.75,17,4.44518525138729,5.31857865272922,1
442,0,10.75,17,5.31857865272922,6.74700439470052,1
442,0,10.75,17,6.74700439470052,7.53028776608087,1
442,0,10.75,17,7.53028776608087,7.63072143570017,1
442,0,10.75,17,7.63072143570017,7.72476744433292,1
442,0,10.75,17,7.72476744433292,8.09560088291838,1
442,0,10.75,17,8.09560088291838,8.49770386209464,1
442,0,10.75,17,8.49770386209464,8.75532478156813,1
442,0,10.75,17,8.75532478156813,8.88268409233679,1
442,0,10.75,17,8.88268409233679,9.67509348270772,1
442,0,10.75,17,9.67509348270772,9.68526865388297,1
442,0,10.75,17,9.68526865388297,10.1686147046525,1
442,0,10.75,17,10.1686147046525,10.505429711908,1
442,0,10.75,17,10.505429711908,10.75,0
443,0,9.75,5,0,1.58135320683634,1
443,0,9.75,5,1.58135320683634,4.48464862781996,1
443,0,9.75,5,4.48464862781996,5.63283607651565,1
443,0,9.75,5,5.63283607651565,9.32856786893477,1
443,0,9.75,5,9.32856786893477,9.68733248395086,1
443,0,9.75,5,9.68733248395086,9.75,0
444,0,15.75,26,0,5.07740405946431,1
444,0,15.75,26,5.07740405946431,5.34028872251962,1
444,0,15.75,26,5.34028872251962,8.33581870082435,1
444,0,15.75,26,8.33581870082435,8.62011247077587,1
444,0,15.75,26,8.62011247077587,8.69627656186894,1
444,0,15.75,26,8.69627656186894,9.04281902675826,1
444,0,15.75,26,9.04281902675826,9.82975325526665,1
444,0,15.75,26,9.82975325526665,10.4230422591092,1
444,0,15.75,26,10.4230422591092,10.5764476796728,1
444,0,15.75,26,10.5764476796728,10.7654541270043,1
444,0,15.75,26,10.7654541270043,11.412317187132,1
444,0,15.75,26,11.412317187132,11.8631278161506,1
444,0,15.75,26,11.8631278161506,12.0758263790765,1
444,0,15.75,26,12.0758263790765,13.2086640305153,1
444,0,15.75,26,13.2086640305153,13.2931723811817,1
444,0,15.75,26,13.2931723811817,13.8290375319284,1
444,0,15.75,26,13.8290375319284,13.8798942344875,1
444,0,15.75,26,13.8798942344875,14.317866128859,1
444,0,15.75,26,14.317866128859,14.4148308231205,1
444,0,15.75,26,14.4148308231205,14.4328108973609,1
444,0,15.75,26,14.4328108973609,14.7274461776725,1
444,0,15.75,26,14.7274461776725,14.7836958196012,1
444,0,15.75,26,14.7836958196012,14.9613889471949,1
444,0,15.75,26,14.9613889471949,15.0516770253748,1
444,0,15.75,26,15.0516770253748,15.1172522490646,1
444,0,15.75,26,15.1172522490646,15.6951441661727,1
444,0,15.75,26,15.6951441661727,15.75,0
445,0,11.75,2,0,0.0175224716184181,1
445,0,11.75,2,0.0175224716184181,3.94368282372824,1
445,0,11.75,2,3.94368282372824,11.75,0
446,0,11.75,3,0,0.0152926411693397,1
446,0,11.75,3,0.0152926411693397,3.21952058382838,1
446,0,11.75,3,3.21952058382838,6.47794432228966,1
446,0,11.75,3,6.47794432228966,11.75,0
447,0,7.75,0,0,7.75,0
448,0,9.75,0,0,9.75,0
449,0,15.75,1,0,0.0766024367245856,1
449,0,15.75,1,0.0766024367245856,15.75,0
450,0,10.75,2,0,2.18500856797706,1
450,0,10.75,2,2.18500856797706,5.7569850215965,1
450,0,10.75,2,5.7569850215965,10.75,0
451,0,13.75,1,0,8.9785937603766,1
451,0,13.75,1,8.9785937603766,13.75,0
452,0,15.75,1,0,3.60319885950613,1
452,0,15.75,1,3.60319885950613,15.75,0
453,0,13.75,2,0,0.613462618749391,1
453,0,13.75,2,0.613462618749391,6.1131388390292,1
453,0,13.75,2,6.1131388390292,13.75,0
454,0,9.75,6,0,3.23429607877649,1
454,0,9.75,6,3.23429607877649,6.3672741164189,1
454,0,9.75,6,6.3672741164189,6.76717928725847,1
454,0,9.75,6,6.76717928725847,7.14173482496212,1
454,0,9.75,6,7.14173482496212,7.86832973478807,1
454,0,9.75,6,7.86832973478807,8.36618013716716,1
454,0,9.75,6,8.36618013716716,9.75,0
455,0,13.75,25,0,5.12956542562344,1
455,0,13.75,25,5.12956542562344,5.89591207503133,1
455,0,13.75,25,5.89591207503133,6.50570182442029,1
455,0,13.75,25,6.50570182442029,6.99890557774247,1
455,0,13.75,25,6.99890557774247,7.729283006543,1
455,0,13.75,25,7.729283006543,8.33325375645081,1
455,0,13.75,25,8.33325375645081,9.09820489389718,1
455,0,13.75,25,9.09820489389718,9.50359499748853,1
455,0,13.75,25,9.50359499748853,9.79259000362955,1
455,0,13.75,25,9.79259000362955,10.6033442057241,1
455,0,13.75,25,10.6033442057241,10.6688176828243,1
455,0,13.75,25,10.6688176828243,11.0622329488143,1
455,0,13.75,25,11.0622329488143,11.1776986991917,1
455,0,13.75,25,11.1776986991917,11.4606101310389,1
455,0,13.75,25,11.4606101310389,11.6491829266598,1
455,0,13.75,25,11.6491829266598,11.8926979477353,1
455,0,13.75,25,11.8926979477353,12.0061512127788,1
455,0,13.75,25,12.0061512127788,12.2239877483493,1
455,0,13.75,25,12.2239877483493,12.5580649201391,1
455,0,13.75,25,12.5580649201391,12.59415394278,1
455,0,13.75,25,12.59415394278,12.7222740369806,1
455,0,13.75,25,12.7222740369806,12.7372464816228,1
455,0,13.75,25,12.7372464816228,12.9356999490232,1
455,0,13.75,25,12.9356999490232,13.1291703440667,1
455,0,13.75,25,13.1291703440667,13.2884070062989,1
455,0,13.75,25,13.2884070062989,13.75,0
456,0,14.75,2,0,4.4328248661307,1
456,0,14.75,2,4.4328248661307,4.44075989121904,1
456,0,14.75,2,4.44075989121904,14.75,0
457,0,17.75,48,0,4.21975396186733,1
457,0,17.75,48,4.21975396186733,5.80011227832319,1
457,0,17.75,48,5.80011227832319,5.90997324787144,1
457,0,17.75,48,5.90997324787144,6.34725380965084,1
457,0,17.75,48,6.34725380965084,6.91308726401825,1
457,0,17.75,48,6.91308726401825,7.14301569141572,1
457,0,17.75,48,7.14301569141572,7.1607513637445,1
457,0,17.75,48,7.1607513637445,7.17782943539998,1
457,0,17.75,48,7.17782943539998,7.17992654719447,1
457,0,17.75,48,7.17992654719447,8.84683753232783,1
457,0,17.75,48,8.84683753232783,8.93868956836341,1
457,0,17.75,48,8.93868956836341,9.07949826553253,1
457,0,17.75,48,9.07949826553253,10.4720151178991,1
457,0,17.75,48,10.4720151178991,10.6316768854298,1
457,0,17.75,48,10.6316768854298,10.7172413349029,1
457,0,17.75,48,10.7172413349029,11.2089605218068,1
457,0,17.75,48,11.2089605218068,11.6094661184918,1
457,0,17.75,48,11.6094661184918,12.412323506119,1
457,0,17.75,48,12.412323506119,12.7510764485562,1
457,0,17.75,48,12.7510764485562,13.1500372791952,1
457,0,17.75,48,13.1500372791952,13.2145673301589,1
457,0,17.75,48,13.2145673301589,13.8043726364944,1
457,0,17.75,48,13.8043726364944,13.8452085111175,1
457,0,17.75,48,13.8452085111175,13.9553947333755,1
457,0,17.75,48,13.9553947333755,14.505771469123,1
457,0,17.75,48,14.505771469123,14.688001835799,1
457,0,17.75,48,14.688001835799,14.9099712805856,1
457,0,17.75,48,14.9099712805856,15.0863740826689,1
457,0,17.75,48,15.0863740826689,15.1854094117193,1
457,0,17.75,48,15.1854094117193,15.3379773299234,1
457,0,17.75,48,15.3379773299234,15.4628272586071,1
457,0,17.75,48,15.4628272586071,15.5675442091052,1
457,0,17.75,48,15.5675442091052,15.6408848206432,1
457,0,17.75,48,15.6408848206432,15.9160280521757,1
457,0,17.75,48,15.9160280521757,16.049005604774,1
457,0,17.75,48,16.049005604774,16.074697494034,1
457,0,17.75,48,16.074697494034,16.1049211569149,1
457,0,17.75,48,16.1049211569149,16.2897032236384,1
457,0,17.75,48,16.2897032236384,16.3234896298981,1
457,0,17.75,48,16.3234896298981,16.3340439636281,1
457,0,17.75,48,16.3340439636281,16.3672518528757,1
457,0,17.75,48,16.3672518528757,16.5115408133158,1
457,0,17.75,48,16.5115408133158,16.6161959163171,1
457,0,17.75,48,16.6161959163171,16.6647168477738,1
457,0,17.75,48,16.6647168477738,16.8270915631926,1
457,0,17.75,48,16.8270915631926,17.0523360392417,1
457,0,17.75,48,17.0523360392417,17.3172669216549,1
457,0,17.75,48,17.3172669216549,17.5690703657821,1
457,0,17.75,48,17.5690703657821,17.75,0
458,0,9.75,0,0,9.75,0
459,0,11.75,0,0,11.75,0
460,0,12.75,2,0,11.1895287273243,1
460,0,12.75,2,11.1895287273243,11.3539063046874,1
460,0,12.75,2,11.3539063046874,12.75,0
461,0,13.75,2,0,0.91537501298487,1
461,0,13.75,2,0.91537501298487,13.2212056364394,1
461,0,13.75,2,13.2212056364394,13.75,0
462,0,12.75,20,0,2.99156728649346,1
462,0,12.75,20,2.99156728649346,6.8666115523652,1
462,0,12.75,20,6.8666115523652,8.13113500375578,1
462,0,12.75,20,8.13113500375578,8.2401741541626,1
462,0,12.75,20,8.2401741541626,8.24087028896959,1
462,0,12.75,20,8.24087028896959,8.24402818762952,1
462,0,12.75,20,8.24402818762952,8.37328817338518,1
462,0,12.75,20,8.37328817338518,9.51986707081294,1
462,0,12.75,20,9.51986707081294,10.0463567856997,1
462,0,12.75,20,10.0463567856997,10.2973239191728,1
462,0,12.75,20,10.2973239191728,10.3022983577956,1
462,0,12.75,20,10.3022983577956,10.3111808318662,1
462,0,12.75,20,10.3111808318662,11.1555051834822,1
462,0,12.75,20,11.1555051834822,11.3510526119947,1
462,0,12.75,20,11.3510526119947,11.6358769929998,1
462,0,12.75,20,11.6358769929998,12.1436356612484,1
462,0,12.75,20,12.1436356612484,12.327872094678,1
462,0,12.75,20,12.327872094678,12.3660684053965,1
462,0,12.75,20,12.3660684053965,12.4246573335978,1
462,0,12.75,20,12.4246573335978,12.4883880206169,1
462,0,12.75,20,12.4883880206169,12.75,0
463,0,10.75,7,0,4.44734167387152,1
463,0,10.75,7,4.44734167387152,6.60689111984777,1
463,0,10.75,7,6.60689111984777,6.9182585155585,1
463,0,10.75,7,6.9182585155585,7.94365985480028,1
463,0,10.75,7,7.94365985480028,8.67817723888864,1
463,0,10.75,7,8.67817723888864,8.85458598350259,1
463,0,10.75,7,8.85458598350259,9.973777012805,1
463,0,10.75,7,9.973777012805,10.75,0
464,0,17.75,45,0,4.0738512236305,1
464,0,17.75,45,4.0738512236305,5.14210885779992,1
464,0,17.75,45,5.14210885779992,5.45050493361701,1
464,0,17.75,45,5.45050493361701,5.95968387492088,1
464,0,17.75,45,5.95968387492088,6.64115013645749,1
464,0,17.75,45,6.64115013645749,7.30354269223679,1
464,0,17.75,45,7.30354269223679,7.41993144440279,1
464,0,17.75,45,7.41993144440279,7.75462056047663,1
464,0,17.75,45,7.75462056047663,7.92252639464097,1
464,0,17.75,45,7.92252639464097,8.35126646949493,1
464,0,17.75,45,8.35126646949493,9.07220746743109,1
464,0,17.75,45,9.07220746743109,9.1329537857639,1
464,0,17.75,45,9.1329537857639,9.31441129541312,1
464,0,17.75,45,9.31441129541312,9.33248838697808,1
464,0,17.75,45,9.33248838697808,9.7426373149717,1
464,0,17.75,45,9.7426373149717,10.061697518486,1
464,0,17.75,45,10.061697518486,10.7123038359345,1
464,0,17.75,45,10.7123038359345,11.0457270132765,1
464,0,17.75,45,11.0457270132765,11.4596679095262,1
464,0,17.75,45,11.4596679095262,12.9119220818634,1
464,0,17.75,45,12.9119220818634,13.2071332649304,1
464,0,17.75,45,13.2071332649304,13.4807019788121,1
464,0,17.75,45,13.4807019788121,13.6055945199016,1
464,0,17.75,45,13.6055945199016,13.6260808482802,1
464,0,17.75,45,13.6260808482802,13.8749913368782,1
464,0,17.75,45,13.8749913368782,13.9747549685535,1
464,0,17.75,45,13.9747549685535,14.1074306161093,1
464,0,17.75,45,14.1074306161093,14.2632095601157,1
464,0,17.75,45,14.2632095601157,14.6209113482423,1
464,0,17.75,45,14.6209113482423,15.983180006865,1
464,0,17.75,45,15.983180006865,16.0479505989088,1
464,0,17.75,45,16.0479505989088,16.14996562934,1
464,0,17.75,45,16.14996562934,16.1770351563332,1
464,0,17.75,45,16.1770351563332,16.2548075505042,1
464,0,17.75,45,16.2548075505042,16.3651042137002,1
464,0,17.75,45,16.3651042137002,16.4272718182077,1
464,0,17.75,45,16.4272718182077,16.5372058192717,1
464,0,17.75,45,16.5372058192717,16.5375106232548,1
464,0,17.75,45,16.5375106232548,16.5413344725113,1
464,0,17.75,45,16.5413344725113,16.7782674578654,1
464,0,17.75,45,16.7782674578654,16.8337572523377,1
464,0,17.75,45,16.8337572523377,17.1423903708865,1
464,0,17.75,45,17.1423903708865,17.2023797811582,1
464,0,17.75,45,17.2023797811582,17.2136702791437,1
464,0,17.75,45,17.2136702791437,17.3690226979718,1
464,0,17.75,45,17.3690226979718,17.75,0
465,0,11.75,1,0,3.47636522400279,1
465,0,11.75,1,3.47636522400279,11.75,0
466,0,12.75,9,0,6.15622874627726,1
466,0,12.75,9,6.15622874627726,7.80039167814734,1
466,0,12.75,9,7.80039167814734,8.83323418444236,1
466,0,12.75,9,8.83323418444236,10.0949560460719,1
466,0,12.75,9,10.0949560460719,10.9101788577967,1
466,0,12.75,9,10.9101788577967,11.2600261186053,1
466,0,12.75,9,11.2600261186053,11.4463149354477,1
466,0,12.75,9,11.4463149354477,11.8552737738088,1
466,0,12.75,9,11.8552737738088,12.107264672739,1
466,0,12.75,9,12.107264672739,12.75,0
467,0,12.75,26,0,3.68087896409253,1
467,0,12.75,26,3.68087896409253,4.92706129187127,1
467,0,12.75,26,4.92706129187127,5.56416354508431,1
467,0,12.75,26,5.56416354508431,6.56126202484878,1
467,0,12.75,26,6.56126202484878,6.58345428757157,1
467,0,12.75,26,6.58345428757157,6.8023671646083,1
467,0,12.75,26,6.8023671646083,7.09836018718432,1
467,0,12.75,26,7.09836018718432,8.05647050368124,1
467,0,12.75,26,8.05647050368124,8.12511606690881,1
467,0,12.75,26,8.12511606690881,8.41475929811983,1
467,0,12.75,26,8.41475929811983,8.78455090335506,1
467,0,12.75,26,8.78455090335506,9.41705299673061,1
467,0,12.75,26,9.41705299673061,9.96534679216551,1
467,0,12.75,26,9.96534679216551,9.99172831924932,1
467,0,12.75,26,9.99172831924932,11.0590671443504,1
467,0,12.75,26,11.0590671443504,11.1012055743799,1
467,0,12.75,26,11.1012055743799,11.2018372839321,1
467,0,12.75,26,11.2018372839321,11.2053354910645,1
467,0,12.75,26,11.2053354910645,11.5140530886261,1
467,0,12.75,26,11.5140530886261,11.5565921142051,1
467,0,12.75,26,11.5565921142051,11.5865371763515,1
467,0,12.75,26,11.5865371763515,11.6535485544054,1
467,0,12.75,26,11.6535485544054,11.7707758615561,1
467,0,12.75,26,11.7707758615561,11.8449989946038,1
467,0,12.75,26,11.8449989946038,11.9718592852128,1
467,0,12.75,26,11.9718592852128,12.052196114291,1
467,0,12.75,26,12.052196114291,12.75,0
468,0,11.75,16,0,3.593122770574,1
468,0,11.75,16,3.593122770574,6.60107922996192,1
468,0,11.75,16,6.60107922996192,7.23641758722509,1
468,0,11.75,16,7.23641758722509,7.25043838587505,1
468,0,11.75,16,7.25043838587505,7.92847038480349,1
468,0,11.75,16,7.92847038480349,7.96345519584041,1
468,0,11.75,16,7.96345519584041,8.01861620711061,1
468,0,11.75,16,8.01861620711061,8.48958650432563,1
468,0,11.75,16,8.48958650432563,9.188182491997,1
468,0,11.75,16,9.188182491997,9.33990291014893,1
468,0,11.75,16,9.33990291014893,9.46443129620098,1
468,0,11.75,16,9.46443129620098,9.74366512554238,1
468,0,11.75,16,9.74366512554238,9.75464564430706,1
468,0,11.75,16,9.75464564430706,11.3186469709234,1
468,0,11.75,16,11.3186469709234,11.4537789234296,1
468,0,11.75,16,11.4537789234296,11.5647687618707,1
468,0,11.75,16,11.5647687618707,11.75,0
469,0,9.75,2,0,1.52217237383901,1
469,0,9.75,2,1.52217237383901,5.41606214880524,1
469,0,9.75,2,5.41606214880524,9.75,0
470,0,20.75,1,0,12.4228252287596,1
470,0,20.75,1,12.4228252287596,20.75,0
471,0,16.75,1,0,0.0162130424241668,1
471,0,16.75,1,0.0162130424241668,16.75,0
472,0,11.75,24,0,2.43900117212439,1
472,0,11.75,24,2.43900117212439,3.95002885844097,1
472,0,11.75,24,3.95002885844097,6.19336218610362,1
472,0,11.75,24,6.19336218610362,6.27966558300215,1
472,0,11.75,24,6.27966558300215,6.30864742529371,1
472,0,11.75,24,6.30864742529371,6.37211059756686,1
472,0,11.75,24,6.37211059756686,7.05069610145476,1
472,0,11.75,24,7.05069610145476,7.63126037547739,1
472,0,11.75,24,7.63126037547739,7.87789560069348,1
472,0,11.75,24,7.87789560069348,8.15089068113501,1
472,0,11.75,24,8.15089068113501,8.15367505768874,1
472,0,11.75,24,8.15367505768874,8.3069160092827,1
472,0,11.75,24,8.3069160092827,9.03425435546414,1
472,0,11.75,24,9.03425435546414,9.1521664767216,1
472,0,11.75,24,9.1521664767216,9.17719699072926,1
472,0,11.75,24,9.17719699072926,9.21450431008452,1
472,0,11.75,24,9.21450431008452,9.53909518091042,1
472,0,11.75,24,9.53909518091042,9.8916421963498,1
472,0,11.75,24,9.8916421963498,10.3032715371925,1
472,0,11.75,24,10.3032715371925,10.92597424511,1
472,0,11.75,24,10.92597424511,10.937431567487,1
472,0,11.75,24,10.937431567487,11.2243520633409,1
472,0,11.75,24,11.2243520633409,11.4376973582997,1
472,0,11.75,24,11.4376973582997,11.5001294923357,1
472,0,11.75,24,11.5001294923357,11.75,0
473,0,11.75,0,0,11.75,0
474,0,12.75,1,0,0.209304066248172,1
474,0,12.75,1,0.209304066248172,12.75,0
475,0,20.75,1,0,4.66259585339891,1
475,0,20.75,1,4.66259585339891,20.75,0
476,0,7.75,3,0,3.6856759036653,1
476,0,7.75,3,3.6856759036653,5.91400440541764,1
476,0,7.75,3,5.91400440541764,6.51280292109145,1
476,0,7.75,3,6.51280292109145,7.75,0
477,0,15.75,2,0,2.73145028582941,1
477,0,15.75,2,2.73145028582941,9.99558990704365,1
477,0,15.75,2,9.99558990704365,15.75,0
478,0,14.75,2,0,0.226227944012077,1
478,0,14.75,2,0.226227944012077,1.03146020826903,1
478,0,14.75,2,1.03146020826903,14.75,0
479,0,10.75,3,0,0.169865045907802,1
479,0,10.75,3,0.169865045907802,0.768650819014954,1
479,0,10.75,3,0.768650819014954,9.91131800626205,1
479,0,10.75,3,9.91131800626205,10.75,0
480,0,11.75,0,0,11.75,0
481,0,19.75,74,0,2.29317521121692,1
481,0,19.75,74,2.29317521121692,3.13293651547544,1
481,0,19.75,74,3.13293651547544,5.60473242208386,1
481,0,19.75,74,5.60473242208386,6.2514768752547,1
481,0,19.75,74,6.2514768752547,6.40614804815276,1
481,0,19.75,74,6.40614804815276,6.71827839787618,1
481,0,19.75,74,6.71827839787618,8.03521053112788,1
481,0,19.75,74,8.03521053112788,8.43320974922775,1
481,0,19.75,74,8.43320974922775,8.95224031694213,1
481,0,19.75,74,8.95224031694213,9.16020423409872,1
481,0,19.75,74,9.16020423409872,9.26325714422584,1
481,0,19.75,74,9.26325714422584,9.88134213429041,1
481,0,19.75,74,9.88134213429041,10.0367302222383,1
481,0,19.75,74,10.0367302222383,10.2076351942409,1
481,0,19.75,74,10.2076351942409,11.4674166668327,1
481,0,19.75,74,11.4674166668327,11.6737339202894,1
481,0,19.75,74,11.6737339202894,11.8692221138343,1
481,0,19.75,74,11.8692221138343,12.1155910517893,1
481,0,19.75,74,12.1155910517893,12.2015101782628,1
481,0,19.75,74,12.2015101782628,12.2280310766258,1
481,0,19.75,74,12.2280310766258,12.2526775744455,1
481,0,19.75,74,12.2526775744455,12.4206103789832,1
481,0,19.75,74,12.4206103789832,12.8068357875293,1
481,0,19.75,74,12.8068357875293,13.6056840300191,1
481,0,19.75,74,13.6056840300191,13.8413858151512,1
481,0,19.75,74,13.8413858151512,14.458112307847,1
481,0,19.75,74,14.458112307847,14.5289613622644,1
481,0,19.75,74,14.5289613622644,14.5907476466912,1
481,0,19.75,74,14.5907476466912,14.6504011824193,1
481,0,19.75,74,14.6504011824193,14.841098642712,1
481,0,19.75,74,14.841098642712,15.0419563993119,1
481,0,19.75,74,15.0419563993119,15.0584781009685,1
481,0,19.75,74,15.0584781009685,15.3265603330847,1
481,0,19.75,74,15.3265603330847,15.4363302781214,1
481,0,19.75,74,15.4363302781214,15.4514978247071,1
481,0,19.75,74,15.4514978247071,15.4649228643692,1
481,0,19.75,74,15.4649228643692,15.5318394816366,1
481,0,19.75,74,15.5318394816366,15.6251293881409,1
481,0,19.75,74,15.6251293881409,15.7609486734791,1
481,0,19.75,74,15.7609486734791,16.0968610589119,1
481,0,19.75,74,16.0968610589119,16.2552102895143,1
481,0,19.75,74,16.2552102895143,16.2642275523674,1
481,0,19.75,74,16.2642275523674,16.6745082089722,1
481,0,19.75,74,16.6745082089722,16.6858260405421,1
481,0,19.75,74,16.6858260405421,17.0487462528066,1
481,0,19.75,74,17.0487462528066,17.2834685411027,1
481,0,19.75,74,17.2834685411027,17.2863339846656,1
481,0,19.75,74,17.2863339846656,17.3825858900099,1
481,0,19.75,74,17.3825858900099,17.4326223031684,1
481,0,19.75,74,17.4326223031684,17.558094339129,1
481,0,19.75,74,17.558094339129,17.5831216071043,1
481,0,19.75,74,17.5831216071043,17.8223777320602,1
481,0,19.75,74,17.8223777320602,17.8989413338289,1
481,0,19.75,74,17.8989413338289,17.902955044596,1
481,0,19.75,74,17.902955044596,17.9237891392321,1
481,0,19.75,74,17.9237891392321,18.0879805189267,1
481,0,19.75,74,18.0879805189267,18.128026300379,1
481,0,19.75,74,18.128026300379,18.1360527078592,1
481,0,19.75,74,18.1360527078592,18.1966569482997,1
481,0,19.75,74,18.1966569482997,18.3322289345052,1
481,0,19.75,74,18.3322289345052,18.3853348916106,1
481,0,19.75,74,18.3853348916106,18.5658690670972,1
481,0,19.75,74,18.5658690670972,18.6068734062873,1
481,0,19.75,74,18.6068734062873,18.6140002314114,1
481,0,19.75,74,18.6140002314114,19.009675805675,1
481,0,19.75,74,19.009675805675,19.1334065562048,1
481,0,19.75,74,19.1334065562048,19.1415230380738,1
481,0,19.75,74,19.1415230380738,19.1551443114511,1
481,0,19.75,74,19.1551443114511,19.1791956051798,1
481,0,19.75,74,19.1791956051798,19.1997967038428,1
481,0,19.75,74,19.1997967038428,19.3488002831552,1
481,0,19.75,74,19.3488002831552,19.3762084794664,1
481,0,19.75,74,19.3762084794664,19.3810497078943,1
481,0,19.75,74,19.3810497078943,19.5917361553194,1
481,0,19.75,74,19.5917361553194,19.75,0
482,0,15.75,1,0,10.8159097925396,1
482,0,15.75,1,10.8159097925396,15.75,0
483,0,15.75,2,0,7.22203122875297,1
483,0,15.75,2,7.22203122875297,12.7156965550809,1
483,0,15.75,2,12.7156965550809,15.75,0
484,0,19.75,40,0,4.62936033415608,1
484,0,19.75,40,4.62936033415608,4.81268712332302,1
484,0,19.75,40,4.81268712332302,5.65366943303485,1
484,0,19.75,40,5.65366943303485,6.04245423579153,1
484,0,19.75,40,6.04245423579153,6.12244487418603,1
484,0,19.75,40,6.12244487418603,6.4960851167966,1
484,0,19.75,40,6.4960851167966,7.39606395285155,1
484,0,19.75,40,7.39606395285155,8.31287380819708,1
484,0,19.75,40,8.31287380819708,9.54680625217195,1
484,0,19.75,40,9.54680625217195,9.58764943221635,1
484,0,19.75,40,9.58764943221635,9.93372377312917,1
484,0,19.75,40,9.93372377312917,10.4088916384205,1
484,0,19.75,40,10.4088916384205,10.5411547820958,1
484,0,19.75,40,10.5411547820958,10.6588084322715,1
484,0,19.75,40,10.6588084322715,10.7411905059548,1
484,0,19.75,40,10.7411905059548,11.3435681019908,1
484,0,19.75,40,11.3435681019908,12.7660965517798,1
484,0,19.75,40,12.7660965517798,12.9120289091457,1
484,0,19.75,40,12.9120289091457,13.0908969239022,1
484,0,19.75,40,13.0908969239022,13.90677115715,1
484,0,19.75,40,13.90677115715,14.5004450673267,1
484,0,19.75,40,14.5004450673267,14.9275417545858,1
484,0,19.75,40,14.9275417545858,15.0367686302739,1
484,0,19.75,40,15.0367686302739,15.7479651663947,1
484,0,19.75,40,15.7479651663947,15.9441308666663,1
484,0,19.75,40,15.9441308666663,16.0748872688882,1
484,0,19.75,40,16.0748872688882,16.2833166301769,1
484,0,19.75,40,16.2833166301769,16.831112497788,1
484,0,19.75,40,16.831112497788,17.2128061570081,1
484,0,19.75,40,17.2128061570081,17.5455605938801,1
484,0,19.75,40,17.5455605938801,17.976436211727,1
484,0,19.75,40,17.976436211727,17.9782883560819,1
484,0,19.75,40,17.9782883560819,18.1359146902985,1
484,0,19.75,40,18.1359146902985,18.838556325816,1
484,0,19.75,40,18.838556325816,18.8922534870907,1
484,0,19.75,40,18.8922534870907,19.1138751141428,1
484,0,19.75,40,19.1138751141428,19.3048114398562,1
484,0,19.75,40,19.3048114398562,19.4402147971598,1
484,0,19.75,40,19.4402147971598,19.5461512496232,1
484,0,19.75,40,19.5461512496232,19.6918315805628,1
484,0,19.75,40,19.6918315805628,19.75,0
485,0,19.75,47,0,3.27908332408784,1
485,0,19.75,47,3.27908332408784,5.74679964189396,1
485,0,19.75,47,5.74679964189396,6.74242329736077,1
485,0,19.75,47,6.74242329736077,7.81982288861325,1
485,0,19.75,47,7.81982288861325,8.63936055438273,1
485,0,19.75,47,8.63936055438273,8.96087773017704,1
485,0,19.75,47,8.96087773017704,9.23950059676738,1
485,0,19.75,47,9.23950059676738,9.34964727380084,1
485,0,19.75,47,9.34964727380084,9.55765470919231,1
485,0,19.75,47,9.55765470919231,11.1613516632768,1
485,0,19.75,47,11.1613516632768,11.3338582890324,1
485,0,19.75,47,11.3338582890324,11.3606169072069,1
485,0,19.75,47,11.3606169072069,11.9722053190379,1
485,0,19.75,47,11.9722053190379,12.45323225029,1
485,0,19.75,47,12.45323225029,12.6410907338013,1
485,0,19.75,47,12.6410907338013,13.0184541063393,1
485,0,19.75,47,13.0184541063393,13.0396715564043,1
485,0,19.75,47,13.0396715564043,13.5806530493032,1
485,0,19.75,47,13.5806530493032,13.9890984296128,1
485,0,19.75,47,13.9890984296128,14.5466762261505,1
485,0,19.75,47,14.5466762261505,14.9254283703777,1
485,0,19.75,47,14.9254283703777,15.0290672345051,1
485,0,19.75,47,15.0290672345051,15.1294712670038,1
485,0,19.75,47,15.1294712670038,15.3567277750487,1
485,0,19.75,47,15.3567277750487,15.4261745530701,1
485,0,19.75,47,15.4261745530701,15.4592769990704,1
485,0,19.75,47,15.4592769990704,15.5596679741733,1
485,0,19.75,47,15.5596679741733,15.6767717741095,1
485,0,19.75,47,15.6767717741095,16.0218587542491,1
485,0,19.75,47,16.0218587542491,16.1073661929892,1
485,0,19.75,47,16.1073661929892,16.3161965093691,1
485,0,19.75,47,16.3161965093691,16.6757320803772,1
485,0,19.75,47,16.6757320803772,16.8358604934079,1
485,0,19.75,47,16.8358604934079,17.0335754806861,1
485,0,19.75,47,17.0335754806861,17.5329840181172,1
485,0,19.75,47,17.5329840181172,17.5926159403655,1
485,0,19.75,47,17.5926159403655,18.0150025237173,1
485,0,19.75,47,18.0150025237173,18.0884081251227,1
485,0,19.75,47,18.0884081251227,18.1574127886162,1
485,0,19.75,47,18.1574127886162,18.5216726388419,1
485,0,19.75,47,18.5216726388419,18.5712802448113,1
485,0,19.75,47,18.5712802448113,19.2622465217651,1
485,0,19.75,47,19.2622465217651,19.3016825320286,1
485,0,19.75,47,19.3016825320286,19.3169701121412,1
485,0,19.75,47,19.3169701121412,19.4479518028338,1
485,0,19.75,47,19.4479518028338,19.6886772461276,1
485,0,19.75,47,19.6886772461276,19.7450048276086,1
485,0,19.75,47,19.7450048276086,19.75,0
486,0,17.75,1,0,16.027455473673,1
486,0,17.75,1,16.027455473673,17.75,0
487,0,8.75,19,0,1.54051663961996,1
487,0,8.75,19,1.54051663961996,3.12847741128242,1
487,0,8.75,19,3.12847741128242,3.2340999666773,1
487,0,8.75,19,3.2340999666773,3.26324743040884,1
487,0,8.75,19,3.26324743040884,3.28343348671082,1
487,0,8.75,19,3.28343348671082,5.16509318875062,1
487,0,8.75,19,5.16509318875062,6.1473469680407,1
487,0,8.75,19,6.1473469680407,6.45210560355288,1
487,0,8.75,19,6.45210560355288,6.6985612514232,1
487,0,8.75,19,6.6985612514232,6.76807870011988,1
487,0,8.75,19,6.76807870011988,7.10137255344961,1
487,0,8.75,19,7.10137255344961,7.1638841975988,1
487,0,8.75,19,7.1638841975988,7.2993478219373,1
487,0,8.75,19,7.2993478219373,7.41637639481039,1
487,0,8.75,19,7.41637639481039,7.46622698481887,1
487,0,8.75,19,7.46622698481887,7.91540398175993,1
487,0,8.75,19,7.91540398175993,8.02950484885202,1
487,0,8.75,19,8.02950484885202,8.09979405131793,1
487,0,8.75,19,8.09979405131793,8.24057879922655,1
487,0,8.75,19,8.24057879922655,8.75,0
488,0,9.75,1,0,4.90209205094765,1
488,0,9.75,1,4.90209205094765,9.75,0
489,0,20.75,90,0,2.42882148132455,1
489,0,20.75,90,2.42882148132455,2.7014023839495,1
489,0,20.75,90,2.7014023839495,4.0215128360792,1
489,0,20.75,90,4.0215128360792,4.8589881129985,1
489,0,20.75,90,4.8589881129985,5.08710744693969,1
489,0,20.75,90,5.08710744693969,5.67378541634336,1
489,0,20.75,90,5.67378541634336,5.79518068703353,1
489,0,20.75,90,5.79518068703353,6.31754833550933,1
489,0,20.75,90,6.31754833550933,6.74343039561674,1
489,0,20.75,90,6.74343039561674,7.53012319919948,1
489,0,20.75,90,7.53012319919948,7.76814141732186,1
489,0,20.75,90,7.76814141732186,7.9757324099889,1
489,0,20.75,90,7.9757324099889,7.98907008311243,1
489,0,20.75,90,7.98907008311243,8.18762181828363,1
489,0,20.75,90,8.18762181828363,8.35287858521958,1
489,0,20.75,90,8.35287858521958,8.48422598455203,1
489,0,20.75,90,8.48422598455203,8.72913645645564,1
489,0,20.75,90,8.72913645645564,8.85252472869533,1
489,0,20.75,90,8.85252472869533,9.23473701462315,1
489,0,20.75,90,9.23473701462315,9.44069802217273,1
489,0,20.75,90,9.44069802217273,10.0708665344229,1
489,0,20.75,90,10.0708665344229,10.3166248912783,1
489,0,20.75,90,10.3166248912783,10.3168367507181,1
489,0,20.75,90,10.3168367507181,10.4135176100764,1
489,0,20.75,90,10.4135176100764,10.755705867821,1
489,0,20.75,90,10.755705867821,11.1817483554816,1
489,0,20.75,90,11.1817483554816,11.2879489321857,1
489,0,20.75,90,11.2879489321857,11.4094414166897,1
489,0,20.75,90,11.4094414166897,11.4821120147578,1
489,0,20.75,90,11.4821120147578,11.5386491122129,1
489,0,20.75,90,11.5386491122129,11.5817862158484,1
489,0,20.75,90,11.5817862158484,12.5040392847052,1
489,0,20.75,90,12.5040392847052,13.5694542528764,1
489,0,20.75,90,13.5694542528764,13.9373892288703,1
489,0,20.75,90,13.9373892288703,13.9441717491698,1
489,0,20.75,90,13.9441717491698,14.0136621052466,1
489,0,20.75,90,14.0136621052466,14.1729849787128,1
489,0,20.75,90,14.1729849787128,14.1933070427742,1
489,0,20.75,90,14.1933070427742,14.3365889249981,1
489,0,20.75,90,14.3365889249981,14.5470550537641,1
489,0,20.75,90,14.5470550537641,14.9299588973558,1
489,0,20.75,90,14.9299588973558,15.0741203054926,1
489,0,20.75,90,15.0741203054926,15.3021838871062,1
489,0,20.75,90,15.3021838871062,15.5029317787624,1
489,0,20.75,90,15.5029317787624,15.6712368089616,1
489,0,20.75,90,15.6712368089616,15.8580160777334,1
489,0,20.75,90,15.8580160777334,15.9484921383798,1
489,0,20.75,90,15.9484921383798,16.0473106285945,1
489,0,20.75,90,16.0473106285945,16.1167201006853,1
489,0,20.75,90,16.1167201006853,16.3923339097844,1
489,0,20.75,90,16.3923339097844,16.4050605665818,1
489,0,20.75,90,16.4050605665818,16.4068248664652,1
489,0,20.75,90,16.4068248664652,16.6892388515065,1
489,0,20.75,90,16.6892388515065,16.8565764911973,1
489,0,20.75,90,16.8565764911973,16.8798347041956,1
489,0,20.75,90,16.8798347041956,16.9159009180312,1
489,0,20.75,90,16.9159009180312,16.9242610853489,1
489,0,20.75,90,16.9242610853489,17.2910947516396,1
489,0,20.75,90,17.2910947516396,17.3241856829773,1
489,0,20.75,90,17.3241856829773,17.4127168145177,1
489,0,20.75,90,17.4127168145177,17.4288587502972,1
489,0,20.75,90,17.4288587502972,17.4462630881529,1
489,0,20.75,90,17.4462630881529,17.6067924898684,1
489,0,20.75,90,17.6067924898684,17.8007460171013,1
489,0,20.75,90,17.8007460171013,17.894981579762,1
489,0,20.75,90,17.894981579762,18.022654579635,1
489,0,20.75,90,18.022654579635,18.0380090119398,1
489,0,20.75,90,18.0380090119398,18.2788309512447,1
489,0,20.75,90,18.2788309512447,18.9083633147912,1
489,0,20.75,90,18.9083633147912,18.9275298674246,1
489,0,20.75,90,18.9275298674246,19.0414861491947,1
489,0,20.75,90,19.0414861491947,19.17300326603,1
489,0,20.75,90,19.17300326603,19.3023065133172,1
489,0,20.75,90,19.3023065133172,19.3695264610909,1
489,0,20.75,90,19.3695264610909,19.4807115733441,1
489,0,20.75,90,19.4807115733441,19.8165600460138,1
489,0,20.75,90,19.8165600460138,19.8841226317253,1
489,0,20.75,90,19.8841226317253,19.8933125240055,1
489,0,20.75,90,19.8933125240055,19.9050961582879,1
489,0,20.75,90,19.9050961582879,19.960707101606,1
489,0,20.75,90,19.960707101606,20.259705275065,1
489,0,20.75,90,20.259705275065,20.3456990155737,1
489,0,20.75,90,20.3456990155737,20.392010783822,1
489,0,20.75,90,20.392010783822,20.3992467488259,1
489,0,20.75,90,20.3992467488259,20.4351150077838,1
489,0,20.75,90,20.4351150077838,20.4387704374867,1
489,0,20.75,90,20.4387704374867,20.6406213240187,1
489,0,20.75,90,20.6406213240187,20.6591301118238,1
489,0,20.75,90,20.6591301118238,20.7025596621545,1
489,0,20.75,90,20.7025596621545,20.7237145171391,1
489,0,20.75,90,20.7237145171391,20.75,0
490,0,10.75,26,0,3.50463059155232,1
490,0,10.75,26,3.50463059155232,3.91583245326173,1
490,0,10.75,26,3.91583245326173,5.9560946570791,1
490,0,10.75,26,5.9560946570791,6.21914044259996,1
490,0,10.75,26,6.21914044259996,6.70782946302173,1
490,0,10.75,26,6.70782946302173,6.82246781411608,1
490,0,10.75,26,6.82246781411608,6.85820221224314,1
490,0,10.75,26,6.85820221224314,6.96610123661733,1
490,0,10.75,26,6.96610123661733,7.23880212622586,1
490,0,10.75,26,7.23880212622586,7.64384197101244,1
490,0,10.75,26,7.64384197101244,7.71735585588157,1
490,0,10.75,26,7.71735585588157,8.24635145227122,1
490,0,10.75,26,8.24635145227122,8.45150228245998,1
490,0,10.75,26,8.45150228245998,8.45470658223845,1
490,0,10.75,26,8.45470658223845,8.5400953159304,1
490,0,10.75,26,8.5400953159304,8.5586377537418,1
490,0,10.75,26,8.5586377537418,8.793411228889,1
490,0,10.75,26,8.793411228889,8.85542225564935,1
490,0,10.75,26,8.85542225564935,9.32874038145762,1
490,0,10.75,26,9.32874038145762,9.377813247451,1
490,0,10.75,26,9.377813247451,9.40439778052552,1
490,0,10.75,26,9.40439778052552,9.50880857588598,1
490,0,10.75,26,9.50880857588598,9.70778450404593,1
490,0,10.75,26,9.70778450404593,10.0030045850816,1
490,0,10.75,26,10.0030045850816,10.0662105339428,1
490,0,10.75,26,10.0662105339428,10.1425735442763,1
490,0,10.75,26,10.1425735442763,10.75,0
491,0,14.75,3,0,5.70033341919083,1
491,0,14.75,3,5.70033341919083,5.751075595291,1
491,0,14.75,3,5.751075595291,10.1708425063987,1
491,0,14.75,3,10.1708425063987,14.75,0
492,0,12.75,1,0,0.00551055102914812,1
492,0,12.75,1,0.00551055102914812,12.75,0
493,0,12.75,0,0,12.75,0
494,0,7.75,2,0,2.91027931429917,1
494,0,7.75,2,2.91027931429917,6.26805240929246,1
494,0,7.75,2,6.26805240929246,7.75,0
495,0,13.75,2,0,0.431587932835441,1
495,0,13.75,2,0.431587932835441,2.15893300527301,1
495,0,13.75,2,2.15893300527301,13.75,0
496,0,11.75,1,0,0.166558309219742,1
496,0,11.75,1,0.166558309219742,11.75,0
497,0,11.75,22,0,1.8270516928651,1
497,0,11.75,22,1.8270516928651,5.42524657350963,1
497,0,11.75,22,5.42524657350963,5.79770202334612,1
497,0,11.75,22,5.79770202334612,5.9181725886151,1
497,0,11.75,22,5.9181725886151,6.69329331010678,1
497,0,11.75,22,6.69329331010678,6.72371019463122,1
497,0,11.75,22,6.72371019463122,6.92597387215471,1
497,0,11.75,22,6.92597387215471,7.51013550690133,1
497,0,11.75,22,7.51013550690133,7.99669216232456,1
497,0,11.75,22,7.99669216232456,8.73338888342174,1
497,0,11.75,22,8.73338888342174,9.30281643856263,1
497,0,11.75,22,9.30281643856263,9.39090415662689,1
497,0,11.75,22,9.39090415662689,9.58107484316338,1
497,0,11.75,22,9.58107484316338,9.59323918021592,1
497,0,11.75,22,9.59323918021592,9.65654973769685,1
497,0,11.75,22,9.65654973769685,9.73749876011936,1
497,0,11.75,22,9.73749876011936,9.8046393078534,1
497,0,11.75,22,9.8046393078534,10.0212859948019,1
497,0,11.75,22,10.0212859948019,10.6712039341102,1
497,0,11.75,22,10.6712039341102,11.0938751464036,1
497,0,11.75,22,11.0938751464036,11.3333298945538,1
497,0,11.75,22,11.3333298945538,11.3535123072075,1
497,0,11.75,22,11.3535123072075,11.75,0
498,0,19.75,62,0,3.49888174948019,1
498,0,19.75,62,3.49888174948019,5.92525766117162,1
498,0,19.75,62,5.92525766117162,6.6027805408247,1
498,0,19.75,62,6.6027805408247,6.68846432499579,1
498,0,19.75,62,6.68846432499579,7.09855737597097,1
498,0,19.75,62,7.09855737597097,7.25664213200113,1
498,0,19.75,62,7.25664213200113,7.58492662231032,1
498,0,19.75,62,7.58492662231032,7.8249289474964,1
498,0,19.75,62,7.8249289474964,7.91376304367768,1
498,0,19.75,62,7.91376304367768,7.92856523594457,1
498,0,19.75,62,7.92856523594457,8.30074980400439,1
498,0,19.75,62,8.30074980400439,9.16472127464549,1
498,0,19.75,62,9.16472127464549,9.75082986832261,1
498,0,19.75,62,9.75082986832261,9.75502004958494,1
498,0,19.75,62,9.75502004958494,9.92590723527632,1
498,0,19.75,62,9.92590723527632,10.6087668771099,1
498,0,19.75,62,10.6087668771099,11.272160336365,1
498,0,19.75,62,11.272160336365,11.5865407696712,1
498,0,19.75,62,11.5865407696712,11.6342282213857,1
498,0,19.75,62,11.6342282213857,12.1474066606953,1
498,0,19.75,62,12.1474066606953,12.5578558923846,1
498,0,19.75,62,12.5578558923846,12.7943599421719,1
498,0,19.75,62,12.7943599421719,12.8992959558679,1
498,0,19.75,62,12.8992959558679,12.9288310483721,1
498,0,19.75,62,12.9288310483721,13.2258777389267,1
498,0,19.75,62,13.2258777389267,13.5733184507837,1
498,0,19.75,62,13.5733184507837,13.5944353223392,1
498,0,19.75,62,13.5944353223392,13.7312833416896,1
498,0,19.75,62,13.7312833416896,13.9900643928015,1
498,0,19.75,62,13.9900643928015,14.0279860516815,1
498,0,19.75,62,14.0279860516815,14.3939747661543,1
498,0,19.75,62,14.3939747661543,14.7736411648682,1
498,0,19.75,62,14.7736411648682,14.8788974721541,1
498,0,19.75,62,14.8788974721541,15.4820276989811,1
498,0,19.75,62,15.4820276989811,15.7423917553863,1
498,0,19.75,62,15.7423917553863,15.9061839759492,1
498,0,19.75,62,15.9061839759492,16.0589905204602,1
498,0,19.75,62,16.0589905204602,16.1723059318948,1
498,0,19.75,62,16.1723059318948,16.1836414541174,1
498,0,19.75,62,16.1836414541174,16.2329256057088,1
498,0,19.75,62,16.2329256057088,16.6190492866037,1
498,0,19.75,62,16.6190492866037,16.6605802790284,1
498,0,19.75,62,16.6605802790284,16.6775508999704,1
498,0,19.75,62,16.6775508999704,16.8433688376357,1
498,0,19.75,62,16.8433688376357,16.8897538625506,1
498,0,19.75,62,16.8897538625506,17.1423763620115,1
498,0,19.75,62,17.1423763620115,17.2844956906785,1
498,0,19.75,62,17.2844956906785,17.3196423005375,1
498,0,19.75,62,17.3196423005375,17.8764975423795,1
498,0,19.75,62,17.8764975423795,17.8890766950414,1
498,0,19.75,62,17.8890766950414,17.9233756426693,1
498,0,19.75,62,17.9233756426693,18.0564289532695,1
498,0,19.75,62,18.0564289532695,18.1717527901878,1
498,0,19.75,62,18.1717527901878,18.2991173566904,1
498,0,19.75,62,18.2991173566904,18.3149528553235,1
498,0,19.75,62,18.3149528553235,18.5742392200154,1
498,0,19.75,62,18.5742392200154,18.6522264416036,1
498,0,19.75,62,18.6522264416036,18.8220026920089,1
498,0,19.75,62,18.8220026920089,18.8823469454705,1
498,0,19.75,62,18.8823469454705,19.1963451308548,1
498,0,19.75,62,19.1963451308548,19.4892890194088,1
498,0,19.75,62,19.4892890194088,19.7329921946562,1
498,0,19.75,62,19.7329921946562,19.75,0
499,0,15.75,25,0,4.01794862854777,1
499,0,15.75,25,4.01794862854777,5.18002131789681,1
499,0,15.75,25,5.18002131789681,5.95435185994213,1
499,0,15.75,25,5.95435185994213,6.80829304811951,1
499,0,15.75,25,6.80829304811951,9.3107878092466,1
499,0,15.75,25,9.3107878092466,10.194942232061,1
499,0,15.75,25,10.194942232061,10.548940847097,1
499,0,15.75,25,10.548940847097,10.6786332174123,1
499,0,15.75,25,10.6786332174123,10.8502413423589,1
499,0,15.75,25,10.8502413423589,11.4509666681868,1
499,0,15.75,25,11.4509666681868,12.0347345043595,1
499,0,15.75,25,12.0347345043595,12.0495558902057,1
499,0,15.75,25,12.0495558902057,12.395467980744,1
499,0,15.75,25,12.395467980744,12.7868399958228,1
499,0,15.75,25,12.7868399958228,12.9086659993658,1
499,0,15.75,25,12.9086659993658,13.316961298444,1
499,0,15.75,25,13.316961298444,13.3551527790308,1
499,0,15.75,25,13.3551527790308,13.5243072093736,1
499,0,15.75,25,13.5243072093736,13.9196654581541,1
499,0,15.75,25,13.9196654581541,13.9947246911935,1
499,0,15.75,25,13.9947246911935,14.082509763671,1
499,0,15.75,25,14.082509763671,14.7210004345469,1
499,0,15.75,25,14.7210004345469,15.104686670787,1
499,0,15.75,25,15.104686670787,15.5044693465608,1
499,0,15.75,25,15.5044693465608,15.70783820652,1
499,0,15.75,25,15.70783820652,15.75,0
500,0,11.75,11,0,3.56912762541914,1
500,0,11.75,11,3.56912762541914,3.78096467556275,1
500,0,11.75,11,3.78096467556275,5.09546126311181,1
500,0,11.75,11,5.09546126311181,5.983289189599,1
500,0,11.75,11,5.983289189599,7.75704471481828,1
500,0,11.75,11,7.75704471481828,9.52893854590047,1
500,0,11.75,11,9.52893854590047,10.0135035178621,1
500,0,11.75,11,10.0135035178621,10.055021005899,1
500,0,11.75,11,10.055021005899,10.4303673528674,1
500,0,11.75,11,10.4303673528674,10.8406075330891,1
500,0,11.75,11,10.8406075330891,11.0973858105297,1
500,0,11.75,11,11.0973858105297,11.75,0
501,0,8.75,3,0,0.815498731117763,1
501,0,8.75,3,0.815498731117763,4.51034404276916,1
501,0,8.75,3,4.51034404276916,8.14031198756722,1
501,0,8.75,3,8.14031198756722,8.75,0
502,0,9.75,1,0,8.93422184458124,1
502,0,9.75,1,8.93422184458124,9.75,0
503,0,11.75,1,0,0.00270776006159527,1
503,0,11.75,1,0.00270776006159527,11.75,0
504,0,11.75,15,0,1.72744811316709,1
504,0,11.75,15,1.72744811316709,2.03523909995081,1
504,0,11.75,15,2.03523909995081,5.57519261496802,1
504,0,11.75,15,5.57519261496802,6.26394829748356,1
504,0,11.75,15,6.26394829748356,6.95959385764916,1
504,0,11.75,15,6.95959385764916,7.25819115494063,1
504,0,11.75,15,7.25819115494063,7.27668348004572,1
504,0,11.75,15,7.27668348004572,7.91432295082163,1
504,0,11.75,15,7.91432295082163,7.96089252851318,1
504,0,11.75,15,7.96089252851318,8.89205117092028,1
504,0,11.75,15,8.89205117092028,9.61632571374655,1
504,0,11.75,15,9.61632571374655,10.382377739846,1
504,0,11.75,15,10.382377739846,10.383300090814,1
504,0,11.75,15,10.383300090814,10.4313385709369,1
504,0,11.75,15,10.4313385709369,10.6500552575708,1
504,0,11.75,15,10.6500552575708,11.75,0
505,0,13.75,1,0,9.33083048622831,1
505,0,13.75,1,9.33083048622831,13.75,0
506,0,10.75,7,0,4.61139786183126,1
506,0,10.75,7,4.61139786183126,6.81498205568283,1
506,0,10.75,7,6.81498205568283,7.32023340121198,1
506,0,10.75,7,7.32023340121198,7.93280800313674,1
506,0,10.75,7,7.93280800313674,8.84416896032375,1
506,0,10.75,7,8.84416896032375,9.34009140531845,1
506,0,10.75,7,9.34009140531845,9.59900887565464,1
506,0,10.75,7,9.59900887565464,10.75,0
507,0,17.75,30,0,5.8321294980642,1
507,0,17.75,30,5.8321294980642,6.82035812705936,1
507,0,17.75,30,6.82035812705936,8.36627961827137,1
507,0,17.75,30,8.36627961827137,9.01457195204759,1
507,0,17.75,30,9.01457195204759,9.09021470666126,1
507,0,17.75,30,9.09021470666126,11.5799228813493,1
507,0,17.75,30,11.5799228813493,13.3794678484483,1
507,0,17.75,30,13.3794678484483,13.5493279975703,1
507,0,17.75,30,13.5493279975703,13.5608033822206,1
507,0,17.75,30,13.5608033822206,13.6851204660569,1
507,0,17.75,30,13.6851204660569,13.7430571545766,1
507,0,17.75,30,13.7430571545766,14.0829770594365,1
507,0,17.75,30,14.0829770594365,14.805371440107,1
507,0,17.75,30,14.805371440107,14.8671765071459,1
507,0,17.75,30,14.8671765071459,15.0080041539712,1
507,0,17.75,30,15.0080041539712,15.1352186918588,1
507,0,17.75,30,15.1352186918588,15.217571803751,1
507,0,17.75,30,15.217571803751,15.6758356621117,1
507,0,17.75,30,15.6758356621117,15.809285316258,1
507,0,17.75,30,15.809285316258,15.83622078351,1
507,0,17.75,30,15.83622078351,16.0243787066522,1
507,0,17.75,30,16.0243787066522,16.0294687601457,1
507,0,17.75,30,16.0294687601457,16.1523942104841,1
507,0,17.75,30,16.1523942104841,16.3835972466553,1
507,0,17.75,30,16.3835972466553,16.7139262504762,1
507,0,17.75,30,16.7139262504762,16.7640440283669,1
507,0,17.75,30,16.7640440283669,16.9163429234569,1
507,0,17.75,30,16.9163429234569,17.2903332842203,1
507,0,17.75,30,17.2903332842203,17.4347065635535,1
507,0,17.75,30,17.4347065635535,17.5120448373576,1
507,0,17.75,30,17.5120448373576,17.75,0
508,0,9.75,9,0,4.24737036312807,1
508,0,9.75,9,4.24737036312807,4.80803897145134,1
508,0,9.75,9,4.80803897145134,5.54976763647695,1
508,0,9.75,9,5.54976763647695,6.84111194977648,1
508,0,9.75,9,6.84111194977648,7.9845204926807,1
508,0,9.75,9,7.9845204926807,8.25447201768872,1
508,0,9.75,9,8.25447201768872,8.493938231728,1
508,0,9.75,9,8.493938231728,8.96479134386503,1
508,0,9.75,9,8.96479134386503,9.03684091329975,1
508,0,9.75,9,9.03684091329975,9.75,0
509,0,8.75,0,0,8.75,0
510,0,12.75,1,0,1.01702610721891,1
510,0,12.75,1,1.01702610721891,12.75,0
511,0,13.75,0,0,13.75,0
512,0,12.75,13,0,4.49983069916047,1
512,0,12.75,13,4.49983069916047,7.95301189339933,1
512,0,12.75,13,7.95301189339933,8.22519783623764,1
512,0,12.75,13,8.22519783623764,9.4315001855795,1
512,0,12.75,13,9.4315001855795,9.69359015016683,1
512,0,12.75,13,9.69359015016683,9.78544618476611,1
512,0,12.75,13,9.78544618476611,10.0287974559712,1
512,0,12.75,13,10.0287974559712,10.481222564967,1
512,0,12.75,13,10.481222564967,10.7880566097035,1
512,0,12.75,13,10.7880566097035,11.0341418984205,1
512,0,12.75,13,11.0341418984205,11.3108734300884,1
512,0,12.75,13,11.3108734300884,11.6119328685143,1
512,0,12.75,13,11.6119328685143,11.7825223063083,1
512,0,12.75,13,11.7825223063083,12.75,0
513,0,19.75,1,0,18.0725740995978,1
513,0,19.75,1,18.0725740995978,19.75,0
514,0,9.75,1,0,3.13406537612296,1
514,0,9.75,1,3.13406537612296,9.75,0
515,0,10.75,1,0,0.0573066512364971,1
515,0,10.75,1,0.0573066512364971,10.75,0
516,0,14.75,19,0,3.85581830962771,1
516,0,14.75,19,3.85581830962771,4.86657763846174,1
516,0,14.75,19,4.86657763846174,6.92638672534603,1
516,0,14.75,19,6.92638672534603,8.84990534981502,1
516,0,14.75,19,8.84990534981502,9.30516632025788,1
516,0,14.75,19,9.30516632025788,10.9489984734315,1
516,0,14.75,19,10.9489984734315,11.2208226332542,1
516,0,14.75,19,11.2208226332542,11.6726863191469,1
516,0,14.75,19,11.6726863191469,11.7685856464086,1
516,0,14.75,19,11.7685856464086,11.9472331120048,1
516,0,14.75,19,11.9472331120048,12.612538612609,1
516,0,14.75,19,12.612538612609,12.6763167320716,1
516,0,14.75,19,12.6763167320716,12.7488451337351,1
516,0,14.75,19,12.7488451337351,12.7626902562939,1
516,0,14.75,19,12.7626902562939,12.7871750956554,1
516,0,14.75,19,12.7871750956554,13.0696438012612,1
516,0,14.75,19,13.0696438012612,13.6021278385927,1
516,0,14.75,19,13.6021278385927,13.7778766814605,1
516,0,14.75,19,13.7778766814605,14.7041634994597,1
516,0,14.75,19,14.7041634994597,14.75,0
517,0,10.75,2,0,0.0568276175002247,1
517,0,10.75,2,0.0568276175002247,7.63629380637382,1
517,0,10.75,2,7.63629380637382,10.75,0
518,0,14.75,31,0,2.05749456421306,1
518,0,14.75,31,2.05749456421306,4.24073584008871,1
518,0,14.75,31,4.24073584008871,5.55290170953183,1
518,0,14.75,31,5.55290170953183,5.64663578486004,1
518,0,14.75,31,5.64663578486004,6.0897986110079,1
518,0,14.75,31,6.0897986110079,7.10634527886355,1
518,0,14.75,31,7.10634527886355,7.37520748056356,1
518,0,14.75,31,7.37520748056356,7.90943885215318,1
518,0,14.75,31,7.90943885215318,8.5155743776598,1
518,0,14.75,31,8.5155743776598,8.95334273924798,1
518,0,14.75,31,8.95334273924798,9.29117428937677,1
518,0,14.75,31,9.29117428937677,9.33325635008241,1
518,0,14.75,31,9.33325635008241,9.48836500235995,1
518,0,14.75,31,9.48836500235995,9.62686712459701,1
518,0,14.75,31,9.62686712459701,10.0280907208874,1
518,0,14.75,31,10.0280907208874,10.5306413824108,1
518,0,14.75,31,10.5306413824108,11.3270573949792,1
518,0,14.75,31,11.3270573949792,11.4629044528247,1
518,0,14.75,31,11.4629044528247,11.5464357667258,1
518,0,14.75,31,11.5464357667258,11.6403418160597,1
518,0,14.75,31,11.6403418160597,11.9192366516798,1
518,0,14.75,31,11.9192366516798,12.3098723908202,1
518,0,14.75,31,12.3098723908202,12.5169218526119,1
518,0,14.75,31,12.5169218526119,12.5538745033808,1
518,0,14.75,31,12.5538745033808,13.2157820890405,1
518,0,14.75,31,13.2157820890405,13.3002269046292,1
518,0,14.75,31,13.3002269046292,13.8286015268965,1
518,0,14.75,31,13.8286015268965,13.9751721276482,1
518,0,14.75,31,13.9751721276482,14.3175630342122,1
518,0,14.75,31,14.3175630342122,14.7067279627074,1
518,0,14.75,31,14.7067279627074,14.7370366969263,1
518,0,14.75,31,14.7370366969263,14.75,0
519,0,9.75,8,0,4.11579704283653,1
519,0,9.75,8,4.11579704283653,4.87180500700754,1
519,0,9.75,8,4.87180500700754,5.53674954476792,1
519,0,9.75,8,5.53674954476792,5.75594480509605,1
519,0,9.75,8,5.75594480509605,7.04527948917939,1
519,0,9.75,8,7.04527948917939,7.08797887041488,1
519,0,9.75,8,7.08797887041488,8.19522172681715,1
519,0,9.75,8,8.19522172681715,8.82118544391206,1
519,0,9.75,8,8.82118544391206,9.75,0
520,0,7.75,3,0,0.00318618381217833,1
520,0,7.75,3,0.00318618381217833,1.25984116604871,1
520,0,7.75,3,1.25984116604871,1.90815461231483,1
520,0,7.75,3,1.90815461231483,7.75,0
521,0,14.75,3,0,3.01611024811192,1
521,0,14.75,3,3.01611024811192,6.53658240184751,1
521,0,14.75,3,6.53658240184751,8.18526747590839,1
521,0,14.75,3,8.18526747590839,14.75,0
522,0,17.75,1,0,2.48447369105443,1
522,0,17.75,1,2.48447369105443,17.75,0
523,0,12.75,0,0,12.75,0
524,0,16.75,2,0,0.239637911019524,1
524,0,16.75,2,0.239637911019524,5.45619084053464,1
524,0,16.75,2,5.45619084053464,16.75,0
525,0,12.75,15,0,3.23024238669289,1
525,0,12.75,15,3.23024238669289,4.09122011082329,1
525,0,12.75,15,4.09122011082329,6.12126228995362,1
525,0,12.75,15,6.12126228995362,6.57676499614755,1
525,0,12.75,15,6.57676499614755,6.90951257162917,1
525,0,12.75,15,6.90951257162917,8.56652452488402,1
525,0,12.75,15,8.56652452488402,8.69767621181736,1
525,0,12.75,15,8.69767621181736,9.9048689617578,1
525,0,12.75,15,9.9048689617578,9.95517124340257,1
525,0,12.75,15,9.95517124340257,11.1462147304607,1
525,0,12.75,15,11.1462147304607,11.6304825069981,1
525,0,12.75,15,11.6304825069981,11.8701213378228,1
525,0,12.75,15,11.8701213378228,12.1016161269237,1
525,0,12.75,15,12.1016161269237,12.5368834622456,1
525,0,12.75,15,12.5368834622456,12.6049586171379,1
525,0,12.75,15,12.6049586171379,12.75,0
526,0,16.75,22,0,1.39748058114764,1
526,0,16.75,22,1.39748058114764,6.78413923972849,1
526,0,16.75,22,6.78413923972849,7.79901275535202,1
526,0,16.75,22,7.79901275535202,8.37723437869793,1
526,0,16.75,22,8.37723437869793,9.52398128835474,1
526,0,16.75,22,9.52398128835474,9.81453593213377,1
526,0,16.75,22,9.81453593213377,10.2313356884363,1
526,0,16.75,22,10.2313356884363,10.2880056004082,1
526,0,16.75,22,10.2880056004082,11.1136455574634,1
526,0,16.75,22,11.1136455574634,12.2504143071337,1
526,0,16.75,22,12.2504143071337,12.9772883036104,1
526,0,16.75,22,12.9772883036104,13.2712667959179,1
526,0,16.75,22,13.2712667959179,13.601530809869,1
526,0,16.75,22,13.601530809869,14.2844402090358,1
526,0,16.75,22,14.2844402090358,14.5125735185695,1
526,0,16.75,22,14.5125735185695,14.6388701151375,1
526,0,16.75,22,14.6388701151375,14.8809310597778,1
526,0,16.75,22,14.8809310597778,15.065283919204,1
526,0,16.75,22,15.065283919204,15.3118142167039,1
526,0,16.75,22,15.3118142167039,15.3502310027297,1
526,0,16.75,22,15.3502310027297,15.5919392809563,1
526,0,16.75,22,15.5919392809563,16.4270823550524,1
526,0,16.75,22,16.4270823550524,16.75,0
527,0,19.75,3,0,1.8836976533411,1
527,0,19.75,3,1.8836976533411,7.70954958346952,1
527,0,19.75,3,7.70954958346952,8.60091130866398,1
527,0,19.75,3,8.60091130866398,19.75,0
528,0,10.75,0,0,10.75,0
529,0,14.75,10,0,4.11656997656683,1
529,0,14.75,10,4.11656997656683,7.4446872729823,1
529,0,14.75,10,7.4446872729823,7.92044810882986,1
529,0,14.75,10,7.92044810882986,8.88765278514929,1
529,0,14.75,10,8.88765278514929,10.383134203144,1
529,0,14.75,10,10.383134203144,10.4595251285555,1
529,0,14.75,10,10.4595251285555,13.3345936878208,1
529,0,14.75,10,13.3345936878208,13.4336320360038,1
529,0,14.75,10,13.4336320360038,13.8721068945568,1
529,0,14.75,10,13.8721068945568,14.1964945403661,1
529,0,14.75,10,14.1964945403661,14.75,0
530,0,16.75,4,0,0.601745441475476,1
530,0,16.75,4,0.601745441475476,1.81827288957525,1
530,0,16.75,4,1.81827288957525,4.64140923986097,1
530,0,16.75,4,4.64140923986097,7.50930256949684,1
530,0,16.75,4,7.50930256949684,16.75,0
531,0,9.75,2,0,3.69888957999444,1
531,0,9.75,2,3.69888957999444,8.23818010668781,1
531,0,9.75,2,8.23818010668781,9.75,0
532,0,17.75,2,0,1.87165527883996,1
532,0,17.75,2,1.87165527883996,11.3164906353018,1
532,0,17.75,2,11.3164906353018,17.75,0
533,0,9.75,6,0,3.75595192914641,1
533,0,9.75,6,3.75595192914641,4.3056682535927,1
533,0,9.75,6,4.3056682535927,4.48705441606023,1
533,0,9.75,6,4.48705441606023,6.87236714506194,1
533,0,9.75,6,6.87236714506194,8.08615106417653,1
533,0,9.75,6,8.08615106417653,8.51777431376532,1
533,0,9.75,6,8.51777431376532,9.75,0
534,0,15.75,0,0,15.75,0
535,0,16.75,2,0,0.0609207650791474,1
535,0,16.75,2,0.0609207650791474,3.41369255383094,1
535,0,16.75,2,3.41369255383094,16.75,0
536,0,13.75,18,0,3.36843650653276,1
536,0,13.75,18,3.36843650653276,5.11800480862719,1
536,0,13.75,18,5.11800480862719,5.69955697040418,1
536,0,13.75,18,5.69955697040418,5.7958748028051,1
536,0,13.75,18,5.7958748028051,7.34096818547225,1
536,0,13.75,18,7.34096818547225,7.90081172499054,1
536,0,13.75,18,7.90081172499054,8.3672360313628,1
536,0,13.75,18,8.3672360313628,9.05444001879142,1
536,0,13.75,18,9.05444001879142,10.2500048763142,1
536,0,13.75,18,10.2500048763142,10.2553993502057,1
536,0,13.75,18,10.2553993502057,11.020996958848,1
536,0,13.75,18,11.020996958848,11.0533220929776,1
536,0,13.75,18,11.0533220929776,11.1985309529983,1
536,0,13.75,18,11.1985309529983,11.7375754864031,1
536,0,13.75,18,11.7375754864031,12.8828941746136,1
536,0,13.75,18,12.8828941746136,13.1489500146369,1
536,0,13.75,18,13.1489500146369,13.276166897993,1
536,0,13.75,18,13.276166897993,13.507337381014,1
536,0,13.75,18,13.507337381014,13.75,0
537,0,11.75,1,0,10.2061844229076,1
537,0,11.75,1,10.2061844229076,11.75,0
538,0,11.75,36,0,2.80632158418695,1
538,0,11.75,36,2.80632158418695,3.20003840730301,1
538,0,11.75,36,3.20003840730301,4.48181547945748,1
538,0,11.75,36,4.48181547945748,4.7833409552231,1
538,0,11.75,36,4.7833409552231,5.11224847433901,1
538,0,11.75,36,5.11224847433901,5.22661648544214,1
538,0,11.75,36,5.22661648544214,5.60991265209669,1
538,0,11.75,36,5.60991265209669,5.94620889831114,1
538,0,11.75,36,5.94620889831114,6.07177256106613,1
538,0,11.75,36,6.07177256106613,6.33486368323662,1
538,0,11.75,36,6.33486368323662,6.49524230647761,1
538,0,11.75,36,6.49524230647761,6.99321859390036,1
538,0,11.75,36,6.99321859390036,7.40268095075987,1
538,0,11.75,36,7.40268095075987,7.41919651080619,1
538,0,11.75,36,7.41919651080619,7.66368137532956,1
538,0,11.75,36,7.66368137532956,7.7510259605372,1
538,0,11.75,36,7.7510259605372,7.87587871574351,1
538,0,11.75,36,7.87587871574351,8.11729955606291,1
538,0,11.75,36,8.11729955606291,8.26020747776155,1
538,0,11.75,36,8.26020747776155,8.42519123225303,1
538,0,11.75,36,8.42519123225303,8.51027852002025,1
538,0,11.75,36,8.51027852002025,8.82345171348064,1
538,0,11.75,36,8.82345171348064,8.88920062557397,1
538,0,11.75,36,8.88920062557397,9.49378910664612,1
538,0,11.75,36,9.49378910664612,9.57523677676171,1
538,0,11.75,36,9.57523677676171,9.96534497293695,1
538,0,11.75,36,9.96534497293695,10.4327019184425,1
538,0,11.75,36,10.4327019184425,10.514149454763,1
538,0,11.75,36,10.514149454763,10.6006630744364,1
538,0,11.75,36,10.6006630744364,10.7273908455123,1
538,0,11.75,36,10.7273908455123,10.741298373263,1
538,0,11.75,36,10.741298373263,10.9828617274052,1
538,0,11.75,36,10.9828617274052,11.0468964997458,1
538,0,11.75,36,11.0468964997458,11.0825561465364,1
538,0,11.75,36,11.0825561465364,11.4640899408798,1
538,0,11.75,36,11.4640899408798,11.5821743962519,1
538,0,11.75,36,11.5821743962519,11.75,0
539,0,11.75,11,0,4.79070263784821,1
539,0,11.75,11,4.79070263784821,5.29570617927565,1
539,0,11.75,11,5.29570617927565,6.07873746094004,1
539,0,11.75,11,6.07873746094004,6.2095493047298,1
539,0,11.75,11,6.2095493047298,6.89038831978805,1
539,0,11.75,11,6.89038831978805,7.06137320764135,1
539,0,11.75,11,7.06137320764135,7.38797183601688,1
539,0,11.75,11,7.38797183601688,8.14667098931327,1
539,0,11.75,11,8.14667098931327,10.9776475855222,1
539,0,11.75,11,10.9776475855222,11.0487433172918,1
539,0,11.75,11,11.0487433172918,11.0817260311371,1
539,0,11.75,11,11.0817260311371,11.75,0
540,0,16.75,0,0,16.75,0
541,0,15.75,0,0,15.75,0
542,0,17.75,0,0,17.75,0
543,0,19.75,0,0,19.75,0
544,0,11.75,2,0,6.53523665504282,1
544,0,11.75,2,6.53523665504282,7.66004112598336,1
544,0,11.75,2,7.66004112598336,11.75,0
545,0,8.75,1,0,0.63895258368635,1
545,0,8.75,1,0.63895258368635,8.75,0
546,0,15.75,7,0,0.0441802518104391,1
546,0,15.75,7,0.0441802518104391,1.19341524487424,1
546,0,15.75,7,1.19341524487424,3.99799120250036,1
546,0,15.75,7,3.99799120250036,7.3494396700003,1
546,0,15.75,7,7.3494396700003,8.66867121250855,1
546,0,15.75,7,8.66867121250855,8.76126719757284,1
546,0,15.75,7,8.76126719757284,12.1455546697239,1
546,0,15.75,7,12.1455546697239,15.75,0
547,0,15.75,36,0,2.86147850195741,1
547,0,15.75,36,2.86147850195741,3.85751493047234,1
547,0,15.75,36,3.85751493047234,4.36058161851505,1
547,0,15.75,36,4.36058161851505,4.58538056149798,1
547,0,15.75,36,4.58538056149798,4.70780957097106,1
547,0,15.75,36,4.70780957097106,6.2162052575657,1
547,0,15.75,36,6.2162052575657,6.95967306325362,1
547,0,15.75,36,6.95967306325362,7.24855861100798,1
547,0,15.75,36,7.24855861100798,7.28258301779949,1
547,0,15.75,36,7.28258301779949,7.50057242467518,1
547,0,15.75,36,7.50057242467518,8.10222062651993,1
547,0,15.75,36,8.10222062651993,8.86054909033174,1
547,0,15.75,36,8.86054909033174,9.36934508827812,1
547,0,15.75,36,9.36934508827812,9.41431652138967,1
547,0,15.75,36,9.41431652138967,9.73960075123394,1
547,0,15.75,36,9.73960075123394,9.8674204390026,1
547,0,15.75,36,9.8674204390026,9.92292388114454,1
547,0,15.75,36,9.92292388114454,10.1720384682297,1
547,0,15.75,36,10.1720384682297,10.5751880351014,1
547,0,15.75,36,10.5751880351014,10.6144486481598,1
547,0,15.75,36,10.6144486481598,10.7739689482572,1
547,0,15.75,36,10.7739689482572,11.572027374545,1
547,0,15.75,36,11.572027374545,12.7672412172888,1
547,0,15.75,36,12.7672412172888,12.9403316210143,1
547,0,15.75,36,12.9403316210143,13.373694832621,1
547,0,15.75,36,13.373694832621,13.4765852460849,1
547,0,15.75,36,13.4765852460849,13.9495896730717,1
547,0,15.75,36,13.9495896730717,13.9906001688396,1
547,0,15.75,36,13.9906001688396,14.3578814891488,1
547,0,15.75,36,14.3578814891488,14.49477328011,1
547,0,15.75,36,14.49477328011,14.5204401542694,1
547,0,15.75,36,14.5204401542694,14.9781346961741,1
547,0,15.75,36,14.9781346961741,15.2492046559175,1
547,0,15.75,36,15.2492046559175,15.3689983273789,1
547,0,15.75,36,15.3689983273789,15.5648647674069,1
547,0,15.75,36,15.5648647674069,15.7361831269665,1
547,0,15.75,36,15.7361831269665,15.75,0
548,0,19.75,0,0,19.75,0
549,0,15.75,0,0,15.75,0
550,0,12.75,26,0,2.34259019086876,1
550,0,12.75,26,2.34259019086876,2.63307892579449,1
550,0,12.75,26,2.63307892579449,4.41701450318621,1
550,0,12.75,26,4.41701450318621,4.78009726962357,1
550,0,12.75,26,4.78009726962357,4.91560329148934,1
550,0,12.75,26,4.91560329148934,5.41917273310931,1
550,0,12.75,26,5.41917273310931,5.73083252633541,1
550,0,12.75,26,5.73083252633541,6.33781255100208,1
550,0,12.75,26,6.33781255100208,6.34121026815122,1
550,0,12.75,26,6.34121026815122,6.79762228090016,1
550,0,12.75,26,6.79762228090016,6.9854631837465,1
550,0,12.75,26,6.9854631837465,8.08720206202764,1
550,0,12.75,26,8.08720206202764,8.26185972628271,1
550,0,12.75,26,8.26185972628271,8.27509574190703,1
550,0,12.75,26,8.27509574190703,9.19893408934833,1
550,0,12.75,26,9.19893408934833,9.88969174679438,1
550,0,12.75,26,9.88969174679438,10.1276304033606,1
550,0,12.75,26,10.1276304033606,10.1485819252021,1
550,0,12.75,26,10.1485819252021,10.2192873955818,1
550,0,12.75,26,10.2192873955818,10.2383605834485,1
550,0,12.75,26,10.2383605834485,10.3444009495566,1
550,0,12.75,26,10.3444009495566,11.2527709324025,1
550,0,12.75,26,11.2527709324025,11.7569797555729,1
550,0,12.75,26,11.7569797555729,12.0262985044053,1
550,0,12.75,26,12.0262985044053,12.4972288247977,1
550,0,12.75,26,12.4972288247977,12.5799724188401,1
550,0,12.75,26,12.5799724188401,12.75,0
551,0,17.75,2,0,8.8217393958715,1
551,0,17.75,2,8.8217393958715,13.3201792617316,1
551,0,17.75,2,13.3201792617316,17.75,0
552,0,7.75,1,0,1.41337253272496,1
552,0,7.75,1,1.41337253272496,7.75,0
553,0,12.75,30,0,4.0231593781481,1
553,0,12.75,30,4.0231593781481,4.3559261298748,1
553,0,12.75,30,4.3559261298748,5.38039352307392,1
553,0,12.75,30,5.38039352307392,5.70603646545205,1
553,0,12.75,30,5.70603646545205,6.43411847957728,1
553,0,12.75,30,6.43411847957728,7.2134499252435,1
553,0,12.75,30,7.2134499252435,7.28482075370894,1
553,0,12.75,30,7.28482075370894,7.93498395018079,1
553,0,12.75,30,7.93498395018079,8.67915853043789,1
553,0,12.75,30,8.67915853043789,10.0183652513635,1
553,0,12.75,30,10.0183652513635,10.4039956890289,1
553,0,12.75,30,10.4039956890289,10.4903837911236,1
553,0,12.75,30,10.4903837911236,10.5098557306457,1
553,0,12.75,30,10.5098557306457,10.8269805607342,1
553,0,12.75,30,10.8269805607342,11.1875798487096,1
553,0,12.75,30,11.1875798487096,11.2113128344783,1
553,0,12.75,30,11.2113128344783,11.2156953099225,1
553,0,12.75,30,11.2156953099225,11.4626987622516,1
553,0,12.75,30,11.4626987622516,11.5027979513856,1
553,0,12.75,30,11.5027979513856,11.6021385816555,1
553,0,12.75,30,11.6021385816555,11.7969956104953,1
553,0,12.75,30,11.7969956104953,11.8372264656327,1
553,0,12.75,30,11.8372264656327,11.8764278129586,1
553,0,12.75,30,11.8764278129586,11.9060374835457,1
553,0,12.75,30,11.9060374835457,12.0644066988455,1
553,0,12.75,30,12.0644066988455,12.1460344606008,1
553,0,12.75,30,12.1460344606008,12.340399818651,1
553,0,12.75,30,12.340399818651,12.5085801723261,1
553,0,12.75,30,12.5085801723261,12.5132377245056,1
553,0,12.75,30,12.5132377245056,12.6623511908763,1
553,0,12.75,30,12.6623511908763,12.75,0
554,0,16.75,22,0,4.10117048093345,1
554,0,16.75,22,4.10117048093345,6.66572155972897,1
554,0,16.75,22,6.66572155972897,8.35809319794122,1
554,0,16.75,22,8.35809319794122,8.38777627856976,1
554,0,16.75,22,8.38777627856976,8.48585494464292,1
554,0,16.75,22,8.48585494464292,9.14591368604301,1
554,0,16.75,22,9.14591368604301,10.23853096648,1
554,0,16.75,22,10.23853096648,11.0080529975818,1
554,0,16.75,22,11.0080529975818,11.2778947000439,1
554,0,16.75,22,11.2778947000439,11.3511174696644,1
554,0,16.75,22,11.3511174696644,12.0585717268921,1
554,0,16.75,22,12.0585717268921,13.7082124703963,1
554,0,16.75,22,13.7082124703963,13.9091342181586,1
554,0,16.75,22,13.9091342181586,14.1439587858511,1
554,0,16.75,22,14.1439587858511,14.1920165859166,1
554,0,16.75,22,14.1920165859166,14.6084432023019,1
554,0,16.75,22,14.6084432023019,14.6881504405521,1
554,0,16.75,22,14.6881504405521,14.8910460226023,1
554,0,16.75,22,14.8910460226023,15.7942714857465,1
554,0,16.75,22,15.7942714857465,16.1955302955294,1
554,0,16.75,22,16.1955302955294,16.3955222828005,1
554,0,16.75,22,16.3955222828005,16.4924992542853,1
554,0,16.75,22,16.4924992542853,16.75,0
555,0,13.75,4,0,1.18638853226349,1
555,0,13.75,4,1.18638853226349,5.89813657808386,1
555,0,13.75,4,5.89813657808386,8.52910164231607,1
555,0,13.75,4,8.52910164231607,10.0107879162137,1
555,0,13.75,4,10.0107879162137,13.75,0
556,0,17.75,2,0,9.60995345099315,1
556,0,17.75,2,9.60995345099315,14.6278834003193,1
556,0,17.75,2,14.6278834003193,17.75,0
557,0,15.75,30,0,4.85144985492435,1
557,0,15.75,30,4.85144985492435,7.29000310105043,1
557,0,15.75,30,7.29000310105043,7.34883856690561,1
557,0,15.75,30,7.34883856690561,7.36086983252578,1
557,0,15.75,30,7.36086983252578,7.68074200815783,1
557,0,15.75,30,7.68074200815783,8.09394210461458,1
557,0,15.75,30,8.09394210461458,8.85917739885309,1
557,0,15.75,30,8.85917739885309,9.62276871958942,1
557,0,15.75,30,9.62276871958942,9.84054196051768,1
557,0,15.75,30,9.84054196051768,10.4987744084384,1
557,0,15.75,30,10.4987744084384,10.5198604580645,1
557,0,15.75,30,10.5198604580645,11.2482465813001,1
557,0,15.75,30,11.2482465813001,11.3621547204476,1
557,0,15.75,30,11.3621547204476,11.4314245557844,1
557,0,15.75,30,11.4314245557844,11.4565959897864,1
557,0,15.75,30,11.4565959897864,12.1167640223483,1
557,0,15.75,30,12.1167640223483,12.1196318792409,1
557,0,15.75,30,12.1196318792409,12.1411765317365,1
557,0,15.75,30,12.1411765317365,12.835621929483,1
557,0,15.75,30,12.835621929483,12.8366481018373,1
557,0,15.75,30,12.8366481018373,12.8652855378605,1
557,0,15.75,30,12.8652855378605,12.9240582670108,1
557,0,15.75,30,12.9240582670108,12.9427089649272,1
557,0,15.75,30,12.9427089649272,13.4325231355807,1
557,0,15.75,30,13.4325231355807,14.088533038211,1
557,0,15.75,30,14.088533038211,14.7615549966943,1
557,0,15.75,30,14.7615549966943,14.7673103018181,1
557,0,15.75,30,14.7673103018181,14.8087844171849,1
557,0,15.75,30,14.8087844171849,15.6627278053786,1
557,0,15.75,30,15.6627278053786,15.7299390821609,1
557,0,15.75,30,15.7299390821609,15.75,0
558,0,12.75,1,0,5.57726843702241,1
558,0,12.75,1,5.57726843702241,12.75,0
559,0,8.75,7,0,3.64304378498677,1
559,0,8.75,7,3.64304378498677,4.74737389302909,1
559,0,8.75,7,4.74737389302909,6.99841021096961,1
559,0,8.75,7,6.99841021096961,7.19164704034854,1
559,0,8.75,7,7.19164704034854,7.29700914863274,1
559,0,8.75,7,7.29700914863274,7.38995380984586,1
559,0,8.75,7,7.38995380984586,7.6961891444459,1
559,0,8.75,7,7.6961891444459,8.75,0
560,0,9.75,10,0,4.97677953650362,1
560,0,9.75,10,4.97677953650362,5.78737556514306,1
560,0,9.75,10,5.78737556514306,6.82360408593003,1
560,0,9.75,10,6.82360408593003,7.64473190123896,1
560,0,9.75,10,7.64473190123896,7.7569496656297,1
560,0,9.75,10,7.7569496656297,8.74770851013519,1
560,0,9.75,10,8.74770851013519,8.82489271598456,1
560,0,9.75,10,8.82489271598456,8.90097818747277,1
560,0,9.75,10,8.90097818747277,9.0941901240965,1
560,0,9.75,10,9.0941901240965,9.39540485612817,1
560,0,9.75,10,9.39540485612817,9.75,0
561,0,18.75,51,0,4.57220744127977,1
561,0,18.75,51,4.57220744127977,5.70444670283216,1
561,0,18.75,51,5.70444670283216,7.09391675352824,1
561,0,18.75,51,7.09391675352824,9.2677861575297,1
561,0,18.75,51,9.2677861575297,10.4083975480971,1
561,0,18.75,51,10.4083975480971,11.1822885887864,1
561,0,18.75,51,11.1822885887864,11.2502114259713,1
561,0,18.75,51,11.2502114259713,11.2908591203311,1
561,0,18.75,51,11.2908591203311,11.464300146429,1
561,0,18.75,51,11.464300146429,11.8068468634971,1
561,0,18.75,51,11.8068468634971,11.8585275029002,1
561,0,18.75,51,11.8585275029002,11.8674403920264,1
561,0,18.75,51,11.8674403920264,12.0316513706936,1
561,0,18.75,51,12.0316513706936,12.1751657576933,1
561,0,18.75,51,12.1751657576933,12.2920406951182,1
561,0,18.75,51,12.2920406951182,12.3106465919087,1
561,0,18.75,51,12.3106465919087,12.380184248443,1
561,0,18.75,51,12.380184248443,12.4609523280485,1
561,0,18.75,51,12.4609523280485,12.6846870774805,1
561,0,18.75,51,12.6846870774805,12.8719247376065,1
561,0,18.75,51,12.8719247376065,12.9162331138223,1
561,0,18.75,51,12.9162331138223,13.1768687979199,1
561,0,18.75,51,13.1768687979199,13.5634961186304,1
561,0,18.75,51,13.5634961186304,13.6619967732689,1
561,0,18.75,51,13.6619967732689,13.6637454297461,1
561,0,18.75,51,13.6637454297461,14.0384392109248,1
561,0,18.75,51,14.0384392109248,14.3303287934429,1
561,0,18.75,51,14.3303287934429,14.4655116648413,1
561,0,18.75,51,14.4655116648413,14.5433413258513,1
561,0,18.75,51,14.5433413258513,14.7204745568245,1
561,0,18.75,51,14.7204745568245,14.7232931687031,1
561,0,18.75,51,14.7232931687031,15.1196940071094,1
561,0,18.75,51,15.1196940071094,15.6183518696081,1
561,0,18.75,51,15.6183518696081,15.767219402276,1
561,0,18.75,51,15.767219402276,15.8939812868638,1
561,0,18.75,51,15.8939812868638,16.2823227114575,1
561,0,18.75,51,16.2823227114575,16.4409414597271,1
561,0,18.75,51,16.4409414597271,17.1538912322984,1
561,0,18.75,51,17.1538912322984,17.159862480905,1
561,0,18.75,51,17.159862480905,17.3216565261755,1
561,0,18.75,51,17.3216565261755,17.3770041596639,1
561,0,18.75,51,17.3770041596639,17.5679247186145,1
561,0,18.75,51,17.5679247186145,17.7087463881545,1
561,0,18.75,51,17.7087463881545,17.808560394354,1
561,0,18.75,51,17.808560394354,17.9691192361082,1
561,0,18.75,51,17.9691192361082,18.1533054782679,1
561,0,18.75,51,18.1533054782679,18.2911697227509,1
561,0,18.75,51,18.2911697227509,18.3492784623302,1
561,0,18.75,51,18.3492784623302,18.3808593664938,1
561,0,18.75,51,18.3808593664938,18.6336140069073,1
561,0,18.75,51,18.6336140069073,18.7202553269601,1
561,0,18.75,51,18.7202553269601,18.75,0
562,0,15.75,3,0,0.410633387148042,1
562,0,15.75,3,0.410633387148042,2.16880789615033,1
562,0,15.75,3,2.16880789615033,11.4975691970996,1
562,0,15.75,3,11.4975691970996,15.75,0
563,0,18.75,49,0,3.1427060429058,1
563,0,18.75,49,3.1427060429058,4.88587571493329,1
563,0,18.75,49,4.88587571493329,6.95983623959648,1
563,0,18.75,49,6.95983623959648,6.98182329647222,1
563,0,18.75,49,6.98182329647222,7.25456307318226,1
563,0,18.75,49,7.25456307318226,7.50727173363843,1
563,0,18.75,49,7.50727173363843,7.67833388250877,1
563,0,18.75,49,7.67833388250877,8.78572645843262,1
563,0,18.75,49,8.78572645843262,9.86119113673129,1
563,0,18.75,49,9.86119113673129,10.022498925966,1
563,0,18.75,49,10.022498925966,10.9484972287271,1
563,0,18.75,49,10.9484972287271,11.1787007551492,1
563,0,18.75,49,11.1787007551492,11.8491864424766,1
563,0,18.75,49,11.8491864424766,11.9722586635951,1
563,0,18.75,49,11.9722586635951,11.9764739774769,1
563,0,18.75,49,11.9764739774769,12.5950342002097,1
563,0,18.75,49,12.5950342002097,13.2845178903544,1
563,0,18.75,49,13.2845178903544,13.402775586163,1
563,0,18.75,49,13.402775586163,13.5089074536824,1
563,0,18.75,49,13.5089074536824,13.7383098940878,1
563,0,18.75,49,13.7383098940878,13.7932605982785,1
563,0,18.75,49,13.7932605982785,15.006218655563,1
563,0,18.75,49,15.006218655563,15.0133241796541,1
563,0,18.75,49,15.0133241796541,15.1914945604076,1
563,0,18.75,49,15.1914945604076,15.3964214633642,1
563,0,18.75,49,15.3964214633642,15.4278449603499,1
563,0,18.75,49,15.4278449603499,15.7007256234982,1
563,0,18.75,49,15.7007256234982,15.7460061455482,1
563,0,18.75,49,15.7460061455482,15.9849445345729,1
563,0,18.75,49,15.9849445345729,16.0291645709723,1
563,0,18.75,49,16.0291645709723,16.0454798981722,1
563,0,18.75,49,16.0454798981722,16.1854803243977,1
563,0,18.75,49,16.1854803243977,16.4162904324893,1
563,0,18.75,49,16.4162904324893,16.7050180470887,1
563,0,18.75,49,16.7050180470887,16.7075156836174,1
563,0,18.75,49,16.7075156836174,17.1633340400761,1
563,0,18.75,49,17.1633340400761,17.2716155917819,1
563,0,18.75,49,17.2716155917819,17.2731195419058,1
563,0,18.75,49,17.2731195419058,17.4883847776512,1
563,0,18.75,49,17.4883847776512,17.5504014898061,1
563,0,18.75,49,17.5504014898061,17.7065320495886,1
563,0,18.75,49,17.7065320495886,17.7519927424257,1
563,0,18.75,49,17.7519927424257,17.9979304716416,1
563,0,18.75,49,17.9979304716416,18.0910840244466,1
563,0,18.75,49,18.0910840244466,18.1151315868345,1
563,0,18.75,49,18.1151315868345,18.2013621891733,1
563,0,18.75,49,18.2013621891733,18.3425609718657,1
563,0,18.75,49,18.3425609718657,18.4851094776503,1
563,0,18.75,49,18.4851094776503,18.5369487521321,1
563,0,18.75,49,18.5369487521321,18.75,0
564,0,15.75,20,0,2.26329026068972,1
564,0,15.75,20,2.26329026068972,4.88667960225022,1
564,0,15.75,20,4.88667960225022,6.12494900530536,1
564,0,15.75,20,6.12494900530536,7.35037142631295,1
564,0,15.75,20,7.35037142631295,7.98105197344134,1
564,0,15.75,20,7.98105197344134,8.41033611332884,1
564,0,15.75,20,8.41033611332884,9.56062334809622,1
564,0,15.75,20,9.56062334809622,11.4893388982169,1
564,0,15.75,20,11.4893388982169,11.7502457702433,1
564,0,15.75,20,11.7502457702433,12.0113343489693,1
564,0,15.75,20,12.0113343489693,12.3987234912825,1
564,0,15.75,20,12.3987234912825,12.4669932605292,1
564,0,15.75,20,12.4669932605292,12.5833914525755,1
564,0,15.75,20,12.5833914525755,12.760073513065,1
564,0,15.75,20,12.760073513065,12.9732671711369,1
564,0,15.75,20,12.9732671711369,13.0489891060536,1
564,0,15.75,20,13.0489891060536,13.1572878521687,1
564,0,15.75,20,13.1572878521687,13.3534301256284,1
564,0,15.75,20,13.3534301256284,13.4081033314368,1
564,0,15.75,20,13.4081033314368,15.2407706978757,1
564,0,15.75,20,15.2407706978757,15.75,0
565,0,15.75,0,0,15.75,0
566,0,15.75,2,0,14.0718909882042,1
566,0,15.75,2,14.0718909882042,14.9742615545556,1
566,0,15.75,2,14.9742615545556,15.75,0
567,0,15.75,26,0,4.12858258243923,1
567,0,15.75,26,4.12858258243923,5.70422251572325,1
567,0,15.75,26,5.70422251572325,6.44707646760899,1
567,0,15.75,26,6.44707646760899,6.47242420174772,1
567,0,15.75,26,6.47242420174772,8.46827457940667,1
567,0,15.75,26,8.46827457940667,8.77958681815538,1
567,0,15.75,26,8.77958681815538,8.92095591079332,1
567,0,15.75,26,8.92095591079332,9.38666185417301,1
567,0,15.75,26,9.38666185417301,9.96822172137939,1
567,0,15.75,26,9.96822172137939,10.4698154700089,1
567,0,15.75,26,10.4698154700089,12.147993363403,1
567,0,15.75,26,12.147993363403,12.213072008441,1
567,0,15.75,26,12.213072008441,12.2984481932401,1
567,0,15.75,26,12.2984481932401,12.4055025681027,1
567,0,15.75,26,12.4055025681027,12.7760725706287,1
567,0,15.75,26,12.7760725706287,13.1813988211338,1
567,0,15.75,26,13.1813988211338,13.2239745106502,1
567,0,15.75,26,13.2239745106502,13.4252747775982,1
567,0,15.75,26,13.4252747775982,13.576073826814,1
567,0,15.75,26,13.576073826814,14.5157725647578,1
567,0,15.75,26,14.5157725647578,14.5592665085835,1
567,0,15.75,26,14.5592665085835,14.6839590906853,1
567,0,15.75,26,14.6839590906853,15.1657974847823,1
567,0,15.75,26,15.1657974847823,15.3571086914388,1
567,0,15.75,26,15.3571086914388,15.5791281421185,1
567,0,15.75,26,15.5791281421185,15.6061165432961,1
567,0,15.75,26,15.6061165432961,15.75,0
568,0,12.75,17,0,3.93841904864028,1
568,0,12.75,17,3.93841904864028,5.3116127767687,1
568,0,12.75,17,5.3116127767687,6.33084312123811,1
568,0,12.75,17,6.33084312123811,6.54807453036417,1
568,0,12.75,17,6.54807453036417,6.97765781686603,1
568,0,12.75,17,6.97765781686603,9.27738586123191,1
568,0,12.75,17,9.27738586123191,9.57914209051272,1
568,0,12.75,17,9.57914209051272,10.3220430312477,1
568,0,12.75,17,10.3220430312477,10.4872411521408,1
568,0,12.75,17,10.4872411521408,10.5081725968382,1
568,0,12.75,17,10.5081725968382,10.5157545876132,1
568,0,12.75,17,10.5157545876132,10.5939154903013,1
568,0,12.75,17,10.5939154903013,11.1740840788826,1
568,0,12.75,17,11.1740840788826,11.2912102610795,1
568,0,12.75,17,11.2912102610795,11.5479377736469,1
568,0,12.75,17,11.5479377736469,11.8823420612981,1
568,0,12.75,17,11.8823420612981,12.2307750698098,1
568,0,12.75,17,12.2307750698098,12.75,0
569,0,15.75,0,0,15.75,0
570,0,14.75,0,0,14.75,0
571,0,11.75,0,0,11.75,0
572,0,17.75,43,0,6.78121473589052,1
572,0,17.75,43,6.78121473589052,7.88961390605997,1
572,0,17.75,43,7.88961390605997,8.04917016994693,1
572,0,17.75,43,8.04917016994693,8.15000966301901,1
572,0,17.75,43,8.15000966301901,8.32368303704107,1
572,0,17.75,43,8.32368303704107,8.53411359827687,1
572,0,17.75,43,8.53411359827687,9.11248670765946,1
572,0,17.75,43,9.11248670765946,9.24893877423031,1
572,0,17.75,43,9.24893877423031,9.83043578785952,1
572,0,17.75,43,9.83043578785952,10.1096573367304,1
572,0,17.75,43,10.1096573367304,10.7021906950342,1
572,0,17.75,43,10.7021906950342,10.9850653574179,1
572,0,17.75,43,10.9850653574179,10.9993525059318,1
572,0,17.75,43,10.9993525059318,11.1525289150593,1
572,0,17.75,43,11.1525289150593,11.1798558707447,1
572,0,17.75,43,11.1798558707447,11.2540686205873,1
572,0,17.75,43,11.2540686205873,11.7820026833184,1
572,0,17.75,43,11.7820026833184,12.0084527809461,1
572,0,17.75,43,12.0084527809461,12.1521499929619,1
572,0,17.75,43,12.1521499929619,12.1641595485284,1
572,0,17.75,43,12.1641595485284,12.3694312082503,1
572,0,17.75,43,12.3694312082503,12.7636178721817,1
572,0,17.75,43,12.7636178721817,12.7781147457383,1
572,0,17.75,43,12.7781147457383,13.5140453912092,1
572,0,17.75,43,13.5140453912092,13.6688038971652,1
572,0,17.75,43,13.6688038971652,13.9768311537159,1
572,0,17.75,43,13.9768311537159,14.4810854488181,1
572,0,17.75,43,14.4810854488181,14.5836237033988,1
572,0,17.75,43,14.5836237033988,15.0248580766077,1
572,0,17.75,43,15.0248580766077,15.1140163173886,1
572,0,17.75,43,15.1140163173886,15.2700797265865,1
572,0,17.75,43,15.2700797265865,15.443653391259,1
572,0,17.75,43,15.443653391259,15.5616707839467,1
572,0,17.75,43,15.5616707839467,16.0687605648322,1
572,0,17.75,43,16.0687605648322,16.3132373377538,1
572,0,17.75,43,16.3132373377538,16.3958467628337,1
572,0,17.75,43,16.3958467628337,16.5157922388027,1
572,0,17.75,43,16.5157922388027,17.1950126192817,1
572,0,17.75,43,17.1950126192817,17.3780104073598,1
572,0,17.75,43,17.3780104073598,17.4524793657235,1
572,0,17.75,43,17.4524793657235,17.4671899117534,1
572,0,17.75,43,17.4671899117534,17.5235172282883,1
572,0,17.75,43,17.5235172282883,17.6510853273084,1
572,0,17.75,43,17.6510853273084,17.75,0
573,0,10.75,0,0,10.75,0
574,0,8.75,8,0,5.82574294923193,1
574,0,8.75,8,5.82574294923193,6.20516260551038,1
574,0,8.75,8,6.20516260551038,7.10189358784281,1
574,0,8.75,8,7.10189358784281,7.29706973860689,1
574,0,8.75,8,7.29706973860689,7.48129434980153,1
574,0,8.75,8,7.48129434980153,7.79616725007379,1
574,0,8.75,8,7.79616725007379,8.42606563282092,1
574,0,8.75,8,8.42606563282092,8.61321193796072,1
574,0,8.75,8,8.61321193796072,8.75,0
575,0,9.75,10,0,2.04255408474901,1
575,0,9.75,10,2.04255408474901,2.71337915340936,1
575,0,9.75,10,2.71337915340936,4.44056948018106,1
575,0,9.75,10,4.44056948018106,5.19287257195564,1
575,0,9.75,10,5.19287257195564,7.4932473789893,1
575,0,9.75,10,7.4932473789893,7.85120335594523,1
575,0,9.75,10,7.85120335594523,7.91955029720485,1
575,0,9.75,10,7.91955029720485,8.24465064892455,1
575,0,9.75,10,8.24465064892455,8.33141710840148,1
575,0,9.75,10,8.33141710840148,8.77351299746381,1
575,0,9.75,10,8.77351299746381,9.75,0
576,0,19.75,2,0,1.0509596966556,1
576,0,19.75,2,1.0509596966556,1.98739530820058,1
576,0,19.75,2,1.98739530820058,19.75,0
577,0,10.75,18,0,2.26483770075777,1
577,0,10.75,18,2.26483770075777,3.70432897693283,1
577,0,10.75,18,3.70432897693283,5.43284365019943,1
577,0,10.75,18,5.43284365019943,6.56044476111526,1
577,0,10.75,18,6.56044476111526,6.65794141093872,1
577,0,10.75,18,6.65794141093872,8.60214600949536,1
577,0,10.75,18,8.60214600949536,9.39542869593374,1
577,0,10.75,18,9.39542869593374,9.534692002975,1
577,0,10.75,18,9.534692002975,9.53902978527973,1
577,0,10.75,18,9.53902978527973,9.5908689517741,1
577,0,10.75,18,9.5908689517741,9.78715751956191,1
577,0,10.75,18,9.78715751956191,9.92130577737419,1
577,0,10.75,18,9.92130577737419,10.0490369521826,1
577,0,10.75,18,10.0490369521826,10.4760296937734,1
577,0,10.75,18,10.4760296937734,10.4878352755571,1
577,0,10.75,18,10.4878352755571,10.5570048539002,1
577,0,10.75,18,10.5570048539002,10.6505201872703,1
577,0,10.75,18,10.6505201872703,10.6812750250366,1
577,0,10.75,18,10.6812750250366,10.75,0
578,0,13.75,1,0,0.744764953396316,1
578,0,13.75,1,0.744764953396316,13.75,0
579,0,10.75,8,0,4.75956757011652,1
579,0,10.75,8,4.75956757011652,5.34247595659511,1
579,0,10.75,8,5.34247595659511,6.35265568041337,1
579,0,10.75,8,6.35265568041337,7.77142081560875,1
579,0,10.75,8,7.77142081560875,9.61609524300699,1
579,0,10.75,8,9.61609524300699,9.97057786360026,1
579,0,10.75,8,9.97057786360026,10.4884308014481,1
579,0,10.75,8,10.4884308014481,10.6757918427249,1
579,0,10.75,8,10.6757918427249,10.75,0
580,0,9.75,4,0,2.06371203101713,1
580,0,9.75,4,2.06371203101713,5.7761926763436,1
580,0,9.75,4,5.7761926763436,6.67604999895106,1
580,0,9.75,4,6.67604999895106,7.46065042753277,1
580,0,9.75,4,7.46065042753277,9.75,0
581,0,9.75,10,0,3.50989973542103,1
581,0,9.75,10,3.50989973542103,4.93393688160772,1
581,0,9.75,10,4.93393688160772,5.96650510667861,1
581,0,9.75,10,5.96650510667861,6.13105030525889,1
581,0,9.75,10,6.13105030525889,7.12341728946334,1
581,0,9.75,10,7.12341728946334,8.02353565479771,1
581,0,9.75,10,8.02353565479771,8.2742786945805,1
581,0,9.75,10,8.2742786945805,8.33810562805879,1
581,0,9.75,10,8.33810562805879,8.54437097502458,1
581,0,9.75,10,8.54437097502458,9.6199986135264,1
581,0,9.75,10,9.6199986135264,9.75,0
582,0,9.75,0,0,9.75,0
583,0,15.75,2,0,15.0660737329831,1
583,0,15.75,2,15.0660737329831,15.236389966,1
583,0,15.75,2,15.236389966,15.75,0
584,0,12.75,7,0,5.20178438186302,1
584,0,12.75,7,5.20178438186302,8.04032348349966,1
584,0,12.75,7,8.04032348349966,9.3673772608161,1
584,0,12.75,7,9.3673772608161,9.38809490012359,1
584,0,12.75,7,9.38809490012359,9.81225276352233,1
584,0,12.75,7,9.81225276352233,9.89522216384391,1
584,0,12.75,7,9.89522216384391,11.4016387882831,1
584,0,12.75,7,11.4016387882831,12.75,0
585,0,10.75,9,0,2.16242503786067,1
585,0,10.75,9,2.16242503786067,3.20097109965853,1
585,0,10.75,9,3.20097109965853,5.67828841575391,1
585,0,10.75,9,5.67828841575391,5.9414536216918,1
585,0,10.75,9,5.9414536216918,6.27668419990573,1
585,0,10.75,9,6.27668419990573,8.54540435887222,1
585,0,10.75,9,8.54540435887222,8.66934114105583,1
585,0,10.75,9,8.66934114105583,10.0091356076175,1
585,0,10.75,9,10.0091356076175,10.1839915914298,1
585,0,10.75,9,10.1839915914298,10.75,0
586,0,12.75,19,0,3.90783267075714,1
586,0,12.75,19,3.90783267075714,4.26159033293318,1
586,0,12.75,19,4.26159033293318,5.39829148432153,1
586,0,12.75,19,5.39829148432153,8.13857861905142,1
586,0,12.75,19,8.13857861905142,8.44943445315369,1
586,0,12.75,19,8.44943445315369,8.57853345601427,1
586,0,12.75,19,8.57853345601427,9.07845390024392,1
586,0,12.75,19,9.07845390024392,9.59836830782652,1
586,0,12.75,19,9.59836830782652,9.65928640293221,1
586,0,12.75,19,9.65928640293221,10.0968519641165,1
586,0,12.75,19,10.0968519641165,10.4496073938419,1
586,0,12.75,19,10.4496073938419,10.6019942720419,1
586,0,12.75,19,10.6019942720419,10.8698046466116,1
586,0,12.75,19,10.8698046466116,10.9117836912329,1
586,0,12.75,19,10.9117836912329,11.2561128283012,1
586,0,12.75,19,11.2561128283012,11.7499884871975,1
586,0,12.75,19,11.7499884871975,11.7750204570913,1
586,0,12.75,19,11.7750204570913,12.2663841794294,1
586,0,12.75,19,12.2663841794294,12.5284984136384,1
586,0,12.75,19,12.5284984136384,12.75,0
587,0,8.75,7,0,4.64834198144209,1
587,0,8.75,7,4.64834198144209,6.33396181616606,1
587,0,8.75,7,6.33396181616606,6.7580013892695,1
587,0,8.75,7,6.7580013892695,6.79936218799801,1
587,0,8.75,7,6.79936218799801,7.18190393350808,1
587,0,8.75,7,7.18190393350808,7.45406458209254,1
587,0,8.75,7,7.45406458209254,8.29344415607228,1
587,0,8.75,7,8.29344415607228,8.75,0
588,0,10.75,8,0,3.35972298154113,1
588,0,10.75,8,3.35972298154113,5.19848791811884,1
588,0,10.75,8,5.19848791811884,5.8807589365772,1
588,0,10.75,8,5.8807589365772,6.74335458652834,1
588,0,10.75,8,6.74335458652834,7.86301625010996,1
588,0,10.75,8,7.86301625010996,8.41277960465391,1
588,0,10.75,8,8.41277960465391,9.49372015343329,1
588,0,10.75,8,9.49372015343329,10.2658521590008,1
588,0,10.75,8,10.2658521590008,10.75,0
589,0,16.75,1,0,6.90871868837607,1
589,0,16.75,1,6.90871868837607,16.75,0
590,0,11.75,1,0,0.536680135803842,1
590,0,11.75,1,0.536680135803842,11.75,0
591,0,17.75,0,0,17.75,0
592,0,20.75,0,0,20.75,0
593,0,7.75,2,0,1.72126988241421,1
593,0,7.75,2,1.72126988241421,2.6159838890318,1
593,0,7.75,2,2.6159838890318,7.75,0
594,0,10.75,1,0,0.548585426422464,1
594,0,10.75,1,0.548585426422464,10.75,0
595,0,16.75,26,0,2.1624569258496,1
595,0,16.75,26,2.1624569258496,2.32504079123872,1
595,0,16.75,26,2.32504079123872,2.98777996230548,1
595,0,16.75,26,2.98777996230548,3.68157113856106,1
595,0,16.75,26,3.68157113856106,5.62169666057519,1
595,0,16.75,26,5.62169666057519,6.97994531618367,1
595,0,16.75,26,6.97994531618367,9.22106661924694,1
595,0,16.75,26,9.22106661924694,10.2242157151034,1
595,0,16.75,26,10.2242157151034,10.8277278973079,1
595,0,16.75,26,10.8277278973079,10.9631563984573,1
595,0,16.75,26,10.9631563984573,11.5469090870312,1
595,0,16.75,26,11.5469090870312,12.0035170504704,1
595,0,16.75,26,12.0035170504704,12.4809670016686,1
595,0,16.75,26,12.4809670016686,12.4892862191442,1
595,0,16.75,26,12.4892862191442,12.6680809152536,1
595,0,16.75,26,12.6680809152536,12.9436351682749,1
595,0,16.75,26,12.9436351682749,13.23508394344,1
595,0,16.75,26,13.23508394344,13.8031825260323,1
595,0,16.75,26,13.8031825260323,14.5621948424842,1
595,0,16.75,26,14.5621948424842,14.5724891098019,1
595,0,16.75,26,14.5724891098019,14.607650475814,1
595,0,16.75,26,14.607650475814,15.0502168293726,1
595,0,16.75,26,15.0502168293726,15.3336607413872,1
595,0,16.75,26,15.3336607413872,15.8265544775281,1
595,0,16.75,26,15.8265544775281,15.8820297826274,1
595,0,16.75,26,15.8820297826274,16.2455351965974,1
595,0,16.75,26,16.2455351965974,16.75,0
596,0,14.75,46,0,2.12820102109073,1
596,0,14.75,46,2.12820102109073,2.34226954033508,1
596,0,14.75,46,2.34226954033508,4.93179233459331,1
596,0,14.75,46,4.93179233459331,6.10576472538153,1
596,0,14.75,46,6.10576472538153,6.61179902373347,1
596,0,14.75,46,6.61179902373347,7.30015086395601,1
596,0,14.75,46,7.30015086395601,7.54937316062409,1
596,0,14.75,46,7.54937316062409,7.82188346959444,1
596,0,14.75,46,7.82188346959444,9.51096948064572,1
596,0,14.75,46,9.51096948064572,10.0009545637421,1
596,0,14.75,46,10.0009545637421,10.0258142061751,1
596,0,14.75,46,10.0258142061751,10.0995206614719,1
596,0,14.75,46,10.0995206614719,10.2958961715317,1
596,0,14.75,46,10.2958961715317,10.4279925292219,1
596,0,14.75,46,10.4279925292219,10.580552486791,1
596,0,14.75,46,10.580552486791,10.7872634993344,1
596,0,14.75,46,10.7872634993344,10.958087849351,1
596,0,14.75,46,10.958087849351,11.316231595648,1
596,0,14.75,46,11.316231595648,11.4642800348905,1
596,0,14.75,46,11.4642800348905,11.6266222583417,1
596,0,14.75,46,11.6266222583417,11.6375127101971,1
596,0,14.75,46,11.6375127101971,11.7514953343862,1
596,0,14.75,46,11.7514953343862,11.8132368311347,1
596,0,14.75,46,11.8132368311347,12.4686141427469,1
596,0,14.75,46,12.4686141427469,12.4909036869182,1
596,0,14.75,46,12.4909036869182,12.6927967816044,1
596,0,14.75,46,12.6927967816044,12.7475336759754,1
596,0,14.75,46,12.7475336759754,12.7858430530413,1
596,0,14.75,46,12.7858430530413,12.8013774442079,1
596,0,14.75,46,12.8013774442079,12.9074605595339,1
596,0,14.75,46,12.9074605595339,12.9398055135909,1
596,0,14.75,46,12.9398055135909,13.4331563689138,1
596,0,14.75,46,13.4331563689138,13.4637359794236,1
596,0,14.75,46,13.4637359794236,13.691811076495,1
596,0,14.75,46,13.691811076495,13.9701692321603,1
596,0,14.75,46,13.9701692321603,14.0489171480292,1
596,0,14.75,46,14.0489171480292,14.2315219409159,1
596,0,14.75,46,14.2315219409159,14.2445471175493,1
596,0,14.75,46,14.2445471175493,14.2618388251743,1
596,0,14.75,46,14.2618388251743,14.2742151940214,1
596,0,14.75,46,14.2742151940214,14.3878168512464,1
596,0,14.75,46,14.3878168512464,14.410520979196,1
596,0,14.75,46,14.410520979196,14.4747304519117,1
596,0,14.75,46,14.4747304519117,14.474748515201,1
596,0,14.75,46,14.474748515201,14.6836862981565,1
596,0,14.75,46,14.6836862981565,14.691799219945,1
596,0,14.75,46,14.691799219945,14.75,0
597,0,13.75,54,0,5.09737370234719,1
597,0,13.75,54,5.09737370234719,5.38496037141042,1
597,0,13.75,54,5.38496037141042,5.78859273493522,1
597,0,13.75,54,5.78859273493522,6.08640913385285,1
597,0,13.75,54,6.08640913385285,6.8294307282417,1
597,0,13.75,54,6.8294307282417,7.01426057709448,1
597,0,13.75,54,7.01426057709448,7.02515377779759,1
597,0,13.75,54,7.02515377779759,7.24736529380443,1
597,0,13.75,54,7.24736529380443,7.86600922885464,1
597,0,13.75,54,7.86600922885464,7.95546998657348,1
597,0,13.75,54,7.95546998657348,8.1040351705936,1
597,0,13.75,54,8.1040351705936,8.19538913954229,1
597,0,13.75,54,8.19538913954229,8.35274284001944,1
597,0,13.75,54,8.35274284001944,8.5742394384876,1
597,0,13.75,54,8.5742394384876,8.7039736159952,1
597,0,13.75,54,8.7039736159952,8.86928768591892,1
597,0,13.75,54,8.86928768591892,9.15038943520401,1
597,0,13.75,54,9.15038943520401,9.32098175081804,1
597,0,13.75,54,9.32098175081804,9.35120747671282,1
597,0,13.75,54,9.35120747671282,9.71024901509246,1
597,0,13.75,54,9.71024901509246,9.7234280729082,1
597,0,13.75,54,9.7234280729082,9.81260546573275,1
597,0,13.75,54,9.81260546573275,10.0606241147917,1
597,0,13.75,54,10.0606241147917,10.5477731685582,1
597,0,13.75,54,10.5477731685582,11.0129698065653,1
597,0,13.75,54,11.0129698065653,11.1052438334268,1
597,0,13.75,54,11.1052438334268,11.1805986619054,1
597,0,13.75,54,11.1805986619054,11.8399964700601,1
597,0,13.75,54,11.8399964700601,11.8696674310972,1
597,0,13.75,54,11.8696674310972,11.920762720243,1
597,0,13.75,54,11.920762720243,11.9764774179033,1
597,0,13.75,54,11.9764774179033,12.1725526434195,1
597,0,13.75,54,12.1725526434195,12.1725873407267,1
597,0,13.75,54,12.1725873407267,12.2882281740371,1
597,0,13.75,54,12.2882281740371,12.3926150567897,1
597,0,13.75,54,12.3926150567897,12.394416825922,1
597,0,13.75,54,12.394416825922,12.5056908569859,1
597,0,13.75,54,12.5056908569859,12.5080263826304,1
597,0,13.75,54,12.5080263826304,12.730070706445,1
597,0,13.75,54,12.730070706445,13.0143446424229,1
597,0,13.75,54,13.0143446424229,13.044325519204,1
597,0,13.75,54,13.044325519204,13.1000688837826,1
597,0,13.75,54,13.1000688837826,13.1585786124714,1
597,0,13.75,54,13.1585786124714,13.1622905643253,1
597,0,13.75,54,13.1622905643253,13.2237598101042,1
597,0,13.75,54,13.2237598101042,13.241615782756,1
597,0,13.75,54,13.241615782756,13.3196619836646,1
597,0,13.75,54,13.3196619836646,13.3415845603208,1
597,0,13.75,54,13.3415845603208,13.4917506080013,1
597,0,13.75,54,13.4917506080013,13.5252205682644,1
597,0,13.75,54,13.5252205682644,13.5461661757443,1
597,0,13.75,54,13.5461661757443,13.6059322923352,1
597,0,13.75,54,13.6059322923352,13.6730740782634,1
597,0,13.75,54,13.6730740782634,13.6900888723681,1
597,0,13.75,54,13.6900888723681,13.75,0
598,0,17.75,0,0,17.75,0
599,0,13.75,2,0,0.250531793107599,1
599,0,13.75,2,0.250531793107599,13.3108258012858,1
599,0,13.75,2,13.3108258012858,13.75,0
600,0,15.75,2,0,0.168626681780776,1
600,0,15.75,2,0.168626681780776,3.15928547355871,1
600,0,15.75,2,3.15928547355871,15.75,0
