"id","xi","Tei","n.rec","start","stop","status"
1,1,17.75,11,0,7.58724585938672,1
1,1,17.75,11,7.58724585938672,8.67992193909312,1
1,1,17.75,11,8.67992193909312,8.74801857049378,1
1,1,17.75,11,8.74801857049378,13.336989652044,1
1,1,17.75,11,13.336989652044,14.8531342692257,1
1,1,17.75,11,14.8531342692257,14.9511266385266,1
1,1,17.75,11,14.9511266385266,15.0557171965593,1
1,1,17.75,11,15.0557171965593,15.5881831669565,1
1,1,17.75,11,15.5881831669565,15.7032334983947,1
1,1,17.75,11,15.7032334983947,16.0201836141622,1
1,1,17.75,11,16.0201836141622,17.6256272215905,1
1,1,17.75,11,17.6256272215905,17.75,0
2,1,11.75,14,0,3.15118830671614,1
2,1,11.75,14,3.15118830671614,4.92731829610868,1
2,1,11.75,14,4.92731829610868,5.41992229249159,1
2,1,11.75,14,5.41992229249159,6.6582489508436,1
2,1,11.75,14,6.6582489508436,7.24848551421208,1
2,1,11.75,14,7.24848551421208,7.40996108742063,1
2,1,11.75,14,7.40996108742063,8.01472053823619,1
2,1,11.75,14,8.01472053823619,8.43338396860377,1
2,1,11.75,14,8.43338396860377,8.51752591420965,1
2,1,11.75,14,8.51752591420965,8.69391546174993,1
2,1,11.75,14,8.69391546174993,9.07053068462926,1
2,1,11.75,14,9.07053068462926,9.14253380427429,1
2,1,11.75,14,9.14253380427429,10.2659941272938,1
2,1,11.75,14,10.2659941272938,11.5300197121988,1
2,1,11.75,14,11.5300197121988,11.75,0
3,1,11.75,4,0,2.94274520234139,1
3,1,11.75,4,2.94274520234139,8.19836891974443,1
3,1,11.75,4,8.19836891974443,10.5217045647747,1
3,1,11.75,4,10.5217045647747,11.0236634026282,1
3,1,11.75,4,11.0236634026282,11.75,0
4,1,17.75,14,0,3.75498992541942,1
4,1,17.75,14,3.75498992541942,6.38548535373366,1
4,1,17.75,14,6.38548535373366,7.63377932768356,1
4,1,17.75,14,7.63377932768356,8.32154063440443,1
4,1,17.75,14,8.32154063440443,9.8218024027745,1
4,1,17.75,14,9.8218024027745,9.85461901255632,1
4,1,17.75,14,9.85461901255632,10.0278568593981,1
4,1,17.75,14,10.0278568593981,12.3971937351211,1
4,1,17.75,14,12.3971937351211,14.2646786100216,1
4,1,17.75,14,14.2646786100216,15.2556975904232,1
4,1,17.75,14,15.2556975904232,16.8850324598061,1
4,1,17.75,14,16.8850324598061,17.1898733604281,1
4,1,17.75,14,17.1898733604281,17.4192609593337,1
4,1,17.75,14,17.4192609593337,17.7134570442751,1
4,1,17.75,14,17.7134570442751,17.75,0
5,1,9.75,12,0,2.36245747483092,1
5,1,9.75,12,2.36245747483092,3.03232472315275,1
5,1,9.75,12,3.03232472315275,3.51549991576997,1
5,1,9.75,12,3.51549991576997,3.7857491362139,1
5,1,9.75,12,3.7857491362139,5.38267618795152,1
5,1,9.75,12,5.38267618795152,5.88974255913826,1
5,1,9.75,12,5.88974255913826,7.33170317592462,1
5,1,9.75,12,7.33170317592462,7.36103905082636,1
5,1,9.75,12,7.36103905082636,7.42477261117506,1
5,1,9.75,12,7.42477261117506,7.73660822252163,1
5,1,9.75,12,7.73660822252163,8.13254400620408,1
5,1,9.75,12,8.13254400620408,9.58466775317284,1
5,1,9.75,12,9.58466775317284,9.75,0
6,1,17.75,9,0,11.4952022855411,1
6,1,17.75,9,11.4952022855411,13.2330293213107,1
6,1,17.75,9,13.2330293213107,13.3404039470626,1
6,1,17.75,9,13.3404039470626,13.5339016301053,1
6,1,17.75,9,13.5339016301053,14.9078112684052,1
6,1,17.75,9,14.9078112684052,15.5157420780606,1
6,1,17.75,9,15.5157420780606,15.7497223150073,1
6,1,17.75,9,15.7497223150073,17.0048449718079,1
6,1,17.75,9,17.0048449718079,17.0883046725427,1
6,1,17.75,9,17.0883046725427,17.75,0
7,1,17.75,16,0,2.24029906516108,1
7,1,17.75,16,2.24029906516108,6.59070946108671,1
7,1,17.75,16,6.59070946108671,8.91047476939309,1
7,1,17.75,16,8.91047476939309,10.2499115356095,1
7,1,17.75,16,10.2499115356095,10.3398539293078,1
7,1,17.75,16,10.3398539293078,11.6077650782592,1
7,1,17.75,16,11.6077650782592,12.1900087491596,1
7,1,17.75,16,12.1900087491596,12.3491074636637,1
7,1,17.75,16,12.3491074636637,14.5785530011356,1
7,1,17.75,16,14.5785530011356,14.6011407499067,1
7,1,17.75,16,14.6011407499067,15.4393663773109,1
7,1,17.75,16,15.4393663773109,15.983437877603,1
7,1,17.75,16,15.983437877603,16.691300524423,1
7,1,17.75,16,16.691300524423,17.1954429704974,1
7,1,17.75,16,17.1954429704974,17.2213775091404,1
7,1,17.75,16,17.2213775091404,17.2951436061008,1
7,1,17.75,16,17.2951436061008,17.75,0
8,1,18.75,7,0,1.008928374742,1
8,1,18.75,7,1.008928374742,7.39547284806748,1
8,1,18.75,7,7.39547284806748,8.27818889133277,1
8,1,18.75,7,8.27818889133277,11.8493290079496,1
8,1,18.75,7,11.8493290079496,15.2016366483848,1
8,1,18.75,7,15.2016366483848,15.3723569502597,1
8,1,18.75,7,15.3723569502597,18.0931933553064,1
8,1,18.75,7,18.0931933553064,18.75,0
9,1,15.75,26,0,3.85957669681726,1
9,1,15.75,26,3.85957669681726,4.27628739488943,1
9,1,15.75,26,4.27628739488943,5.49734975268921,1
9,1,15.75,26,5.49734975268921,6.20350745759607,1
9,1,15.75,26,6.20350745759607,6.64653956900359,1
9,1,15.75,26,6.64653956900359,7.4098506273766,1
9,1,15.75,26,7.4098506273766,7.5647841627731,1
9,1,15.75,26,7.5647841627731,8.44039182331621,1
9,1,15.75,26,8.44039182331621,10.2587697239775,1
9,1,15.75,26,10.2587697239775,10.4176025348698,1
9,1,15.75,26,10.4176025348698,10.4643732233931,1
9,1,15.75,26,10.4643732233931,10.778601052134,1
9,1,15.75,26,10.778601052134,11.0013868191957,1
9,1,15.75,26,11.0013868191957,11.3661893653768,1
9,1,15.75,26,11.3661893653768,12.0900381525445,1
9,1,15.75,26,12.0900381525445,12.4352130012619,1
9,1,15.75,26,12.4352130012619,12.9341731880244,1
9,1,15.75,26,12.9341731880244,13.3264973977109,1
9,1,15.75,26,13.3264973977109,13.5116495683517,1
9,1,15.75,26,13.5116495683517,13.5187663501848,1
9,1,15.75,26,13.5187663501848,13.5956954777844,1
9,1,15.75,26,13.5956954777844,13.6447533324526,1
9,1,15.75,26,13.6447533324526,13.8660607291374,1
9,1,15.75,26,13.8660607291374,13.9133145389577,1
9,1,15.75,26,13.9133145389577,14.737127267463,1
9,1,15.75,26,14.737127267463,14.9309887922146,1
9,1,15.75,26,14.9309887922146,15.75,0
10,1,13.75,11,0,3.94859881963129,1
10,1,13.75,11,3.94859881963129,5.10745600046832,1
10,1,13.75,11,5.10745600046832,5.64608836296173,1
10,1,13.75,11,5.64608836296173,7.23568610140571,1
10,1,13.75,11,7.23568610140571,8.10745597424066,1
10,1,13.75,11,8.10745597424066,10.3162075740207,1
10,1,13.75,11,10.3162075740207,11.6754132708027,1
10,1,13.75,11,11.6754132708027,12.1099118881118,1
10,1,13.75,11,12.1099118881118,12.1731424934965,1
10,1,13.75,11,12.1731424934965,12.269379075614,1
10,1,13.75,11,12.269379075614,12.315603096294,1
10,1,13.75,11,12.315603096294,13.75,0
11,1,12.75,5,0,1.07002574885507,1
11,1,12.75,5,1.07002574885507,9.02678685086333,1
11,1,12.75,5,9.02678685086333,9.60548067832516,1
11,1,12.75,5,9.60548067832516,10.0889188528069,1
11,1,12.75,5,10.0889188528069,10.9482942046705,1
11,1,12.75,5,10.9482942046705,12.75,0
12,1,20.75,52,0,2.03447836324425,1
12,1,20.75,52,2.03447836324425,2.28522167291419,1
12,1,20.75,52,2.28522167291419,3.2641922548674,1
12,1,20.75,52,3.2641922548674,4.2551330685746,1
12,1,20.75,52,4.2551330685746,4.74921736750339,1
12,1,20.75,52,4.74921736750339,5.30917696160428,1
12,1,20.75,52,5.30917696160428,6.92062440039315,1
12,1,20.75,52,6.92062440039315,7.2514480704604,1
12,1,20.75,52,7.2514480704604,7.84535105797626,1
12,1,20.75,52,7.84535105797626,8.12582329043156,1
12,1,20.75,52,8.12582329043156,8.22078378301972,1
12,1,20.75,52,8.22078378301972,8.90507104590074,1
12,1,20.75,52,8.90507104590074,8.99583810036862,1
12,1,20.75,52,8.99583810036862,9.16909243429949,1
12,1,20.75,52,9.16909243429949,9.27158626772024,1
12,1,20.75,52,9.27158626772024,9.3665186816332,1
12,1,20.75,52,9.3665186816332,10.35872130345,1
12,1,20.75,52,10.35872130345,11.0184940713892,1
12,1,20.75,52,11.0184940713892,11.1588020488512,1
12,1,20.75,52,11.1588020488512,11.2139203300634,1
12,1,20.75,52,11.2139203300634,11.7745282318986,1
12,1,20.75,52,11.7745282318986,11.8734038647546,1
12,1,20.75,52,11.8734038647546,12.1315789849116,1
12,1,20.75,52,12.1315789849116,12.6614215290147,1
12,1,20.75,52,12.6614215290147,14.75155557795,1
12,1,20.75,52,14.75155557795,14.9847803981995,1
12,1,20.75,52,14.9847803981995,15.1081815257168,1
12,1,20.75,52,15.1081815257168,15.2046728633491,1
12,1,20.75,52,15.2046728633491,15.3700223804929,1
12,1,20.75,52,15.3700223804929,15.3795721120246,1
12,1,20.75,52,15.3795721120246,15.4743192526028,1
12,1,20.75,52,15.4743192526028,15.5166948461169,1
12,1,20.75,52,15.5166948461169,15.9464327766322,1
12,1,20.75,52,15.9464327766322,16.1598887441429,1
12,1,20.75,52,16.1598887441429,16.2244046104799,1
12,1,20.75,52,16.2244046104799,16.3944158447803,1
12,1,20.75,52,16.3944158447803,16.4369264985797,1
12,1,20.75,52,16.4369264985797,16.6184017899196,1
12,1,20.75,52,16.6184017899196,16.8956136515421,1
12,1,20.75,52,16.8956136515421,17.3631298362725,1
12,1,20.75,52,17.3631298362725,17.3805842482008,1
12,1,20.75,52,17.3805842482008,17.5270805010633,1
12,1,20.75,52,17.5270805010633,18.1894671828309,1
12,1,20.75,52,18.1894671828309,18.5783817040262,1
12,1,20.75,52,18.5783817040262,18.6250625895515,1
12,1,20.75,52,18.6250625895515,18.6855843754463,1
12,1,20.75,52,18.6855843754463,19.314730810554,1
12,1,20.75,52,19.314730810554,19.7042563312092,1
12,1,20.75,52,19.7042563312092,19.919723789805,1
12,1,20.75,52,19.919723789805,20.0077253670354,1
12,1,20.75,52,20.0077253670354,20.1492576449011,1
12,1,20.75,52,20.1492576449011,20.5767425765019,1
12,1,20.75,52,20.5767425765019,20.75,0
13,1,10.75,3,0,6.07587342851817,1
13,1,10.75,3,6.07587342851817,7.34134426307489,1
13,1,10.75,3,7.34134426307489,9.35370608918045,1
13,1,10.75,3,9.35370608918045,10.75,0
14,1,18.75,9,0,8.20530934247338,1
14,1,18.75,9,8.20530934247338,10.6879892338793,1
14,1,18.75,9,10.6879892338793,12.5808819873569,1
14,1,18.75,9,12.5808819873569,14.140016960301,1
14,1,18.75,9,14.140016960301,15.8527790557219,1
14,1,18.75,9,15.8527790557219,17.2729901205462,1
14,1,18.75,9,17.2729901205462,18.0198367359757,1
14,1,18.75,9,18.0198367359757,18.4116270472223,1
14,1,18.75,9,18.4116270472223,18.5788654635067,1
14,1,18.75,9,18.5788654635067,18.75,0
15,1,15.75,10,0,8.590015053619,1
15,1,15.75,10,8.590015053619,9.76933464575773,1
15,1,15.75,10,9.76933464575773,9.9527177781452,1
15,1,15.75,10,9.9527177781452,9.96955847603077,1
15,1,15.75,10,9.96955847603077,10.6503223113256,1
15,1,15.75,10,10.6503223113256,11.6818070122432,1
15,1,15.75,10,11.6818070122432,12.4103346890355,1
15,1,15.75,10,12.4103346890355,12.905977903053,1
15,1,15.75,10,12.905977903053,13.1231508970985,1
15,1,15.75,10,13.1231508970985,13.9247878052422,1
15,1,15.75,10,13.9247878052422,15.75,0
16,1,10.75,11,0,0.910785156257074,1
16,1,10.75,11,0.910785156257074,5.33404070479261,1
16,1,10.75,11,5.33404070479261,6.38482900299915,1
16,1,10.75,11,6.38482900299915,6.91145450814541,1
16,1,10.75,11,6.91145450814541,7.02106927683563,1
16,1,10.75,11,7.02106927683563,8.59106352747781,1
16,1,10.75,11,8.59106352747781,9.27869782433514,1
16,1,10.75,11,9.27869782433514,9.54492920272324,1
16,1,10.75,11,9.54492920272324,9.76790706277936,1
16,1,10.75,11,9.76790706277936,10.1943088150238,1
16,1,10.75,11,10.1943088150238,10.6226296237951,1
16,1,10.75,11,10.6226296237951,10.75,0
17,1,20.75,31,0,3.26243038441125,1
17,1,20.75,31,3.26243038441125,5.24133516160716,1
17,1,20.75,31,5.24133516160716,5.41976776314061,1
17,1,20.75,31,5.41976776314061,6.27497626767376,1
17,1,20.75,31,6.27497626767376,7.58447091246858,1
17,1,20.75,31,7.58447091246858,9.63203425213312,1
17,1,20.75,31,9.63203425213312,10.7418018399559,1
17,1,20.75,31,10.7418018399559,11.4145884925323,1
17,1,20.75,31,11.4145884925323,11.8580259318137,1
17,1,20.75,31,11.8580259318137,12.2448428484977,1
17,1,20.75,31,12.2448428484977,12.5478835787689,1
17,1,20.75,31,12.5478835787689,12.6251193546802,1
17,1,20.75,31,12.6251193546802,13.4926595662273,1
17,1,20.75,31,13.4926595662273,14.3133707087063,1
17,1,20.75,31,14.3133707087063,14.7060492830911,1
17,1,20.75,31,14.7060492830911,14.9769876188858,1
17,1,20.75,31,14.9769876188858,15.0435060340719,1
17,1,20.75,31,15.0435060340719,15.4187256320332,1
17,1,20.75,31,15.4187256320332,15.5182056019603,1
17,1,20.75,31,15.5182056019603,16.6367652856202,1
17,1,20.75,31,16.6367652856202,16.6438219707508,1
17,1,20.75,31,16.6438219707508,16.7535221050834,1
17,1,20.75,31,16.7535221050834,18.0795451953955,1
17,1,20.75,31,18.0795451953955,18.4181680162586,1
17,1,20.75,31,18.4181680162586,18.5313935691955,1
17,1,20.75,31,18.5313935691955,18.753179544746,1
17,1,20.75,31,18.753179544746,18.8028471049083,1
17,1,20.75,31,18.8028471049083,19.036731361715,1
17,1,20.75,31,19.036731361715,19.2776073014021,1
17,1,20.75,31,19.2776073014021,20.330891594795,1
17,1,20.75,31,20.330891594795,20.4232845331209,1
17,1,20.75,31,20.4232845331209,20.75,0
18,1,15.75,7,0,2.22883304290542,1
18,1,15.75,7,2.22883304290542,6.23088845402862,1
18,1,15.75,7,6.23088845402862,9.15093428196993,1
18,1,15.75,7,9.15093428196993,11.5139282140868,1
18,1,15.75,7,11.5139282140868,12.1010340398297,1
18,1,15.75,7,12.1010340398297,13.5169533234108,1
18,1,15.75,7,13.5169533234108,13.7809502724561,1
18,1,15.75,7,13.7809502724561,15.75,0
19,1,11.75,4,0,3.4068878111765,1
19,1,11.75,4,3.4068878111765,8.61263801132462,1
19,1,11.75,4,8.61263801132462,9.20534291184221,1
19,1,11.75,4,9.20534291184221,10.1617390426373,1
19,1,11.75,4,10.1617390426373,11.75,0
20,1,13.75,4,0,5.97758638725278,1
20,1,13.75,4,5.97758638725278,8.37218252963792,1
20,1,13.75,4,8.37218252963792,9.01110163457345,1
20,1,13.75,4,9.01110163457345,12.0571465153412,1
20,1,13.75,4,12.0571465153412,13.75,0
21,1,14.75,7,0,1.88540018256537,1
21,1,14.75,7,1.88540018256537,5.46631460795385,1
21,1,14.75,7,5.46631460795385,9.66820299564986,1
21,1,14.75,7,9.66820299564986,10.24447281531,1
21,1,14.75,7,10.24447281531,11.8899786852231,1
21,1,14.75,7,11.8899786852231,13.4205977069554,1
21,1,14.75,7,13.4205977069554,14.6467345004595,1
21,1,14.75,7,14.6467345004595,14.75,0
22,1,14.75,29,0,3.80065457272714,1
22,1,14.75,29,3.80065457272714,4.65481228125191,1
22,1,14.75,29,4.65481228125191,4.66639213269674,1
22,1,14.75,29,4.66639213269674,4.75441640217282,1
22,1,14.75,29,4.75441640217282,5.27105120231938,1
22,1,14.75,29,5.27105120231938,6.03365482294183,1
22,1,14.75,29,6.03365482294183,6.39400519243896,1
22,1,14.75,29,6.39400519243896,7.40745809430968,1
22,1,14.75,29,7.40745809430968,7.55302553470392,1
22,1,14.75,29,7.55302553470392,7.84326755874324,1
22,1,14.75,29,7.84326755874324,8.1880420584391,1
22,1,14.75,29,8.1880420584391,8.35259117251873,1
22,1,14.75,29,8.35259117251873,8.44521866865957,1
22,1,14.75,29,8.44521866865957,8.66779589796034,1
22,1,14.75,29,8.66779589796034,8.79042935972083,1
22,1,14.75,29,8.79042935972083,9.44454347255597,1
22,1,14.75,29,9.44454347255597,9.50214029508328,1
22,1,14.75,29,9.50214029508328,10.1909196985119,1
22,1,14.75,29,10.1909196985119,10.2540730824175,1
22,1,14.75,29,10.2540730824175,10.7156528975425,1
22,1,14.75,29,10.7156528975425,10.9572026807605,1
22,1,14.75,29,10.9572026807605,11.1652853863832,1
22,1,14.75,29,11.1652853863832,11.1683851054456,1
22,1,14.75,29,11.1683851054456,12.0749382805563,1
22,1,14.75,29,12.0749382805563,13.2444242258979,1
22,1,14.75,29,13.2444242258979,13.8727441584714,1
22,1,14.75,29,13.8727441584714,13.9890788972109,1
22,1,14.75,29,13.9890788972109,14.258040814098,1
22,1,14.75,29,14.258040814098,14.4255300160559,1
22,1,14.75,29,14.4255300160559,14.75,0
23,1,14.75,19,0,0.69576971457377,1
23,1,14.75,19,0.69576971457377,1.65267978436989,1
23,1,14.75,19,1.65267978436989,3.07075530232284,1
23,1,14.75,19,3.07075530232284,6.12587520560925,1
23,1,14.75,19,6.12587520560925,6.897218822633,1
23,1,14.75,19,6.897218822633,7.37958103703263,1
23,1,14.75,19,7.37958103703263,7.49087790884884,1
23,1,14.75,19,7.49087790884884,8.1120596543776,1
23,1,14.75,19,8.1120596543776,10.6051334728792,1
23,1,14.75,19,10.6051334728792,10.7394263713551,1
23,1,14.75,19,10.7394263713551,11.0365768617178,1
23,1,14.75,19,11.0365768617178,11.338831493351,1
23,1,14.75,19,11.338831493351,11.4123490653911,1
23,1,14.75,19,11.4123490653911,12.4083317383339,1
23,1,14.75,19,12.4083317383339,12.5122225233779,1
23,1,14.75,19,12.5122225233779,12.777489053077,1
23,1,14.75,19,12.777489053077,12.8930760245399,1
23,1,14.75,19,12.8930760245399,12.9544790746098,1
23,1,14.75,19,12.9544790746098,13.6905321254109,1
23,1,14.75,19,13.6905321254109,14.75,0
24,1,15.75,6,0,5.289211426567,1
24,1,15.75,6,5.289211426567,7.49525783679926,1
24,1,15.75,6,7.49525783679926,9.12111033129113,1
24,1,15.75,6,9.12111033129113,12.2296886035799,1
24,1,15.75,6,12.2296886035799,14.0200841523803,1
24,1,15.75,6,14.0200841523803,15.070378860498,1
24,1,15.75,6,15.070378860498,15.75,0
25,1,9.75,2,0,4.91596914662435,1
25,1,9.75,2,4.91596914662435,8.62403135167502,1
25,1,9.75,2,8.62403135167502,9.75,0
26,1,15.75,16,0,4.79004706937937,1
26,1,15.75,16,4.79004706937937,5.07778171068427,1
26,1,15.75,16,5.07778171068427,5.6347590849295,1
26,1,15.75,16,5.6347590849295,6.51936983976555,1
26,1,15.75,16,6.51936983976555,7.21331957856642,1
26,1,15.75,16,7.21331957856642,7.6236748614867,1
26,1,15.75,16,7.6236748614867,7.69205668714951,1
26,1,15.75,16,7.69205668714951,7.7632593390954,1
26,1,15.75,16,7.7632593390954,8.16633984779688,1
26,1,15.75,16,8.16633984779688,8.54346733782435,1
26,1,15.75,16,8.54346733782435,10.279847245578,1
26,1,15.75,16,10.279847245578,11.0976528744852,1
26,1,15.75,16,11.0976528744852,12.0853623527704,1
26,1,15.75,16,12.0853623527704,12.4173519938912,1
26,1,15.75,16,12.4173519938912,13.9809166742405,1
26,1,15.75,16,13.9809166742405,15.5233310312492,1
26,1,15.75,16,15.5233310312492,15.75,0
27,1,13.75,7,0,1.7119426806974,1
27,1,13.75,7,1.7119426806974,3.86848507876364,1
27,1,13.75,7,3.86848507876364,6.17487931452465,1
27,1,13.75,7,6.17487931452465,11.0836023973036,1
27,1,13.75,7,11.0836023973036,11.6265350793711,1
27,1,13.75,7,11.6265350793711,12.1253010906501,1
27,1,13.75,7,12.1253010906501,13.2252037471545,1
27,1,13.75,7,13.2252037471545,13.75,0
28,1,19.75,35,0,2.33651819337229,1
28,1,19.75,35,2.33651819337229,2.37590695310665,1
28,1,19.75,35,2.37590695310665,3.97085081395447,1
28,1,19.75,35,3.97085081395447,6.35335341658541,1
28,1,19.75,35,6.35335341658541,6.40889102701191,1
28,1,19.75,35,6.40889102701191,9.53591215669416,1
28,1,19.75,35,9.53591215669416,10.3209906591491,1
28,1,19.75,35,10.3209906591491,10.4074349633676,1
28,1,19.75,35,10.4074349633676,11.0444527239317,1
28,1,19.75,35,11.0444527239317,11.1749856035221,1
28,1,19.75,35,11.1749856035221,11.3977352029187,1
28,1,19.75,35,11.3977352029187,11.8038829408861,1
28,1,19.75,35,11.8038829408861,12.0859941625278,1
28,1,19.75,35,12.0859941625278,12.2485504976883,1
28,1,19.75,35,12.2485504976883,12.3013916867212,1
28,1,19.75,35,12.3013916867212,13.1130534771453,1
28,1,19.75,35,13.1130534771453,13.2014516959375,1
28,1,19.75,35,13.2014516959375,13.4712859521289,1
28,1,19.75,35,13.4712859521289,14.1755262333222,1
28,1,19.75,35,14.1755262333222,14.7665673056712,1
28,1,19.75,35,14.7665673056712,14.8901309868002,1
28,1,19.75,35,14.8901309868002,15.0314498381245,1
28,1,19.75,35,15.0314498381245,15.187817184615,1
28,1,19.75,35,15.187817184615,15.2736436736443,1
28,1,19.75,35,15.2736436736443,16.0749154762618,1
28,1,19.75,35,16.0749154762618,16.7341907691008,1
28,1,19.75,35,16.7341907691008,17.2509242790341,1
28,1,19.75,35,17.2509242790341,17.3328651184178,1
28,1,19.75,35,17.3328651184178,17.9439787028186,1
28,1,19.75,35,17.9439787028186,17.9820434804662,1
28,1,19.75,35,17.9820434804662,18.3494757460847,1
28,1,19.75,35,18.3494757460847,18.3930817658343,1
28,1,19.75,35,18.3930817658343,18.4344245262307,1
28,1,19.75,35,18.4344245262307,19.4576575219406,1
28,1,19.75,35,19.4576575219406,19.4646951524794,1
28,1,19.75,35,19.4646951524794,19.75,0
29,1,13.75,19,0,2.4233056113075,1
29,1,13.75,19,2.4233056113075,3.32317516000853,1
29,1,13.75,19,3.32317516000853,3.38934852757481,1
29,1,13.75,19,3.38934852757481,3.75857370239699,1
29,1,13.75,19,3.75857370239699,4.99836637563038,1
29,1,13.75,19,4.99836637563038,5.75080742312758,1
29,1,13.75,19,5.75080742312758,5.81427166458442,1
29,1,13.75,19,5.81427166458442,7.80960653116406,1
29,1,13.75,19,7.80960653116406,8.41315900249267,1
29,1,13.75,19,8.41315900249267,8.60182664082586,1
29,1,13.75,19,8.60182664082586,9.35992808821235,1
29,1,13.75,19,9.35992808821235,9.40000642927935,1
29,1,13.75,19,9.40000642927935,9.68402910437094,1
29,1,13.75,19,9.68402910437094,9.89703550630619,1
29,1,13.75,19,9.89703550630619,9.91339998406796,1
29,1,13.75,19,9.91339998406796,11.4186092972422,1
29,1,13.75,19,11.4186092972422,13.5470690516195,1
29,1,13.75,19,13.5470690516195,13.6092035034291,1
29,1,13.75,19,13.6092035034291,13.6541400757657,1
29,1,13.75,19,13.6541400757657,13.75,0
30,1,8.75,9,0,1.26513086924568,1
30,1,8.75,9,1.26513086924568,2.47260032414138,1
30,1,8.75,9,2.47260032414138,3.61389003181882,1
30,1,8.75,9,3.61389003181882,5.19327315032613,1
30,1,8.75,9,5.19327315032613,6.85997610195843,1
30,1,8.75,9,6.85997610195843,8.37287661350224,1
30,1,8.75,9,8.37287661350224,8.47139210732057,1
30,1,8.75,9,8.47139210732057,8.52123527876385,1
30,1,8.75,9,8.52123527876385,8.65234459054486,1
30,1,8.75,9,8.65234459054486,8.75,0
31,1,20.75,14,0,4.26580502633523,1
31,1,20.75,14,4.26580502633523,8.39712608694507,1
31,1,20.75,14,8.39712608694507,9.89103693483795,1
31,1,20.75,14,9.89103693483795,12.7039687516684,1
31,1,20.75,14,12.7039687516684,14.4767815895161,1
31,1,20.75,14,14.4767815895161,14.9243389186651,1
31,1,20.75,14,14.9243389186651,15.8031618919644,1
31,1,20.75,14,15.8031618919644,15.9519717227694,1
31,1,20.75,14,15.9519717227694,18.0704093916894,1
31,1,20.75,14,18.0704093916894,18.0730214816409,1
31,1,20.75,14,18.0730214816409,18.1787134534386,1
31,1,20.75,14,18.1787134534386,18.8550553357942,1
31,1,20.75,14,18.8550553357942,20.3454464613416,1
31,1,20.75,14,20.3454464613416,20.5255977026974,1
31,1,20.75,14,20.5255977026974,20.75,0
32,1,15.75,28,0,1.14596066451386,1
32,1,15.75,28,1.14596066451386,3.64699954526133,1
32,1,15.75,28,3.64699954526133,5.26235890072412,1
32,1,15.75,28,5.26235890072412,5.26505346447504,1
32,1,15.75,28,5.26505346447504,5.4763138602309,1
32,1,15.75,28,5.4763138602309,5.53908720977048,1
32,1,15.75,28,5.53908720977048,5.72242732604753,1
32,1,15.75,28,5.72242732604753,6.7751187116218,1
32,1,15.75,28,6.7751187116218,6.90503651747142,1
32,1,15.75,28,6.90503651747142,6.9753278781877,1
32,1,15.75,28,6.9753278781877,6.97812150320196,1
32,1,15.75,28,6.97812150320196,7.17357155382804,1
32,1,15.75,28,7.17357155382804,7.87627981785719,1
32,1,15.75,28,7.87627981785719,7.87971330265058,1
32,1,15.75,28,7.87971330265058,9.4069484496853,1
32,1,15.75,28,9.4069484496853,9.44719709110334,1
32,1,15.75,28,9.44719709110334,10.014180555451,1
32,1,15.75,28,10.014180555451,10.1244424945506,1
32,1,15.75,28,10.1244424945506,11.0505266145839,1
32,1,15.75,28,11.0505266145839,12.3433552497011,1
32,1,15.75,28,12.3433552497011,12.6697284958032,1
32,1,15.75,28,12.6697284958032,12.9504274287877,1
32,1,15.75,28,12.9504274287877,13.0064484743183,1
32,1,15.75,28,13.0064484743183,13.2503947512637,1
32,1,15.75,28,13.2503947512637,13.5275864481224,1
32,1,15.75,28,13.5275864481224,14.1443556960898,1
32,1,15.75,28,14.1443556960898,14.4626838763772,1
32,1,15.75,28,14.4626838763772,14.8225999039105,1
32,1,15.75,28,14.8225999039105,15.75,0
33,1,10.75,8,0,6.48714320748789,1
33,1,10.75,8,6.48714320748789,6.96527765021984,1
33,1,10.75,8,6.96527765021984,7.1067423101632,1
33,1,10.75,8,7.1067423101632,7.22103947932027,1
33,1,10.75,8,7.22103947932027,8.27719859012901,1
33,1,10.75,8,8.27719859012901,8.74342615536883,1
33,1,10.75,8,8.74342615536883,9.38987592653043,1
33,1,10.75,8,9.38987592653043,10.0377675796173,1
33,1,10.75,8,10.0377675796173,10.75,0
34,1,14.75,25,0,1.40555887695748,1
34,1,14.75,25,1.40555887695748,2.6173068297595,1
34,1,14.75,25,2.6173068297595,4.77679600645758,1
34,1,14.75,25,4.77679600645758,6.12059774885354,1
34,1,14.75,25,6.12059774885354,6.60895808617434,1
34,1,14.75,25,6.60895808617434,7.80567722838908,1
34,1,14.75,25,7.80567722838908,8.96694600535846,1
34,1,14.75,25,8.96694600535846,9.37589896662547,1
34,1,14.75,25,9.37589896662547,9.48418985349514,1
34,1,14.75,25,9.48418985349514,10.3932570797239,1
34,1,14.75,25,10.3932570797239,10.8349754470981,1
34,1,14.75,25,10.8349754470981,10.9286834624299,1
34,1,14.75,25,10.9286834624299,10.9762835973102,1
34,1,14.75,25,10.9762835973102,11.486599564404,1
34,1,14.75,25,11.486599564404,12.2500912591793,1
34,1,14.75,25,12.2500912591793,12.2875082679884,1
34,1,14.75,25,12.2875082679884,12.3620119992244,1
34,1,14.75,25,12.3620119992244,12.5974704736848,1
34,1,14.75,25,12.5974704736848,12.6987628358798,1
34,1,14.75,25,12.6987628358798,12.8026124636808,1
34,1,14.75,25,12.8026124636808,13.3970993461891,1
34,1,14.75,25,13.3970993461891,13.5754974256337,1
34,1,14.75,25,13.5754974256337,13.6183183621354,1
34,1,14.75,25,13.6183183621354,14.2827500015974,1
34,1,14.75,25,14.2827500015974,14.6855483183317,1
34,1,14.75,25,14.6855483183317,14.75,0
35,1,12.75,7,0,3.73527816491734,1
35,1,12.75,7,3.73527816491734,10.2357786028814,1
35,1,12.75,7,10.2357786028814,11.0448764160466,1
35,1,12.75,7,11.0448764160466,11.355264079138,1
35,1,12.75,7,11.355264079138,11.4174482957983,1
35,1,12.75,7,11.4174482957983,11.884144444074,1
35,1,12.75,7,11.884144444074,12.0327771549871,1
35,1,12.75,7,12.0327771549871,12.75,0
36,1,11.75,9,0,1.61550310545251,1
36,1,11.75,9,1.61550310545251,3.75828142121541,1
36,1,11.75,9,3.75828142121541,6.70374397321573,1
36,1,11.75,9,6.70374397321573,6.91420993821682,1
36,1,11.75,9,6.91420993821682,7.88162296701278,1
36,1,11.75,9,7.88162296701278,7.98664761110968,1
36,1,11.75,9,7.98664761110968,8.35725635480572,1
36,1,11.75,9,8.35725635480572,8.39466613823525,1
36,1,11.75,9,8.39466613823525,10.9644092822016,1
36,1,11.75,9,10.9644092822016,11.75,0
37,1,8.75,4,0,5.71266308938492,1
37,1,8.75,4,5.71266308938492,5.97536345871008,1
37,1,8.75,4,5.97536345871008,6.57875140087739,1
37,1,8.75,4,6.57875140087739,8.11655907275014,1
37,1,8.75,4,8.11655907275014,8.75,0
38,1,10.75,4,0,6.07815444908706,1
38,1,10.75,4,6.07815444908706,7.6289768726174,1
38,1,10.75,4,7.6289768726174,9.1623044163988,1
38,1,10.75,4,9.1623044163988,10.7162515054644,1
38,1,10.75,4,10.7162515054644,10.75,0
39,1,10.75,6,0,6.95255833910554,1
39,1,10.75,6,6.95255833910554,7.06538941666139,1
39,1,10.75,6,7.06538941666139,8.07837262967739,1
39,1,10.75,6,8.07837262967739,8.51874795315478,1
39,1,10.75,6,8.51874795315478,8.56288516928321,1
39,1,10.75,6,8.56288516928321,9.35626574306788,1
39,1,10.75,6,9.35626574306788,10.75,0
40,1,15.75,5,0,6.73717025013735,1
40,1,15.75,5,6.73717025013735,6.9819080990922,1
40,1,15.75,5,6.9819080990922,8.92659016442632,1
40,1,15.75,5,8.92659016442632,9.57226816550627,1
40,1,15.75,5,9.57226816550627,11.9558375678016,1
40,1,15.75,5,11.9558375678016,15.75,0
41,1,12.75,6,0,6.01285902243178,1
41,1,12.75,6,6.01285902243178,6.78491717086288,1
41,1,12.75,6,6.78491717086288,7.59522647236301,1
41,1,12.75,6,7.59522647236301,8.35876853230659,1
41,1,12.75,6,8.35876853230659,10.6483025684704,1
41,1,12.75,6,10.6483025684704,12.4197651670475,1
41,1,12.75,6,12.4197651670475,12.75,0
42,1,19.75,8,0,3.49687478619313,1
42,1,19.75,8,3.49687478619313,5.8338692367032,1
42,1,19.75,8,5.8338692367032,9.93969795188433,1
42,1,19.75,8,9.93969795188433,15.3649121027662,1
42,1,19.75,8,15.3649121027662,16.2937673406047,1
42,1,19.75,8,16.2937673406047,16.4080297236778,1
42,1,19.75,8,16.4080297236778,17.7329975655084,1
42,1,19.75,8,17.7329975655084,19.671129327162,1
42,1,19.75,8,19.671129327162,19.75,0
43,1,17.75,8,0,9.95100438334902,1
43,1,17.75,8,9.95100438334902,10.207318961826,1
43,1,17.75,8,10.207318961826,11.393902393908,1
43,1,17.75,8,11.393902393908,14.5305062944627,1
43,1,17.75,8,14.5305062944627,14.7272766893371,1
43,1,17.75,8,14.7272766893371,15.2069746494865,1
43,1,17.75,8,15.2069746494865,15.4071928045779,1
43,1,17.75,8,15.4071928045779,16.0467023687608,1
43,1,17.75,8,16.0467023687608,17.75,0
44,1,14.75,12,0,5.87469927187255,1
44,1,14.75,12,5.87469927187255,6.25100316599908,1
44,1,14.75,12,6.25100316599908,7.49732170196845,1
44,1,14.75,12,7.49732170196845,7.71755480394961,1
44,1,14.75,12,7.71755480394961,8.4346847900372,1
44,1,14.75,12,8.4346847900372,9.95298902212569,1
44,1,14.75,12,9.95298902212569,10.1985612859077,1
44,1,14.75,12,10.1985612859077,11.1312681697689,1
44,1,14.75,12,11.1312681697689,11.9217261234096,1
44,1,14.75,12,11.9217261234096,12.1369949691159,1
44,1,14.75,12,12.1369949691159,13.1328487665507,1
44,1,14.75,12,13.1328487665507,14.0495224560166,1
44,1,14.75,12,14.0495224560166,14.75,0
45,1,19.75,15,0,3.18161667194268,1
45,1,19.75,15,3.18161667194268,5.58166953308536,1
45,1,19.75,15,5.58166953308536,6.78208139431359,1
45,1,19.75,15,6.78208139431359,8.30028827577702,1
45,1,19.75,15,8.30028827577702,9.99914924984223,1
45,1,19.75,15,9.99914924984223,11.3733104508803,1
45,1,19.75,15,11.3733104508803,12.8986388565413,1
45,1,19.75,15,12.8986388565413,13.0593840119439,1
45,1,19.75,15,13.0593840119439,14.9411386005567,1
45,1,19.75,15,14.9411386005567,15.1026669493346,1
45,1,19.75,15,15.1026669493346,15.2595726996075,1
45,1,19.75,15,15.2595726996075,17.0469584743925,1
45,1,19.75,15,17.0469584743925,17.4654021853669,1
45,1,19.75,15,17.4654021853669,19.2623809931773,1
45,1,19.75,15,19.2623809931773,19.5967749380312,1
45,1,19.75,15,19.5967749380312,19.75,0
46,1,16.75,12,0,2.85989655834128,1
46,1,16.75,12,2.85989655834128,3.52064523185237,1
46,1,16.75,12,3.52064523185237,5.2582448574177,1
46,1,16.75,12,5.2582448574177,5.59794208187814,1
46,1,16.75,12,5.59794208187814,5.60011525415461,1
46,1,16.75,12,5.60011525415461,6.9697926355881,1
46,1,16.75,12,6.9697926355881,9.40068657804994,1
46,1,16.75,12,9.40068657804994,13.6147607225562,1
46,1,16.75,12,13.6147607225562,14.3387406714393,1
46,1,16.75,12,14.3387406714393,14.4967654318668,1
46,1,16.75,12,14.4967654318668,15.1182342020573,1
46,1,16.75,12,15.1182342020573,15.9189564957024,1
46,1,16.75,12,15.9189564957024,16.75,0
47,1,10.75,4,0,0.983159236203445,1
47,1,10.75,4,0.983159236203445,4.40470852535189,1
47,1,10.75,4,4.40470852535189,5.50554046985785,1
47,1,10.75,4,5.50554046985785,9.40449558035413,1
47,1,10.75,4,9.40449558035413,10.75,0
48,1,20.75,28,0,1.78567031678371,1
48,1,20.75,28,1.78567031678371,5.8909089267726,1
48,1,20.75,28,5.8909089267726,8.54236883371054,1
48,1,20.75,28,8.54236883371054,8.99296694546719,1
48,1,20.75,28,8.99296694546719,9.0561268802513,1
48,1,20.75,28,9.0561268802513,9.86946682880615,1
48,1,20.75,28,9.86946682880615,11.9059721248253,1
48,1,20.75,28,11.9059721248253,12.533631815909,1
48,1,20.75,28,12.533631815909,12.7411658483795,1
48,1,20.75,28,12.7411658483795,12.9052904047967,1
48,1,20.75,28,12.9052904047967,13.0032538566984,1
48,1,20.75,28,13.0032538566984,13.01014182799,1
48,1,20.75,28,13.01014182799,13.4596508980358,1
48,1,20.75,28,13.4596508980358,14.1328887697022,1
48,1,20.75,28,14.1328887697022,14.2386977826408,1
48,1,20.75,28,14.2386977826408,15.7431898155118,1
48,1,20.75,28,15.7431898155118,16.0660111611584,1
48,1,20.75,28,16.0660111611584,16.0910896940377,1
48,1,20.75,28,16.0910896940377,16.3063921601793,1
48,1,20.75,28,16.3063921601793,16.4295027669119,1
48,1,20.75,28,16.4295027669119,16.8214652796092,1
48,1,20.75,28,16.8214652796092,16.8741362166892,1
48,1,20.75,28,16.8741362166892,17.6359087539833,1
48,1,20.75,28,17.6359087539833,18.6791999578067,1
48,1,20.75,28,18.6791999578067,18.711558691624,1
48,1,20.75,28,18.711558691624,19.0544432255737,1
48,1,20.75,28,19.0544432255737,19.8034328454472,1
48,1,20.75,28,19.8034328454472,20.5159058160924,1
48,1,20.75,28,20.5159058160924,20.75,0
49,1,11.75,6,0,4.53164160605762,1
49,1,11.75,6,4.53164160605762,5.97537799175106,1
49,1,11.75,6,5.97537799175106,7.27437427932747,1
49,1,11.75,6,7.27437427932747,9.49189355486703,1
49,1,11.75,6,9.49189355486703,9.63033718523785,1
49,1,11.75,6,9.63033718523785,9.77617069003398,1
49,1,11.75,6,9.77617069003398,11.75,0
50,1,19.75,19,0,3.00590455615759,1
50,1,19.75,19,3.00590455615759,6.27212330741351,1
50,1,19.75,19,6.27212330741351,6.48108514872835,1
50,1,19.75,19,6.48108514872835,8.21820033862899,1
50,1,19.75,19,8.21820033862899,8.91178433157904,1
50,1,19.75,19,8.91178433157904,10.2177492263521,1
50,1,19.75,19,10.2177492263521,10.8725347326611,1
50,1,19.75,19,10.8725347326611,13.6385499141703,1
50,1,19.75,19,13.6385499141703,14.0234756572509,1
50,1,19.75,19,14.0234756572509,15.0135244901852,1
50,1,19.75,19,15.0135244901852,15.1667113817223,1
50,1,19.75,19,15.1667113817223,15.2382311939006,1
50,1,19.75,19,15.2382311939006,15.3681390989825,1
50,1,19.75,19,15.3681390989825,15.4372790576911,1
50,1,19.75,19,15.4372790576911,15.8447731929855,1
50,1,19.75,19,15.8447731929855,17.2476819880425,1
50,1,19.75,19,17.2476819880425,17.9843716707339,1
50,1,19.75,19,17.9843716707339,19.3261087761592,1
50,1,19.75,19,19.3261087761592,19.521196461985,1
50,1,19.75,19,19.521196461985,19.75,0
51,1,8.75,5,0,3.19430419766169,1
51,1,8.75,5,3.19430419766169,5.34765898218136,1
51,1,8.75,5,5.34765898218136,6.12502998263454,1
51,1,8.75,5,6.12502998263454,6.83318453578865,1
51,1,8.75,5,6.83318453578865,8.71706819936136,1
51,1,8.75,5,8.71706819936136,8.75,0
52,1,13.75,8,0,3.96304546267674,1
52,1,13.75,8,3.96304546267674,8.67852524623752,1
52,1,13.75,8,8.67852524623752,9.30927564528411,1
52,1,13.75,8,9.30927564528411,9.94761256520419,1
52,1,13.75,8,9.94761256520419,10.5077766380994,1
52,1,13.75,8,10.5077766380994,11.6737828174939,1
52,1,13.75,8,11.6737828174939,12.8108303281953,1
52,1,13.75,8,12.8108303281953,13.4072702660476,1
52,1,13.75,8,13.4072702660476,13.75,0
53,1,15.75,5,0,7.58973401793385,1
53,1,15.75,5,7.58973401793385,8.28011650020706,1
53,1,15.75,5,8.28011650020706,9.45630103508701,1
53,1,15.75,5,9.45630103508701,10.3813814516249,1
53,1,15.75,5,10.3813814516249,15.1731946433435,1
53,1,15.75,5,15.1731946433435,15.75,0
54,1,12.75,13,0,4.23873857066938,1
54,1,12.75,13,4.23873857066938,5.16222368891418,1
54,1,12.75,13,5.16222368891418,5.6593725743163,1
54,1,12.75,13,5.6593725743163,5.69909575921589,1
54,1,12.75,13,5.69909575921589,6.51608958564614,1
54,1,12.75,13,6.51608958564614,7.15030640502343,1
54,1,12.75,13,7.15030640502343,7.99202657593333,1
54,1,12.75,13,7.99202657593333,8.14615751494268,1
54,1,12.75,13,8.14615751494268,9.43889574122321,1
54,1,12.75,13,9.43889574122321,9.59819092980988,1
54,1,12.75,13,9.59819092980988,9.74702690067843,1
54,1,12.75,13,9.74702690067843,10.76697657418,1
54,1,12.75,13,10.76697657418,11.6426412857833,1
54,1,12.75,13,11.6426412857833,12.75,0
55,1,14.75,17,0,3.06712402433424,1
55,1,14.75,17,3.06712402433424,6.36449558540961,1
55,1,14.75,17,6.36449558540961,9.20497779394924,1
55,1,14.75,17,9.20497779394924,9.37381378494467,1
55,1,14.75,17,9.37381378494467,9.4810950117969,1
55,1,14.75,17,9.4810950117969,10.3792184657746,1
55,1,14.75,17,10.3792184657746,10.4311156451443,1
55,1,14.75,17,10.4311156451443,10.5780297976794,1
55,1,14.75,17,10.5780297976794,10.732491255827,1
55,1,14.75,17,10.732491255827,11.1956322455237,1
55,1,14.75,17,11.1956322455237,11.3299308970074,1
55,1,14.75,17,11.3299308970074,11.8212047889785,1
55,1,14.75,17,11.8212047889785,11.9870957810955,1
55,1,14.75,17,11.9870957810955,12.0791780057493,1
55,1,14.75,17,12.0791780057493,12.6426605708774,1
55,1,14.75,17,12.6426605708774,13.9334339243458,1
55,1,14.75,17,13.9334339243458,14.1158123581374,1
55,1,14.75,17,14.1158123581374,14.75,0
56,1,15.75,11,0,4.27957248419108,1
56,1,15.75,11,4.27957248419108,5.34831600342378,1
56,1,15.75,11,5.34831600342378,5.41304891415743,1
56,1,15.75,11,5.41304891415743,8.62101798343942,1
56,1,15.75,11,8.62101798343942,8.80020104066334,1
56,1,15.75,11,8.80020104066334,10.9591782918348,1
56,1,15.75,11,10.9591782918348,11.647678001697,1
56,1,15.75,11,11.647678001697,11.7657457946543,1
56,1,15.75,11,11.7657457946543,12.9183524884789,1
56,1,15.75,11,12.9183524884789,14.1697595448715,1
56,1,15.75,11,14.1697595448715,14.7892194620421,1
56,1,15.75,11,14.7892194620421,15.75,0
57,1,14.75,8,0,6.32944930579577,1
57,1,14.75,8,6.32944930579577,6.95832795784529,1
57,1,14.75,8,6.95832795784529,7.41540136760583,1
57,1,14.75,8,7.41540136760583,7.69229857594859,1
57,1,14.75,8,7.69229857594859,9.76919650274191,1
57,1,14.75,8,9.76919650274191,11.3457909125082,1
57,1,14.75,8,11.3457909125082,12.3779776396172,1
57,1,14.75,8,12.3779776396172,12.8855271649138,1
57,1,14.75,8,12.8855271649138,14.75,0
58,1,18.75,17,0,4.07039348794563,1
58,1,18.75,17,4.07039348794563,5.21349654732103,1
58,1,18.75,17,5.21349654732103,8.38884863981026,1
58,1,18.75,17,8.38884863981026,9.69758154349166,1
58,1,18.75,17,9.69758154349166,9.86854518356319,1
58,1,18.75,17,9.86854518356319,10.038845475106,1
58,1,18.75,17,10.038845475106,10.3809798095374,1
58,1,18.75,17,10.3809798095374,11.734669046946,1
58,1,18.75,17,11.734669046946,12.1614241801393,1
58,1,18.75,17,12.1614241801393,12.3218598588974,1
58,1,18.75,17,12.3218598588974,14.757719993367,1
58,1,18.75,17,14.757719993367,15.4248192968929,1
58,1,18.75,17,15.4248192968929,15.6654620010136,1
58,1,18.75,17,15.6654620010136,17.3834813800085,1
58,1,18.75,17,17.3834813800085,18.3077740365331,1
58,1,18.75,17,18.3077740365331,18.3523309586456,1
58,1,18.75,17,18.3523309586456,18.7003516762381,1
58,1,18.75,17,18.7003516762381,18.75,0
59,1,19.75,15,0,3.36255076997954,1
59,1,19.75,15,3.36255076997954,5.62035933174577,1
59,1,19.75,15,5.62035933174577,6.63014739339661,1
59,1,19.75,15,6.63014739339661,7.36162564410099,1
59,1,19.75,15,7.36162564410099,12.9416739940872,1
59,1,19.75,15,12.9416739940872,13.5921738461559,1
59,1,19.75,15,13.5921738461559,13.9400656621138,1
59,1,19.75,15,13.9400656621138,15.4964798072187,1
59,1,19.75,15,15.4964798072187,15.8886328029268,1
59,1,19.75,15,15.8886328029268,17.0325558163036,1
59,1,19.75,15,17.0325558163036,17.2341559278016,1
59,1,19.75,15,17.2341559278016,17.5251818869449,1
59,1,19.75,15,17.5251818869449,18.3211774696566,1
59,1,19.75,15,18.3211774696566,19.1043481336605,1
59,1,19.75,15,19.1043481336605,19.1155598687937,1
59,1,19.75,15,19.1155598687937,19.75,0
60,1,16.75,27,0,1.11993629958561,1
60,1,16.75,27,1.11993629958561,1.20614002414899,1
60,1,16.75,27,1.20614002414899,2.29835487042501,1
60,1,16.75,27,2.29835487042501,2.33641472619716,1
60,1,16.75,27,2.33641472619716,3.72611554642566,1
60,1,16.75,27,3.72611554642566,4.36559029614836,1
60,1,16.75,27,4.36559029614836,5.18281836422322,1
60,1,16.75,27,5.18281836422322,5.30846836945006,1
60,1,16.75,27,5.30846836945006,7.49230619478467,1
60,1,16.75,27,7.49230619478467,9.01032372959719,1
60,1,16.75,27,9.01032372959719,10.0503405100897,1
60,1,16.75,27,10.0503405100897,10.2111349929743,1
60,1,16.75,27,10.2111349929743,11.0313613603323,1
60,1,16.75,27,11.0313613603323,11.392467501295,1
60,1,16.75,27,11.392467501295,11.4185163860478,1
60,1,16.75,27,11.4185163860478,12.2733745591401,1
60,1,16.75,27,12.2733745591401,13.4783405539539,1
60,1,16.75,27,13.4783405539539,13.7472201099034,1
60,1,16.75,27,13.7472201099034,14.7773826211365,1
60,1,16.75,27,14.7773826211365,14.9525694061109,1
60,1,16.75,27,14.9525694061109,15.2274895959351,1
60,1,16.75,27,15.2274895959351,15.4283500054466,1
60,1,16.75,27,15.4283500054466,15.498173732312,1
60,1,16.75,27,15.498173732312,15.8770580704468,1
60,1,16.75,27,15.8770580704468,15.9753869496278,1
60,1,16.75,27,15.9753869496278,16.1829325292271,1
60,1,16.75,27,16.1829325292271,16.6720726053742,1
60,1,16.75,27,16.6720726053742,16.75,0
61,1,20.75,15,0,4.09392115974745,1
61,1,20.75,15,4.09392115974745,5.5219276525649,1
61,1,20.75,15,5.5219276525649,6.34620970165426,1
61,1,20.75,15,6.34620970165426,8.34083536670771,1
61,1,20.75,15,8.34083536670771,9.22557429738679,1
61,1,20.75,15,9.22557429738679,13.1562210405496,1
61,1,20.75,15,13.1562210405496,13.9402518685077,1
61,1,20.75,15,13.9402518685077,14.4950741157204,1
61,1,20.75,15,14.4950741157204,14.967915837305,1
61,1,20.75,15,14.967915837305,15.967244717129,1
61,1,20.75,15,15.967244717129,16.1003710893624,1
61,1,20.75,15,16.1003710893624,17.4136181906728,1
61,1,20.75,15,17.4136181906728,19.1187857687282,1
61,1,20.75,15,19.1187857687282,20.2196175074841,1
61,1,20.75,15,20.2196175074841,20.2284675376886,1
61,1,20.75,15,20.2284675376886,20.75,0
62,1,9.75,8,0,0.951852809490287,1
62,1,9.75,8,0.951852809490287,2.53702239170574,1
62,1,9.75,8,2.53702239170574,2.62540847630993,1
62,1,9.75,8,2.62540847630993,3.38392109061802,1
62,1,9.75,8,3.38392109061802,7.53972701307272,1
62,1,9.75,8,7.53972701307272,7.54181324141216,1
62,1,9.75,8,7.54181324141216,8.44647887766931,1
62,1,9.75,8,8.44647887766931,9.56870540783577,1
62,1,9.75,8,9.56870540783577,9.75,0
63,1,8.75,3,0,1.21951770385379,1
63,1,8.75,3,1.21951770385379,2.90775842093727,1
63,1,8.75,3,2.90775842093727,6.95578662490163,1
63,1,8.75,3,6.95578662490163,8.75,0
64,1,10.75,4,0,4.28194435640364,1
64,1,10.75,4,4.28194435640364,4.48515954699711,1
64,1,10.75,4,4.48515954699711,5.48126881877096,1
64,1,10.75,4,5.48126881877096,10.6699825332358,1
64,1,10.75,4,10.6699825332358,10.75,0
65,1,15.75,15,0,5.22741775004596,1
65,1,15.75,15,5.22741775004596,5.63310885716728,1
65,1,15.75,15,5.63310885716728,5.63636298918265,1
65,1,15.75,15,5.63636298918265,7.50946187580796,1
65,1,15.75,15,7.50946187580796,8.7389293756491,1
65,1,15.75,15,8.7389293756491,8.79204386866413,1
65,1,15.75,15,8.79204386866413,9.4540013012669,1
65,1,15.75,15,9.4540013012669,10.0154336170568,1
65,1,15.75,15,10.0154336170568,10.7452702806226,1
65,1,15.75,15,10.7452702806226,12.7585091007009,1
65,1,15.75,15,12.7585091007009,13.2589505967368,1
65,1,15.75,15,13.2589505967368,13.5172281255893,1
65,1,15.75,15,13.5172281255893,15.1285781904872,1
65,1,15.75,15,15.1285781904872,15.5215851843062,1
65,1,15.75,15,15.5215851843062,15.7255188978384,1
65,1,15.75,15,15.7255188978384,15.75,0
66,1,14.75,14,0,2.92970618005102,1
66,1,14.75,14,2.92970618005102,3.05783406690668,1
66,1,14.75,14,3.05783406690668,4.39607230299867,1
66,1,14.75,14,4.39607230299867,7.49277811471314,1
66,1,14.75,14,7.49277811471314,7.94278586784042,1
66,1,14.75,14,7.94278586784042,10.7464211812447,1
66,1,14.75,14,10.7464211812447,11.0584859682415,1
66,1,14.75,14,11.0584859682415,11.1551953477586,1
66,1,14.75,14,11.1551953477586,11.3435473188087,1
66,1,14.75,14,11.3435473188087,11.7971459428893,1
66,1,14.75,14,11.7971459428893,13.8622130824501,1
66,1,14.75,14,13.8622130824501,13.9461216196006,1
66,1,14.75,14,13.9461216196006,14.2004730414995,1
66,1,14.75,14,14.2004730414995,14.7022596659705,1
66,1,14.75,14,14.7022596659705,14.75,0
67,1,15.75,8,0,10.0112848981788,1
67,1,15.75,8,10.0112848981788,10.1548923172424,1
67,1,15.75,8,10.1548923172424,11.6173328279096,1
67,1,15.75,8,11.6173328279096,12.0017855679713,1
67,1,15.75,8,12.0017855679713,13.5420917442931,1
67,1,15.75,8,13.5420917442931,13.7228093492624,1
67,1,15.75,8,13.7228093492624,14.517670472426,1
67,1,15.75,8,14.517670472426,15.5254089489011,1
67,1,15.75,8,15.5254089489011,15.75,0
68,1,10.75,3,0,3.82178936742989,1
68,1,10.75,3,3.82178936742989,6.69690944503616,1
68,1,10.75,3,6.69690944503616,7.76204275803183,1
68,1,10.75,3,7.76204275803183,10.75,0
69,1,14.75,19,0,3.48171300343567,1
69,1,14.75,19,3.48171300343567,5.00127248894931,1
69,1,14.75,19,5.00127248894931,5.51999800121419,1
69,1,14.75,19,5.51999800121419,5.92673958186494,1
69,1,14.75,19,5.92673958186494,8.23762914863926,1
69,1,14.75,19,8.23762914863926,8.91003720012221,1
69,1,14.75,19,8.91003720012221,10.0303268049884,1
69,1,14.75,19,10.0303268049884,10.0571222734912,1
69,1,14.75,19,10.0571222734912,10.8781202599396,1
69,1,14.75,19,10.8781202599396,11.5236509535436,1
69,1,14.75,19,11.5236509535436,11.7002061395468,1
69,1,14.75,19,11.7002061395468,12.4787376974502,1
69,1,14.75,19,12.4787376974502,12.639688686265,1
69,1,14.75,19,12.639688686265,12.7610166252295,1
69,1,14.75,19,12.7610166252295,13.1190789283634,1
69,1,14.75,19,13.1190789283634,13.2554019314216,1
69,1,14.75,19,13.2554019314216,13.9240536741115,1
69,1,14.75,19,13.9240536741115,14.3766208893334,1
69,1,14.75,19,14.3766208893334,14.7149844532388,1
69,1,14.75,19,14.7149844532388,14.75,0
70,1,13.75,6,0,2.53705260328081,1
70,1,13.75,6,2.53705260328081,2.74267783071998,1
70,1,13.75,6,2.74267783071998,3.30957116730287,1
70,1,13.75,6,3.30957116730287,6.0421549037144,1
70,1,13.75,6,6.0421549037144,11.4105557322846,1
70,1,13.75,6,11.4105557322846,11.4927549404628,1
70,1,13.75,6,11.4927549404628,13.75,0
71,1,10.75,18,0,2.54430170792653,1
71,1,10.75,18,2.54430170792653,4.04354846939144,1
71,1,10.75,18,4.04354846939144,4.32359253727906,1
71,1,10.75,18,4.32359253727906,4.93941528977423,1
71,1,10.75,18,4.93941528977423,5.12373620727289,1
71,1,10.75,18,5.12373620727289,6.11747527269169,1
71,1,10.75,18,6.11747527269169,7.6763509617456,1
71,1,10.75,18,7.6763509617456,7.70204269284131,1
71,1,10.75,18,7.70204269284131,7.91674491122101,1
71,1,10.75,18,7.91674491122101,8.17107960651457,1
71,1,10.75,18,8.17107960651457,8.36380598750995,1
71,1,10.75,18,8.36380598750995,8.38662105344303,1
71,1,10.75,18,8.38662105344303,8.78044463356244,1
71,1,10.75,18,8.78044463356244,9.04451957807573,1
71,1,10.75,18,9.04451957807573,9.88382575855543,1
71,1,10.75,18,9.88382575855543,10.1402161279849,1
71,1,10.75,18,10.1402161279849,10.1957622817227,1
71,1,10.75,18,10.1957622817227,10.466242099083,1
71,1,10.75,18,10.466242099083,10.75,0
72,1,11.75,7,0,5.53480405396464,1
72,1,11.75,7,5.53480405396464,5.73460123657623,1
72,1,11.75,7,5.73460123657623,7.64232984707788,1
72,1,11.75,7,7.64232984707788,8.1220196619138,1
72,1,11.75,7,8.1220196619138,8.98553864929206,1
72,1,11.75,7,8.98553864929206,9.87651074132457,1
72,1,11.75,7,9.87651074132457,11.5468807297036,1
72,1,11.75,7,11.5468807297036,11.75,0
73,1,10.75,15,0,1.91010398573994,1
73,1,10.75,15,1.91010398573994,4.18526687037986,1
73,1,10.75,15,4.18526687037986,4.99690277512225,1
73,1,10.75,15,4.99690277512225,5.62245000465286,1
73,1,10.75,15,5.62245000465286,7.16436795971183,1
73,1,10.75,15,7.16436795971183,7.27947923226393,1
73,1,10.75,15,7.27947923226393,7.29691939673898,1
73,1,10.75,15,7.29691939673898,8.99607217873324,1
73,1,10.75,15,8.99607217873324,9.06258300680724,1
73,1,10.75,15,9.06258300680724,9.43173671690183,1
73,1,10.75,15,9.43173671690183,9.74942260172318,1
73,1,10.75,15,9.74942260172318,9.93989210799405,1
73,1,10.75,15,9.93989210799405,10.5365034776627,1
73,1,10.75,15,10.5365034776627,10.6218708378342,1
73,1,10.75,15,10.6218708378342,10.6602972846557,1
73,1,10.75,15,10.6602972846557,10.75,0
74,1,20.75,18,0,2.175555097753,1
74,1,20.75,18,2.175555097753,3.29122045029073,1
74,1,20.75,18,3.29122045029073,6.38823747663873,1
74,1,20.75,18,6.38823747663873,9.19343458593075,1
74,1,20.75,18,9.19343458593075,11.2829335799388,1
74,1,20.75,18,11.2829335799388,12.3370772398975,1
74,1,20.75,18,12.3370772398975,13.9460875544825,1
74,1,20.75,18,13.9460875544825,14.6060343220754,1
74,1,20.75,18,14.6060343220754,14.6830078433794,1
74,1,20.75,18,14.6830078433794,17.886323638035,1
74,1,20.75,18,17.886323638035,17.895260358837,1
74,1,20.75,18,17.895260358837,18.1777121721614,1
74,1,20.75,18,18.1777121721614,18.7546725177949,1
74,1,20.75,18,18.7546725177949,18.8242633114736,1
74,1,20.75,18,18.8242633114736,19.0566328189074,1
74,1,20.75,18,19.0566328189074,19.577373349362,1
74,1,20.75,18,19.577373349362,19.8452297291869,1
74,1,20.75,18,19.8452297291869,20.2865093854208,1
74,1,20.75,18,20.2865093854208,20.75,0
75,1,15.75,23,0,7.16210457670258,1
75,1,15.75,23,7.16210457670258,7.70593996157019,1
75,1,15.75,23,7.70593996157019,7.8821960828034,1
75,1,15.75,23,7.8821960828034,8.45794043628548,1
75,1,15.75,23,8.45794043628548,8.79376601516062,1
75,1,15.75,23,8.79376601516062,8.96869509086445,1
75,1,15.75,23,8.96869509086445,9.74263362008752,1
75,1,15.75,23,9.74263362008752,9.90987723070368,1
75,1,15.75,23,9.90987723070368,10.2220569001426,1
75,1,15.75,23,10.2220569001426,11.6590525360388,1
75,1,15.75,23,11.6590525360388,11.6766577069168,1
75,1,15.75,23,11.6766577069168,12.3564696388019,1
75,1,15.75,23,12.3564696388019,12.4258766945461,1
75,1,15.75,23,12.4258766945461,12.7588805300674,1
75,1,15.75,23,12.7588805300674,14.1206305621301,1
75,1,15.75,23,14.1206305621301,14.1363164692862,1
75,1,15.75,23,14.1363164692862,14.3128734811732,1
75,1,15.75,23,14.3128734811732,15.0741316890521,1
75,1,15.75,23,15.0741316890521,15.1710574136351,1
75,1,15.75,23,15.1710574136351,15.2479728375081,1
75,1,15.75,23,15.2479728375081,15.3274937324929,1
75,1,15.75,23,15.3274937324929,15.4443256814217,1
75,1,15.75,23,15.4443256814217,15.5879415318247,1
75,1,15.75,23,15.5879415318247,15.75,0
76,1,16.75,6,0,3.33959148917892,1
76,1,16.75,6,3.33959148917892,7.75264288131834,1
76,1,16.75,6,7.75264288131834,12.1052547730118,1
76,1,16.75,6,12.1052547730118,12.3680684806171,1
76,1,16.75,6,12.3680684806171,13.5728810277208,1
76,1,16.75,6,13.5728810277208,15.8037770609532,1
76,1,16.75,6,15.8037770609532,16.75,0
77,1,9.75,3,0,3.07222007279773,1
77,1,9.75,3,3.07222007279773,7.16742144743773,1
77,1,9.75,3,7.16742144743773,7.55832128646215,1
77,1,9.75,3,7.55832128646215,9.75,0
78,1,14.75,14,0,2.12931453561926,1
78,1,14.75,14,2.12931453561926,2.74567738808368,1
78,1,14.75,14,2.74567738808368,6.53553425740068,1
78,1,14.75,14,6.53553425740068,7.41442638510873,1
78,1,14.75,14,7.41442638510873,9.47897545952523,1
78,1,14.75,14,9.47897545952523,9.89766086487287,1
78,1,14.75,14,9.89766086487287,10.3301095060519,1
78,1,14.75,14,10.3301095060519,10.332567868123,1
78,1,14.75,14,10.332567868123,10.4844994133933,1
78,1,14.75,14,10.4844994133933,11.0385647271914,1
78,1,14.75,14,11.0385647271914,11.7085968814552,1
78,1,14.75,14,11.7085968814552,12.4897635047529,1
78,1,14.75,14,12.4897635047529,12.9241567411895,1
78,1,14.75,14,12.9241567411895,13.4082845986583,1
78,1,14.75,14,13.4082845986583,14.75,0
79,1,14.75,12,0,3.6858324584577,1
79,1,14.75,12,3.6858324584577,3.82363373789541,1
79,1,14.75,12,3.82363373789541,4.55025000021174,1
79,1,14.75,12,4.55025000021174,4.86051542558135,1
79,1,14.75,12,4.86051542558135,5.33765592778245,1
79,1,14.75,12,5.33765592778245,7.20935575730846,1
79,1,14.75,12,7.20935575730846,8.4374449947522,1
79,1,14.75,12,8.4374449947522,8.52039869241843,1
79,1,14.75,12,8.52039869241843,10.312621282715,1
79,1,14.75,12,10.312621282715,10.8115278618175,1
79,1,14.75,12,10.8115278618175,12.3576087002918,1
79,1,14.75,12,12.3576087002918,14.7384035256184,1
79,1,14.75,12,14.7384035256184,14.75,0
80,1,11.75,4,0,8.92193139147055,1
80,1,11.75,4,8.92193139147055,9.4107940080936,1
80,1,11.75,4,9.4107940080936,10.5837825781554,1
80,1,11.75,4,10.5837825781554,10.9837699227713,1
80,1,11.75,4,10.9837699227713,11.75,0
81,1,20.75,29,0,4.40724284138265,1
81,1,20.75,29,4.40724284138265,5.31024194401686,1
81,1,20.75,29,5.31024194401686,5.41877822561907,1
81,1,20.75,29,5.41877822561907,7.40041832140397,1
81,1,20.75,29,7.40041832140397,8.49106125991194,1
81,1,20.75,29,8.49106125991194,9.83107308106349,1
81,1,20.75,29,9.83107308106349,10.5703293862188,1
81,1,20.75,29,10.5703293862188,10.6801131355041,1
81,1,20.75,29,10.6801131355041,10.8321099509566,1
81,1,20.75,29,10.8321099509566,11.0239638079538,1
81,1,20.75,29,11.0239638079538,11.1024114979336,1
81,1,20.75,29,11.1024114979336,11.6664307139445,1
81,1,20.75,29,11.6664307139445,12.6298058730291,1
81,1,20.75,29,12.6298058730291,13.0416745014009,1
81,1,20.75,29,13.0416745014009,13.5255661731121,1
81,1,20.75,29,13.5255661731121,14.6126776463507,1
81,1,20.75,29,14.6126776463507,15.7054701868601,1
81,1,20.75,29,15.7054701868601,15.7571112631425,1
81,1,20.75,29,15.7571112631425,16.1766344054649,1
81,1,20.75,29,16.1766344054649,17.0849044237553,1
81,1,20.75,29,17.0849044237553,17.6378442183308,1
81,1,20.75,29,17.6378442183308,18.5939092303594,1
81,1,20.75,29,18.5939092303594,18.9602764762875,1
81,1,20.75,29,18.9602764762875,18.9966528153088,1
81,1,20.75,29,18.9966528153088,19.2601608406161,1
81,1,20.75,29,19.2601608406161,19.9676677562,1
81,1,20.75,29,19.9676677562,20.2126417249085,1
81,1,20.75,29,20.2126417249085,20.6868713434961,1
81,1,20.75,29,20.6868713434961,20.7059233104256,1
81,1,20.75,29,20.7059233104256,20.75,0
82,1,19.75,53,0,3.21579715680629,1
82,1,19.75,53,3.21579715680629,3.85796907730929,1
82,1,19.75,53,3.85796907730929,4.7479195855965,1
82,1,19.75,53,4.7479195855965,5.97019917581107,1
82,1,19.75,53,5.97019917581107,6.03078219618388,1
82,1,19.75,53,6.03078219618388,6.17114230180298,1
82,1,19.75,53,6.17114230180298,6.88942962193883,1
82,1,19.75,53,6.88942962193883,6.89837107256068,1
82,1,19.75,53,6.89837107256068,8.36922465542717,1
82,1,19.75,53,8.36922465542717,8.58365312244309,1
82,1,19.75,53,8.58365312244309,8.88547007585577,1
82,1,19.75,53,8.88547007585577,8.95815990551414,1
82,1,19.75,53,8.95815990551414,9.18967115069899,1
82,1,19.75,53,9.18967115069899,9.47886845176344,1
82,1,19.75,53,9.47886845176344,10.0954727951579,1
82,1,19.75,53,10.0954727951579,10.1016696787192,1
82,1,19.75,53,10.1016696787192,10.3968172461421,1
82,1,19.75,53,10.3968172461421,10.5113156851295,1
82,1,19.75,53,10.5113156851295,11.0526092276601,1
82,1,19.75,53,11.0526092276601,11.1837831272087,1
82,1,19.75,53,11.1837831272087,11.3870249320759,1
82,1,19.75,53,11.3870249320759,11.6193949267284,1
82,1,19.75,53,11.6193949267284,12.2280193373582,1
82,1,19.75,53,12.2280193373582,12.373320981075,1
82,1,19.75,53,12.373320981075,12.430764478521,1
82,1,19.75,53,12.430764478521,13.0056260468708,1
82,1,19.75,53,13.0056260468708,13.5769565334187,1
82,1,19.75,53,13.5769565334187,13.6186243513976,1
82,1,19.75,53,13.6186243513976,14.2322674073849,1
82,1,19.75,53,14.2322674073849,14.4369967670077,1
82,1,19.75,53,14.4369967670077,14.5106342626092,1
82,1,19.75,53,14.5106342626092,16.0596343333394,1
82,1,19.75,53,16.0596343333394,16.4437443152003,1
82,1,19.75,53,16.4437443152003,16.4731944043928,1
82,1,19.75,53,16.4731944043928,16.6705784783257,1
82,1,19.75,53,16.6705784783257,16.9531671954614,1
82,1,19.75,53,16.9531671954614,17.1410537866373,1
82,1,19.75,53,17.1410537866373,17.1590893605145,1
82,1,19.75,53,17.1590893605145,17.2583359146232,1
82,1,19.75,53,17.2583359146232,17.4365230052728,1
82,1,19.75,53,17.4365230052728,17.5854043585916,1
82,1,19.75,53,17.5854043585916,17.7854028000593,1
82,1,19.75,53,17.7854028000593,17.9751218956647,1
82,1,19.75,53,17.9751218956647,18.0158295107125,1
82,1,19.75,53,18.0158295107125,18.0457881305926,1
82,1,19.75,53,18.0457881305926,18.4685994257387,1
82,1,19.75,53,18.4685994257387,18.9592852410926,1
82,1,19.75,53,18.9592852410926,19.0107924752866,1
82,1,19.75,53,19.0107924752866,19.1393428274033,1
82,1,19.75,53,19.1393428274033,19.2853642058289,1
82,1,19.75,53,19.2853642058289,19.3442693000912,1
82,1,19.75,53,19.3442693000912,19.5717471989439,1
82,1,19.75,53,19.5717471989439,19.5896283282296,1
82,1,19.75,53,19.5896283282296,19.75,0
83,1,17.75,17,0,4.25746583763211,1
83,1,17.75,17,4.25746583763211,4.26220286099011,1
83,1,17.75,17,4.26220286099011,8.9743447070836,1
83,1,17.75,17,8.9743447070836,9.13403142276644,1
83,1,17.75,17,9.13403142276644,9.19215061096762,1
83,1,17.75,17,9.19215061096762,9.58085439943355,1
83,1,17.75,17,9.58085439943355,10.4505308123747,1
83,1,17.75,17,10.4505308123747,11.3837742824956,1
83,1,17.75,17,11.3837742824956,11.4770406730833,1
83,1,17.75,17,11.4770406730833,11.630459188046,1
83,1,17.75,17,11.630459188046,11.9658169347773,1
83,1,17.75,17,11.9658169347773,14.3429725307287,1
83,1,17.75,17,14.3429725307287,14.7306017128633,1
83,1,17.75,17,14.7306017128633,15.3613726833737,1
83,1,17.75,17,15.3613726833737,16.6537845411282,1
83,1,17.75,17,16.6537845411282,16.8402934094382,1
83,1,17.75,17,16.8402934094382,16.8802108204346,1
83,1,17.75,17,16.8802108204346,17.75,0
84,1,9.75,4,0,4.18289836837045,1
84,1,9.75,4,4.18289836837045,6.56655178150443,1
84,1,9.75,4,6.56655178150443,7.24844072110724,1
84,1,9.75,4,7.24844072110724,7.54632871438368,1
84,1,9.75,4,7.54632871438368,9.75,0
85,1,14.75,17,0,1.73367633289888,1
85,1,14.75,17,1.73367633289888,1.82576635308292,1
85,1,14.75,17,1.82576635308292,2.92141057768555,1
85,1,14.75,17,2.92141057768555,4.83580520583484,1
85,1,14.75,17,4.83580520583484,5.10545248607634,1
85,1,14.75,17,5.10545248607634,5.18811766400147,1
85,1,14.75,17,5.18811766400147,8.77891743134483,1
85,1,14.75,17,8.77891743134483,9.44301731456434,1
85,1,14.75,17,9.44301731456434,9.88143947638767,1
85,1,14.75,17,9.88143947638767,10.5734804912998,1
85,1,14.75,17,10.5734804912998,11.0433346962016,1
85,1,14.75,17,11.0433346962016,11.766954579999,1
85,1,14.75,17,11.766954579999,12.5849700662536,1
85,1,14.75,17,12.5849700662536,12.693246428514,1
85,1,14.75,17,12.693246428514,13.0217905943499,1
85,1,14.75,17,13.0217905943499,13.8396735983868,1
85,1,14.75,17,13.8396735983868,14.3838375170298,1
85,1,14.75,17,14.3838375170298,14.75,0
86,1,10.75,3,0,4.72187609874102,1
86,1,10.75,3,4.72187609874102,7.35070865526678,1
86,1,10.75,3,7.35070865526678,8.85335277476015,1
86,1,10.75,3,8.85335277476015,10.75,0
87,1,13.75,6,0,2.36327043732017,1
87,1,13.75,6,2.36327043732017,5.28188415215915,1
87,1,13.75,6,5.28188415215915,6.60597456289722,1
87,1,13.75,6,6.60597456289722,9.37639023676504,1
87,1,13.75,6,9.37639023676504,9.76185097385921,1
87,1,13.75,6,9.76185097385921,11.2405305910343,1
87,1,13.75,6,11.2405305910343,13.75,0
88,1,8.75,6,0,4.1865842656367,1
88,1,8.75,6,4.1865842656367,5.03022598388903,1
88,1,8.75,6,5.03022598388903,5.56699447666779,1
88,1,8.75,6,5.56699447666779,6.12938507016154,1
88,1,8.75,6,6.12938507016154,7.19524497701274,1
88,1,8.75,6,7.19524497701274,7.33758338097065,1
88,1,8.75,6,7.33758338097065,8.75,0
89,1,8.75,5,0,4.28211288768694,1
89,1,8.75,5,4.28211288768694,6.3012760378176,1
89,1,8.75,5,6.3012760378176,7.16685895756008,1
89,1,8.75,5,7.16685895756008,8.06224267451555,1
89,1,8.75,5,8.06224267451555,8.20815822560141,1
89,1,8.75,5,8.20815822560141,8.75,0
90,1,11.75,4,0,3.22370162374126,1
90,1,11.75,4,3.22370162374126,6.20957587581068,1
90,1,11.75,4,6.20957587581068,7.42281915517177,1
90,1,11.75,4,7.42281915517177,11.3649255273111,1
90,1,11.75,4,11.3649255273111,11.75,0
91,1,14.75,9,0,4.07974878331279,1
91,1,14.75,9,4.07974878331279,7.42384137044749,1
91,1,14.75,9,7.42384137044749,7.66493972432075,1
91,1,14.75,9,7.66493972432075,8.16142571417718,1
91,1,14.75,9,8.16142571417718,8.41979293302485,1
91,1,14.75,9,8.41979293302485,9.71378350212838,1
91,1,14.75,9,9.71378350212838,11.056826658269,1
91,1,14.75,9,11.056826658269,13.0961925451512,1
91,1,14.75,9,13.0961925451512,14.6220530415006,1
91,1,14.75,9,14.6220530415006,14.75,0
92,1,13.75,9,0,2.89231549763372,1
92,1,13.75,9,2.89231549763372,6.19129483828599,1
92,1,13.75,9,6.19129483828599,9.37771866911652,1
92,1,13.75,9,9.37771866911652,9.50278546603075,1
92,1,13.75,9,9.50278546603075,11.4090096485066,1
92,1,13.75,9,11.4090096485066,11.7385442673163,1
92,1,13.75,9,11.7385442673163,12.3149631869451,1
92,1,13.75,9,12.3149631869451,12.3193810584051,1
92,1,13.75,9,12.3193810584051,12.4632022384216,1
92,1,13.75,9,12.4632022384216,13.75,0
93,1,10.75,7,0,2.28713310051597,1
93,1,10.75,7,2.28713310051597,3.82644380576282,1
93,1,10.75,7,3.82644380576282,6.60908175649057,1
93,1,10.75,7,6.60908175649057,6.97194143409006,1
93,1,10.75,7,6.97194143409006,9.17027032860146,1
93,1,10.75,7,9.17027032860146,10.3187344060934,1
93,1,10.75,7,10.3187344060934,10.3427254609209,1
93,1,10.75,7,10.3427254609209,10.75,0
94,1,12.75,8,0,4.40187987026855,1
94,1,12.75,8,4.40187987026855,5.29206032189225,1
94,1,12.75,8,5.29206032189225,6.86073775196311,1
94,1,12.75,8,6.86073775196311,7.11612811456665,1
94,1,12.75,8,7.11612811456665,9.44908029398014,1
94,1,12.75,8,9.44908029398014,11.4690290233006,1
94,1,12.75,8,11.4690290233006,11.8296053256146,1
94,1,12.75,8,11.8296053256146,12.0767746262814,1
94,1,12.75,8,12.0767746262814,12.75,0
95,1,11.75,4,0,6.70777417983264,1
95,1,11.75,4,6.70777417983264,6.95161433683694,1
95,1,11.75,4,6.95161433683694,8.01784622775807,1
95,1,11.75,4,8.01784622775807,8.52408782197619,1
95,1,11.75,4,8.52408782197619,11.75,0
96,1,11.75,10,0,3.28093970640727,1
96,1,11.75,10,3.28093970640727,4.30481905348808,1
96,1,11.75,10,4.30481905348808,5.14052646166799,1
96,1,11.75,10,5.14052646166799,5.3345555097823,1
96,1,11.75,10,5.3345555097823,6.20068281330295,1
96,1,11.75,10,6.20068281330295,7.1984663694704,1
96,1,11.75,10,7.1984663694704,7.49872301566444,1
96,1,11.75,10,7.49872301566444,7.88881490600576,1
96,1,11.75,10,7.88881490600576,10.2554736023511,1
96,1,11.75,10,10.2554736023511,10.5567156022586,1
96,1,11.75,10,10.5567156022586,11.75,0
97,1,18.75,31,0,3.22777455701134,1
97,1,18.75,31,3.22777455701134,4.54206198956297,1
97,1,18.75,31,4.54206198956297,5.25370070287927,1
97,1,18.75,31,5.25370070287927,5.61518659470926,1
97,1,18.75,31,5.61518659470926,6.35130513464511,1
97,1,18.75,31,6.35130513464511,7.45043142428791,1
97,1,18.75,31,7.45043142428791,7.55473701132855,1
97,1,18.75,31,7.55473701132855,9.04403263205763,1
97,1,18.75,31,9.04403263205763,9.4029320743562,1
97,1,18.75,31,9.4029320743562,9.41052941746291,1
97,1,18.75,31,9.41052941746291,10.1395954859434,1
97,1,18.75,31,10.1395954859434,11.0880567981466,1
97,1,18.75,31,11.0880567981466,12.0586871850994,1
97,1,18.75,31,12.0586871850994,12.0968245293247,1
97,1,18.75,31,12.0968245293247,13.1411888825713,1
97,1,18.75,31,13.1411888825713,13.3360186587753,1
97,1,18.75,31,13.3360186587753,14.4059433547918,1
97,1,18.75,31,14.4059433547918,14.4407539344378,1
97,1,18.75,31,14.4407539344378,14.5515553147325,1
97,1,18.75,31,14.5515553147325,14.5559058866799,1
97,1,18.75,31,14.5559058866799,14.6143424305003,1
97,1,18.75,31,14.6143424305003,15.160057666396,1
97,1,18.75,31,15.160057666396,15.4730971869975,1
97,1,18.75,31,15.4730971869975,15.4997192777174,1
97,1,18.75,31,15.4997192777174,16.1830749397672,1
97,1,18.75,31,16.1830749397672,16.2764394266667,1
97,1,18.75,31,16.2764394266667,16.5193010233671,1
97,1,18.75,31,16.5193010233671,16.5778102380218,1
97,1,18.75,31,16.5778102380218,17.2619655192082,1
97,1,18.75,31,17.2619655192082,17.5278654534011,1
97,1,18.75,31,17.5278654534011,18.3438537872417,1
97,1,18.75,31,18.3438537872417,18.75,0
98,1,19.75,16,0,6.73734941005287,1
98,1,19.75,16,6.73734941005287,7.55695245661732,1
98,1,19.75,16,7.55695245661732,8.72702608293431,1
98,1,19.75,16,8.72702608293431,9.45263909610185,1
98,1,19.75,16,9.45263909610185,10.6711989711142,1
98,1,19.75,16,10.6711989711142,12.4654801193979,1
98,1,19.75,16,12.4654801193979,14.5964446757103,1
98,1,19.75,16,14.5964446757103,14.6888370426819,1
98,1,19.75,16,14.6888370426819,15.009578794786,1
98,1,19.75,16,15.009578794786,16.8168056207379,1
98,1,19.75,16,16.8168056207379,17.023115814454,1
98,1,19.75,16,17.023115814454,17.1145551657187,1
98,1,19.75,16,17.1145551657187,18.3541122455174,1
98,1,19.75,16,18.3541122455174,18.362105510137,1
98,1,19.75,16,18.362105510137,18.4645814797352,1
98,1,19.75,16,18.4645814797352,19.1523122163722,1
98,1,19.75,16,19.1523122163722,19.75,0
99,1,14.75,17,0,0.760514350397954,1
99,1,14.75,17,0.760514350397954,3.4324316663894,1
99,1,14.75,17,3.4324316663894,6.96064612888915,1
99,1,14.75,17,6.96064612888915,7.16943150348812,1
99,1,14.75,17,7.16943150348812,7.34569673146601,1
99,1,14.75,17,7.34569673146601,7.61392604797617,1
99,1,14.75,17,7.61392604797617,7.93807758427014,1
99,1,14.75,17,7.93807758427014,8.67897280070356,1
99,1,14.75,17,8.67897280070356,8.943439736201,1
99,1,14.75,17,8.943439736201,9.56112168779566,1
99,1,14.75,17,9.56112168779566,10.1991113649956,1
99,1,14.75,17,10.1991113649956,12.1491988014409,1
99,1,14.75,17,12.1491988014409,12.2324037034939,1
99,1,14.75,17,12.2324037034939,12.4932437460592,1
99,1,14.75,17,12.4932437460592,12.8101376560405,1
99,1,14.75,17,12.8101376560405,13.6867572053951,1
99,1,14.75,17,13.6867572053951,14.2665437938854,1
99,1,14.75,17,14.2665437938854,14.75,0
100,1,14.75,10,0,2.2268317857882,1
100,1,14.75,10,2.2268317857882,2.86948736551357,1
100,1,14.75,10,2.86948736551357,5.75154353976834,1
100,1,14.75,10,5.75154353976834,7.66849795599637,1
100,1,14.75,10,7.66849795599637,8.45444635873753,1
100,1,14.75,10,8.45444635873753,8.8090701346929,1
100,1,14.75,10,8.8090701346929,13.0672514221302,1
100,1,14.75,10,13.0672514221302,13.8672716981009,1
100,1,14.75,10,13.8672716981009,13.9104422734833,1
100,1,14.75,10,13.9104422734833,14.4996861111553,1
100,1,14.75,10,14.4996861111553,14.75,0
101,1,12.75,17,0,1.01952035417418,1
101,1,12.75,17,1.01952035417418,3.73390196299261,1
101,1,12.75,17,3.73390196299261,5.25849587118697,1
101,1,12.75,17,5.25849587118697,5.39261418476259,1
101,1,12.75,17,5.39261418476259,5.95972943721795,1
101,1,12.75,17,5.95972943721795,7.29718901001813,1
101,1,12.75,17,7.29718901001813,7.51537974411863,1
101,1,12.75,17,7.51537974411863,7.93228444403626,1
101,1,12.75,17,7.93228444403626,8.68504210301207,1
101,1,12.75,17,8.68504210301207,10.0196287867882,1
101,1,12.75,17,10.0196287867882,10.2529921930339,1
101,1,12.75,17,10.2529921930339,10.6306947486107,1
101,1,12.75,17,10.6306947486107,12.1113534500052,1
101,1,12.75,17,12.1113534500052,12.1171199168667,1
101,1,12.75,17,12.1171199168667,12.2317704909163,1
101,1,12.75,17,12.2317704909163,12.2728836601322,1
101,1,12.75,17,12.2728836601322,12.6802659263187,1
101,1,12.75,17,12.6802659263187,12.75,0
102,1,12.75,2,0,11.4847880850893,1
102,1,12.75,2,11.4847880850893,12.0646712293926,1
102,1,12.75,2,12.0646712293926,12.75,0
103,1,13.75,2,0,5.92288722343271,1
103,1,13.75,2,5.92288722343271,10.8685673991314,1
103,1,13.75,2,10.8685673991314,13.75,0
104,1,12.75,18,0,7.42214054299948,1
104,1,12.75,18,7.42214054299948,7.48125018100779,1
104,1,12.75,18,7.48125018100779,7.95257989832789,1
104,1,12.75,18,7.95257989832789,7.97753924899709,1
104,1,12.75,18,7.97753924899709,8.3110964409877,1
104,1,12.75,18,8.3110964409877,8.90573899756866,1
104,1,12.75,18,8.90573899756866,9.16699698441541,1
104,1,12.75,18,9.16699698441541,9.62894407733267,1
104,1,12.75,18,9.62894407733267,9.70802056436755,1
104,1,12.75,18,9.70802056436755,9.85093298256856,1
104,1,12.75,18,9.85093298256856,10.3286301394582,1
104,1,12.75,18,10.3286301394582,11.0273511644574,1
104,1,12.75,18,11.0273511644574,11.996786934071,1
104,1,12.75,18,11.996786934071,11.9970789626482,1
104,1,12.75,18,11.9970789626482,12.0183340318976,1
104,1,12.75,18,12.0183340318976,12.1161998056927,1
104,1,12.75,18,12.1161998056927,12.2452902382781,1
104,1,12.75,18,12.2452902382781,12.3832110209949,1
104,1,12.75,18,12.3832110209949,12.75,0
105,1,19.75,15,0,5.61005582378456,1
105,1,19.75,15,5.61005582378456,7.89812078557964,1
105,1,19.75,15,7.89812078557964,8.05453322908077,1
105,1,19.75,15,8.05453322908077,8.85750725699515,1
105,1,19.75,15,8.85750725699515,12.2070430113378,1
105,1,19.75,15,12.2070430113378,13.8418035445895,1
105,1,19.75,15,13.8418035445895,14.2443495657574,1
105,1,19.75,15,14.2443495657574,14.6531114688334,1
105,1,19.75,15,14.6531114688334,15.3591000282913,1
105,1,19.75,15,15.3591000282913,16.0540982555503,1
105,1,19.75,15,16.0540982555503,16.8784046197679,1
105,1,19.75,15,16.8784046197679,16.9864751788637,1
105,1,19.75,15,16.9864751788637,18.2592477066799,1
105,1,19.75,15,18.2592477066799,19.0170540838312,1
105,1,19.75,15,19.0170540838312,19.3245371770704,1
105,1,19.75,15,19.3245371770704,19.75,0
106,1,8.75,4,0,2.93789412678773,1
106,1,8.75,4,2.93789412678773,4.52644085927821,1
106,1,8.75,4,4.52644085927821,7.14909106915022,1
106,1,8.75,4,7.14909106915022,8.34465627670072,1
106,1,8.75,4,8.34465627670072,8.75,0
107,1,14.75,2,0,6.02066084358197,1
107,1,14.75,2,6.02066084358197,8.57163818311128,1
107,1,14.75,2,8.57163818311128,14.75,0
108,1,16.75,5,0,5.96217792034599,1
108,1,16.75,5,5.96217792034599,6.19996558902831,1
108,1,16.75,5,6.19996558902831,7.36925356087454,1
108,1,16.75,5,7.36925356087454,10.7955269619581,1
108,1,16.75,5,10.7955269619581,13.7988591859499,1
108,1,16.75,5,13.7988591859499,16.75,0
109,1,11.75,7,0,1.30114595004639,1
109,1,11.75,7,1.30114595004639,2.50446115793246,1
109,1,11.75,7,2.50446115793246,6.16562065889819,1
109,1,11.75,7,6.16562065889819,6.28564737701346,1
109,1,11.75,7,6.28564737701346,8.12635086311991,1
109,1,11.75,7,8.12635086311991,8.78844487008685,1
109,1,11.75,7,8.78844487008685,8.89453003240343,1
109,1,11.75,7,8.89453003240343,11.75,0
110,1,17.75,13,0,2.19290285621603,1
110,1,17.75,13,2.19290285621603,4.35861560399844,1
110,1,17.75,13,4.35861560399844,4.9746312090087,1
110,1,17.75,13,4.9746312090087,6.55759538128531,1
110,1,17.75,13,6.55759538128531,8.16381978796215,1
110,1,17.75,13,8.16381978796215,8.48124257509835,1
110,1,17.75,13,8.48124257509835,8.8825234965823,1
110,1,17.75,13,8.8825234965823,9.20639737463091,1
110,1,17.75,13,9.20639737463091,11.3810953333589,1
110,1,17.75,13,11.3810953333589,14.5951153453136,1
110,1,17.75,13,14.5951153453136,14.8895734236464,1
110,1,17.75,13,14.8895734236464,15.2195399695454,1
110,1,17.75,13,15.2195399695454,15.6913894425542,1
110,1,17.75,13,15.6913894425542,17.75,0
111,1,8.75,4,0,5.63524705372071,1
111,1,8.75,4,5.63524705372071,7.63888980556571,1
111,1,8.75,4,7.63888980556571,8.12961483340906,1
111,1,8.75,4,8.12961483340906,8.23965428685329,1
111,1,8.75,4,8.23965428685329,8.75,0
112,1,12.75,4,0,5.69424733139995,1
112,1,12.75,4,5.69424733139995,8.1991774484712,1
112,1,12.75,4,8.1991774484712,8.40781473496034,1
112,1,12.75,4,8.40781473496034,8.67006620877055,1
112,1,12.75,4,8.67006620877055,12.75,0
113,1,8.75,6,0,3.36282436961245,1
113,1,8.75,6,3.36282436961245,4.18272078489807,1
113,1,8.75,6,4.18272078489807,6.16149248218591,1
113,1,8.75,6,6.16149248218591,7.33261083723069,1
113,1,8.75,6,7.33261083723069,7.68512744791279,1
113,1,8.75,6,7.68512744791279,8.70397591600338,1
113,1,8.75,6,8.70397591600338,8.75,0
114,1,8.75,2,0,4.4319886917947,1
114,1,8.75,2,4.4319886917947,6.77208217366247,1
114,1,8.75,2,6.77208217366247,8.75,0
115,1,12.75,31,0,0.644260262287369,1
115,1,12.75,31,0.644260262287369,3.30568909132223,1
115,1,12.75,31,3.30568909132223,3.34353125498973,1
115,1,12.75,31,3.34353125498973,3.92084470149954,1
115,1,12.75,31,3.92084470149954,4.93068474255907,1
115,1,12.75,31,4.93068474255907,5.0459553001304,1
115,1,12.75,31,5.0459553001304,6.77193094799379,1
115,1,12.75,31,6.77193094799379,7.3122311351968,1
115,1,12.75,31,7.3122311351968,7.65706114705915,1
115,1,12.75,31,7.65706114705915,7.93798106335412,1
115,1,12.75,31,7.93798106335412,7.98618446491449,1
115,1,12.75,31,7.98618446491449,8.07438522219948,1
115,1,12.75,31,8.07438522219948,8.20229078529415,1
115,1,12.75,31,8.20229078529415,8.20555230517018,1
115,1,12.75,31,8.20555230517018,8.29678885005991,1
115,1,12.75,31,8.29678885005991,8.62799818652777,1
115,1,12.75,31,8.62799818652777,8.63858654895123,1
115,1,12.75,31,8.63858654895123,8.95757400691027,1
115,1,12.75,31,8.95757400691027,9.33618811646611,1
115,1,12.75,31,9.33618811646611,10.1760410209111,1
115,1,12.75,31,10.1760410209111,10.2346171458043,1
115,1,12.75,31,10.2346171458043,10.3409860508901,1
115,1,12.75,31,10.3409860508901,10.6753688422467,1
115,1,12.75,31,10.6753688422467,10.999508222156,1
115,1,12.75,31,10.999508222156,11.4633053257092,1
115,1,12.75,31,11.4633053257092,11.4912165456824,1
115,1,12.75,31,11.4912165456824,11.6519977943171,1
115,1,12.75,31,11.6519977943171,11.7299736225344,1
115,1,12.75,31,11.7299736225344,11.7410116113828,1
115,1,12.75,31,11.7410116113828,11.7921718756149,1
115,1,12.75,31,11.7921718756149,12.6007682633143,1
115,1,12.75,31,12.6007682633143,12.75,0
116,1,8.75,5,0,4.14025309275109,1
116,1,8.75,5,4.14025309275109,4.55307357983646,1
116,1,8.75,5,4.55307357983646,5.55372458043828,1
116,1,8.75,5,5.55372458043828,7.06417747438703,1
116,1,8.75,5,7.06417747438703,7.12431856966812,1
116,1,8.75,5,7.12431856966812,8.75,0
117,1,16.75,6,0,7.80167400841176,1
117,1,16.75,6,7.80167400841176,9.3090271154084,1
117,1,16.75,6,9.3090271154084,10.6594560261407,1
117,1,16.75,6,10.6594560261407,11.198679500176,1
117,1,16.75,6,11.198679500176,11.886114300814,1
117,1,16.75,6,11.886114300814,12.5723880955212,1
117,1,16.75,6,12.5723880955212,16.75,0
118,1,14.75,23,0,1.4826407218254,1
118,1,14.75,23,1.4826407218254,1.77259732136623,1
118,1,14.75,23,1.77259732136623,3.43679042567973,1
118,1,14.75,23,3.43679042567973,4.20492972525207,1
118,1,14.75,23,4.20492972525207,4.48475523106078,1
118,1,14.75,23,4.48475523106078,5.93880104058751,1
118,1,14.75,23,5.93880104058751,6.26399051446807,1
118,1,14.75,23,6.26399051446807,6.53702205157756,1
118,1,14.75,23,6.53702205157756,6.74059531484754,1
118,1,14.75,23,6.74059531484754,7.51317190680096,1
118,1,14.75,23,7.51317190680096,7.65139587575989,1
118,1,14.75,23,7.65139587575989,7.81869263625647,1
118,1,14.75,23,7.81869263625647,7.9983214226263,1
118,1,14.75,23,7.9983214226263,10.5738498659486,1
118,1,14.75,23,10.5738498659486,10.8813472787488,1
118,1,14.75,23,10.8813472787488,10.9112634388887,1
118,1,14.75,23,10.9112634388887,11.5513011177696,1
118,1,14.75,23,11.5513011177696,11.6163245324475,1
118,1,14.75,23,11.6163245324475,11.9774278468372,1
118,1,14.75,23,11.9774278468372,12.1044096876101,1
118,1,14.75,23,12.1044096876101,12.857991925577,1
118,1,14.75,23,12.857991925577,13.1479016215637,1
118,1,14.75,23,13.1479016215637,14.5851075125823,1
118,1,14.75,23,14.5851075125823,14.75,0
119,1,15.75,10,0,5.84583717879109,1
119,1,15.75,10,5.84583717879109,7.0881658032033,1
119,1,15.75,10,7.0881658032033,9.37148660714943,1
119,1,15.75,10,9.37148660714943,9.61606220464724,1
119,1,15.75,10,9.61606220464724,11.0871511905687,1
119,1,15.75,10,11.0871511905687,12.3141431282489,1
119,1,15.75,10,12.3141431282489,12.9193616991495,1
119,1,15.75,10,12.9193616991495,12.9494873921052,1
119,1,15.75,10,12.9494873921052,15.117611807192,1
119,1,15.75,10,15.117611807192,15.4981916147731,1
119,1,15.75,10,15.4981916147731,15.75,0
120,1,11.75,2,0,2.7417735800134,1
120,1,11.75,2,2.7417735800134,4.93321652881882,1
120,1,11.75,2,4.93321652881882,11.75,0
121,1,11.75,5,0,5.21183777519986,1
121,1,11.75,5,5.21183777519986,7.31968834924397,1
121,1,11.75,5,7.31968834924397,8.56279896175994,1
121,1,11.75,5,8.56279896175994,9.21454176314546,1
121,1,11.75,5,9.21454176314546,9.78546346996996,1
121,1,11.75,5,9.78546346996996,11.75,0
122,1,16.75,10,0,0.207764437418557,1
122,1,16.75,10,0.207764437418557,2.38510923715599,1
122,1,16.75,10,2.38510923715599,7.48266094136001,1
122,1,16.75,10,7.48266094136001,10.5672887223989,1
122,1,16.75,10,10.5672887223989,10.9708364222796,1
122,1,16.75,10,10.9708364222796,12.5181028972231,1
122,1,16.75,10,12.5181028972231,13.1731775202614,1
122,1,16.75,10,13.1731775202614,13.4210155201402,1
122,1,16.75,10,13.4210155201402,13.7190229361987,1
122,1,16.75,10,13.7190229361987,13.7409929524146,1
122,1,16.75,10,13.7409929524146,16.75,0
123,1,17.75,10,0,1.56943737065454,1
123,1,17.75,10,1.56943737065454,3.47729265614867,1
123,1,17.75,10,3.47729265614867,5.05751437169684,1
123,1,17.75,10,5.05751437169684,9.56905039658078,1
123,1,17.75,10,9.56905039658078,12.1833164399058,1
123,1,17.75,10,12.1833164399058,13.7338759419709,1
123,1,17.75,10,13.7338759419709,13.7728272561968,1
123,1,17.75,10,13.7728272561968,13.9321620488147,1
123,1,17.75,10,13.9321620488147,14.3036583837802,1
123,1,17.75,10,14.3036583837802,15.5237553829419,1
123,1,17.75,10,15.5237553829419,17.75,0
124,1,14.75,10,0,2.58618713326061,1
124,1,14.75,10,2.58618713326061,6.13625341376696,1
124,1,14.75,10,6.13625341376696,6.71174988221997,1
124,1,14.75,10,6.71174988221997,9.83889836914426,1
124,1,14.75,10,9.83889836914426,9.91580243286996,1
124,1,14.75,10,9.91580243286996,13.0668397137638,1
124,1,14.75,10,13.0668397137638,13.0890912752919,1
124,1,14.75,10,13.0890912752919,13.1716808336219,1
124,1,14.75,10,13.1716808336219,13.8990925646283,1
124,1,14.75,10,13.8990925646283,14.4916085880754,1
124,1,14.75,10,14.4916085880754,14.75,0
125,1,10.75,8,0,4.69304934456517,1
125,1,10.75,8,4.69304934456517,6.60854785999125,1
125,1,10.75,8,6.60854785999125,7.49537078727287,1
125,1,10.75,8,7.49537078727287,8.34048294743192,1
125,1,10.75,8,8.34048294743192,8.95153090497175,1
125,1,10.75,8,8.95153090497175,9.57453547897439,1
125,1,10.75,8,9.57453547897439,9.66123063408377,1
125,1,10.75,8,9.66123063408377,10.1427130015254,1
125,1,10.75,8,10.1427130015254,10.75,0
126,1,14.75,6,0,2.97793004357108,1
126,1,14.75,6,2.97793004357108,9.92617129276416,1
126,1,14.75,6,9.92617129276416,10.3418186354066,1
126,1,14.75,6,10.3418186354066,11.0875269101791,1
126,1,14.75,6,11.0875269101791,13.0330087592191,1
126,1,14.75,6,13.0330087592191,14.6995717850343,1
126,1,14.75,6,14.6995717850343,14.75,0
127,1,15.75,14,0,4.26847731798581,1
127,1,15.75,14,4.26847731798581,5.92756126286321,1
127,1,15.75,14,5.92756126286321,6.50310400100946,1
127,1,15.75,14,6.50310400100946,8.61143498489078,1
127,1,15.75,14,8.61143498489078,9.00220029180046,1
127,1,15.75,14,9.00220029180046,9.48919187540552,1
127,1,15.75,14,9.48919187540552,9.78156653251901,1
127,1,15.75,14,9.78156653251901,11.1314102112136,1
127,1,15.75,14,11.1314102112136,11.270767468723,1
127,1,15.75,14,11.270767468723,11.3388510645515,1
127,1,15.75,14,11.3388510645515,11.5346137748593,1
127,1,15.75,14,11.5346137748593,11.5984852690746,1
127,1,15.75,14,11.5984852690746,11.799113298345,1
127,1,15.75,14,11.799113298345,12.4801652709351,1
127,1,15.75,14,12.4801652709351,15.75,0
128,1,15.75,10,0,4.4794703472514,1
128,1,15.75,10,4.4794703472514,5.2618944941313,1
128,1,15.75,10,5.2618944941313,6.07395146518443,1
128,1,15.75,10,6.07395146518443,8.05734728490013,1
128,1,15.75,10,8.05734728490013,10.9983996974972,1
128,1,15.75,10,10.9983996974972,11.5914181863613,1
128,1,15.75,10,11.5914181863613,12.0591202561354,1
128,1,15.75,10,12.0591202561354,13.1333423348708,1
128,1,15.75,10,13.1333423348708,14.6076360225635,1
128,1,15.75,10,14.6076360225635,15.4594649472017,1
128,1,15.75,10,15.4594649472017,15.75,0
129,1,16.75,19,0,1.9582724539316,1
129,1,16.75,19,1.9582724539316,7.29892697413015,1
129,1,16.75,19,7.29892697413015,8.69572533801538,1
129,1,16.75,19,8.69572533801538,9.25079505310086,1
129,1,16.75,19,9.25079505310086,10.6188460356663,1
129,1,16.75,19,10.6188460356663,12.0341394881744,1
129,1,16.75,19,12.0341394881744,12.6788513472374,1
129,1,16.75,19,12.6788513472374,13.1701820910271,1
129,1,16.75,19,13.1701820910271,13.4383023160079,1
129,1,16.75,19,13.4383023160079,13.5632444431851,1
129,1,16.75,19,13.5632444431851,13.7559411905555,1
129,1,16.75,19,13.7559411905555,13.9779577344567,1
129,1,16.75,19,13.9779577344567,14.1115992925406,1
129,1,16.75,19,14.1115992925406,14.1830151398861,1
129,1,16.75,19,14.1830151398861,15.3733073950671,1
129,1,16.75,19,15.3733073950671,15.5042579959861,1
129,1,16.75,19,15.5042579959861,15.938658619521,1
129,1,16.75,19,15.938658619521,15.9585880925555,1
129,1,16.75,19,15.9585880925555,16.7059836773345,1
129,1,16.75,19,16.7059836773345,16.75,0
130,1,13.75,10,0,2.7953396482066,1
130,1,13.75,10,2.7953396482066,3.28504884619589,1
130,1,13.75,10,3.28504884619589,5.71761206706795,1
130,1,13.75,10,5.71761206706795,5.97764995382549,1
130,1,13.75,10,5.97764995382549,6.75868951639503,1
130,1,13.75,10,6.75868951639503,7.49887746002725,1
130,1,13.75,10,7.49887746002725,7.61515939093958,1
130,1,13.75,10,7.61515939093958,10.1201793902859,1
130,1,13.75,10,10.1201793902859,10.9522107523446,1
130,1,13.75,10,10.9522107523446,13.0909840936619,1
130,1,13.75,10,13.0909840936619,13.75,0
131,1,15.75,18,0,1.81163856561116,1
131,1,15.75,18,1.81163856561116,4.76965068916935,1
131,1,15.75,18,4.76965068916935,4.95677644179815,1
131,1,15.75,18,4.95677644179815,5.37385722176289,1
131,1,15.75,18,5.37385722176289,7.80872049876557,1
131,1,15.75,18,7.80872049876557,8.1601590137209,1
131,1,15.75,18,8.1601590137209,8.71809844335851,1
131,1,15.75,18,8.71809844335851,9.9223522626693,1
131,1,15.75,18,9.9223522626693,10.2760456471767,1
131,1,15.75,18,10.2760456471767,11.0541968574597,1
131,1,15.75,18,11.0541968574597,11.7423625601132,1
131,1,15.75,18,11.7423625601132,12.1829556732711,1
131,1,15.75,18,12.1829556732711,12.2474960998047,1
131,1,15.75,18,12.2474960998047,12.7459300087441,1
131,1,15.75,18,12.7459300087441,12.9388212174418,1
131,1,15.75,18,12.9388212174418,13.0265288072716,1
131,1,15.75,18,13.0265288072716,14.0515078456712,1
131,1,15.75,18,14.0515078456712,14.4123265743842,1
131,1,15.75,18,14.4123265743842,15.75,0
132,1,14.75,24,0,4.01250405575211,1
132,1,14.75,24,4.01250405575211,4.96561766405716,1
132,1,14.75,24,4.96561766405716,5.44641385363688,1
132,1,14.75,24,5.44641385363688,6.01173797786269,1
132,1,14.75,24,6.01173797786269,6.74845232094664,1
132,1,14.75,24,6.74845232094664,7.21453841682614,1
132,1,14.75,24,7.21453841682614,8.25790492636337,1
132,1,14.75,24,8.25790492636337,8.3638367700551,1
132,1,14.75,24,8.3638367700551,8.41903627075605,1
132,1,14.75,24,8.41903627075605,9.49602762586698,1
132,1,14.75,24,9.49602762586698,9.65560170415414,1
132,1,14.75,24,9.65560170415414,9.67828665293897,1
132,1,14.75,24,9.67828665293897,9.83151291826163,1
132,1,14.75,24,9.83151291826163,10.4865681473329,1
132,1,14.75,24,10.4865681473329,10.7929056717637,1
132,1,14.75,24,10.7929056717637,11.7594326883249,1
132,1,14.75,24,11.7594326883249,11.889778989161,1
132,1,14.75,24,11.889778989161,12.1572779312492,1
132,1,14.75,24,12.1572779312492,12.8942322587191,1
132,1,14.75,24,12.8942322587191,13.6499844149425,1
132,1,14.75,24,13.6499844149425,14.0470163220738,1
132,1,14.75,24,14.0470163220738,14.1050521896109,1
132,1,14.75,24,14.1050521896109,14.1511740604034,1
132,1,14.75,24,14.1511740604034,14.5143674024548,1
132,1,14.75,24,14.5143674024548,14.75,0
133,1,19.75,47,0,3.98950077915662,1
133,1,19.75,47,3.98950077915662,5.39975798192268,1
133,1,19.75,47,5.39975798192268,7.40189052017138,1
133,1,19.75,47,7.40189052017138,7.75636096935249,1
133,1,19.75,47,7.75636096935249,8.18644226808178,1
133,1,19.75,47,8.18644226808178,8.7010760567715,1
133,1,19.75,47,8.7010760567715,8.87896520915761,1
133,1,19.75,47,8.87896520915761,8.9971013872378,1
133,1,19.75,47,8.9971013872378,9.10963525443805,1
133,1,19.75,47,9.10963525443805,9.21197648269671,1
133,1,19.75,47,9.21197648269671,9.90081882648692,1
133,1,19.75,47,9.90081882648692,9.98612745647113,1
133,1,19.75,47,9.98612745647113,10.1157878068631,1
133,1,19.75,47,10.1157878068631,10.4554684446548,1
133,1,19.75,47,10.4554684446548,10.8414811303481,1
133,1,19.75,47,10.8414811303481,11.1070304406589,1
133,1,19.75,47,11.1070304406589,11.7087074430859,1
133,1,19.75,47,11.7087074430859,12.2362421254205,1
133,1,19.75,47,12.2362421254205,12.2984645117324,1
133,1,19.75,47,12.2984645117324,12.8301120516469,1
133,1,19.75,47,12.8301120516469,13.0995080829893,1
133,1,19.75,47,13.0995080829893,13.2350909882542,1
133,1,19.75,47,13.2350909882542,13.4302408167601,1
133,1,19.75,47,13.4302408167601,14.7813792008444,1
133,1,19.75,47,14.7813792008444,14.8308462599395,1
133,1,19.75,47,14.8308462599395,14.8742596761622,1
133,1,19.75,47,14.8742596761622,15.0692877311481,1
133,1,19.75,47,15.0692877311481,15.358755931637,1
133,1,19.75,47,15.358755931637,16.0865196145893,1
133,1,19.75,47,16.0865196145893,16.1333764673768,1
133,1,19.75,47,16.1333764673768,16.1513099554248,1
133,1,19.75,47,16.1513099554248,16.3956416584389,1
133,1,19.75,47,16.3956416584389,16.7427089581691,1
133,1,19.75,47,16.7427089581691,17.2915316530537,1
133,1,19.75,47,17.2915316530537,17.298265951403,1
133,1,19.75,47,17.298265951403,17.4908055981146,1
133,1,19.75,47,17.4908055981146,17.5886817381846,1
133,1,19.75,47,17.5886817381846,17.9944249791591,1
133,1,19.75,47,17.9944249791591,18.700620295145,1
133,1,19.75,47,18.700620295145,18.7620240937792,1
133,1,19.75,47,18.7620240937792,18.9105046090019,1
133,1,19.75,47,18.9105046090019,18.9745765264718,1
133,1,19.75,47,18.9745765264718,18.9940785593309,1
133,1,19.75,47,18.9940785593309,18.9949210301098,1
133,1,19.75,47,18.9949210301098,19.0140335248371,1
133,1,19.75,47,19.0140335248371,19.1570498136694,1
133,1,19.75,47,19.1570498136694,19.6313855130914,1
133,1,19.75,47,19.6313855130914,19.75,0
134,1,17.75,20,0,2.09304172594923,1
134,1,17.75,20,2.09304172594923,2.59510789493678,1
134,1,17.75,20,2.59510789493678,3.00380221915941,1
134,1,17.75,20,3.00380221915941,6.20324269493217,1
134,1,17.75,20,6.20324269493217,8.34772016925197,1
134,1,17.75,20,8.34772016925197,9.2036140602576,1
134,1,17.75,20,9.2036140602576,10.3092671326623,1
134,1,17.75,20,10.3092671326623,11.1067447653502,1
134,1,17.75,20,11.1067447653502,11.6398918466588,1
134,1,17.75,20,11.6398918466588,11.8014118737181,1
134,1,17.75,20,11.8014118737181,11.8193755633905,1
134,1,17.75,20,11.8193755633905,11.8871662714699,1
134,1,17.75,20,11.8871662714699,13.7090179051606,1
134,1,17.75,20,13.7090179051606,13.9789007819898,1
134,1,17.75,20,13.9789007819898,14.1258931661292,1
134,1,17.75,20,14.1258931661292,14.5000407606822,1
134,1,17.75,20,14.5000407606822,15.1131234264369,1
134,1,17.75,20,15.1131234264369,15.8701762065251,1
134,1,17.75,20,15.8701762065251,16.2921045891962,1
134,1,17.75,20,16.2921045891962,17.4060121048312,1
134,1,17.75,20,17.4060121048312,17.75,0
135,1,13.75,18,0,5.52750887198044,1
135,1,13.75,18,5.52750887198044,6.37683598359687,1
135,1,13.75,18,6.37683598359687,7.87675247518129,1
135,1,13.75,18,7.87675247518129,7.93957583250236,1
135,1,13.75,18,7.93957583250236,8.25301899472575,1
135,1,13.75,18,8.25301899472575,8.29788383278178,1
135,1,13.75,18,8.29788383278178,8.9513464207542,1
135,1,13.75,18,8.9513464207542,9.14089036228722,1
135,1,13.75,18,9.14089036228722,9.68385938905281,1
135,1,13.75,18,9.68385938905281,9.78254957330368,1
135,1,13.75,18,9.78254957330368,10.1710845220245,1
135,1,13.75,18,10.1710845220245,10.384174381414,1
135,1,13.75,18,10.384174381414,11.1139703571078,1
135,1,13.75,18,11.1139703571078,11.1503645233605,1
135,1,13.75,18,11.1503645233605,11.3472823371577,1
135,1,13.75,18,11.3472823371577,12.1894065839635,1
135,1,13.75,18,12.1894065839635,13.3173411834924,1
135,1,13.75,18,13.3173411834924,13.7207320059256,1
135,1,13.75,18,13.7207320059256,13.75,0
136,1,11.75,6,0,0.887894749368299,1
136,1,11.75,6,0.887894749368299,2.86013095626895,1
136,1,11.75,6,2.86013095626895,3.5427923770022,1
136,1,11.75,6,3.5427923770022,4.37229699435252,1
136,1,11.75,6,4.37229699435252,7.86028245335976,1
136,1,11.75,6,7.86028245335976,9.70584052851226,1
136,1,11.75,6,9.70584052851226,11.75,0
137,1,11.75,3,0,5.45738719269155,1
137,1,11.75,3,5.45738719269155,7.6719796548339,1
137,1,11.75,3,7.6719796548339,10.6290434743984,1
137,1,11.75,3,10.6290434743984,11.75,0
138,1,17.75,19,0,2.38647299840878,1
138,1,17.75,19,2.38647299840878,4.52084909468812,1
138,1,17.75,19,4.52084909468812,7.7707613317086,1
138,1,17.75,19,7.7707613317086,8.87430015834708,1
138,1,17.75,19,8.87430015834708,10.1262790352358,1
138,1,17.75,19,10.1262790352358,10.8760601389814,1
138,1,17.75,19,10.8760601389814,11.5907018698249,1
138,1,17.75,19,11.5907018698249,11.7814905161588,1
138,1,17.75,19,11.7814905161588,12.0647283067437,1
138,1,17.75,19,12.0647283067437,13.2326162831512,1
138,1,17.75,19,13.2326162831512,13.8683063718057,1
138,1,17.75,19,13.8683063718057,14.6923996092338,1
138,1,17.75,19,14.6923996092338,15.3047237561333,1
138,1,17.75,19,15.3047237561333,15.6952139627801,1
138,1,17.75,19,15.6952139627801,16.3349565991346,1
138,1,17.75,19,16.3349565991346,16.6395164068632,1
138,1,17.75,19,16.6395164068632,17.2798367278649,1
138,1,17.75,19,17.2798367278649,17.3208219249162,1
138,1,17.75,19,17.3208219249162,17.6470341996544,1
138,1,17.75,19,17.6470341996544,17.75,0
139,1,13.75,12,0,6.07382245033281,1
139,1,13.75,12,6.07382245033281,6.94733530131887,1
139,1,13.75,12,6.94733530131887,7.23888193048959,1
139,1,13.75,12,7.23888193048959,8.68331862262252,1
139,1,13.75,12,8.68331862262252,9.55916367343569,1
139,1,13.75,12,9.55916367343569,10.2009886114664,1
139,1,13.75,12,10.2009886114664,11.0044517311621,1
139,1,13.75,12,11.0044517311621,12.6037435356594,1
139,1,13.75,12,12.6037435356594,12.7020466155947,1
139,1,13.75,12,12.7020466155947,13.5501547300224,1
139,1,13.75,12,13.5501547300224,13.6049406277282,1
139,1,13.75,12,13.6049406277282,13.658937409133,1
139,1,13.75,12,13.658937409133,13.75,0
140,1,16.75,11,0,8.23651717582619,1
140,1,16.75,11,8.23651717582619,8.41873832060699,1
140,1,16.75,11,8.41873832060699,12.422447765325,1
140,1,16.75,11,12.422447765325,12.7936150610615,1
140,1,16.75,11,12.7936150610615,13.048163358378,1
140,1,16.75,11,13.048163358378,13.1172574636041,1
140,1,16.75,11,13.1172574636041,13.2251855263902,1
140,1,16.75,11,13.2251855263902,14.4835630659411,1
140,1,16.75,11,14.4835630659411,15.4144959180208,1
140,1,16.75,11,15.4144959180208,16.4550309018241,1
140,1,16.75,11,16.4550309018241,16.541392026559,1
140,1,16.75,11,16.541392026559,16.75,0
141,1,14.75,13,0,6.20536267168546,1
141,1,14.75,13,6.20536267168546,7.90989873988495,1
141,1,14.75,13,7.90989873988495,8.72625840282966,1
141,1,14.75,13,8.72625840282966,9.14453561479636,1
141,1,14.75,13,9.14453561479636,9.87386840745214,1
141,1,14.75,13,9.87386840745214,10.126514106045,1
141,1,14.75,13,10.126514106045,10.510905363916,1
141,1,14.75,13,10.510905363916,11.966903736594,1
141,1,14.75,13,11.966903736594,12.0303285730908,1
141,1,14.75,13,12.0303285730908,12.7883379182066,1
141,1,14.75,13,12.7883379182066,13.6199160947848,1
141,1,14.75,13,13.6199160947848,14.3424069913947,1
141,1,14.75,13,14.3424069913947,14.7035958688214,1
141,1,14.75,13,14.7035958688214,14.75,0
142,1,8.75,3,0,0.565558774327924,1
142,1,8.75,3,0.565558774327924,4.6915941227306,1
142,1,8.75,3,4.6915941227306,6.67820020615789,1
142,1,8.75,3,6.67820020615789,8.75,0
143,1,19.75,12,0,4.86995923718369,1
143,1,19.75,12,4.86995923718369,9.79983400772559,1
143,1,19.75,12,9.79983400772559,10.4174304273701,1
143,1,19.75,12,10.4174304273701,11.6157087047584,1
143,1,19.75,12,11.6157087047584,11.764363069923,1
143,1,19.75,12,11.764363069923,13.5390900353225,1
143,1,19.75,12,13.5390900353225,14.3424063023945,1
143,1,19.75,12,14.3424063023945,15.5974718656295,1
143,1,19.75,12,15.5974718656295,15.9923169964133,1
143,1,19.75,12,15.9923169964133,16.2436521501482,1
143,1,19.75,12,16.2436521501482,16.3944083594527,1
143,1,19.75,12,16.3944083594527,18.2686330593476,1
143,1,19.75,12,18.2686330593476,19.75,0
144,1,12.75,12,0,1.2777400341763,1
144,1,12.75,12,1.2777400341763,4.80032332777599,1
144,1,12.75,12,4.80032332777599,9.53844848689812,1
144,1,12.75,12,9.53844848689812,9.61193890783606,1
144,1,12.75,12,9.61193890783606,10.3293035400813,1
144,1,12.75,12,10.3293035400813,10.9993064853271,1
144,1,12.75,12,10.9993064853271,11.7694988412126,1
144,1,12.75,12,11.7694988412126,11.8657065801568,1
144,1,12.75,12,11.8657065801568,12.0978804242836,1
144,1,12.75,12,12.0978804242836,12.2342935301241,1
144,1,12.75,12,12.2342935301241,12.3426387494134,1
144,1,12.75,12,12.3426387494134,12.555689385617,1
144,1,12.75,12,12.555689385617,12.75,0
145,1,11.75,6,0,4.06865015846185,1
145,1,11.75,6,4.06865015846185,4.3821291918114,1
145,1,11.75,6,4.3821291918114,4.55082652245557,1
145,1,11.75,6,4.55082652245557,5.85106982635782,1
145,1,11.75,6,5.85106982635782,6.67914296223952,1
145,1,11.75,6,6.67914296223952,10.5944932529489,1
145,1,11.75,6,10.5944932529489,11.75,0
146,1,17.75,11,0,2.69932005603157,1
146,1,17.75,11,2.69932005603157,7.55102692718707,1
146,1,17.75,11,7.55102692718707,8.76060054983042,1
146,1,17.75,11,8.76060054983042,11.1307925069757,1
146,1,17.75,11,11.1307925069757,11.2933452236569,1
146,1,17.75,11,11.2933452236569,11.7137115927646,1
146,1,17.75,11,11.7137115927646,14.233313181103,1
146,1,17.75,11,14.233313181103,14.4970004150582,1
146,1,17.75,11,14.4970004150582,15.9231892469496,1
146,1,17.75,11,15.9231892469496,17.0196964347507,1
146,1,17.75,11,17.0196964347507,17.5099892727107,1
146,1,17.75,11,17.5099892727107,17.75,0
147,1,19.75,16,0,2.41790841525803,1
147,1,19.75,16,2.41790841525803,2.44851937975317,1
147,1,19.75,16,2.44851937975317,4.22994825367914,1
147,1,19.75,16,4.22994825367914,4.91379033950164,1
147,1,19.75,16,4.91379033950164,5.85033691200953,1
147,1,19.75,16,5.85033691200953,8.59316347093015,1
147,1,19.75,16,8.59316347093015,10.3499733011792,1
147,1,19.75,16,10.3499733011792,11.9944420199741,1
147,1,19.75,16,11.9944420199741,12.6936721196543,1
147,1,19.75,16,12.6936721196543,13.8263051725875,1
147,1,19.75,16,13.8263051725875,15.6717412000524,1
147,1,19.75,16,15.6717412000524,16.1922768062489,1
147,1,19.75,16,16.1922768062489,17.4170124116016,1
147,1,19.75,16,17.4170124116016,17.9075803792324,1
147,1,19.75,16,17.9075803792324,18.0125804444023,1
147,1,19.75,16,18.0125804444023,18.2179050774469,1
147,1,19.75,16,18.2179050774469,19.75,0
148,1,19.75,33,0,1.93877326951323,1
148,1,19.75,33,1.93877326951323,3.7330245465621,1
148,1,19.75,33,3.7330245465621,5.26661605863664,1
148,1,19.75,33,5.26661605863664,6.29993200282503,1
148,1,19.75,33,6.29993200282503,7.80568500503793,1
148,1,19.75,33,7.80568500503793,7.88396357328908,1
148,1,19.75,33,7.88396357328908,8.89991162875541,1
148,1,19.75,33,8.89991162875541,9.37994651733395,1
148,1,19.75,33,9.37994651733395,9.54556206699735,1
148,1,19.75,33,9.54556206699735,10.1079952002168,1
148,1,19.75,33,10.1079952002168,10.150018813015,1
148,1,19.75,33,10.150018813015,10.5590235877211,1
148,1,19.75,33,10.5590235877211,10.9636013956207,1
148,1,19.75,33,10.9636013956207,11.5435853568365,1
148,1,19.75,33,11.5435853568365,12.1376039714419,1
148,1,19.75,33,12.1376039714419,13.2513988177339,1
148,1,19.75,33,13.2513988177339,13.6677163448733,1
148,1,19.75,33,13.6677163448733,14.4191918617616,1
148,1,19.75,33,14.4191918617616,14.4295886903205,1
148,1,19.75,33,14.4295886903205,14.9569393446403,1
148,1,19.75,33,14.9569393446403,15.0408846618446,1
148,1,19.75,33,15.0408846618446,15.3199941965828,1
148,1,19.75,33,15.3199941965828,15.4582392902106,1
148,1,19.75,33,15.4582392902106,15.8816576340458,1
148,1,19.75,33,15.8816576340458,16.8074217754114,1
148,1,19.75,33,16.8074217754114,17.174141992789,1
148,1,19.75,33,17.174141992789,17.702565287562,1
148,1,19.75,33,17.702565287562,17.8445684388487,1
148,1,19.75,33,17.8445684388487,17.8967841644034,1
148,1,19.75,33,17.8967841644034,19.0418288720591,1
148,1,19.75,33,19.0418288720591,19.4495586325514,1
148,1,19.75,33,19.4495586325514,19.5455890133477,1
148,1,19.75,33,19.5455890133477,19.6236793207754,1
148,1,19.75,33,19.6236793207754,19.75,0
149,1,18.75,10,0,1.69204849581439,1
149,1,18.75,10,1.69204849581439,4.53720915030143,1
149,1,18.75,10,4.53720915030143,6.62596864209434,1
149,1,18.75,10,6.62596864209434,9.08994311432835,1
149,1,18.75,10,9.08994311432835,10.1872857231417,1
149,1,18.75,10,10.1872857231417,10.788146050576,1
149,1,18.75,10,10.788146050576,11.0867682113729,1
149,1,18.75,10,11.0867682113729,14.8373146025038,1
149,1,18.75,10,14.8373146025038,14.9550374870943,1
149,1,18.75,10,14.9550374870943,17.1210680875651,1
149,1,18.75,10,17.1210680875651,18.75,0
150,1,18.75,9,0,3.19114647073046,1
150,1,18.75,9,3.19114647073046,3.35297259542126,1
150,1,18.75,9,3.35297259542126,9.20590985816725,1
150,1,18.75,9,9.20590985816725,10.0398287359571,1
150,1,18.75,9,10.0398287359571,10.5537613879073,1
150,1,18.75,9,10.5537613879073,11.3066052619402,1
150,1,18.75,9,11.3066052619402,14.0151126964897,1
150,1,18.75,9,14.0151126964897,14.2503632020721,1
150,1,18.75,9,14.2503632020721,14.7446526478631,1
150,1,18.75,9,14.7446526478631,18.75,0
151,1,12.75,5,0,6.9700235989524,1
151,1,12.75,5,6.9700235989524,8.22706683175803,1
151,1,12.75,5,8.22706683175803,10.5565428976557,1
151,1,12.75,5,10.5565428976557,11.97323354444,1
151,1,12.75,5,11.97323354444,12.6291742918748,1
151,1,12.75,5,12.6291742918748,12.75,0
152,1,16.75,24,0,2.13714884671058,1
152,1,16.75,24,2.13714884671058,3.57361958317916,1
152,1,16.75,24,3.57361958317916,4.15926294402366,1
152,1,16.75,24,4.15926294402366,5.31837972897317,1
152,1,16.75,24,5.31837972897317,6.02488338238926,1
152,1,16.75,24,6.02488338238926,7.5423772419979,1
152,1,16.75,24,7.5423772419979,8.0186455991061,1
152,1,16.75,24,8.0186455991061,8.37711984937263,1
152,1,16.75,24,8.37711984937263,9.02096551868022,1
152,1,16.75,24,9.02096551868022,9.4468835965921,1
152,1,16.75,24,9.4468835965921,9.65414082351529,1
152,1,16.75,24,9.65414082351529,10.9067697746796,1
152,1,16.75,24,10.9067697746796,11.7345055114994,1
152,1,16.75,24,11.7345055114994,12.5532585928686,1
152,1,16.75,24,12.5532585928686,13.1712514169991,1
152,1,16.75,24,13.1712514169991,13.405744017691,1
152,1,16.75,24,13.405744017691,14.3393923185238,1
152,1,16.75,24,14.3393923185238,14.5910467544682,1
152,1,16.75,24,14.5910467544682,14.7186853100722,1
152,1,16.75,24,14.7186853100722,14.7310674203677,1
152,1,16.75,24,14.7310674203677,14.7568919490102,1
152,1,16.75,24,14.7568919490102,15.1498714933283,1
152,1,16.75,24,15.1498714933283,15.4752580058896,1
152,1,16.75,24,15.4752580058896,15.9017923759292,1
152,1,16.75,24,15.9017923759292,16.75,0
153,1,18.75,19,0,8.88223412256066,1
153,1,18.75,19,8.88223412256066,9.44666250636714,1
153,1,18.75,19,9.44666250636714,10.0255477332672,1
153,1,18.75,19,10.0255477332672,10.2491638579571,1
153,1,18.75,19,10.2491638579571,11.5900231278599,1
153,1,18.75,19,11.5900231278599,12.566612264485,1
153,1,18.75,19,12.566612264485,13.9912454169634,1
153,1,18.75,19,13.9912454169634,14.2206154618294,1
153,1,18.75,19,14.2206154618294,14.249124459508,1
153,1,18.75,19,14.249124459508,15.6825536597627,1
153,1,18.75,19,15.6825536597627,15.9727586607076,1
153,1,18.75,19,15.9727586607076,15.9992225876563,1
153,1,18.75,19,15.9992225876563,16.2001237878324,1
153,1,18.75,19,16.2001237878324,16.2705310950867,1
153,1,18.75,19,16.2705310950867,16.3355127069158,1
153,1,18.75,19,16.3355127069158,16.3634476226083,1
153,1,18.75,19,16.3634476226083,17.2408250457417,1
153,1,18.75,19,17.2408250457417,17.4108098343989,1
153,1,18.75,19,17.4108098343989,17.836615160018,1
153,1,18.75,19,17.836615160018,18.75,0
154,1,8.75,3,0,0.773146973882429,1
154,1,8.75,3,0.773146973882429,7.08815225305867,1
154,1,8.75,3,7.08815225305867,7.98324442305782,1
154,1,8.75,3,7.98324442305782,8.75,0
155,1,14.75,14,0,1.40493183521396,1
155,1,14.75,14,1.40493183521396,1.62304616828852,1
155,1,14.75,14,1.62304616828852,3.76793730171776,1
155,1,14.75,14,3.76793730171776,4.26922456270086,1
155,1,14.75,14,4.26922456270086,4.83770598259131,1
155,1,14.75,14,4.83770598259131,5.7903836438422,1
155,1,14.75,14,5.7903836438422,8.38340842280931,1
155,1,14.75,14,8.38340842280931,8.84678606822157,1
155,1,14.75,14,8.84678606822157,8.96835296833033,1
155,1,14.75,14,8.96835296833033,12.7370957849052,1
155,1,14.75,14,12.7370957849052,13.1914699668804,1
155,1,14.75,14,13.1914699668804,14.1303851932671,1
155,1,14.75,14,14.1303851932671,14.539943053491,1
155,1,14.75,14,14.539943053491,14.5860539894168,1
155,1,14.75,14,14.5860539894168,14.75,0
156,1,8.75,5,0,0.737072058230746,1
156,1,8.75,5,0.737072058230746,2.82588288937686,1
156,1,8.75,5,2.82588288937686,3.32576617774723,1
156,1,8.75,5,3.32576617774723,3.49946791587944,1
156,1,8.75,5,3.49946791587944,7.61855405205509,1
156,1,8.75,5,7.61855405205509,8.75,0
157,1,8.75,4,0,1.52992863145702,1
157,1,8.75,4,1.52992863145702,7.0453529704815,1
157,1,8.75,4,7.0453529704815,7.89862857020592,1
157,1,8.75,4,7.89862857020592,7.91123040437693,1
157,1,8.75,4,7.91123040437693,8.75,0
158,1,16.75,14,0,6.00097387086955,1
158,1,16.75,14,6.00097387086955,9.75655036421627,1
158,1,16.75,14,9.75655036421627,9.90880548409945,1
158,1,16.75,14,9.90880548409945,11.0019528298589,1
158,1,16.75,14,11.0019528298589,11.5514727101558,1
158,1,16.75,14,11.5514727101558,11.8743077274576,1
158,1,16.75,14,11.8743077274576,12.0800937556846,1
158,1,16.75,14,12.0800937556846,14.4890054690073,1
158,1,16.75,14,14.4890054690073,14.6301701095082,1
158,1,16.75,14,14.6301701095082,14.9880922839623,1
158,1,16.75,14,14.9880922839623,15.6006630910231,1
158,1,16.75,14,15.6006630910231,15.8205188911623,1
158,1,16.75,14,15.8205188911623,16.4867632496847,1
158,1,16.75,14,16.4867632496847,16.5165547083467,1
158,1,16.75,14,16.5165547083467,16.75,0
159,1,15.75,4,0,3.38649162434418,1
159,1,15.75,4,3.38649162434418,9.29853058137389,1
159,1,15.75,4,9.29853058137389,10.7534402253072,1
159,1,15.75,4,10.7534402253072,14.3611485126802,1
159,1,15.75,4,14.3611485126802,15.75,0
160,1,12.75,8,0,5.38069396456929,1
160,1,12.75,8,5.38069396456929,6.19489602212838,1
160,1,12.75,8,6.19489602212838,7.78780102352516,1
160,1,12.75,8,7.78780102352516,10.3972677395806,1
160,1,12.75,8,10.3972677395806,10.5448097658911,1
160,1,12.75,8,10.5448097658911,11.2990772912726,1
160,1,12.75,8,11.2990772912726,11.436549288963,1
160,1,12.75,8,11.436549288963,12.7458875284214,1
160,1,12.75,8,12.7458875284214,12.75,0
161,1,11.75,17,0,2.35565205542653,1
161,1,11.75,17,2.35565205542653,2.72848320008324,1
161,1,11.75,17,2.72848320008324,3.16200371339427,1
161,1,11.75,17,3.16200371339427,3.38726433222158,1
161,1,11.75,17,3.38726433222158,5.34268018217297,1
161,1,11.75,17,5.34268018217297,7.24942711781546,1
161,1,11.75,17,7.24942711781546,7.28756385489074,1
161,1,11.75,17,7.28756385489074,7.54438029962964,1
161,1,11.75,17,7.54438029962964,7.56708997480333,1
161,1,11.75,17,7.56708997480333,7.77196720268241,1
161,1,11.75,17,7.77196720268241,7.86153273198279,1
161,1,11.75,17,7.86153273198279,8.45074989926356,1
161,1,11.75,17,8.45074989926356,8.47586587490416,1
161,1,11.75,17,8.47586587490416,8.95488812257036,1
161,1,11.75,17,8.95488812257036,10.0557078820359,1
161,1,11.75,17,10.0557078820359,10.2967819873231,1
161,1,11.75,17,10.2967819873231,10.3233362175037,1
161,1,11.75,17,10.3233362175037,11.75,0
162,1,18.75,23,0,4.22858906372862,1
162,1,18.75,23,4.22858906372862,4.34573536119868,1
162,1,18.75,23,4.34573536119868,7.39566487319446,1
162,1,18.75,23,7.39566487319446,9.03718351713024,1
162,1,18.75,23,9.03718351713024,9.10445469429673,1
162,1,18.75,23,9.10445469429673,9.32412964229706,1
162,1,18.75,23,9.32412964229706,10.2457180841905,1
162,1,18.75,23,10.2457180841905,10.9269676097988,1
162,1,18.75,23,10.9269676097988,11.2142400723618,1
162,1,18.75,23,11.2142400723618,12.5397900729991,1
162,1,18.75,23,12.5397900729991,12.5434027592032,1
162,1,18.75,23,12.5434027592032,13.2152324817861,1
162,1,18.75,23,13.2152324817861,14.0709630271842,1
162,1,18.75,23,14.0709630271842,14.146710662688,1
162,1,18.75,23,14.146710662688,14.4856228522834,1
162,1,18.75,23,14.4856228522834,14.8001086418758,1
162,1,18.75,23,14.8001086418758,15.1544312996178,1
162,1,18.75,23,15.1544312996178,16.0898572541215,1
162,1,18.75,23,16.0898572541215,16.3714218352864,1
162,1,18.75,23,16.3714218352864,16.5535948971636,1
162,1,18.75,23,16.5535948971636,18.1094311657571,1
162,1,18.75,23,18.1094311657571,18.4312320614223,1
162,1,18.75,23,18.4312320614223,18.5647335255028,1
162,1,18.75,23,18.5647335255028,18.75,0
163,1,18.75,16,0,2.15500460714865,1
163,1,18.75,16,2.15500460714865,3.44232322319176,1
163,1,18.75,16,3.44232322319176,6.74066835155303,1
163,1,18.75,16,6.74066835155303,6.79069544934797,1
163,1,18.75,16,6.79069544934797,7.69059451386384,1
163,1,18.75,16,7.69059451386384,10.0668026386855,1
163,1,18.75,16,10.0668026386855,12.4656140876097,1
163,1,18.75,16,12.4656140876097,12.6700485098532,1
163,1,18.75,16,12.6700485098532,13.6365663322298,1
163,1,18.75,16,13.6365663322298,13.7261312323561,1
163,1,18.75,16,13.7261312323561,13.7322525552421,1
163,1,18.75,16,13.7322525552421,16.0325571157486,1
163,1,18.75,16,16.0325571157486,16.3991194222604,1
163,1,18.75,16,16.3991194222604,16.4539418459731,1
163,1,18.75,16,16.4539418459731,18.1580003629742,1
163,1,18.75,16,18.1580003629742,18.5472248560072,1
163,1,18.75,16,18.5472248560072,18.75,0
164,1,10.75,16,0,0.175763770979522,1
164,1,10.75,16,0.175763770979522,1.96643636754051,1
164,1,10.75,16,1.96643636754051,3.22077134571526,1
164,1,10.75,16,3.22077134571526,3.3977527506022,1
164,1,10.75,16,3.3977527506022,4.68906541148204,1
164,1,10.75,16,4.68906541148204,5.03112007222296,1
164,1,10.75,16,5.03112007222296,5.11197598138195,1
164,1,10.75,16,5.11197598138195,6.81566208953661,1
164,1,10.75,16,6.81566208953661,7.54168570128474,1
164,1,10.75,16,7.54168570128474,8.07249557830552,1
164,1,10.75,16,8.07249557830552,9.08171658578246,1
164,1,10.75,16,9.08171658578246,9.38152028350897,1
164,1,10.75,16,9.38152028350897,9.87843116841604,1
164,1,10.75,16,9.87843116841604,10.029024012155,1
164,1,10.75,16,10.029024012155,10.2031301512316,1
164,1,10.75,16,10.2031301512316,10.3311608731276,1
164,1,10.75,16,10.3311608731276,10.75,0
165,1,14.75,17,0,3.40288682965693,1
165,1,14.75,17,3.40288682965693,3.57782014024263,1
165,1,14.75,17,3.57782014024263,3.60429992028921,1
165,1,14.75,17,3.60429992028921,4.62221960798851,1
165,1,14.75,17,4.62221960798851,5.12164840938845,1
165,1,14.75,17,5.12164840938845,7.89175111752947,1
165,1,14.75,17,7.89175111752947,10.3936325887644,1
165,1,14.75,17,10.3936325887644,11.7017384991987,1
165,1,14.75,17,11.7017384991987,12.1487374162198,1
165,1,14.75,17,12.1487374162198,12.2529222109265,1
165,1,14.75,17,12.2529222109265,12.3339657909621,1
165,1,14.75,17,12.3339657909621,12.3655674401425,1
165,1,14.75,17,12.3655674401425,12.4640408868402,1
165,1,14.75,17,12.4640408868402,12.805348203676,1
165,1,14.75,17,12.805348203676,13.0952241312934,1
165,1,14.75,17,13.0952241312934,13.3191442663318,1
165,1,14.75,17,13.3191442663318,14.53340937983,1
165,1,14.75,17,14.53340937983,14.75,0
166,1,17.75,31,0,3.27613527242711,1
166,1,17.75,31,3.27613527242711,4.14136916627491,1
166,1,17.75,31,4.14136916627491,4.78199697812903,1
166,1,17.75,31,4.78199697812903,4.79665942518683,1
166,1,17.75,31,4.79665942518683,4.85615361455659,1
166,1,17.75,31,4.85615361455659,5.42972003044129,1
166,1,17.75,31,5.42972003044129,5.91293496454418,1
166,1,17.75,31,5.91293496454418,6.56635150597489,1
166,1,17.75,31,6.56635150597489,6.98752704430836,1
166,1,17.75,31,6.98752704430836,7.25801050640413,1
166,1,17.75,31,7.25801050640413,8.11526496550657,1
166,1,17.75,31,8.11526496550657,8.40432362531042,1
166,1,17.75,31,8.40432362531042,9.78518424149235,1
166,1,17.75,31,9.78518424149235,10.2551355014023,1
166,1,17.75,31,10.2551355014023,10.7500411124877,1
166,1,17.75,31,10.7500411124877,11.0661477700631,1
166,1,17.75,31,11.0661477700631,11.5793448769002,1
166,1,17.75,31,11.5793448769002,11.7150490758005,1
166,1,17.75,31,11.7150490758005,12.8223992873697,1
166,1,17.75,31,12.8223992873697,12.8873284020829,1
166,1,17.75,31,12.8873284020829,13.1710929369473,1
166,1,17.75,31,13.1710929369473,14.552614201141,1
166,1,17.75,31,14.552614201141,14.6656258320903,1
166,1,17.75,31,14.6656258320903,14.8948683065069,1
166,1,17.75,31,14.8948683065069,15.0844257388294,1
166,1,17.75,31,15.0844257388294,15.6312322346857,1
166,1,17.75,31,15.6312322346857,15.8656887367179,1
166,1,17.75,31,15.8656887367179,17.0019860781889,1
166,1,17.75,31,17.0019860781889,17.0282979230073,1
166,1,17.75,31,17.0282979230073,17.2966942344336,1
166,1,17.75,31,17.2966942344336,17.6221352258589,1
166,1,17.75,31,17.6221352258589,17.75,0
167,1,11.75,4,0,1.6192198934984,1
167,1,11.75,4,1.6192198934984,10.930169272325,1
167,1,11.75,4,10.930169272325,11.4756431792486,1
167,1,11.75,4,11.4756431792486,11.7401194537113,1
167,1,11.75,4,11.7401194537113,11.75,0
168,1,10.75,4,0,2.63550827297201,1
168,1,10.75,4,2.63550827297201,3.69441329830176,1
168,1,10.75,4,3.69441329830176,5.07236091551595,1
168,1,10.75,4,5.07236091551595,9.69775657521034,1
168,1,10.75,4,9.69775657521034,10.75,0
169,1,17.75,40,0,1.80531922789275,1
169,1,17.75,40,1.80531922789275,2.03386893428468,1
169,1,17.75,40,2.03386893428468,2.14088995742389,1
169,1,17.75,40,2.14088995742389,3.32728661964569,1
169,1,17.75,40,3.32728661964569,3.62706728525618,1
169,1,17.75,40,3.62706728525618,3.68365948296474,1
169,1,17.75,40,3.68365948296474,4.08136983495705,1
169,1,17.75,40,4.08136983495705,5.1340809495482,1
169,1,17.75,40,5.1340809495482,5.45111105471438,1
169,1,17.75,40,5.45111105471438,5.64721569116119,1
169,1,17.75,40,5.64721569116119,6.02192569595451,1
169,1,17.75,40,6.02192569595451,6.39811951428774,1
169,1,17.75,40,6.39811951428774,6.57797118062006,1
169,1,17.75,40,6.57797118062006,6.96856215823315,1
169,1,17.75,40,6.96856215823315,7.63487422354734,1
169,1,17.75,40,7.63487422354734,7.83942915237654,1
169,1,17.75,40,7.83942915237654,9.05201620608471,1
169,1,17.75,40,9.05201620608471,9.68624007071218,1
169,1,17.75,40,9.68624007071218,9.9346004354754,1
169,1,17.75,40,9.9346004354754,10.4533552522004,1
169,1,17.75,40,10.4533552522004,10.6033214031509,1
169,1,17.75,40,10.6033214031509,11.352800550145,1
169,1,17.75,40,11.352800550145,11.6255919407567,1
169,1,17.75,40,11.6255919407567,11.7171608653033,1
169,1,17.75,40,11.7171608653033,12.1318292940374,1
169,1,17.75,40,12.1318292940374,12.1896575342213,1
169,1,17.75,40,12.1896575342213,12.2850473076795,1
169,1,17.75,40,12.2850473076795,12.4063360866079,1
169,1,17.75,40,12.4063360866079,12.5912305043734,1
169,1,17.75,40,12.5912305043734,13.0194281811035,1
169,1,17.75,40,13.0194281811035,13.3396505957778,1
169,1,17.75,40,13.3396505957778,13.82909603324,1
169,1,17.75,40,13.82909603324,14.0133632370102,1
169,1,17.75,40,14.0133632370102,14.5974631195048,1
169,1,17.75,40,14.5974631195048,15.6788746356424,1
169,1,17.75,40,15.6788746356424,15.7729359692512,1
169,1,17.75,40,15.7729359692512,16.4913586374682,1
169,1,17.75,40,16.4913586374682,16.9871161842105,1
169,1,17.75,40,16.9871161842105,17.1761889139589,1
169,1,17.75,40,17.1761889139589,17.5333786183763,1
169,1,17.75,40,17.5333786183763,17.75,0
170,1,15.75,28,0,2.31972798827308,1
170,1,15.75,28,2.31972798827308,2.76870357291909,1
170,1,15.75,28,2.76870357291909,3.85228357931425,1
170,1,15.75,28,3.85228357931425,4.04589789264186,1
170,1,15.75,28,4.04589789264186,5.88522067045565,1
170,1,15.75,28,5.88522067045565,6.20046944056421,1
170,1,15.75,28,6.20046944056421,6.87936753734851,1
170,1,15.75,28,6.87936753734851,7.14820945043578,1
170,1,15.75,28,7.14820945043578,7.20415110846941,1
170,1,15.75,28,7.20415110846941,8.38331726019702,1
170,1,15.75,28,8.38331726019702,9.12556402109105,1
170,1,15.75,28,9.12556402109105,9.28349085735492,1
170,1,15.75,28,9.28349085735492,9.36170609375634,1
170,1,15.75,28,9.36170609375634,9.63638706243888,1
170,1,15.75,28,9.63638706243888,10.6973698322869,1
170,1,15.75,28,10.6973698322869,10.698891797068,1
170,1,15.75,28,10.698891797068,11.7418454758265,1
170,1,15.75,28,11.7418454758265,12.3004781989467,1
170,1,15.75,28,12.3004781989467,12.6205066552391,1
170,1,15.75,28,12.6205066552391,12.8295077733116,1
170,1,15.75,28,12.8295077733116,12.8940588168839,1
170,1,15.75,28,12.8940588168839,13.3252698760716,1
170,1,15.75,28,13.3252698760716,13.3383378801579,1
170,1,15.75,28,13.3383378801579,13.7190006127457,1
170,1,15.75,28,13.7190006127457,14.0719966266102,1
170,1,15.75,28,14.0719966266102,14.1776046753715,1
170,1,15.75,28,14.1776046753715,14.4486232111341,1
170,1,15.75,28,14.4486232111341,15.6564951528588,1
170,1,15.75,28,15.6564951528588,15.75,0
171,1,17.75,34,0,2.00460343193963,1
171,1,17.75,34,2.00460343193963,2.4819492988734,1
171,1,17.75,34,2.4819492988734,3.14071261021318,1
171,1,17.75,34,3.14071261021318,3.18725699784634,1
171,1,17.75,34,3.18725699784634,4.81582741816221,1
171,1,17.75,34,4.81582741816221,5.92789841597933,1
171,1,17.75,34,5.92789841597933,6.14090521555078,1
171,1,17.75,34,6.14090521555078,6.30923973083054,1
171,1,17.75,34,6.30923973083054,6.33799323252874,1
171,1,17.75,34,6.33799323252874,6.50311069741149,1
171,1,17.75,34,6.50311069741149,6.69294512330846,1
171,1,17.75,34,6.69294512330846,8.81158544038107,1
171,1,17.75,34,8.81158544038107,9.09029486493741,1
171,1,17.75,34,9.09029486493741,9.92736751753696,1
171,1,17.75,34,9.92736751753696,10.0735269269169,1
171,1,17.75,34,10.0735269269169,10.0794265331311,1
171,1,17.75,34,10.0794265331311,10.108866598072,1
171,1,17.75,34,10.108866598072,12.223474783639,1
171,1,17.75,34,12.223474783639,12.2534710822703,1
171,1,17.75,34,12.2534710822703,12.5047663424086,1
171,1,17.75,34,12.5047663424086,13.1498120637992,1
171,1,17.75,34,13.1498120637992,13.2768919764269,1
171,1,17.75,34,13.2768919764269,13.4693238251697,1
171,1,17.75,34,13.4693238251697,13.5826730366057,1
171,1,17.75,34,13.5826730366057,13.6950988468039,1
171,1,17.75,34,13.6950988468039,14.0243987301353,1
171,1,17.75,34,14.0243987301353,14.8018991205089,1
171,1,17.75,34,14.8018991205089,14.804122726654,1
171,1,17.75,34,14.804122726654,15.0109094470552,1
171,1,17.75,34,15.0109094470552,15.7914967310105,1
171,1,17.75,34,15.7914967310105,16.0825165421845,1
171,1,17.75,34,16.0825165421845,16.1908063189106,1
171,1,17.75,34,16.1908063189106,16.6506394977731,1
171,1,17.75,34,16.6506394977731,16.90780604178,1
171,1,17.75,34,16.90780604178,17.75,0
172,1,18.75,12,0,4.89860695790882,1
172,1,18.75,12,4.89860695790882,10.1534797412406,1
172,1,18.75,12,10.1534797412406,10.6261755330817,1
172,1,18.75,12,10.6261755330817,10.6534135170928,1
172,1,18.75,12,10.6534135170928,11.6479129875868,1
172,1,18.75,12,11.6479129875868,11.8064581669598,1
172,1,18.75,12,11.8064581669598,12.4806265499384,1
172,1,18.75,12,12.4806265499384,14.1421808254335,1
172,1,18.75,12,14.1421808254335,14.7125572698344,1
172,1,18.75,12,14.7125572698344,15.9115151055346,1
172,1,18.75,12,15.9115151055346,15.9746612799953,1
172,1,18.75,12,15.9746612799953,18.2813254151227,1
172,1,18.75,12,18.2813254151227,18.75,0
173,1,17.75,17,0,5.6094465061841,1
173,1,17.75,17,5.6094465061841,6.27989002881526,1
173,1,17.75,17,6.27989002881526,9.87592273138392,1
173,1,17.75,17,9.87592273138392,10.1124670908888,1
173,1,17.75,17,10.1124670908888,10.4347974902577,1
173,1,17.75,17,10.4347974902577,12.215899381942,1
173,1,17.75,17,12.215899381942,12.2334739208727,1
173,1,17.75,17,12.2334739208727,12.9278689449726,1
173,1,17.75,17,12.9278689449726,14.2095586957781,1
173,1,17.75,17,14.2095586957781,15.0874902142427,1
173,1,17.75,17,15.0874902142427,15.5705637764803,1
173,1,17.75,17,15.5705637764803,16.2414582158037,1
173,1,17.75,17,16.2414582158037,16.8549469225132,1
173,1,17.75,17,16.8549469225132,17.0346558728,1
173,1,17.75,17,17.0346558728,17.1425281098161,1
173,1,17.75,17,17.1425281098161,17.3476351960448,1
173,1,17.75,17,17.3476351960448,17.6921336039031,1
173,1,17.75,17,17.6921336039031,17.75,0
174,1,10.75,12,0,1.91498784333635,1
174,1,10.75,12,1.91498784333635,2.79524642078293,1
174,1,10.75,12,2.79524642078293,4.1695848319629,1
174,1,10.75,12,4.1695848319629,4.53226713459872,1
174,1,10.75,12,4.53226713459872,4.75894159435482,1
174,1,10.75,12,4.75894159435482,4.99798652782981,1
174,1,10.75,12,4.99798652782981,5.1617455762352,1
174,1,10.75,12,5.1617455762352,8.9591364947221,1
174,1,10.75,12,8.9591364947221,10.1490363291718,1
174,1,10.75,12,10.1490363291718,10.6018181149666,1
174,1,10.75,12,10.6018181149666,10.6827259745319,1
174,1,10.75,12,10.6827259745319,10.717059503217,1
174,1,10.75,12,10.717059503217,10.75,0
175,1,13.75,8,0,0.803354061061174,1
175,1,13.75,8,0.803354061061174,7.20517308158572,1
175,1,13.75,8,7.20517308158572,8.8186421657713,1
175,1,13.75,8,8.8186421657713,10.2498102330693,1
175,1,13.75,8,10.2498102330693,11.4852861047052,1
175,1,13.75,8,11.4852861047052,11.9430415387956,1
175,1,13.75,8,11.9430415387956,12.0868388258376,1
175,1,13.75,8,12.0868388258376,12.369703612954,1
175,1,13.75,8,12.369703612954,13.75,0
176,1,16.75,34,0,0.91217870329625,1
176,1,16.75,34,0.91217870329625,2.27512953131559,1
176,1,16.75,34,2.27512953131559,2.52263534526447,1
176,1,16.75,34,2.52263534526447,2.65036838496753,1
176,1,16.75,34,2.65036838496753,2.80160251425398,1
176,1,16.75,34,2.80160251425398,5.06046430153145,1
176,1,16.75,34,5.06046430153145,5.40796137146636,1
176,1,16.75,34,5.40796137146636,6.68852290209957,1
176,1,16.75,34,6.68852290209957,6.78937560469418,1
176,1,16.75,34,6.78937560469418,6.8375213311961,1
176,1,16.75,34,6.8375213311961,7.57967637154317,1
176,1,16.75,34,7.57967637154317,8.75652555724753,1
176,1,16.75,34,8.75652555724753,10.0139982064984,1
176,1,16.75,34,10.0139982064984,11.5391306392117,1
176,1,16.75,34,11.5391306392117,11.6691090014057,1
176,1,16.75,34,11.6691090014057,11.678333615493,1
176,1,16.75,34,11.678333615493,11.696265983995,1
176,1,16.75,34,11.696265983995,12.3714569630418,1
176,1,16.75,34,12.3714569630418,12.6688488274458,1
176,1,16.75,34,12.6688488274458,12.9887636449012,1
176,1,16.75,34,12.9887636449012,14.1363727567397,1
176,1,16.75,34,14.1363727567397,14.3332454187538,1
176,1,16.75,34,14.3332454187538,14.3662918823411,1
176,1,16.75,34,14.3662918823411,14.3720820809674,1
176,1,16.75,34,14.3720820809674,14.804869392769,1
176,1,16.75,34,14.804869392769,15.0270371183951,1
176,1,16.75,34,15.0270371183951,15.1025503801074,1
176,1,16.75,34,15.1025503801074,15.4834668806974,1
176,1,16.75,34,15.4834668806974,15.5793259805952,1
176,1,16.75,34,15.5793259805952,15.6488423715378,1
176,1,16.75,34,15.6488423715378,15.9227124581992,1
176,1,16.75,34,15.9227124581992,16.1111921902116,1
176,1,16.75,34,16.1111921902116,16.5899088403575,1
176,1,16.75,34,16.5899088403575,16.6382846108692,1
176,1,16.75,34,16.6382846108692,16.75,0
177,1,14.75,25,0,2.94975081869633,1
177,1,14.75,25,2.94975081869633,3.93302239285376,1
177,1,14.75,25,3.93302239285376,5.44579074850524,1
177,1,14.75,25,5.44579074850524,5.46935787054138,1
177,1,14.75,25,5.46935787054138,5.92093719511646,1
177,1,14.75,25,5.92093719511646,6.15573457124241,1
177,1,14.75,25,6.15573457124241,6.86934271149815,1
177,1,14.75,25,6.86934271149815,7.82412753753107,1
177,1,14.75,25,7.82412753753107,7.84684851386597,1
177,1,14.75,25,7.84684851386597,8.24253640032535,1
177,1,14.75,25,8.24253640032535,8.30715200972775,1
177,1,14.75,25,8.30715200972775,9.12671552299167,1
177,1,14.75,25,9.12671552299167,9.65182765039945,1
177,1,14.75,25,9.65182765039945,9.6868250799952,1
177,1,14.75,25,9.6868250799952,10.0766022057513,1
177,1,14.75,25,10.0766022057513,10.6226844104892,1
177,1,14.75,25,10.6226844104892,11.0283764477264,1
177,1,14.75,25,11.0283764477264,11.4581775810983,1
177,1,14.75,25,11.4581775810983,11.5748285751877,1
177,1,14.75,25,11.5748285751877,12.1138133159731,1
177,1,14.75,25,12.1138133159731,13.17619034465,1
177,1,14.75,25,13.17619034465,13.2828156046139,1
177,1,14.75,25,13.2828156046139,13.5020089438547,1
177,1,14.75,25,13.5020089438547,13.577713233254,1
177,1,14.75,25,13.577713233254,14.7127040957294,1
177,1,14.75,25,14.7127040957294,14.75,0
178,1,14.75,20,0,0.774618217736296,1
178,1,14.75,20,0.774618217736296,5.20721286023067,1
178,1,14.75,20,5.20721286023067,5.51360944592692,1
178,1,14.75,20,5.51360944592692,6.33650145844368,1
178,1,14.75,20,6.33650145844368,7.82521187683027,1
178,1,14.75,20,7.82521187683027,8.52977755594214,1
178,1,14.75,20,8.52977755594214,8.76639766138595,1
178,1,14.75,20,8.76639766138595,8.81634346972528,1
178,1,14.75,20,8.81634346972528,9.37300868712972,1
178,1,14.75,20,9.37300868712972,9.60478918280929,1
178,1,14.75,20,9.60478918280929,10.8929977800508,1
178,1,14.75,20,10.8929977800508,12.3151846428808,1
178,1,14.75,20,12.3151846428808,12.3264197893732,1
178,1,14.75,20,12.3264197893732,12.6038577618876,1
178,1,14.75,20,12.6038577618876,13.0349365180057,1
178,1,14.75,20,13.0349365180057,13.0518954742273,1
178,1,14.75,20,13.0518954742273,13.6841869110242,1
178,1,14.75,20,13.6841869110242,14.4667339276531,1
178,1,14.75,20,14.4667339276531,14.6016898343414,1
178,1,14.75,20,14.6016898343414,14.6891686863046,1
178,1,14.75,20,14.6891686863046,14.75,0
179,1,13.75,20,0,3.1421210500653,1
179,1,13.75,20,3.1421210500653,5.86919978727054,1
179,1,13.75,20,5.86919978727054,6.44809851062724,1
179,1,13.75,20,6.44809851062724,6.53087012460568,1
179,1,13.75,20,6.53087012460568,9.76780159563703,1
179,1,13.75,20,9.76780159563703,9.7874086417441,1
179,1,13.75,20,9.7874086417441,9.86805031616039,1
179,1,13.75,20,9.86805031616039,10.0749308749983,1
179,1,13.75,20,10.0749308749983,10.2214814122387,1
179,1,13.75,20,10.2214814122387,10.4715501188617,1
179,1,13.75,20,10.4715501188617,10.7356364433985,1
179,1,13.75,20,10.7356364433985,10.7694124773927,1
179,1,13.75,20,10.7694124773927,10.8403464873776,1
179,1,13.75,20,10.8403464873776,11.1783673553385,1
179,1,13.75,20,11.1783673553385,11.4971059071181,1
179,1,13.75,20,11.4971059071181,12.1334711630641,1
179,1,13.75,20,12.1334711630641,12.5585294890704,1
179,1,13.75,20,12.5585294890704,13.133569580012,1
179,1,13.75,20,13.133569580012,13.4874992910259,1
179,1,13.75,20,13.4874992910259,13.5464949637803,1
179,1,13.75,20,13.5464949637803,13.75,0
180,1,11.75,9,0,2.07385130843971,1
180,1,11.75,9,2.07385130843971,6.7522579122716,1
180,1,11.75,9,6.7522579122716,7.55997464702403,1
180,1,11.75,9,7.55997464702403,9.02478672934196,1
180,1,11.75,9,9.02478672934196,9.27919205772538,1
180,1,11.75,9,9.27919205772538,9.60889144333013,1
180,1,11.75,9,9.60889144333013,9.89726924864183,1
180,1,11.75,9,9.89726924864183,10.6394425609283,1
180,1,11.75,9,10.6394425609283,11.7236031552846,1
180,1,11.75,9,11.7236031552846,11.75,0
181,1,20.75,24,0,6.30125241789957,1
181,1,20.75,24,6.30125241789957,6.71107250628599,1
181,1,20.75,24,6.71107250628599,8.50809143195811,1
181,1,20.75,24,8.50809143195811,8.58926983921417,1
181,1,20.75,24,8.58926983921417,9.59933190867491,1
181,1,20.75,24,9.59933190867491,10.3048040574699,1
181,1,20.75,24,10.3048040574699,10.3888154506447,1
181,1,20.75,24,10.3888154506447,11.6034640443365,1
181,1,20.75,24,11.6034640443365,11.9713451671394,1
181,1,20.75,24,11.9713451671394,12.8006829570395,1
181,1,20.75,24,12.8006829570395,13.9463126854658,1
181,1,20.75,24,13.9463126854658,14.2741272123444,1
181,1,20.75,24,14.2741272123444,14.8474010151049,1
181,1,20.75,24,14.8474010151049,15.3683902570805,1
181,1,20.75,24,15.3683902570805,16.6040387798525,1
181,1,20.75,24,16.6040387798525,16.9028131647332,1
181,1,20.75,24,16.9028131647332,17.185173795576,1
181,1,20.75,24,17.185173795576,18.4956884118898,1
181,1,20.75,24,18.4956884118898,19.8062300480899,1
181,1,20.75,24,19.8062300480899,20.0664672750131,1
181,1,20.75,24,20.0664672750131,20.2201279953665,1
181,1,20.75,24,20.2201279953665,20.2344280253272,1
181,1,20.75,24,20.2344280253272,20.3365163893257,1
181,1,20.75,24,20.3365163893257,20.4150463739315,1
181,1,20.75,24,20.4150463739315,20.75,0
182,1,16.75,13,0,5.32516957808325,1
182,1,16.75,13,5.32516957808325,5.46014280919864,1
182,1,16.75,13,5.46014280919864,7.57413304232026,1
182,1,16.75,13,7.57413304232026,8.60156705240928,1
182,1,16.75,13,8.60156705240928,9.16028253322431,1
182,1,16.75,13,9.16028253322431,11.8559689430412,1
182,1,16.75,13,11.8559689430412,12.2877257416142,1
182,1,16.75,13,12.2877257416142,12.4935614549733,1
182,1,16.75,13,12.4935614549733,13.9262205888102,1
182,1,16.75,13,13.9262205888102,14.0881603367892,1
182,1,16.75,13,14.0881603367892,14.8231520664354,1
182,1,16.75,13,14.8231520664354,14.9609898367706,1
182,1,16.75,13,14.9609898367706,15.1408428705674,1
182,1,16.75,13,15.1408428705674,16.75,0
183,1,17.75,7,0,4.3180332364973,1
183,1,17.75,7,4.3180332364973,7.88403908039956,1
183,1,17.75,7,7.88403908039956,11.6619706708657,1
183,1,17.75,7,11.6619706708657,14.6342209102057,1
183,1,17.75,7,14.6342209102057,16.8359929417745,1
183,1,17.75,7,16.8359929417745,16.9230382434143,1
183,1,17.75,7,16.9230382434143,17.1858100857896,1
183,1,17.75,7,17.1858100857896,17.75,0
184,1,19.75,21,0,2.70426134888511,1
184,1,19.75,21,2.70426134888511,6.86302959375865,1
184,1,19.75,21,6.86302959375865,7.00329180022867,1
184,1,19.75,21,7.00329180022867,7.55644792341277,1
184,1,19.75,21,7.55644792341277,7.64206202224695,1
184,1,19.75,21,7.64206202224695,9.96397044530045,1
184,1,19.75,21,9.96397044530045,11.2191880180421,1
184,1,19.75,21,11.2191880180421,12.0383723495533,1
184,1,19.75,21,12.0383723495533,12.7068648658899,1
184,1,19.75,21,12.7068648658899,12.9976477657388,1
184,1,19.75,21,12.9976477657388,13.2044579857661,1
184,1,19.75,21,13.2044579857661,13.3806146954634,1
184,1,19.75,21,13.3806146954634,15.5810155759795,1
184,1,19.75,21,15.5810155759795,16.1559806415241,1
184,1,19.75,21,16.1559806415241,17.974898431749,1
184,1,19.75,21,17.974898431749,18.5976014044845,1
184,1,19.75,21,18.5976014044845,18.6687454609939,1
184,1,19.75,21,18.6687454609939,18.9218271034913,1
184,1,19.75,21,18.9218271034913,19.2817887185993,1
184,1,19.75,21,19.2817887185993,19.4353390170486,1
184,1,19.75,21,19.4353390170486,19.6343072221949,1
184,1,19.75,21,19.6343072221949,19.75,0
185,1,15.75,12,0,8.0312252364189,1
185,1,15.75,12,8.0312252364189,8.92583409957022,1
185,1,15.75,12,8.92583409957022,9.47696782216788,1
185,1,15.75,12,9.47696782216788,9.59831348605192,1
185,1,15.75,12,9.59831348605192,9.89663019254042,1
185,1,15.75,12,9.89663019254042,10.4124354901451,1
185,1,15.75,12,10.4124354901451,11.0140640662131,1
185,1,15.75,12,11.0140640662131,12.0847921030649,1
185,1,15.75,12,12.0847921030649,12.4001414795424,1
185,1,15.75,12,12.4001414795424,13.5718271230504,1
185,1,15.75,12,13.5718271230504,15.5147631357582,1
185,1,15.75,12,15.5147631357582,15.5420766859003,1
185,1,15.75,12,15.5420766859003,15.75,0
186,1,15.75,13,0,5.05995336173673,1
186,1,15.75,13,5.05995336173673,5.17975186232557,1
186,1,15.75,13,5.17975186232557,9.3970469735638,1
186,1,15.75,13,9.3970469735638,10.0724920252376,1
186,1,15.75,13,10.0724920252376,10.3950399401827,1
186,1,15.75,13,10.3950399401827,11.834288612652,1
186,1,15.75,13,11.834288612652,12.3518136768198,1
186,1,15.75,13,12.3518136768198,13.4136012846292,1
186,1,15.75,13,13.4136012846292,13.84635274627,1
186,1,15.75,13,13.84635274627,14.0142059852781,1
186,1,15.75,13,14.0142059852781,14.478186669476,1
186,1,15.75,13,14.478186669476,14.6052566605875,1
186,1,15.75,13,14.6052566605875,15.1364308082122,1
186,1,15.75,13,15.1364308082122,15.75,0
187,1,11.75,6,0,5.98437540371616,1
187,1,11.75,6,5.98437540371616,10.2584320569399,1
187,1,11.75,6,10.2584320569399,10.8534873344771,1
187,1,11.75,6,10.8534873344771,11.5073153390607,1
187,1,11.75,6,11.5073153390607,11.6114444056786,1
187,1,11.75,6,11.6114444056786,11.702955941945,1
187,1,11.75,6,11.702955941945,11.75,0
188,1,10.75,6,0,1.04171530862468,1
188,1,10.75,6,1.04171530862468,2.88703875442009,1
188,1,10.75,6,2.88703875442009,5.19102124139145,1
188,1,10.75,6,5.19102124139145,5.34215696716302,1
188,1,10.75,6,5.34215696716302,7.94863124913019,1
188,1,10.75,6,7.94863124913019,10.5125732378306,1
188,1,10.75,6,10.5125732378306,10.75,0
189,1,13.75,5,0,4.61254733591224,1
189,1,13.75,5,4.61254733591224,11.5494906310879,1
189,1,13.75,5,11.5494906310879,12.1495488462402,1
189,1,13.75,5,12.1495488462402,12.3326506177675,1
189,1,13.75,5,12.3326506177675,12.9801994441551,1
189,1,13.75,5,12.9801994441551,13.75,0
190,1,17.75,14,0,4.04438803407365,1
190,1,17.75,14,4.04438803407365,6.2191528609133,1
190,1,17.75,14,6.2191528609133,9.27909028898589,1
190,1,17.75,14,9.27909028898589,10.0667908502094,1
190,1,17.75,14,10.0667908502094,10.2710839761525,1
190,1,17.75,14,10.2710839761525,10.904273052686,1
190,1,17.75,14,10.904273052686,12.2596102906297,1
190,1,17.75,14,12.2596102906297,13.4236548202947,1
190,1,17.75,14,13.4236548202947,14.279931781942,1
190,1,17.75,14,14.279931781942,14.4800270909221,1
190,1,17.75,14,14.4800270909221,14.5146744748091,1
190,1,17.75,14,14.5146744748091,15.3527475283108,1
190,1,17.75,14,15.3527475283108,16.9144211645339,1
190,1,17.75,14,16.9144211645339,17.5848060773242,1
190,1,17.75,14,17.5848060773242,17.75,0
191,1,15.75,24,0,3.51384179725411,1
191,1,15.75,24,3.51384179725411,4.13237085353808,1
191,1,15.75,24,4.13237085353808,5.20312504156971,1
191,1,15.75,24,5.20312504156971,5.41897615054795,1
191,1,15.75,24,5.41897615054795,6.69118228287556,1
191,1,15.75,24,6.69118228287556,6.83463780095306,1
191,1,15.75,24,6.83463780095306,7.51635140396989,1
191,1,15.75,24,7.51635140396989,10.2905229462753,1
191,1,15.75,24,10.2905229462753,11.0018733250456,1
191,1,15.75,24,11.0018733250456,12.0979281220562,1
191,1,15.75,24,12.0979281220562,12.4190041503549,1
191,1,15.75,24,12.4190041503549,12.8094258275787,1
191,1,15.75,24,12.8094258275787,13.1018028773828,1
191,1,15.75,24,13.1018028773828,13.3437457310876,1
191,1,15.75,24,13.3437457310876,13.4193859397568,1
191,1,15.75,24,13.4193859397568,13.6664651155895,1
191,1,15.75,24,13.6664651155895,13.716240608569,1
191,1,15.75,24,13.716240608569,13.7636591037997,1
191,1,15.75,24,13.7636591037997,13.7836030205327,1
191,1,15.75,24,13.7836030205327,14.1292931257565,1
191,1,15.75,24,14.1292931257565,14.1497256722689,1
191,1,15.75,24,14.1497256722689,14.5580627054602,1
191,1,15.75,24,14.5580627054602,15.3703183778817,1
191,1,15.75,24,15.3703183778817,15.495094179211,1
191,1,15.75,24,15.495094179211,15.75,0
192,1,14.75,11,0,5.85962085896003,1
192,1,14.75,11,5.85962085896003,7.08378027394954,1
192,1,14.75,11,7.08378027394954,7.29691692670863,1
192,1,14.75,11,7.29691692670863,7.4262112893917,1
192,1,14.75,11,7.4262112893917,8.83593114022065,1
192,1,14.75,11,8.83593114022065,8.88390033734392,1
192,1,14.75,11,8.88390033734392,9.72390247126029,1
192,1,14.75,11,9.72390247126029,10.1894364089396,1
192,1,14.75,11,10.1894364089396,13.1343110285725,1
192,1,14.75,11,13.1343110285725,13.2086230925612,1
192,1,14.75,11,13.2086230925612,14.4392735692509,1
192,1,14.75,11,14.4392735692509,14.75,0
193,1,12.75,11,0,2.57562553345408,1
193,1,12.75,11,2.57562553345408,4.34010515963747,1
193,1,12.75,11,4.34010515963747,5.00304629987539,1
193,1,12.75,11,5.00304629987539,5.56375765637682,1
193,1,12.75,11,5.56375765637682,6.53339273147284,1
193,1,12.75,11,6.53339273147284,6.76515055154779,1
193,1,12.75,11,6.76515055154779,6.76886095469095,1
193,1,12.75,11,6.76886095469095,7.65625712137471,1
193,1,12.75,11,7.65625712137471,8.49089186967299,1
193,1,12.75,11,8.49089186967299,8.98401860171789,1
193,1,12.75,11,8.98401860171789,9.07208306528244,1
193,1,12.75,11,9.07208306528244,12.75,0
194,1,9.75,10,0,1.83950575072249,1
194,1,9.75,10,1.83950575072249,3.27582310031297,1
194,1,9.75,10,3.27582310031297,4.24017147570595,1
194,1,9.75,10,4.24017147570595,4.56817730688688,1
194,1,9.75,10,4.56817730688688,4.84741423829454,1
194,1,9.75,10,4.84741423829454,6.53564877078429,1
194,1,9.75,10,6.53564877078429,7.7829754675781,1
194,1,9.75,10,7.7829754675781,8.23139623021629,1
194,1,9.75,10,8.23139623021629,8.39042900487091,1
194,1,9.75,10,8.39042900487091,8.96349015618742,1
194,1,9.75,10,8.96349015618742,9.75,0
195,1,14.75,12,0,5.85318376357564,1
195,1,14.75,12,5.85318376357564,6.71725908697156,1
195,1,14.75,12,6.71725908697156,6.98151355029167,1
195,1,14.75,12,6.98151355029167,11.8669851604813,1
195,1,14.75,12,11.8669851604813,12.1435774489353,1
195,1,14.75,12,12.1435774489353,12.1938550791401,1
195,1,14.75,12,12.1938550791401,12.7265853243867,1
195,1,14.75,12,12.7265853243867,12.89389808487,1
195,1,14.75,12,12.89389808487,13.312191746259,1
195,1,14.75,12,13.312191746259,13.7605888673579,1
195,1,14.75,12,13.7605888673579,14.654947623682,1
195,1,14.75,12,14.654947623682,14.6909377521392,1
195,1,14.75,12,14.6909377521392,14.75,0
196,1,18.75,16,0,6.67757967120258,1
196,1,18.75,16,6.67757967120258,6.72239589236245,1
196,1,18.75,16,6.72239589236245,6.8262188528275,1
196,1,18.75,16,6.8262188528275,7.23471187828052,1
196,1,18.75,16,7.23471187828052,7.62230552763779,1
196,1,18.75,16,7.62230552763779,8.20797091805944,1
196,1,18.75,16,8.20797091805944,11.7245935095867,1
196,1,18.75,16,11.7245935095867,12.9161365187875,1
196,1,18.75,16,12.9161365187875,13.8425744819157,1
196,1,18.75,16,13.8425744819157,14.3857603211902,1
196,1,18.75,16,14.3857603211902,15.4702806962137,1
196,1,18.75,16,15.4702806962137,15.4795035833513,1
196,1,18.75,16,15.4795035833513,15.6085602129674,1
196,1,18.75,16,15.6085602129674,16.7398206557095,1
196,1,18.75,16,16.7398206557095,17.4747407229477,1
196,1,18.75,16,17.4747407229477,17.7878295886515,1
196,1,18.75,16,17.7878295886515,18.75,0
197,1,9.75,9,0,4.17141300221546,1
197,1,9.75,9,4.17141300221546,5.73478761367051,1
197,1,9.75,9,5.73478761367051,5.87304588673132,1
197,1,9.75,9,5.87304588673132,6.46093867962072,1
197,1,9.75,9,6.46093867962072,6.91177878204361,1
197,1,9.75,9,6.91177878204361,7.73614528346034,1
197,1,9.75,9,7.73614528346034,8.21078236270473,1
197,1,9.75,9,8.21078236270473,8.42494694633844,1
197,1,9.75,9,8.42494694633844,9.44299975305599,1
197,1,9.75,9,9.44299975305599,9.75,0
198,1,9.75,3,0,6.89008022304931,1
198,1,9.75,3,6.89008022304931,6.90235363981327,1
198,1,9.75,3,6.90235363981327,8.70920924087209,1
198,1,9.75,3,8.70920924087209,9.75,0
199,1,16.75,19,0,5.13074715356032,1
199,1,16.75,19,5.13074715356032,5.40649033019252,1
199,1,16.75,19,5.40649033019252,5.47211384503033,1
199,1,16.75,19,5.47211384503033,8.81308695840206,1
199,1,16.75,19,8.81308695840206,8.87498737015096,1
199,1,16.75,19,8.87498737015096,9.49325521868121,1
199,1,16.75,19,9.49325521868121,11.8915781540909,1
199,1,16.75,19,11.8915781540909,12.2763921099785,1
199,1,16.75,19,12.2763921099785,12.4961944692583,1
199,1,16.75,19,12.4961944692583,12.7989548026827,1
199,1,16.75,19,12.7989548026827,13.6687689618232,1
199,1,16.75,19,13.6687689618232,13.7316336369189,1
199,1,16.75,19,13.7316336369189,14.4209873954188,1
199,1,16.75,19,14.4209873954188,14.5196659251427,1
199,1,16.75,19,14.5196659251427,14.6142160176046,1
199,1,16.75,19,14.6142160176046,14.8339988830891,1
199,1,16.75,19,14.8339988830891,15.7767724784881,1
199,1,16.75,19,15.7767724784881,15.8921986649657,1
199,1,16.75,19,15.8921986649657,16.0973729226593,1
199,1,16.75,19,16.0973729226593,16.75,0
200,1,14.75,14,0,1.77387698725366,1
200,1,14.75,14,1.77387698725366,2.11420826059933,1
200,1,14.75,14,2.11420826059933,4.56327810830357,1
200,1,14.75,14,4.56327810830357,5.1552731082278,1
200,1,14.75,14,5.1552731082278,5.4616243851993,1
200,1,14.75,14,5.4616243851993,5.92953679890918,1
200,1,14.75,14,5.92953679890918,6.99151219666976,1
200,1,14.75,14,6.99151219666976,8.32623319282357,1
200,1,14.75,14,8.32623319282357,8.78909657868511,1
200,1,14.75,14,8.78909657868511,10.57826288603,1
200,1,14.75,14,10.57826288603,11.6668873210092,1
200,1,14.75,14,11.6668873210092,11.7675177383054,1
200,1,14.75,14,11.7675177383054,11.7771363360987,1
200,1,14.75,14,11.7771363360987,13.8563548328926,1
200,1,14.75,14,13.8563548328926,14.75,0
201,1,14.75,8,0,1.9284970071873,1
201,1,14.75,8,1.9284970071873,4.52465789318759,1
201,1,14.75,8,4.52465789318759,5.0886124169962,1
201,1,14.75,8,5.0886124169962,6.97019242259172,1
201,1,14.75,8,6.97019242259172,8.2664511178854,1
201,1,14.75,8,8.2664511178854,12.0305323677789,1
201,1,14.75,8,12.0305323677789,13.4426565374202,1
201,1,14.75,8,13.4426565374202,14.1498726489297,1
201,1,14.75,8,14.1498726489297,14.75,0
202,1,14.75,23,0,1.91547633865243,1
202,1,14.75,23,1.91547633865243,2.90215734012127,1
202,1,14.75,23,2.90215734012127,5.12489622196725,1
202,1,14.75,23,5.12489622196725,5.54510266313079,1
202,1,14.75,23,5.54510266313079,6.25261191971969,1
202,1,14.75,23,6.25261191971969,6.4688012600996,1
202,1,14.75,23,6.4688012600996,6.69455532894218,1
202,1,14.75,23,6.69455532894218,8.39102838281987,1
202,1,14.75,23,8.39102838281987,8.53649545340142,1
202,1,14.75,23,8.53649545340142,8.81042833976291,1
202,1,14.75,23,8.81042833976291,8.85867067716376,1
202,1,14.75,23,8.85867067716376,8.97150124670448,1
202,1,14.75,23,8.97150124670448,9.26469414788193,1
202,1,14.75,23,9.26469414788193,9.33114343603292,1
202,1,14.75,23,9.33114343603292,11.2000667491226,1
202,1,14.75,23,11.2000667491226,11.6715301907734,1
202,1,14.75,23,11.6715301907734,12.3921493812737,1
202,1,14.75,23,12.3921493812737,12.5833301694607,1
202,1,14.75,23,12.5833301694607,13.1925907320953,1
202,1,14.75,23,13.1925907320953,13.2538849684589,1
202,1,14.75,23,13.2538849684589,13.4939840828747,1
202,1,14.75,23,13.4939840828747,14.1706627935088,1
202,1,14.75,23,14.1706627935088,14.7050645356933,1
202,1,14.75,23,14.7050645356933,14.75,0
203,1,15.75,12,0,1.90221161445098,1
203,1,15.75,12,1.90221161445098,4.26165268984561,1
203,1,15.75,12,4.26165268984561,5.1190627100031,1
203,1,15.75,12,5.1190627100031,7.42683263059779,1
203,1,15.75,12,7.42683263059779,8.72728859305312,1
203,1,15.75,12,8.72728859305312,10.8721502034933,1
203,1,15.75,12,10.8721502034933,13.3165248138122,1
203,1,15.75,12,13.3165248138122,13.466431736905,1
203,1,15.75,12,13.466431736905,13.7720830877185,1
203,1,15.75,12,13.7720830877185,13.8101622766282,1
203,1,15.75,12,13.8101622766282,14.1808593864808,1
203,1,15.75,12,14.1808593864808,14.6013774132827,1
203,1,15.75,12,14.6013774132827,15.75,0
204,1,12.75,9,0,4.74727046888979,1
204,1,12.75,9,4.74727046888979,7.44883785610835,1
204,1,12.75,9,7.44883785610835,7.8891239102233,1
204,1,12.75,9,7.8891239102233,9.01895145634864,1
204,1,12.75,9,9.01895145634864,9.36615059221015,1
204,1,12.75,9,9.36615059221015,11.2142757462505,1
204,1,12.75,9,11.2142757462505,11.5104447577618,1
204,1,12.75,9,11.5104447577618,12.2441949434693,1
204,1,12.75,9,12.2441949434693,12.7385919932432,1
204,1,12.75,9,12.7385919932432,12.75,0
205,1,13.75,9,0,4.77486079582977,1
205,1,13.75,9,4.77486079582977,4.78680264292676,1
205,1,13.75,9,4.78680264292676,5.58797567506882,1
205,1,13.75,9,5.58797567506882,6.93247180389945,1
205,1,13.75,9,6.93247180389945,7.49310998770475,1
205,1,13.75,9,7.49310998770475,8.31922501514123,1
205,1,13.75,9,8.31922501514123,9.17881165574449,1
205,1,13.75,9,9.17881165574449,10.5296319891474,1
205,1,13.75,9,10.5296319891474,12.4346366494337,1
205,1,13.75,9,12.4346366494337,13.75,0
206,1,17.75,12,0,2.58945736641245,1
206,1,17.75,12,2.58945736641245,4.23118991725914,1
206,1,17.75,12,4.23118991725914,5.28439977547709,1
206,1,17.75,12,5.28439977547709,6.05613296505021,1
206,1,17.75,12,6.05613296505021,8.83949827272372,1
206,1,17.75,12,8.83949827272372,12.3734870235964,1
206,1,17.75,12,12.3734870235964,12.7318231561976,1
206,1,17.75,12,12.7318231561976,14.2114901382795,1
206,1,17.75,12,14.2114901382795,15.2811769879781,1
206,1,17.75,12,15.2811769879781,15.6664898090351,1
206,1,17.75,12,15.6664898090351,15.7133544384539,1
206,1,17.75,12,15.7133544384539,17.6197590434504,1
206,1,17.75,12,17.6197590434504,17.75,0
207,1,10.75,3,0,5.78037806250117,1
207,1,10.75,3,5.78037806250117,8.25483539508227,1
207,1,10.75,3,8.25483539508227,8.42519581470529,1
207,1,10.75,3,8.42519581470529,10.75,0
208,1,15.75,10,0,3.2357659887656,1
208,1,15.75,10,3.2357659887656,7.4331414604605,1
208,1,15.75,10,7.4331414604605,9.17954934601088,1
208,1,15.75,10,9.17954934601088,9.72325139967904,1
208,1,15.75,10,9.72325139967904,11.5822318997833,1
208,1,15.75,10,11.5822318997833,12.4289285695284,1
208,1,15.75,10,12.4289285695284,14.2528459916878,1
208,1,15.75,10,14.2528459916878,14.2687250803205,1
208,1,15.75,10,14.2687250803205,15.0465734217027,1
208,1,15.75,10,15.0465734217027,15.4211189037194,1
208,1,15.75,10,15.4211189037194,15.75,0
209,1,17.75,16,0,8.8079635370232,1
209,1,17.75,16,8.8079635370232,9.20143927529963,1
209,1,17.75,16,9.20143927529963,9.25977521761834,1
209,1,17.75,16,9.25977521761834,9.79536330288796,1
209,1,17.75,16,9.79536330288796,10.3828318866897,1
209,1,17.75,16,10.3828318866897,11.9670570666731,1
209,1,17.75,16,11.9670570666731,12.0779196115827,1
209,1,17.75,16,12.0779196115827,13.4089807556168,1
209,1,17.75,16,13.4089807556168,13.4408969398226,1
209,1,17.75,16,13.4408969398226,14.3731920484056,1
209,1,17.75,16,14.3731920484056,15.422195842634,1
209,1,17.75,16,15.422195842634,15.7611425894874,1
209,1,17.75,16,15.7611425894874,16.0918826776894,1
209,1,17.75,16,16.0918826776894,16.5632583268515,1
209,1,17.75,16,16.5632583268515,17.3761839385722,1
209,1,17.75,16,17.3761839385722,17.5573584753791,1
209,1,17.75,16,17.5573584753791,17.75,0
210,1,8.75,2,0,4.67323488238053,1
210,1,8.75,2,4.67323488238053,7.41262656529147,1
210,1,8.75,2,7.41262656529147,8.75,0
211,1,20.75,24,0,4.18635566020022,1
211,1,20.75,24,4.18635566020022,6.69978602045844,1
211,1,20.75,24,6.69978602045844,8.91177913622212,1
211,1,20.75,24,8.91177913622212,10.0031570614442,1
211,1,20.75,24,10.0031570614442,10.6901073407723,1
211,1,20.75,24,10.6901073407723,10.6907830404517,1
211,1,20.75,24,10.6907830404517,10.9298359239082,1
211,1,20.75,24,10.9298359239082,11.4314624738326,1
211,1,20.75,24,11.4314624738326,12.5827697838112,1
211,1,20.75,24,12.5827697838112,14.6650733777632,1
211,1,20.75,24,14.6650733777632,16.0682608634551,1
211,1,20.75,24,16.0682608634551,16.0885774520556,1
211,1,20.75,24,16.0885774520556,16.2145011256846,1
211,1,20.75,24,16.2145011256846,16.4049476943208,1
211,1,20.75,24,16.4049476943208,16.9513219535542,1
211,1,20.75,24,16.9513219535542,17.848887875532,1
211,1,20.75,24,17.848887875532,17.8688596821931,1
211,1,20.75,24,17.8688596821931,17.9230042964968,1
211,1,20.75,24,17.9230042964968,18.3170815200219,1
211,1,20.75,24,18.3170815200219,18.6709384784894,1
211,1,20.75,24,18.6709384784894,19.1245527711376,1
211,1,20.75,24,19.1245527711376,19.7155962163256,1
211,1,20.75,24,19.7155962163256,20.3009570400951,1
211,1,20.75,24,20.3009570400951,20.4041824649547,1
211,1,20.75,24,20.4041824649547,20.75,0
212,1,11.75,11,0,2.4776704187888,1
212,1,11.75,11,2.4776704187888,4.68125065544999,1
212,1,11.75,11,4.68125065544999,5.46383621818777,1
212,1,11.75,11,5.46383621818777,6.45287005756489,1
212,1,11.75,11,6.45287005756489,8.43964672544548,1
212,1,11.75,11,8.43964672544548,9.2666825753764,1
212,1,11.75,11,9.2666825753764,10.5597985660547,1
212,1,11.75,11,10.5597985660547,10.8061824896371,1
212,1,11.75,11,10.8061824896371,11.128216047158,1
212,1,11.75,11,11.128216047158,11.2944628304746,1
212,1,11.75,11,11.2944628304746,11.2950358570072,1
212,1,11.75,11,11.2950358570072,11.75,0
213,1,8.75,9,0,3.47452566211377,1
213,1,8.75,9,3.47452566211377,4.68396351101092,1
213,1,8.75,9,4.68396351101092,5.56518372529845,1
213,1,8.75,9,5.56518372529845,6.06409430186156,1
213,1,8.75,9,6.06409430186156,6.31623682824188,1
213,1,8.75,9,6.31623682824188,6.67023396447468,1
213,1,8.75,9,6.67023396447468,7.45485317532327,1
213,1,8.75,9,7.45485317532327,8.02116242934536,1
213,1,8.75,9,8.02116242934536,8.65969776513964,1
213,1,8.75,9,8.65969776513964,8.75,0
214,1,9.75,4,0,2.89110915649692,1
214,1,9.75,4,2.89110915649692,7.77276919399769,1
214,1,9.75,4,7.77276919399769,7.78524143174905,1
214,1,9.75,4,7.78524143174905,9.19734598495073,1
214,1,9.75,4,9.19734598495073,9.75,0
215,1,14.75,12,0,2.98839084454809,1
215,1,14.75,12,2.98839084454809,3.73811283488629,1
215,1,14.75,12,3.73811283488629,8.0387182217814,1
215,1,14.75,12,8.0387182217814,8.90706537627227,1
215,1,14.75,12,8.90706537627227,9.65936280387964,1
215,1,14.75,12,9.65936280387964,9.95463742897826,1
215,1,14.75,12,9.95463742897826,10.7946451871729,1
215,1,14.75,12,10.7946451871729,11.2284845848644,1
215,1,14.75,12,11.2284845848644,11.394938802575,1
215,1,14.75,12,11.394938802575,12.6277725802804,1
215,1,14.75,12,12.6277725802804,12.7478428204224,1
215,1,14.75,12,12.7478428204224,12.8599285767426,1
215,1,14.75,12,12.8599285767426,14.75,0
216,1,14.75,4,0,5.02169082599373,1
216,1,14.75,4,5.02169082599373,7.6958160917151,1
216,1,14.75,4,7.6958160917151,11.4978401770318,1
216,1,14.75,4,11.4978401770318,11.8656173805526,1
216,1,14.75,4,11.8656173805526,14.75,0
217,1,13.75,7,0,0.90677916250269,1
217,1,13.75,7,0.90677916250269,4.97913193409498,1
217,1,13.75,7,4.97913193409498,7.97460050125321,1
217,1,13.75,7,7.97460050125321,10.214797916949,1
217,1,13.75,7,10.214797916949,11.7009921741511,1
217,1,13.75,7,11.7009921741511,12.0262726042308,1
217,1,13.75,7,12.0262726042308,12.0627771164217,1
217,1,13.75,7,12.0627771164217,13.75,0
218,1,14.75,7,0,2.63805448375577,1
218,1,14.75,7,2.63805448375577,6.14198374153839,1
218,1,14.75,7,6.14198374153839,8.40630451975745,1
218,1,14.75,7,8.40630451975745,10.8438081190161,1
218,1,14.75,7,10.8438081190161,11.4359741576193,1
218,1,14.75,7,11.4359741576193,12.5718461252708,1
218,1,14.75,7,12.5718461252708,12.6674636590142,1
218,1,14.75,7,12.6674636590142,14.75,0
219,1,18.75,35,0,1.86919584808614,1
219,1,18.75,35,1.86919584808614,2.36026930257547,1
219,1,18.75,35,2.36026930257547,3.87986883373976,1
219,1,18.75,35,3.87986883373976,4.72392762593343,1
219,1,18.75,35,4.72392762593343,4.90312043094499,1
219,1,18.75,35,4.90312043094499,7.2255993733937,1
219,1,18.75,35,7.2255993733937,7.30613815355351,1
219,1,18.75,35,7.30613815355351,9.2356741337881,1
219,1,18.75,35,9.2356741337881,9.33535349797898,1
219,1,18.75,35,9.33535349797898,9.46502570190789,1
219,1,18.75,35,9.46502570190789,11.0145543093426,1
219,1,18.75,35,11.0145543093426,12.3115436264831,1
219,1,18.75,35,12.3115436264831,12.4493181432186,1
219,1,18.75,35,12.4493181432186,12.7839069167109,1
219,1,18.75,35,12.7839069167109,13.4843955901969,1
219,1,18.75,35,13.4843955901969,13.9688047908935,1
219,1,18.75,35,13.9688047908935,14.5780805104386,1
219,1,18.75,35,14.5780805104386,14.8034803020491,1
219,1,18.75,35,14.8034803020491,14.9698961879868,1
219,1,18.75,35,14.9698961879868,15.0563137188607,1
219,1,18.75,35,15.0563137188607,15.1336404215818,1
219,1,18.75,35,15.1336404215818,15.6857596357084,1
219,1,18.75,35,15.6857596357084,16.0606409607405,1
219,1,18.75,35,16.0606409607405,16.0635687187198,1
219,1,18.75,35,16.0635687187198,16.1913412756166,1
219,1,18.75,35,16.1913412756166,16.2592280441377,1
219,1,18.75,35,16.2592280441377,16.2713046119105,1
219,1,18.75,35,16.2713046119105,16.3210466817143,1
219,1,18.75,35,16.3210466817143,16.7119889268076,1
219,1,18.75,35,16.7119889268076,17.1456932393914,1
219,1,18.75,35,17.1456932393914,17.6046929455005,1
219,1,18.75,35,17.6046929455005,17.7447702105361,1
219,1,18.75,35,17.7447702105361,18.1981414407682,1
219,1,18.75,35,18.1981414407682,18.4032709546008,1
219,1,18.75,35,18.4032709546008,18.6985321293904,1
219,1,18.75,35,18.6985321293904,18.75,0
220,1,8.75,2,0,5.40641344251346,1
220,1,8.75,2,5.40641344251346,7.00605909526754,1
220,1,8.75,2,7.00605909526754,8.75,0
221,1,11.75,6,0,3.66129062404172,1
221,1,11.75,6,3.66129062404172,4.47331968821017,1
221,1,11.75,6,4.47331968821017,8.3755881439012,1
221,1,11.75,6,8.3755881439012,10.2096626014883,1
221,1,11.75,6,10.2096626014883,10.974615884794,1
221,1,11.75,6,10.974615884794,11.4743585836899,1
221,1,11.75,6,11.4743585836899,11.75,0
222,1,8.75,2,0,3.81828930945928,1
222,1,8.75,2,3.81828930945928,6.65332536910641,1
222,1,8.75,2,6.65332536910641,8.75,0
223,1,14.75,15,0,1.70806469113402,1
223,1,14.75,15,1.70806469113402,2.0238635936291,1
223,1,14.75,15,2.0238635936291,3.59576919227282,1
223,1,14.75,15,3.59576919227282,7.38989234095979,1
223,1,14.75,15,7.38989234095979,8.82204947272043,1
223,1,14.75,15,8.82204947272043,10.6380940352932,1
223,1,14.75,15,10.6380940352932,10.7832672745652,1
223,1,14.75,15,10.7832672745652,11.2729795373933,1
223,1,14.75,15,11.2729795373933,11.570041193626,1
223,1,14.75,15,11.570041193626,11.9936971226374,1
223,1,14.75,15,11.9936971226374,12.3803916894955,1
223,1,14.75,15,12.3803916894955,13.7727936356407,1
223,1,14.75,15,13.7727936356407,13.908203263973,1
223,1,14.75,15,13.908203263973,14.2001625783428,1
223,1,14.75,15,14.2001625783428,14.2429455486814,1
223,1,14.75,15,14.2429455486814,14.75,0
224,1,15.75,28,0,3.17033554278395,1
224,1,15.75,28,3.17033554278395,3.54815853527681,1
224,1,15.75,28,3.54815853527681,5.42846042543631,1
224,1,15.75,28,5.42846042543631,5.64350156961653,1
224,1,15.75,28,5.64350156961653,5.84441282597289,1
224,1,15.75,28,5.84441282597289,7.79938072029772,1
224,1,15.75,28,7.79938072029772,7.91254698432543,1
224,1,15.75,28,7.91254698432543,8.09193329485747,1
224,1,15.75,28,8.09193329485747,8.84721868102364,1
224,1,15.75,28,8.84721868102364,10.1845396087211,1
224,1,15.75,28,10.1845396087211,10.2222638842389,1
224,1,15.75,28,10.2222638842389,10.6722472714158,1
224,1,15.75,28,10.6722472714158,10.8944054349748,1
224,1,15.75,28,10.8944054349748,11.166348676573,1
224,1,15.75,28,11.166348676573,11.322169360909,1
224,1,15.75,28,11.322169360909,11.9146893527878,1
224,1,15.75,28,11.9146893527878,12.2421978380982,1
224,1,15.75,28,12.2421978380982,12.8110129152682,1
224,1,15.75,28,12.8110129152682,13.1256833340156,1
224,1,15.75,28,13.1256833340156,13.5519648708304,1
224,1,15.75,28,13.5519648708304,14.0256800753149,1
224,1,15.75,28,14.0256800753149,14.5978612728556,1
224,1,15.75,28,14.5978612728556,14.9177455279856,1
224,1,15.75,28,14.9177455279856,14.9651634012303,1
224,1,15.75,28,14.9651634012303,15.2087622644683,1
224,1,15.75,28,15.2087622644683,15.564769174215,1
224,1,15.75,28,15.564769174215,15.6715010121506,1
224,1,15.75,28,15.6715010121506,15.7308910170456,1
224,1,15.75,28,15.7308910170456,15.75,0
225,1,13.75,19,0,5.79014341819274,1
225,1,13.75,19,5.79014341819274,8.05768829005989,1
225,1,13.75,19,8.05768829005989,8.2282009170497,1
225,1,13.75,19,8.2282009170497,8.30614821571824,1
225,1,13.75,19,8.30614821571824,9.02714847824063,1
225,1,13.75,19,9.02714847824063,9.11788262617245,1
225,1,13.75,19,9.11788262617245,9.52702311109392,1
225,1,13.75,19,9.52702311109392,9.82869226020064,1
225,1,13.75,19,9.82869226020064,9.83775447099425,1
225,1,13.75,19,9.83775447099425,10.1297385174763,1
225,1,13.75,19,10.1297385174763,10.1875299027392,1
225,1,13.75,19,10.1875299027392,11.0457458454259,1
225,1,13.75,19,11.0457458454259,11.3548255257488,1
225,1,13.75,19,11.3548255257488,11.7538513673291,1
225,1,13.75,19,11.7538513673291,11.7792719584217,1
225,1,13.75,19,11.7792719584217,12.5863620469972,1
225,1,13.75,19,12.5863620469972,12.9066510479825,1
225,1,13.75,19,12.9066510479825,13.1837683832641,1
225,1,13.75,19,13.1837683832641,13.3039949557941,1
225,1,13.75,19,13.3039949557941,13.75,0
226,1,14.75,18,0,1.96944258621842,1
226,1,14.75,18,1.96944258621842,4.33608741925958,1
226,1,14.75,18,4.33608741925958,4.65950883253796,1
226,1,14.75,18,4.65950883253796,5.89233456780776,1
226,1,14.75,18,5.89233456780776,7.68438551968479,1
226,1,14.75,18,7.68438551968479,7.96471991429286,1
226,1,14.75,18,7.96471991429286,8.08596218936785,1
226,1,14.75,18,8.08596218936785,9.93330992667321,1
226,1,14.75,18,9.93330992667321,11.0620799257679,1
226,1,14.75,18,11.0620799257679,11.1309041089778,1
226,1,14.75,18,11.1309041089778,11.3152043199858,1
226,1,14.75,18,11.3152043199858,11.84908640206,1
226,1,14.75,18,11.84908640206,12.1610255643949,1
226,1,14.75,18,12.1610255643949,12.411047709572,1
226,1,14.75,18,12.411047709572,12.7711047585441,1
226,1,14.75,18,12.7711047585441,13.3752178099494,1
226,1,14.75,18,13.3752178099494,14.3341432360372,1
226,1,14.75,18,14.3341432360372,14.5580004339052,1
226,1,14.75,18,14.5580004339052,14.75,0
227,1,16.75,8,0,2.67546265882284,1
227,1,16.75,8,2.67546265882284,4.98846515587204,1
227,1,16.75,8,4.98846515587204,5.97418932852747,1
227,1,16.75,8,5.97418932852747,6.11695377802252,1
227,1,16.75,8,6.11695377802252,9.21521997928684,1
227,1,16.75,8,9.21521997928684,9.96978983072562,1
227,1,16.75,8,9.96978983072562,12.1434339255052,1
227,1,16.75,8,12.1434339255052,15.8161609898863,1
227,1,16.75,8,15.8161609898863,16.75,0
228,1,20.75,8,0,9.14204728346496,1
228,1,20.75,8,9.14204728346496,9.35313117519533,1
228,1,20.75,8,9.35313117519533,11.898923038465,1
228,1,20.75,8,11.898923038465,15.8218909844446,1
228,1,20.75,8,15.8218909844446,16.6501304647282,1
228,1,20.75,8,16.6501304647282,17.1750200813092,1
228,1,20.75,8,17.1750200813092,18.6468816285979,1
228,1,20.75,8,18.6468816285979,19.4679979413693,1
228,1,20.75,8,19.4679979413693,20.75,0
229,1,18.75,7,0,6.05768186742612,1
229,1,18.75,7,6.05768186742612,7.11257313841877,1
229,1,18.75,7,7.11257313841877,11.0345187429315,1
229,1,18.75,7,11.0345187429315,11.9840127374098,1
229,1,18.75,7,11.9840127374098,12.2273955872534,1
229,1,18.75,7,12.2273955872534,17.336842465685,1
229,1,18.75,7,17.336842465685,18.5027226494063,1
229,1,18.75,7,18.5027226494063,18.75,0
230,1,13.75,10,0,4.84244426898337,1
230,1,13.75,10,4.84244426898337,6.78865427632217,1
230,1,13.75,10,6.78865427632217,9.1153083681158,1
230,1,13.75,10,9.1153083681158,10.3851057099785,1
230,1,13.75,10,10.3851057099785,11.1636997375511,1
230,1,13.75,10,11.1636997375511,12.107472949323,1
230,1,13.75,10,12.107472949323,12.2809307572017,1
230,1,13.75,10,12.2809307572017,12.3196194542699,1
230,1,13.75,10,12.3196194542699,12.6457167346652,1
230,1,13.75,10,12.6457167346652,13.6571654970373,1
230,1,13.75,10,13.6571654970373,13.75,0
231,1,14.75,12,0,3.93347781006197,1
231,1,14.75,12,3.93347781006197,6.10100697479837,1
231,1,14.75,12,6.10100697479837,8.94651061177638,1
231,1,14.75,12,8.94651061177638,9.17571452027683,1
231,1,14.75,12,9.17571452027683,10.5262525874929,1
231,1,14.75,12,10.5262525874929,10.5407222108871,1
231,1,14.75,12,10.5407222108871,10.7227359552944,1
231,1,14.75,12,10.7227359552944,11.2790633202564,1
231,1,14.75,12,11.2790633202564,12.0563271779671,1
231,1,14.75,12,12.0563271779671,12.9988775445274,1
231,1,14.75,12,12.9988775445274,13.6803697726576,1
231,1,14.75,12,13.6803697726576,14.091999213562,1
231,1,14.75,12,14.091999213562,14.75,0
232,1,10.75,18,0,1.23100095984595,1
232,1,10.75,18,1.23100095984595,2.38788499651289,1
232,1,10.75,18,2.38788499651289,4.94332548568102,1
232,1,10.75,18,4.94332548568102,6.3300492620137,1
232,1,10.75,18,6.3300492620137,6.41481916136749,1
232,1,10.75,18,6.41481916136749,6.58025767561473,1
232,1,10.75,18,6.58025767561473,6.58366245888207,1
232,1,10.75,18,6.58366245888207,7.15563524948952,1
232,1,10.75,18,7.15563524948952,7.28853268291612,1
232,1,10.75,18,7.28853268291612,7.36076658437223,1
232,1,10.75,18,7.36076658437223,7.5051478412355,1
232,1,10.75,18,7.5051478412355,7.54638157282626,1
232,1,10.75,18,7.54638157282626,8.21800407261173,1
232,1,10.75,18,8.21800407261173,9.24985262673431,1
232,1,10.75,18,9.24985262673431,9.43000806057467,1
232,1,10.75,18,9.43000806057467,10.4131612436395,1
232,1,10.75,18,10.4131612436395,10.5404082173434,1
232,1,10.75,18,10.5404082173434,10.736811085132,1
232,1,10.75,18,10.736811085132,10.75,0
233,1,11.75,13,0,2.20221826277179,1
233,1,11.75,13,2.20221826277179,2.54858474749591,1
233,1,11.75,13,2.54858474749591,2.7418648692011,1
233,1,11.75,13,2.7418648692011,3.33213718718248,1
233,1,11.75,13,3.33213718718248,3.43758634223158,1
233,1,11.75,13,3.43758634223158,5.05668036648247,1
233,1,11.75,13,5.05668036648247,5.3369251695018,1
233,1,11.75,13,5.3369251695018,9.0085847529466,1
233,1,11.75,13,9.0085847529466,9.87495018300764,1
233,1,11.75,13,9.87495018300764,10.8282279893374,1
233,1,11.75,13,10.8282279893374,10.8936403037669,1
233,1,11.75,13,10.8936403037669,11.1501561098515,1
233,1,11.75,13,11.1501561098515,11.703847858365,1
233,1,11.75,13,11.703847858365,11.75,0
234,1,13.75,6,0,4.23294319762997,1
234,1,13.75,6,4.23294319762997,10.0445090755378,1
234,1,13.75,6,10.0445090755378,11.3068595390606,1
234,1,13.75,6,11.3068595390606,11.4142847276523,1
234,1,13.75,6,11.4142847276523,12.7787804323583,1
234,1,13.75,6,12.7787804323583,12.8551316155342,1
234,1,13.75,6,12.8551316155342,13.75,0
235,1,17.75,20,0,3.01565251294085,1
235,1,17.75,20,3.01565251294085,4.84218278292826,1
235,1,17.75,20,4.84218278292826,5.86711280480145,1
235,1,17.75,20,5.86711280480145,6.61226479853809,1
235,1,17.75,20,6.61226479853809,8.97049398474769,1
235,1,17.75,20,8.97049398474769,9.59357035499016,1
235,1,17.75,20,9.59357035499016,10.5861793817254,1
235,1,17.75,20,10.5861793817254,11.3462216047529,1
235,1,17.75,20,11.3462216047529,12.7075671035472,1
235,1,17.75,20,12.7075671035472,13.3465062104317,1
235,1,17.75,20,13.3465062104317,13.8595765338766,1
235,1,17.75,20,13.8595765338766,14.1547857539665,1
235,1,17.75,20,14.1547857539665,14.5204264781542,1
235,1,17.75,20,14.5204264781542,15.6874333843176,1
235,1,17.75,20,15.6874333843176,15.7165083465778,1
235,1,17.75,20,15.7165083465778,16.01774683564,1
235,1,17.75,20,16.01774683564,16.6007808438694,1
235,1,17.75,20,16.6007808438694,16.9907945418574,1
235,1,17.75,20,16.9907945418574,17.3669877619553,1
235,1,17.75,20,17.3669877619553,17.6265639231391,1
235,1,17.75,20,17.6265639231391,17.75,0
236,1,18.75,31,0,4.90081270876983,1
236,1,18.75,31,4.90081270876983,5.26979427354145,1
236,1,18.75,31,5.26979427354145,5.78035239600099,1
236,1,18.75,31,5.78035239600099,7.00185537659702,1
236,1,18.75,31,7.00185537659702,9.0751346513072,1
236,1,18.75,31,9.0751346513072,9.5207592826777,1
236,1,18.75,31,9.5207592826777,9.87190788425706,1
236,1,18.75,31,9.87190788425706,10.0554364665396,1
236,1,18.75,31,10.0554364665396,10.6336509103077,1
236,1,18.75,31,10.6336509103077,11.9453947806566,1
236,1,18.75,31,11.9453947806566,12.7240961981082,1
236,1,18.75,31,12.7240961981082,12.9863014707452,1
236,1,18.75,31,12.9863014707452,13.91745833162,1
236,1,18.75,31,13.91745833162,14.1836196417001,1
236,1,18.75,31,14.1836196417001,14.1952181700076,1
236,1,18.75,31,14.1952181700076,14.2127496290245,1
236,1,18.75,31,14.2127496290245,15.1362530205613,1
236,1,18.75,31,15.1362530205613,15.5601332309722,1
236,1,18.75,31,15.5601332309722,15.7425506849113,1
236,1,18.75,31,15.7425506849113,16.2334054331943,1
236,1,18.75,31,16.2334054331943,16.4206843971416,1
236,1,18.75,31,16.4206843971416,16.5725255388368,1
236,1,18.75,31,16.5725255388368,16.8264486125409,1
236,1,18.75,31,16.8264486125409,16.9580360552398,1
236,1,18.75,31,16.9580360552398,16.9627582701309,1
236,1,18.75,31,16.9627582701309,17.0867448300404,1
236,1,18.75,31,17.0867448300404,17.0997936065372,1
236,1,18.75,31,17.0997936065372,17.6067311057878,1
236,1,18.75,31,17.6067311057878,17.6835940285414,1
236,1,18.75,31,17.6835940285414,17.7507447591808,1
236,1,18.75,31,17.7507447591808,18.5650733635296,1
236,1,18.75,31,18.5650733635296,18.75,0
237,1,18.75,15,0,4.43913284779645,1
237,1,18.75,15,4.43913284779645,5.51269443393855,1
237,1,18.75,15,5.51269443393855,6.16116257570138,1
237,1,18.75,15,6.16116257570138,7.15918546083784,1
237,1,18.75,15,7.15918546083784,7.83124852191453,1
237,1,18.75,15,7.83124852191453,9.68404782474798,1
237,1,18.75,15,9.68404782474798,11.3457539193131,1
237,1,18.75,15,11.3457539193131,11.4882302292234,1
237,1,18.75,15,11.4882302292234,13.0511561747863,1
237,1,18.75,15,13.0511561747863,13.1099969610567,1
237,1,18.75,15,13.1099969610567,13.3571622750597,1
237,1,18.75,15,13.3571622750597,14.0066472707871,1
237,1,18.75,15,14.0066472707871,14.6329452391109,1
237,1,18.75,15,14.6329452391109,14.8762533026012,1
237,1,18.75,15,14.8762533026012,17.070233930655,1
237,1,18.75,15,17.070233930655,18.75,0
238,1,10.75,4,0,1.75924310324075,1
238,1,10.75,4,1.75924310324075,6.07264002864773,1
238,1,10.75,4,6.07264002864773,7.90740175783977,1
238,1,10.75,4,7.90740175783977,10.3261919736924,1
238,1,10.75,4,10.3261919736924,10.75,0
239,1,16.75,12,0,3.9688006109763,1
239,1,16.75,12,3.9688006109763,7.27320574779001,1
239,1,16.75,12,7.27320574779001,7.48379178232974,1
239,1,16.75,12,7.48379178232974,7.57572680933286,1
239,1,16.75,12,7.57572680933286,9.59050519363041,1
239,1,16.75,12,9.59050519363041,10.4493842938311,1
239,1,16.75,12,10.4493842938311,10.9596279967743,1
239,1,16.75,12,10.9596279967743,11.0517200523097,1
239,1,16.75,12,11.0517200523097,12.0784097287453,1
239,1,16.75,12,12.0784097287453,12.1475639789802,1
239,1,16.75,12,12.1475639789802,13.4759054479136,1
239,1,16.75,12,13.4759054479136,15.1788209521894,1
239,1,16.75,12,15.1788209521894,16.75,0
240,1,9.75,1,0,2.75097552551229,1
240,1,9.75,1,2.75097552551229,9.75,0
241,1,10.75,4,0,5.86098266732946,1
241,1,10.75,4,5.86098266732946,8.11792737134975,1
241,1,10.75,4,8.11792737134975,8.91563417934564,1
241,1,10.75,4,8.91563417934564,9.96003911198459,1
241,1,10.75,4,9.96003911198459,10.75,0
242,1,13.75,5,0,2.08438634667222,1
242,1,13.75,5,2.08438634667222,5.99635230444793,1
242,1,13.75,5,5.99635230444793,7.1694464562771,1
242,1,13.75,5,7.1694464562771,10.937770157643,1
242,1,13.75,5,10.937770157643,11.567180430678,1
242,1,13.75,5,11.567180430678,13.75,0
243,1,15.75,10,0,5.46811239575946,1
243,1,15.75,10,5.46811239575946,7.20657122314285,1
243,1,15.75,10,7.20657122314285,8.40336062009977,1
243,1,15.75,10,8.40336062009977,8.59668056738534,1
243,1,15.75,10,8.59668056738534,9.27424415288667,1
243,1,15.75,10,9.27424415288667,9.59772740392719,1
243,1,15.75,10,9.59772740392719,10.5674004369236,1
243,1,15.75,10,10.5674004369236,12.4806080574449,1
243,1,15.75,10,12.4806080574449,12.6405338976773,1
243,1,15.75,10,12.6405338976773,12.8099410503924,1
243,1,15.75,10,12.8099410503924,15.75,0
244,1,14.75,18,0,3.08671598619816,1
244,1,14.75,18,3.08671598619816,3.69322164051817,1
244,1,14.75,18,3.69322164051817,5.36306129572236,1
244,1,14.75,18,5.36306129572236,6.64147090834623,1
244,1,14.75,18,6.64147090834623,7.00275811811104,1
244,1,14.75,18,7.00275811811104,7.27628176108627,1
244,1,14.75,18,7.27628176108627,7.57754066422106,1
244,1,14.75,18,7.57754066422106,8.21902029344696,1
244,1,14.75,18,8.21902029344696,8.43575291780272,1
244,1,14.75,18,8.43575291780272,10.1403922299724,1
244,1,14.75,18,10.1403922299724,11.3557444959314,1
244,1,14.75,18,11.3557444959314,12.3046406949663,1
244,1,14.75,18,12.3046406949663,12.6125329259849,1
244,1,14.75,18,12.6125329259849,13.3074703479963,1
244,1,14.75,18,13.3074703479963,13.3290934757813,1
244,1,14.75,18,13.3290934757813,13.6169852845753,1
244,1,14.75,18,13.6169852845753,14.4456916324233,1
244,1,14.75,18,14.4456916324233,14.4634722644597,1
244,1,14.75,18,14.4634722644597,14.75,0
245,1,11.75,7,0,4.36625876382806,1
245,1,11.75,7,4.36625876382806,6.03074485376326,1
245,1,11.75,7,6.03074485376326,8.92760709492951,1
245,1,11.75,7,8.92760709492951,8.93295617767828,1
245,1,11.75,7,8.93295617767828,10.3327569679163,1
245,1,11.75,7,10.3327569679163,10.6585029691718,1
245,1,11.75,7,10.6585029691718,11.685614445318,1
245,1,11.75,7,11.685614445318,11.75,0
246,1,11.75,11,0,6.38247671344989,1
246,1,11.75,11,6.38247671344989,7.58278680428452,1
246,1,11.75,11,7.58278680428452,8.22575943139651,1
246,1,11.75,11,8.22575943139651,8.40009054907544,1
246,1,11.75,11,8.40009054907544,8.99901559430637,1
246,1,11.75,11,8.99901559430637,9.05569980399909,1
246,1,11.75,11,9.05569980399909,10.839480212163,1
246,1,11.75,11,10.839480212163,11.2510198403665,1
246,1,11.75,11,11.2510198403665,11.4611304504159,1
246,1,11.75,11,11.4611304504159,11.595492629154,1
246,1,11.75,11,11.595492629154,11.6508269953623,1
246,1,11.75,11,11.6508269953623,11.75,0
247,1,11.75,3,0,5.66651653545861,1
247,1,11.75,3,5.66651653545861,8.44640921450631,1
247,1,11.75,3,8.44640921450631,11.0829029707519,1
247,1,11.75,3,11.0829029707519,11.75,0
248,1,10.75,6,0,2.91699946363764,1
248,1,10.75,6,2.91699946363764,3.33473350300182,1
248,1,10.75,6,3.33473350300182,5.41900154685563,1
248,1,10.75,6,5.41900154685563,7.02191558011202,1
248,1,10.75,6,7.02191558011202,10.0266658476505,1
248,1,10.75,6,10.0266658476505,10.4472859607487,1
248,1,10.75,6,10.4472859607487,10.75,0
249,1,17.75,21,0,2.63575129929588,1
249,1,17.75,21,2.63575129929588,4.96980911517704,1
249,1,17.75,21,4.96980911517704,7.28850310373881,1
249,1,17.75,21,7.28850310373881,8.95657691062019,1
249,1,17.75,21,8.95657691062019,9.22577771116578,1
249,1,17.75,21,9.22577771116578,10.6227600799571,1
249,1,17.75,21,10.6227600799571,10.8402247214808,1
249,1,17.75,21,10.8402247214808,12.6048978986512,1
249,1,17.75,21,12.6048978986512,13.7194601292074,1
249,1,17.75,21,13.7194601292074,13.747184662353,1
249,1,17.75,21,13.747184662353,14.222270469477,1
249,1,17.75,21,14.222270469477,14.4175371002564,1
249,1,17.75,21,14.4175371002564,15.0956253747629,1
249,1,17.75,21,15.0956253747629,15.1288085934634,1
249,1,17.75,21,15.1288085934634,15.4589452210659,1
249,1,17.75,21,15.4589452210659,15.6740691112563,1
249,1,17.75,21,15.6740691112563,16.2848722144026,1
249,1,17.75,21,16.2848722144026,16.6775427563223,1
249,1,17.75,21,16.6775427563223,17.0557578813858,1
249,1,17.75,21,17.0557578813858,17.1153029158651,1
249,1,17.75,21,17.1153029158651,17.47942142657,1
249,1,17.75,21,17.47942142657,17.75,0
250,1,14.75,12,0,3.70637379554558,1
250,1,14.75,12,3.70637379554558,6.61041661541589,1
250,1,14.75,12,6.61041661541589,6.61953938613238,1
250,1,14.75,12,6.61953938613238,7.11192178228256,1
250,1,14.75,12,7.11192178228256,8.74585782596951,1
250,1,14.75,12,8.74585782596951,9.23699617443778,1
250,1,14.75,12,9.23699617443778,9.30067180241736,1
250,1,14.75,12,9.30067180241736,10.391775736838,1
250,1,14.75,12,10.391775736838,12.1673458534918,1
250,1,14.75,12,12.1673458534918,13.1980755689082,1
250,1,14.75,12,13.1980755689082,13.3829955916334,1
250,1,14.75,12,13.3829955916334,13.710390921091,1
250,1,14.75,12,13.710390921091,14.75,0
251,1,17.75,13,0,4.97920707743414,1
251,1,17.75,13,4.97920707743414,8.61385345622346,1
251,1,17.75,13,8.61385345622346,8.64789983143071,1
251,1,17.75,13,8.64789983143071,9.7795421499836,1
251,1,17.75,13,9.7795421499836,11.0625476940845,1
251,1,17.75,13,11.0625476940845,11.5763593052215,1
251,1,17.75,13,11.5763593052215,12.836117913377,1
251,1,17.75,13,12.836117913377,13.0385971651274,1
251,1,17.75,13,13.0385971651274,13.2632516076923,1
251,1,17.75,13,13.2632516076923,13.6899115378196,1
251,1,17.75,13,13.6899115378196,14.213941723458,1
251,1,17.75,13,14.213941723458,17.5791064233055,1
251,1,17.75,13,17.5791064233055,17.611687083539,1
251,1,17.75,13,17.611687083539,17.75,0
252,1,16.75,14,0,3.66373316315052,1
252,1,16.75,14,3.66373316315052,3.67167191802633,1
252,1,16.75,14,3.67167191802633,6.71262760046861,1
252,1,16.75,14,6.71262760046861,8.01053303797678,1
252,1,16.75,14,8.01053303797678,8.25803698937227,1
252,1,16.75,14,8.25803698937227,9.90361082156052,1
252,1,16.75,14,9.90361082156052,10.922542335508,1
252,1,16.75,14,10.922542335508,13.33323264979,1
252,1,16.75,14,13.33323264979,13.5251589634364,1
252,1,16.75,14,13.5251589634364,14.0553628807276,1
252,1,16.75,14,14.0553628807276,15.3988910619976,1
252,1,16.75,14,15.3988910619976,16.1737309203069,1
252,1,16.75,14,16.1737309203069,16.2000142221968,1
252,1,16.75,14,16.2000142221968,16.2544899537501,1
252,1,16.75,14,16.2544899537501,16.75,0
253,1,16.75,13,0,1.65586323978881,1
253,1,16.75,13,1.65586323978881,4.38448400502559,1
253,1,16.75,13,4.38448400502559,7.73533598102331,1
253,1,16.75,13,7.73533598102331,11.1187735844333,1
253,1,16.75,13,11.1187735844333,12.1300140016197,1
253,1,16.75,13,12.1300140016197,13.1131993381537,1
253,1,16.75,13,13.1131993381537,13.1941823575644,1
253,1,16.75,13,13.1941823575644,13.4644534175333,1
253,1,16.75,13,13.4644534175333,13.9560438275715,1
253,1,16.75,13,13.9560438275715,15.185478559469,1
253,1,16.75,13,15.185478559469,15.6654870698065,1
253,1,16.75,13,15.6654870698065,16.2498316334525,1
253,1,16.75,13,16.2498316334525,16.7366533795769,1
253,1,16.75,13,16.7366533795769,16.75,0
254,1,12.75,12,0,1.37768291518958,1
254,1,12.75,12,1.37768291518958,4.72869144280344,1
254,1,12.75,12,4.72869144280344,5.2831036975661,1
254,1,12.75,12,5.2831036975661,5.80679202306806,1
254,1,12.75,12,5.80679202306806,6.13283219247457,1
254,1,12.75,12,6.13283219247457,7.68792957129397,1
254,1,12.75,12,7.68792957129397,7.73474975509959,1
254,1,12.75,12,7.73474975509959,8.32342706121128,1
254,1,12.75,12,8.32342706121128,8.95545215212987,1
254,1,12.75,12,8.95545215212987,10.4681316772177,1
254,1,12.75,12,10.4681316772177,11.1118742997892,1
254,1,12.75,12,11.1118742997892,11.5592445927246,1
254,1,12.75,12,11.5592445927246,12.75,0
255,1,8.75,9,0,1.32384040840372,1
255,1,8.75,9,1.32384040840372,1.69816386652746,1
255,1,8.75,9,1.69816386652746,2.9063830395492,1
255,1,8.75,9,2.9063830395492,4.75746237478624,1
255,1,8.75,9,4.75746237478624,4.81861775211464,1
255,1,8.75,9,4.81861775211464,5.52589373115272,1
255,1,8.75,9,5.52589373115272,5.67370845843707,1
255,1,8.75,9,5.67370845843707,8.38075411497325,1
255,1,8.75,9,8.38075411497325,8.60288923378938,1
255,1,8.75,9,8.60288923378938,8.75,0
256,1,13.75,9,0,0.773051356016544,1
256,1,13.75,9,0.773051356016544,3.22170928922535,1
256,1,13.75,9,3.22170928922535,4.41507533333636,1
256,1,13.75,9,4.41507533333636,4.94015368630753,1
256,1,13.75,9,4.94015368630753,5.98950493992362,1
256,1,13.75,9,5.98950493992362,7.00240333053751,1
256,1,13.75,9,7.00240333053751,10.2372672933039,1
256,1,13.75,9,10.2372672933039,11.356183674746,1
256,1,13.75,9,11.356183674746,11.9388052710695,1
256,1,13.75,9,11.9388052710695,13.75,0
257,1,13.75,10,0,4.18345546637179,1
257,1,13.75,10,4.18345546637179,5.83886023941388,1
257,1,13.75,10,5.83886023941388,6.19445851544155,1
257,1,13.75,10,6.19445851544155,6.44477171200003,1
257,1,13.75,10,6.44477171200003,9.17881118815612,1
257,1,13.75,10,9.17881118815612,10.4784998384889,1
257,1,13.75,10,10.4784998384889,11.5973510479152,1
257,1,13.75,10,11.5973510479152,12.2757990763406,1
257,1,13.75,10,12.2757990763406,12.9032326788101,1
257,1,13.75,10,12.9032326788101,13.2998008062136,1
257,1,13.75,10,13.2998008062136,13.75,0
258,1,18.75,67,0,0.96402574776923,1
258,1,18.75,67,0.96402574776923,2.74949405198132,1
258,1,18.75,67,2.74949405198132,3.7477886227595,1
258,1,18.75,67,3.7477886227595,4.50152523471086,1
258,1,18.75,67,4.50152523471086,5.34084193045276,1
258,1,18.75,67,5.34084193045276,5.4729239960302,1
258,1,18.75,67,5.4729239960302,5.55274278643706,1
258,1,18.75,67,5.55274278643706,6.51067896481587,1
258,1,18.75,67,6.51067896481587,6.66915757219635,1
258,1,18.75,67,6.66915757219635,7.50625391379916,1
258,1,18.75,67,7.50625391379916,7.64396928893471,1
258,1,18.75,67,7.64396928893471,7.8131316480761,1
258,1,18.75,67,7.8131316480761,8.29531783790374,1
258,1,18.75,67,8.29531783790374,8.34192197885317,1
258,1,18.75,67,8.34192197885317,8.5103011338878,1
258,1,18.75,67,8.5103011338878,9.64377173273074,1
258,1,18.75,67,9.64377173273074,9.71312612485783,1
258,1,18.75,67,9.71312612485783,9.92931991438105,1
258,1,18.75,67,9.92931991438105,10.0542926980057,1
258,1,18.75,67,10.0542926980057,10.2062892123001,1
258,1,18.75,67,10.2062892123001,10.2636644045851,1
258,1,18.75,67,10.2636644045851,10.3440393139995,1
258,1,18.75,67,10.3440393139995,10.7458648048247,1
258,1,18.75,67,10.7458648048247,10.8673167899039,1
258,1,18.75,67,10.8673167899039,11.0406322013256,1
258,1,18.75,67,11.0406322013256,11.1694998426505,1
258,1,18.75,67,11.1694998426505,11.7475277089306,1
258,1,18.75,67,11.7475277089306,12.4432460741132,1
258,1,18.75,67,12.4432460741132,12.4962588201294,1
258,1,18.75,67,12.4962588201294,12.9278787971897,1
258,1,18.75,67,12.9278787971897,13.215995062321,1
258,1,18.75,67,13.215995062321,13.3193771089787,1
258,1,18.75,67,13.3193771089787,13.3277697577768,1
258,1,18.75,67,13.3277697577768,13.5577875621485,1
258,1,18.75,67,13.5577875621485,13.71718973769,1
258,1,18.75,67,13.71718973769,13.7678949190756,1
258,1,18.75,67,13.7678949190756,13.8741065702943,1
258,1,18.75,67,13.8741065702943,13.926110415817,1
258,1,18.75,67,13.926110415817,14.1540522514848,1
258,1,18.75,67,14.1540522514848,14.3612484853271,1
258,1,18.75,67,14.3612484853271,14.4548112751033,1
258,1,18.75,67,14.4548112751033,14.6561253283759,1
258,1,18.75,67,14.6561253283759,14.6611064286423,1
258,1,18.75,67,14.6611064286423,14.7658134581291,1
258,1,18.75,67,14.7658134581291,14.805171290042,1
258,1,18.75,67,14.805171290042,14.8951377599422,1
258,1,18.75,67,14.8951377599422,14.9849047674626,1
258,1,18.75,67,14.9849047674626,15.0060182557944,1
258,1,18.75,67,15.0060182557944,15.4239948986176,1
258,1,18.75,67,15.4239948986176,15.5270761093078,1
258,1,18.75,67,15.5270761093078,15.6402922984671,1
258,1,18.75,67,15.6402922984671,16.3029481931791,1
258,1,18.75,67,16.3029481931791,16.3048741571608,1
258,1,18.75,67,16.3048741571608,16.4293998282968,1
258,1,18.75,67,16.4293998282968,16.5269497188955,1
258,1,18.75,67,16.5269497188955,16.936557168178,1
258,1,18.75,67,16.936557168178,17.1118470581067,1
258,1,18.75,67,17.1118470581067,17.6298598962652,1
258,1,18.75,67,17.6298598962652,17.6600293739348,1
258,1,18.75,67,17.6600293739348,17.8047264422203,1
258,1,18.75,67,17.8047264422203,17.8740743329371,1
258,1,18.75,67,17.8740743329371,18.1108336475584,1
258,1,18.75,67,18.1108336475584,18.433342122878,1
258,1,18.75,67,18.433342122878,18.4754576622701,1
258,1,18.75,67,18.4754576622701,18.4875647301513,1
258,1,18.75,67,18.4875647301513,18.6936566129683,1
258,1,18.75,67,18.6936566129683,18.726305167234,1
258,1,18.75,67,18.726305167234,18.75,0
259,1,9.75,9,0,1.90490876917057,1
259,1,9.75,9,1.90490876917057,6.65835307950351,1
259,1,9.75,9,6.65835307950351,6.74320795596855,1
259,1,9.75,9,6.74320795596855,6.76095381449762,1
259,1,9.75,9,6.76095381449762,7.65222314268772,1
259,1,9.75,9,7.65222314268772,9.27993010055709,1
259,1,9.75,9,9.27993010055709,9.65778807789487,1
259,1,9.75,9,9.65778807789487,9.68456732304291,1
259,1,9.75,9,9.68456732304291,9.74124145963286,1
259,1,9.75,9,9.74124145963286,9.75,0
260,1,20.75,35,0,6.93760079108188,1
260,1,20.75,35,6.93760079108188,8.0209469417677,1
260,1,20.75,35,8.0209469417677,8.22261609138755,1
260,1,20.75,35,8.22261609138755,9.55125146336814,1
260,1,20.75,35,9.55125146336814,9.92527056806208,1
260,1,20.75,35,9.92527056806208,10.0047620403184,1
260,1,20.75,35,10.0047620403184,11.1110443634634,1
260,1,20.75,35,11.1110443634634,11.4462877884932,1
260,1,20.75,35,11.4462877884932,11.5232624523262,1
260,1,20.75,35,11.5232624523262,11.8570439847987,1
260,1,20.75,35,11.8570439847987,12.2438739192689,1
260,1,20.75,35,12.2438739192689,12.7935615683288,1
260,1,20.75,35,12.7935615683288,12.8308984218125,1
260,1,20.75,35,12.8308984218125,13.0020036180172,1
260,1,20.75,35,13.0020036180172,13.9918826477213,1
260,1,20.75,35,13.9918826477213,14.5093246130859,1
260,1,20.75,35,14.5093246130859,14.7841044776096,1
260,1,20.75,35,14.7841044776096,15.4671893068155,1
260,1,20.75,35,15.4671893068155,15.5093933052807,1
260,1,20.75,35,15.5093933052807,15.7381086192728,1
260,1,20.75,35,15.7381086192728,15.9807148082022,1
260,1,20.75,35,15.9807148082022,16.2459596708571,1
260,1,20.75,35,16.2459596708571,16.2821684286997,1
260,1,20.75,35,16.2821684286997,16.3360116100387,1
260,1,20.75,35,16.3360116100387,16.9425127091862,1
260,1,20.75,35,16.9425127091862,17.3735488970982,1
260,1,20.75,35,17.3735488970982,17.8517707315159,1
260,1,20.75,35,17.8517707315159,18.2433928870899,1
260,1,20.75,35,18.2433928870899,18.6774908036401,1
260,1,20.75,35,18.6774908036401,19.3657238451102,1
260,1,20.75,35,19.3657238451102,19.6398136601272,1
260,1,20.75,35,19.6398136601272,20.2180910041736,1
260,1,20.75,35,20.2180910041736,20.4457341195695,1
260,1,20.75,35,20.4457341195695,20.6309172346099,1
260,1,20.75,35,20.6309172346099,20.7105811349882,1
260,1,20.75,35,20.7105811349882,20.75,0
261,1,9.75,7,0,3.59666032909572,1
261,1,9.75,7,3.59666032909572,3.9474180717332,1
261,1,9.75,7,3.9474180717332,5.60297592624512,1
261,1,9.75,7,5.60297592624512,8.3058300746541,1
261,1,9.75,7,8.3058300746541,9.04252745240921,1
261,1,9.75,7,9.04252745240921,9.32715866483719,1
261,1,9.75,7,9.32715866483719,9.7421153888056,1
261,1,9.75,7,9.7421153888056,9.75,0
262,1,15.75,8,0,3.87694936703793,1
262,1,15.75,8,3.87694936703793,6.63150418058434,1
262,1,15.75,8,6.63150418058434,8.76148826907242,1
262,1,15.75,8,8.76148826907242,9.3044926874491,1
262,1,15.75,8,9.3044926874491,12.4311221291446,1
262,1,15.75,8,12.4311221291446,12.4643863674611,1
262,1,15.75,8,12.4643863674611,15.5089658494444,1
262,1,15.75,8,15.5089658494444,15.7067130572889,1
262,1,15.75,8,15.7067130572889,15.75,0
263,1,16.75,3,0,5.7453428273788,1
263,1,16.75,3,5.7453428273788,12.8689746333235,1
263,1,16.75,3,12.8689746333235,14.4492136892149,1
263,1,16.75,3,14.4492136892149,16.75,0
264,1,12.75,10,0,1.63815723035018,1
264,1,12.75,10,1.63815723035018,3.86681908354889,1
264,1,12.75,10,3.86681908354889,5.87727366126185,1
264,1,12.75,10,5.87727366126185,5.89171094318422,1
264,1,12.75,10,5.89171094318422,5.970433741116,1
264,1,12.75,10,5.970433741116,7.47231280866619,1
264,1,12.75,10,7.47231280866619,7.76742844569691,1
264,1,12.75,10,7.76742844569691,8.14873962419109,1
264,1,12.75,10,8.14873962419109,8.72990712545408,1
264,1,12.75,10,8.72990712545408,10.3862639313366,1
264,1,12.75,10,10.3862639313366,12.75,0
265,1,11.75,6,0,5.05341785628616,1
265,1,11.75,6,5.05341785628616,5.11136557799763,1
265,1,11.75,6,5.11136557799763,10.4186614552321,1
265,1,11.75,6,10.4186614552321,10.6276525437124,1
265,1,11.75,6,10.6276525437124,11.4540634115063,1
265,1,11.75,6,11.4540634115063,11.7168029710917,1
265,1,11.75,6,11.7168029710917,11.75,0
266,1,11.75,10,0,2.40324798383935,1
266,1,11.75,10,2.40324798383935,5.82347641834523,1
266,1,11.75,10,5.82347641834523,7.50211307390995,1
266,1,11.75,10,7.50211307390995,7.72895267433662,1
266,1,11.75,10,7.72895267433662,7.73199201506327,1
266,1,11.75,10,7.73199201506327,9.41200556453953,1
266,1,11.75,10,9.41200556453953,9.62142142590658,1
266,1,11.75,10,9.62142142590658,9.80937506025156,1
266,1,11.75,10,9.80937506025156,10.0235126254013,1
266,1,11.75,10,10.0235126254013,10.4513071702644,1
266,1,11.75,10,10.4513071702644,11.75,0
267,1,17.75,24,0,3.89831192513252,1
267,1,17.75,24,3.89831192513252,3.91100412966431,1
267,1,17.75,24,3.91100412966431,4.25377848195721,1
267,1,17.75,24,4.25377848195721,4.53085407616287,1
267,1,17.75,24,4.53085407616287,5.46985904701594,1
267,1,17.75,24,5.46985904701594,7.65656872022431,1
267,1,17.75,24,7.65656872022431,9.3412731025321,1
267,1,17.75,24,9.3412731025321,9.38123149176311,1
267,1,17.75,24,9.38123149176311,9.8864932040704,1
267,1,17.75,24,9.8864932040704,10.2484877200539,1
267,1,17.75,24,10.2484877200539,11.0686073726524,1
267,1,17.75,24,11.0686073726524,11.2490608265774,1
267,1,17.75,24,11.2490608265774,11.6336830417272,1
267,1,17.75,24,11.6336830417272,12.1281210244662,1
267,1,17.75,24,12.1281210244662,12.5272228133402,1
267,1,17.75,24,12.5272228133402,13.9960569113075,1
267,1,17.75,24,13.9960569113075,14.9212864238779,1
267,1,17.75,24,14.9212864238779,15.4674239452751,1
267,1,17.75,24,15.4674239452751,16.0409064378126,1
267,1,17.75,24,16.0409064378126,16.0456289064647,1
267,1,17.75,24,16.0456289064647,16.9064084732852,1
267,1,17.75,24,16.9064084732852,16.9480058076828,1
267,1,17.75,24,16.9480058076828,17.6253452668477,1
267,1,17.75,24,17.6253452668477,17.6529348719457,1
267,1,17.75,24,17.6529348719457,17.75,0
268,1,14.75,11,0,4.3506261732655,1
268,1,14.75,11,4.3506261732655,6.11378023268669,1
268,1,14.75,11,6.11378023268669,6.8260110724777,1
268,1,14.75,11,6.8260110724777,7.98397962942825,1
268,1,14.75,11,7.98397962942825,8.54859883176677,1
268,1,14.75,11,8.54859883176677,9.65060994254748,1
268,1,14.75,11,9.65060994254748,11.2795787838319,1
268,1,14.75,11,11.2795787838319,11.6844989316511,1
268,1,14.75,11,11.6844989316511,12.7026702466031,1
268,1,14.75,11,12.7026702466031,13.4222113143945,1
268,1,14.75,11,13.4222113143945,13.8277305865602,1
268,1,14.75,11,13.8277305865602,14.75,0
269,1,15.75,11,0,2.83395451152666,1
269,1,15.75,11,2.83395451152666,8.02500992968464,1
269,1,15.75,11,8.02500992968464,8.84207391085658,1
269,1,15.75,11,8.84207391085658,9.57549282388794,1
269,1,15.75,11,9.57549282388794,12.7571727202084,1
269,1,15.75,11,12.7571727202084,13.8749458149632,1
269,1,15.75,11,13.8749458149632,14.5226047146447,1
269,1,15.75,11,14.5226047146447,14.9603991166624,1
269,1,15.75,11,14.9603991166624,15.1885735012402,1
269,1,15.75,11,15.1885735012402,15.3980284042994,1
269,1,15.75,11,15.3980284042994,15.7181610453156,1
269,1,15.75,11,15.7181610453156,15.75,0
270,1,16.75,27,0,1.47878545259777,1
270,1,16.75,27,1.47878545259777,1.71879089716425,1
270,1,16.75,27,1.71879089716425,3.125872306605,1
270,1,16.75,27,3.125872306605,3.97830577912302,1
270,1,16.75,27,3.97830577912302,5.2415308673316,1
270,1,16.75,27,5.2415308673316,5.64006028760146,1
270,1,16.75,27,5.64006028760146,5.80804014221433,1
270,1,16.75,27,5.80804014221433,6.26372986840605,1
270,1,16.75,27,6.26372986840605,7.05385893324271,1
270,1,16.75,27,7.05385893324271,7.41927221555342,1
270,1,16.75,27,7.41927221555342,7.52497558131197,1
270,1,16.75,27,7.52497558131197,8.73501227010461,1
270,1,16.75,27,8.73501227010461,8.81739974597254,1
270,1,16.75,27,8.81739974597254,9.30656463105207,1
270,1,16.75,27,9.30656463105207,10.2444450975554,1
270,1,16.75,27,10.2444450975554,11.7422441792077,1
270,1,16.75,27,11.7422441792077,12.8255047667664,1
270,1,16.75,27,12.8255047667664,13.6109503681887,1
270,1,16.75,27,13.6109503681887,14.313430522026,1
270,1,16.75,27,14.313430522026,14.4539653574073,1
270,1,16.75,27,14.4539653574073,14.5453713317987,1
270,1,16.75,27,14.5453713317987,15.0247495868195,1
270,1,16.75,27,15.0247495868195,15.1412851066556,1
270,1,16.75,27,15.1412851066556,15.1879652785091,1
270,1,16.75,27,15.1879652785091,15.2639120402718,1
270,1,16.75,27,15.2639120402718,16.2881393648893,1
270,1,16.75,27,16.2881393648893,16.7369135160072,1
270,1,16.75,27,16.7369135160072,16.75,0
271,1,10.75,7,0,1.19975967985757,1
271,1,10.75,7,1.19975967985757,1.55007241275904,1
271,1,10.75,7,1.55007241275904,5.29888776377187,1
271,1,10.75,7,5.29888776377187,5.45150771892204,1
271,1,10.75,7,5.45150771892204,7.42895753202445,1
271,1,10.75,7,7.42895753202445,7.57458719642113,1
271,1,10.75,7,7.57458719642113,10.6066017490427,1
271,1,10.75,7,10.6066017490427,10.75,0
272,1,13.75,17,0,5.27258968057262,1
272,1,13.75,17,5.27258968057262,7.284648342445,1
272,1,13.75,17,7.284648342445,7.30788588297116,1
272,1,13.75,17,7.30788588297116,7.60810142351063,1
272,1,13.75,17,7.60810142351063,8.47697304168408,1
272,1,13.75,17,8.47697304168408,9.49042530101996,1
272,1,13.75,17,9.49042530101996,9.74915583081431,1
272,1,13.75,17,9.74915583081431,9.96803660294624,1
272,1,13.75,17,9.96803660294624,10.9191032576717,1
272,1,13.75,17,10.9191032576717,10.9717886015327,1
272,1,13.75,17,10.9717886015327,11.2329264846203,1
272,1,13.75,17,11.2329264846203,11.3881440563217,1
272,1,13.75,17,11.3881440563217,11.6599738460518,1
272,1,13.75,17,11.6599738460518,12.1121738961862,1
272,1,13.75,17,12.1121738961862,12.5080633454366,1
272,1,13.75,17,12.5080633454366,13.1605864304803,1
272,1,13.75,17,13.1605864304803,13.7316134417986,1
272,1,13.75,17,13.7316134417986,13.75,0
273,1,12.75,10,0,5.55914172422736,1
273,1,12.75,10,5.55914172422736,5.56424734297394,1
273,1,12.75,10,5.56424734297394,6.0563775444379,1
273,1,12.75,10,6.0563775444379,10.5804835997193,1
273,1,12.75,10,10.5804835997193,10.701647151911,1
273,1,12.75,10,10.701647151911,11.1022835566672,1
273,1,12.75,10,11.1022835566672,11.5884400454344,1
273,1,12.75,10,11.5884400454344,11.5971703679327,1
273,1,12.75,10,11.5971703679327,11.7267963267554,1
273,1,12.75,10,11.7267963267554,11.8683360127239,1
273,1,12.75,10,11.8683360127239,12.75,0
274,1,13.75,4,0,7.86223562478804,1
274,1,13.75,4,7.86223562478804,11.352116317226,1
274,1,13.75,4,11.352116317226,12.7964692830158,1
274,1,13.75,4,12.7964692830158,12.8677761092152,1
274,1,13.75,4,12.8677761092152,13.75,0
275,1,13.75,14,0,3.82040762954274,1
275,1,13.75,14,3.82040762954274,4.50327503887362,1
275,1,13.75,14,4.50327503887362,5.21355251966607,1
275,1,13.75,14,5.21355251966607,7.50811009102641,1
275,1,13.75,14,7.50811009102641,7.67084023878333,1
275,1,13.75,14,7.67084023878333,8.42095166563523,1
275,1,13.75,14,8.42095166563523,8.68036442483629,1
275,1,13.75,14,8.68036442483629,9.5406941731121,1
275,1,13.75,14,9.5406941731121,9.80823207370796,1
275,1,13.75,14,9.80823207370796,11.5865937558389,1
275,1,13.75,14,11.5865937558389,12.1513244782791,1
275,1,13.75,14,12.1513244782791,12.1664059242912,1
275,1,13.75,14,12.1664059242912,13.5150235109613,1
275,1,13.75,14,13.5150235109613,13.5478838345609,1
275,1,13.75,14,13.5478838345609,13.75,0
276,1,12.75,13,0,2.11726463335958,1
276,1,12.75,13,2.11726463335958,2.99561936124889,1
276,1,12.75,13,2.99561936124889,6.06051685800471,1
276,1,12.75,13,6.06051685800471,8.0190959702468,1
276,1,12.75,13,8.0190959702468,8.20196602598504,1
276,1,12.75,13,8.20196602598504,8.45104480318039,1
276,1,12.75,13,8.45104480318039,8.81971960315013,1
276,1,12.75,13,8.81971960315013,9.18521192391617,1
276,1,12.75,13,9.18521192391617,9.25616090282204,1
276,1,12.75,13,9.25616090282204,9.62360439623899,1
276,1,12.75,13,9.62360439623899,10.0352112734831,1
276,1,12.75,13,10.0352112734831,10.0604958560241,1
276,1,12.75,13,10.0604958560241,10.8938078926538,1
276,1,12.75,13,10.8938078926538,12.75,0
277,1,11.75,8,0,3.99106971471894,1
277,1,11.75,8,3.99106971471894,4.43232943425046,1
277,1,11.75,8,4.43232943425046,5.1881927274082,1
277,1,11.75,8,5.1881927274082,5.35345531702295,1
277,1,11.75,8,5.35345531702295,10.2822702737591,1
277,1,11.75,8,10.2822702737591,10.7266143208511,1
277,1,11.75,8,10.7266143208511,11.108056548861,1
277,1,11.75,8,11.108056548861,11.6026589456161,1
277,1,11.75,8,11.6026589456161,11.75,0
278,1,20.75,20,0,0.25692176127138,1
278,1,20.75,20,0.25692176127138,2.85425276632925,1
278,1,20.75,20,2.85425276632925,5.20455775586327,1
278,1,20.75,20,5.20455775586327,6.61637180529908,1
278,1,20.75,20,6.61637180529908,7.48606037312979,1
278,1,20.75,20,7.48606037312979,7.73545813555359,1
278,1,20.75,20,7.73545813555359,8.4513764461529,1
278,1,20.75,20,8.4513764461529,10.306875829501,1
278,1,20.75,20,10.306875829501,11.0518258689596,1
278,1,20.75,20,11.0518258689596,11.2661150861697,1
278,1,20.75,20,11.2661150861697,12.5034312306688,1
278,1,20.75,20,12.5034312306688,12.951483023507,1
278,1,20.75,20,12.951483023507,13.4731305359726,1
278,1,20.75,20,13.4731305359726,14.1626368777093,1
278,1,20.75,20,14.1626368777093,15.3461715504899,1
278,1,20.75,20,15.3461715504899,17.1706452021976,1
278,1,20.75,20,17.1706452021976,17.9625874105685,1
278,1,20.75,20,17.9625874105685,17.9719148658774,1
278,1,20.75,20,17.9719148658774,19.2149922186174,1
278,1,20.75,20,19.2149922186174,19.4466743439868,1
278,1,20.75,20,19.4466743439868,20.75,0
279,1,18.75,4,0,9.89351369613419,1
279,1,18.75,4,9.89351369613419,14.1924261570546,1
279,1,18.75,4,14.1924261570546,14.3913048837717,1
279,1,18.75,4,14.3913048837717,15.4095742497962,1
279,1,18.75,4,15.4095742497962,18.75,0
280,1,8.75,3,0,4.24946669513835,1
280,1,8.75,3,4.24946669513835,7.26993088542502,1
280,1,8.75,3,7.26993088542502,7.59751066232099,1
280,1,8.75,3,7.59751066232099,8.75,0
281,1,9.75,4,0,5.18061441430218,1
281,1,9.75,4,5.18061441430218,5.82139046153653,1
281,1,9.75,4,5.82139046153653,8.03012926161618,1
281,1,9.75,4,8.03012926161618,9.20049598348003,1
281,1,9.75,4,9.20049598348003,9.75,0
282,1,13.75,12,0,4.9861881176058,1
282,1,13.75,12,4.9861881176058,5.96794737446783,1
282,1,13.75,12,5.96794737446783,7.12281612490083,1
282,1,13.75,12,7.12281612490083,8.45805724730963,1
282,1,13.75,12,8.45805724730963,9.46320895100722,1
282,1,13.75,12,9.46320895100722,9.57866059776933,1
282,1,13.75,12,9.57866059776933,10.5198778927536,1
282,1,13.75,12,10.5198778927536,12.7762825778964,1
282,1,13.75,12,12.7762825778964,12.9682865381568,1
282,1,13.75,12,12.9682865381568,12.994473623864,1
282,1,13.75,12,12.994473623864,13.1645652776582,1
282,1,13.75,12,13.1645652776582,13.4732601077793,1
282,1,13.75,12,13.4732601077793,13.75,0
283,1,18.75,11,0,9.01750021291095,1
283,1,18.75,11,9.01750021291095,10.6061089566491,1
283,1,18.75,11,10.6061089566491,11.1791274268466,1
283,1,18.75,11,11.1791274268466,11.5897489301673,1
283,1,18.75,11,11.5897489301673,12.7535112595825,1
283,1,18.75,11,12.7535112595825,14.6514453863818,1
283,1,18.75,11,14.6514453863818,15.1014915353147,1
283,1,18.75,11,15.1014915353147,15.5102940645577,1
283,1,18.75,11,15.5102940645577,16.6549170041027,1
283,1,18.75,11,16.6549170041027,17.5174203525409,1
283,1,18.75,11,17.5174203525409,18.1497073021749,1
283,1,18.75,11,18.1497073021749,18.75,0
284,1,16.75,12,0,3.03664594756077,1
284,1,16.75,12,3.03664594756077,3.66503118172477,1
284,1,16.75,12,3.66503118172477,6.96944926997648,1
284,1,16.75,12,6.96944926997648,7.43195524057282,1
284,1,16.75,12,7.43195524057282,9.65805279276998,1
284,1,16.75,12,9.65805279276998,10.4727738685415,1
284,1,16.75,12,10.4727738685415,10.749832695062,1
284,1,16.75,12,10.749832695062,10.9998343752171,1
284,1,16.75,12,10.9998343752171,11.3186320650375,1
284,1,16.75,12,11.3186320650375,13.0591861909849,1
284,1,16.75,12,13.0591861909849,14.9445824024825,1
284,1,16.75,12,14.9445824024825,16.2067250889641,1
284,1,16.75,12,16.2067250889641,16.75,0
285,1,9.75,5,0,4.27226423069409,1
285,1,9.75,5,4.27226423069409,5.22583142069543,1
285,1,9.75,5,5.22583142069543,5.53204579935644,1
285,1,9.75,5,5.53204579935644,8.43567364727541,1
285,1,9.75,5,8.43567364727541,9.11615374202835,1
285,1,9.75,5,9.11615374202835,9.75,0
286,1,8.75,1,0,7.4298149554651,1
286,1,8.75,1,7.4298149554651,8.75,0
287,1,8.75,2,0,2.56901196238664,1
287,1,8.75,2,2.56901196238664,6.42844766281726,1
287,1,8.75,2,6.42844766281726,8.75,0
288,1,16.75,12,0,5.14115554702623,1
288,1,16.75,12,5.14115554702623,5.26372560038699,1
288,1,16.75,12,5.26372560038699,5.67224214234225,1
288,1,16.75,12,5.67224214234225,6.22013026025954,1
288,1,16.75,12,6.22013026025954,7.19367573396349,1
288,1,16.75,12,7.19367573396349,7.76340740166308,1
288,1,16.75,12,7.76340740166308,9.69296062450554,1
288,1,16.75,12,9.69296062450554,14.5967733270362,1
288,1,16.75,12,14.5967733270362,15.038357910877,1
288,1,16.75,12,15.038357910877,16.0662315673941,1
288,1,16.75,12,16.0662315673941,16.1369937953841,1
288,1,16.75,12,16.1369937953841,16.5482424320317,1
288,1,16.75,12,16.5482424320317,16.75,0
289,1,13.75,14,0,3.37444382309831,1
289,1,13.75,14,3.37444382309831,4.08331630719154,1
289,1,13.75,14,4.08331630719154,6.78957648597231,1
289,1,13.75,14,6.78957648597231,8.12168319710008,1
289,1,13.75,14,8.12168319710008,8.26677813019878,1
289,1,13.75,14,8.26677813019878,9.16032708215793,1
289,1,13.75,14,9.16032708215793,9.26203868173321,1
289,1,13.75,14,9.26203868173321,9.38439544445993,1
289,1,13.75,14,9.38439544445993,9.91312324951978,1
289,1,13.75,14,9.91312324951978,11.0124987245672,1
289,1,13.75,14,11.0124987245672,11.0398326318875,1
289,1,13.75,14,11.0398326318875,12.7579099288264,1
289,1,13.75,14,12.7579099288264,12.9926139496677,1
289,1,13.75,14,12.9926139496677,13.182388393972,1
289,1,13.75,14,13.182388393972,13.75,0
290,1,16.75,21,0,1.54606746463157,1
290,1,16.75,21,1.54606746463157,3.60752409104811,1
290,1,16.75,21,3.60752409104811,3.9925623649423,1
290,1,16.75,21,3.9925623649423,6.00975111792965,1
290,1,16.75,21,6.00975111792965,7.14359049351744,1
290,1,16.75,21,7.14359049351744,7.97694253783218,1
290,1,16.75,21,7.97694253783218,9.24077070173875,1
290,1,16.75,21,9.24077070173875,10.0742431194669,1
290,1,16.75,21,10.0742431194669,10.3399521043708,1
290,1,16.75,21,10.3399521043708,11.4099455709469,1
290,1,16.75,21,11.4099455709469,11.9768118146089,1
290,1,16.75,21,11.9768118146089,12.0143148451581,1
290,1,16.75,21,12.0143148451581,12.1962634635113,1
290,1,16.75,21,12.1962634635113,13.0902985486448,1
290,1,16.75,21,13.0902985486448,14.4545339254798,1
290,1,16.75,21,14.4545339254798,14.4739368598308,1
290,1,16.75,21,14.4739368598308,14.6278007186174,1
290,1,16.75,21,14.6278007186174,14.8582695647936,1
290,1,16.75,21,14.8582695647936,15.6627845983645,1
290,1,16.75,21,15.6627845983645,16.2534790172356,1
290,1,16.75,21,16.2534790172356,16.2939330045466,1
290,1,16.75,21,16.2939330045466,16.75,0
291,1,8.75,3,0,5.10506850053803,1
291,1,8.75,3,5.10506850053803,5.9901734701525,1
291,1,8.75,3,5.9901734701525,6.71468692280796,1
291,1,8.75,3,6.71468692280796,8.75,0
292,1,11.75,3,0,3.94839622626437,1
292,1,11.75,3,3.94839622626437,6.48663080248823,1
292,1,11.75,3,6.48663080248823,10.3450003354319,1
292,1,11.75,3,10.3450003354319,11.75,0
293,1,8.75,1,0,7.73617584269171,1
293,1,8.75,1,7.73617584269171,8.75,0
294,1,8.75,2,0,7.41542935730138,1
294,1,8.75,2,7.41542935730138,7.59737053367979,1
294,1,8.75,2,7.59737053367979,8.75,0
295,1,15.75,24,0,5.39162671621004,1
295,1,15.75,24,5.39162671621004,6.33772666895003,1
295,1,15.75,24,6.33772666895003,6.867151151528,1
295,1,15.75,24,6.867151151528,7.51185483297105,1
295,1,15.75,24,7.51185483297105,8.14035416453042,1
295,1,15.75,24,8.14035416453042,9.20035525870452,1
295,1,15.75,24,9.20035525870452,9.47110803684922,1
295,1,15.75,24,9.47110803684922,9.56490358165306,1
295,1,15.75,24,9.56490358165306,10.3891674741358,1
295,1,15.75,24,10.3891674741358,10.6202558689291,1
295,1,15.75,24,10.6202558689291,10.6221913605576,1
295,1,15.75,24,10.6221913605576,11.1155785605139,1
295,1,15.75,24,11.1155785605139,11.9738603977354,1
295,1,15.75,24,11.9738603977354,12.160014466686,1
295,1,15.75,24,12.160014466686,12.3671023241951,1
295,1,15.75,24,12.3671023241951,12.6144303098153,1
295,1,15.75,24,12.6144303098153,12.9484593666393,1
295,1,15.75,24,12.9484593666393,13.5854300689657,1
295,1,15.75,24,13.5854300689657,13.8744059940133,1
295,1,15.75,24,13.8744059940133,14.1784546518069,1
295,1,15.75,24,14.1784546518069,14.2681663047582,1
295,1,15.75,24,14.2681663047582,14.3597810458989,1
295,1,15.75,24,14.3597810458989,14.5214426353931,1
295,1,15.75,24,14.5214426353931,14.5970867441516,1
295,1,15.75,24,14.5970867441516,15.75,0
296,1,14.75,18,0,3.17878153773331,1
296,1,14.75,18,3.17878153773331,3.84259643729655,1
296,1,14.75,18,3.84259643729655,5.41192665870616,1
296,1,14.75,18,5.41192665870616,6.73735717301371,1
296,1,14.75,18,6.73735717301371,8.91077203409345,1
296,1,14.75,18,8.91077203409345,9.301053170875,1
296,1,14.75,18,9.301053170875,9.45343680420949,1
296,1,14.75,18,9.45343680420949,9.72755915934967,1
296,1,14.75,18,9.72755915934967,10.3760534018539,1
296,1,14.75,18,10.3760534018539,10.5544741038323,1
296,1,14.75,18,10.5544741038323,10.7788988372703,1
296,1,14.75,18,10.7788988372703,11.1825666205515,1
296,1,14.75,18,11.1825666205515,11.941954505554,1
296,1,14.75,18,11.941954505554,11.9435944222946,1
296,1,14.75,18,11.9435944222946,12.0240794902576,1
296,1,14.75,18,12.0240794902576,12.5438486450235,1
296,1,14.75,18,12.5438486450235,13.3348353389772,1
296,1,14.75,18,13.3348353389772,13.5061859603777,1
296,1,14.75,18,13.5061859603777,14.75,0
297,1,12.75,11,0,3.41882466957447,1
297,1,12.75,11,3.41882466957447,4.1977352223345,1
297,1,12.75,11,4.1977352223345,8.23073140954082,1
297,1,12.75,11,8.23073140954082,9.44613518731256,1
297,1,12.75,11,9.44613518731256,9.71521390347086,1
297,1,12.75,11,9.71521390347086,9.85181694737981,1
297,1,12.75,11,9.85181694737981,9.9656426490017,1
297,1,12.75,11,9.9656426490017,10.6562074095326,1
297,1,12.75,11,10.6562074095326,11.1701935676866,1
297,1,12.75,11,11.1701935676866,11.2231111812983,1
297,1,12.75,11,11.2231111812983,12.7084004525304,1
297,1,12.75,11,12.7084004525304,12.75,0
298,1,12.75,11,0,2.69169525928955,1
298,1,12.75,11,2.69169525928955,5.46092659756732,1
298,1,12.75,11,5.46092659756732,5.53890515764292,1
298,1,12.75,11,5.53890515764292,5.99550596205462,1
298,1,12.75,11,5.99550596205462,7.52948710761022,1
298,1,12.75,11,7.52948710761022,9.07963572351205,1
298,1,12.75,11,9.07963572351205,9.60905273063787,1
298,1,12.75,11,9.60905273063787,11.7076323550792,1
298,1,12.75,11,11.7076323550792,12.0317816791174,1
298,1,12.75,11,12.0317816791174,12.2358926181296,1
298,1,12.75,11,12.2358926181296,12.5934439268602,1
298,1,12.75,11,12.5934439268602,12.75,0
299,1,18.75,42,0,3.5221200160637,1
299,1,18.75,42,3.5221200160637,4.29006264244751,1
299,1,18.75,42,4.29006264244751,4.7807560360653,1
299,1,18.75,42,4.7807560360653,5.79558962533524,1
299,1,18.75,42,5.79558962533524,5.92956590057338,1
299,1,18.75,42,5.92956590057338,6.27760252122206,1
299,1,18.75,42,6.27760252122206,6.85921149844815,1
299,1,18.75,42,6.85921149844815,7.50361142322036,1
299,1,18.75,42,7.50361142322036,7.76117430398905,1
299,1,18.75,42,7.76117430398905,8.17804802413836,1
299,1,18.75,42,8.17804802413836,8.35090758186095,1
299,1,18.75,42,8.35090758186095,9.33716045961133,1
299,1,18.75,42,9.33716045961133,9.5769504680392,1
299,1,18.75,42,9.5769504680392,9.71357135348757,1
299,1,18.75,42,9.71357135348757,10.8725299281322,1
299,1,18.75,42,10.8725299281322,10.8804187916378,1
299,1,18.75,42,10.8804187916378,10.9458886019943,1
299,1,18.75,42,10.9458886019943,10.9636350820412,1
299,1,18.75,42,10.9636350820412,11.1124834370075,1
299,1,18.75,42,11.1124834370075,11.4929385127006,1
299,1,18.75,42,11.4929385127006,11.7118413836164,1
299,1,18.75,42,11.7118413836164,11.7518892769195,1
299,1,18.75,42,11.7518892769195,12.4288749093172,1
299,1,18.75,42,12.4288749093172,12.509466957932,1
299,1,18.75,42,12.509466957932,13.1969249305206,1
299,1,18.75,42,13.1969249305206,13.3425983455346,1
299,1,18.75,42,13.3425983455346,13.6224560792163,1
299,1,18.75,42,13.6224560792163,14.0373215927261,1
299,1,18.75,42,14.0373215927261,14.544114720027,1
299,1,18.75,42,14.544114720027,14.8277169967409,1
299,1,18.75,42,14.8277169967409,14.8804400958067,1
299,1,18.75,42,14.8804400958067,15.2556287967822,1
299,1,18.75,42,15.2556287967822,15.4660387886434,1
299,1,18.75,42,15.4660387886434,15.6481069276238,1
299,1,18.75,42,15.6481069276238,15.8564324189987,1
299,1,18.75,42,15.8564324189987,16.0589677620398,1
299,1,18.75,42,16.0589677620398,16.2673622797141,1
299,1,18.75,42,16.2673622797141,16.4323844044911,1
299,1,18.75,42,16.4323844044911,16.5150480798489,1
299,1,18.75,42,16.5150480798489,16.9493131450985,1
299,1,18.75,42,16.9493131450985,17.2241274766417,1
299,1,18.75,42,17.2241274766417,17.6415367532695,1
299,1,18.75,42,17.6415367532695,18.75,0
300,1,17.75,41,0,2.71123284889094,1
300,1,17.75,41,2.71123284889094,3.84396633000601,1
300,1,17.75,41,3.84396633000601,5.33708900683835,1
300,1,17.75,41,5.33708900683835,5.43777558784483,1
300,1,17.75,41,5.43777558784483,6.62589729320919,1
300,1,17.75,41,6.62589729320919,7.17162840434093,1
300,1,17.75,41,7.17162840434093,7.44161838138749,1
300,1,17.75,41,7.44161838138749,8.32295421985734,1
300,1,17.75,41,8.32295421985734,8.73939285646776,1
300,1,17.75,41,8.73939285646776,8.96170578270144,1
300,1,17.75,41,8.96170578270144,9.08277458494811,1
300,1,17.75,41,9.08277458494811,9.10411886079082,1
300,1,17.75,41,9.10411886079082,9.57689443347425,1
300,1,17.75,41,9.57689443347425,9.64717168338578,1
300,1,17.75,41,9.64717168338578,10.1430943605438,1
300,1,17.75,41,10.1430943605438,10.2540983539976,1
300,1,17.75,41,10.2540983539976,10.2803990457284,1
300,1,17.75,41,10.2803990457284,10.3183140446112,1
300,1,17.75,41,10.3183140446112,10.4819374398655,1
300,1,17.75,41,10.4819374398655,10.6319432936378,1
300,1,17.75,41,10.6319432936378,10.7580716921027,1
300,1,17.75,41,10.7580716921027,11.137280194449,1
300,1,17.75,41,11.137280194449,11.1752882609027,1
300,1,17.75,41,11.1752882609027,11.2325515228166,1
300,1,17.75,41,11.2325515228166,11.4279783739976,1
300,1,17.75,41,11.4279783739976,11.4285554244095,1
300,1,17.75,41,11.4285554244095,11.7677956688558,1
300,1,17.75,41,11.7677956688558,12.1520777140162,1
300,1,17.75,41,12.1520777140162,12.2439465177506,1
300,1,17.75,41,12.2439465177506,13.539194256243,1
300,1,17.75,41,13.539194256243,13.9907669827419,1
300,1,17.75,41,13.9907669827419,14.2761835971252,1
300,1,17.75,41,14.2761835971252,14.3609443137027,1
300,1,17.75,41,14.3609443137027,14.9549839621433,1
300,1,17.75,41,14.9549839621433,15.5681708370659,1
300,1,17.75,41,15.5681708370659,15.6178398367433,1
300,1,17.75,41,15.6178398367433,15.6779827490843,1
300,1,17.75,41,15.6779827490843,16.6867447626118,1
300,1,17.75,41,16.6867447626118,16.8199370429217,1
300,1,17.75,41,16.8199370429217,17.2576283398451,1
300,1,17.75,41,17.2576283398451,17.684820476178,1
300,1,17.75,41,17.684820476178,17.75,0
301,0,14.75,7,0,2.84442938766574,1
301,0,14.75,7,2.84442938766574,7.67266875906908,1
301,0,14.75,7,7.67266875906908,8.01772848083323,1
301,0,14.75,7,8.01772848083323,8.70499112127956,1
301,0,14.75,7,8.70499112127956,10.8869216782678,1
301,0,14.75,7,10.8869216782678,13.6550263722204,1
301,0,14.75,7,13.6550263722204,14.0943976232623,1
301,0,14.75,7,14.0943976232623,14.75,0
302,0,13.75,13,0,6.64312983486737,1
302,0,13.75,13,6.64312983486737,7.71961179980265,1
302,0,13.75,13,7.71961179980265,8.78480249444906,1
302,0,13.75,13,8.78480249444906,8.86476477611759,1
302,0,13.75,13,8.86476477611759,9.24680996173832,1
302,0,13.75,13,9.24680996173832,9.3416027317016,1
302,0,13.75,13,9.3416027317016,9.95585785696386,1
302,0,13.75,13,9.95585785696386,10.4676432906414,1
302,0,13.75,13,10.4676432906414,10.5479525541771,1
302,0,13.75,13,10.5479525541771,10.6848719205167,1
302,0,13.75,13,10.6848719205167,12.2776052265779,1
302,0,13.75,13,12.2776052265779,13.4592954588023,1
302,0,13.75,13,13.4592954588023,13.4778545829666,1
302,0,13.75,13,13.4778545829666,13.75,0
303,0,11.75,6,0,4.22507238724749,1
303,0,11.75,6,4.22507238724749,9.56194708347146,1
303,0,11.75,6,9.56194708347146,10.3721327201501,1
303,0,11.75,6,10.3721327201501,11.1381520959711,1
303,0,11.75,6,11.1381520959711,11.2461717419783,1
303,0,11.75,6,11.2461717419783,11.4978267411531,1
303,0,11.75,6,11.4978267411531,11.75,0
304,0,14.75,5,0,4.63787825011375,1
304,0,14.75,5,4.63787825011375,8.27455279945906,1
304,0,14.75,5,8.27455279945906,12.681427565155,1
304,0,14.75,5,12.681427565155,13.0247083847451,1
304,0,14.75,5,13.0247083847451,14.4840751279273,1
304,0,14.75,5,14.4840751279273,14.75,0
305,0,13.75,11,0,3.28960769470881,1
305,0,13.75,11,3.28960769470881,5.8311872832416,1
305,0,13.75,11,5.8311872832416,6.97123697812913,1
305,0,13.75,11,6.97123697812913,7.12402789142913,1
305,0,13.75,11,7.12402789142913,7.42032456094881,1
305,0,13.75,11,7.42032456094881,10.0370676101435,1
305,0,13.75,11,10.0370676101435,11.1506284373953,1
305,0,13.75,11,11.1506284373953,12.8377651650765,1
305,0,13.75,11,12.8377651650765,13.275986517946,1
305,0,13.75,11,13.275986517946,13.4026418035627,1
305,0,13.75,11,13.4026418035627,13.4597852714403,1
305,0,13.75,11,13.4597852714403,13.75,0
306,0,10.75,8,0,4.36286073203728,1
306,0,10.75,8,4.36286073203728,6.85248072031517,1
306,0,10.75,8,6.85248072031517,7.40109877468248,1
306,0,10.75,8,7.40109877468248,8.51245340948405,1
306,0,10.75,8,8.51245340948405,8.69214615587504,1
306,0,10.75,8,8.69214615587504,8.73312779132942,1
306,0,10.75,8,8.73312779132942,9.31351467644321,1
306,0,10.75,8,9.31351467644321,9.98195713821731,1
306,0,10.75,8,9.98195713821731,10.75,0
307,0,11.75,11,0,1.90433161844828,1
307,0,11.75,11,1.90433161844828,2.4067024635167,1
307,0,11.75,11,2.4067024635167,2.50366590582473,1
307,0,11.75,11,2.50366590582473,3.75404976662575,1
307,0,11.75,11,3.75404976662575,6.12940821085446,1
307,0,11.75,11,6.12940821085446,6.37810426103376,1
307,0,11.75,11,6.37810426103376,6.56066168197818,1
307,0,11.75,11,6.56066168197818,7.6388537454726,1
307,0,11.75,11,7.6388537454726,8.88192699889104,1
307,0,11.75,11,8.88192699889104,9.97805073136452,1
307,0,11.75,11,9.97805073136452,10.5775804283154,1
307,0,11.75,11,10.5775804283154,11.75,0
308,0,11.75,4,0,2.4651312531953,1
308,0,11.75,4,2.4651312531953,5.79188587285187,1
308,0,11.75,4,5.79188587285187,10.934349757932,1
308,0,11.75,4,10.934349757932,11.5508802199851,1
308,0,11.75,4,11.5508802199851,11.75,0
309,0,16.75,17,0,3.6401569014484,1
309,0,16.75,17,3.6401569014484,4.59495072992014,1
309,0,16.75,17,4.59495072992014,7.34922980830232,1
309,0,16.75,17,7.34922980830232,9.08040068229682,1
309,0,16.75,17,9.08040068229682,9.57398698544654,1
309,0,16.75,17,9.57398698544654,11.4008132075022,1
309,0,16.75,17,11.4008132075022,12.4750916815321,1
309,0,16.75,17,12.4750916815321,13.179176747565,1
309,0,16.75,17,13.179176747565,13.2910876548256,1
309,0,16.75,17,13.2910876548256,13.7511426423971,1
309,0,16.75,17,13.7511426423971,13.9068951225579,1
309,0,16.75,17,13.9068951225579,14.5545640836181,1
309,0,16.75,17,14.5545640836181,14.8644328085982,1
309,0,16.75,17,14.8644328085982,15.3158188058354,1
309,0,16.75,17,15.3158188058354,15.3237318164724,1
309,0,16.75,17,15.3237318164724,16.0640199261926,1
309,0,16.75,17,16.0640199261926,16.6326371392421,1
309,0,16.75,17,16.6326371392421,16.75,0
310,0,16.75,19,0,5.24296428512882,1
310,0,16.75,19,5.24296428512882,6.12821466650749,1
310,0,16.75,19,6.12821466650749,6.51622681363176,1
310,0,16.75,19,6.51622681363176,7.43233743556853,1
310,0,16.75,19,7.43233743556853,7.86776108894952,1
310,0,16.75,19,7.86776108894952,8.52577104718931,1
310,0,16.75,19,8.52577104718931,9.552070471722,1
310,0,16.75,19,9.552070471722,10.2080595721331,1
310,0,16.75,19,10.2080595721331,10.8978932863505,1
310,0,16.75,19,10.8978932863505,11.8079144782053,1
310,0,16.75,19,11.8079144782053,11.9520431122062,1
310,0,16.75,19,11.9520431122062,13.1824661952563,1
310,0,16.75,19,13.1824661952563,14.1390106348321,1
310,0,16.75,19,14.1390106348321,14.7751726104592,1
310,0,16.75,19,14.7751726104592,15.1984112390674,1
310,0,16.75,19,15.1984112390674,15.6268494859013,1
310,0,16.75,19,15.6268494859013,16.2501621746855,1
310,0,16.75,19,16.2501621746855,16.2945447253038,1
310,0,16.75,19,16.2945447253038,16.5653099338338,1
310,0,16.75,19,16.5653099338338,16.75,0
311,0,8.75,2,0,3.95090309205369,1
311,0,8.75,2,3.95090309205369,6.93086428674487,1
311,0,8.75,2,6.93086428674487,8.75,0
312,0,17.75,25,0,0.975736575550785,1
312,0,17.75,25,0.975736575550785,2.73730115349569,1
312,0,17.75,25,2.73730115349569,3.43594777609128,1
312,0,17.75,25,3.43594777609128,5.19743150171675,1
312,0,17.75,25,5.19743150171675,7.63640095236895,1
312,0,17.75,25,7.63640095236895,7.76641375670249,1
312,0,17.75,25,7.76641375670249,8.15589547155113,1
312,0,17.75,25,8.15589547155113,9.78612058582046,1
312,0,17.75,25,9.78612058582046,10.1179004568811,1
312,0,17.75,25,10.1179004568811,10.2128516115632,1
312,0,17.75,25,10.2128516115632,10.6210790658073,1
312,0,17.75,25,10.6210790658073,10.6351526812321,1
312,0,17.75,25,10.6351526812321,10.8158163612282,1
312,0,17.75,25,10.8158163612282,11.1036129748593,1
312,0,17.75,25,11.1036129748593,11.4859532163287,1
312,0,17.75,25,11.4859532163287,11.8232700131027,1
312,0,17.75,25,11.8232700131027,11.9993528307079,1
312,0,17.75,25,11.9993528307079,12.5319513502926,1
312,0,17.75,25,12.5319513502926,12.6865840492123,1
312,0,17.75,25,12.6865840492123,14.2538700314867,1
312,0,17.75,25,14.2538700314867,14.9353060652644,1
312,0,17.75,25,14.9353060652644,15.2120455158559,1
312,0,17.75,25,15.2120455158559,15.4613043442096,1
312,0,17.75,25,15.4613043442096,15.6352710333578,1
312,0,17.75,25,15.6352710333578,16.1380411873053,1
312,0,17.75,25,16.1380411873053,17.75,0
313,0,16.75,36,0,0.130184980181992,1
313,0,16.75,36,0.130184980181992,1.7089245838026,1
313,0,16.75,36,1.7089245838026,3.13610153492185,1
313,0,16.75,36,3.13610153492185,3.63465081143916,1
313,0,16.75,36,3.63465081143916,5.37499038861655,1
313,0,16.75,36,5.37499038861655,6.05040836786021,1
313,0,16.75,36,6.05040836786021,7.05284768684208,1
313,0,16.75,36,7.05284768684208,8.50699655113557,1
313,0,16.75,36,8.50699655113557,8.59882604025666,1
313,0,16.75,36,8.59882604025666,9.22977782495884,1
313,0,16.75,36,9.22977782495884,9.85300927381398,1
313,0,16.75,36,9.85300927381398,9.91106211463411,1
313,0,16.75,36,9.91106211463411,10.1522927788219,1
313,0,16.75,36,10.1522927788219,10.2378043168049,1
313,0,16.75,36,10.2378043168049,10.4060077993401,1
313,0,16.75,36,10.4060077993401,10.8219803743426,1
313,0,16.75,36,10.8219803743426,10.8314430984045,1
313,0,16.75,36,10.8314430984045,10.8944988640859,1
313,0,16.75,36,10.8944988640859,11.0285167173232,1
313,0,16.75,36,11.0285167173232,11.9853352830049,1
313,0,16.75,36,11.9853352830049,12.0951562048033,1
313,0,16.75,36,12.0951562048033,13.2744496374909,1
313,0,16.75,36,13.2744496374909,13.5632155867818,1
313,0,16.75,36,13.5632155867818,13.5642124035247,1
313,0,16.75,36,13.5642124035247,14.4871067131793,1
313,0,16.75,36,14.4871067131793,14.7226517581221,1
313,0,16.75,36,14.7226517581221,14.8349967841436,1
313,0,16.75,36,14.8349967841436,14.9506723822034,1
313,0,16.75,36,14.9506723822034,15.1066361007006,1
313,0,16.75,36,15.1066361007006,15.3480751989362,1
313,0,16.75,36,15.3480751989362,15.3502453935622,1
313,0,16.75,36,15.3502453935622,15.8485561908455,1
313,0,16.75,36,15.8485561908455,16.1245898514148,1
313,0,16.75,36,16.1245898514148,16.2364952654722,1
313,0,16.75,36,16.2364952654722,16.2674632807527,1
313,0,16.75,36,16.2674632807527,16.5409646873708,1
313,0,16.75,36,16.5409646873708,16.75,0
314,0,18.75,13,0,6.5538589503317,1
314,0,18.75,13,6.5538589503317,6.61741520050885,1
314,0,18.75,13,6.61741520050885,7.57116881659413,1
314,0,18.75,13,7.57116881659413,7.74832763942622,1
314,0,18.75,13,7.74832763942622,7.81345731476036,1
314,0,18.75,13,7.81345731476036,11.2270139277813,1
314,0,18.75,13,11.2270139277813,12.2417306391766,1
314,0,18.75,13,12.2417306391766,14.9877254010433,1
314,0,18.75,13,14.9877254010433,15.679952204098,1
314,0,18.75,13,15.679952204098,16.4055771089669,1
314,0,18.75,13,16.4055771089669,17.128808410631,1
314,0,18.75,13,17.128808410631,17.2749839482976,1
314,0,18.75,13,17.2749839482976,18.496321920568,1
314,0,18.75,13,18.496321920568,18.75,0
315,0,8.75,1,0,8.11244995941355,1
315,0,8.75,1,8.11244995941355,8.75,0
316,0,11.75,8,0,1.23070093481637,1
316,0,11.75,8,1.23070093481637,5.95194434900168,1
316,0,11.75,8,5.95194434900168,7.86212267357915,1
316,0,11.75,8,7.86212267357915,8.39855994049441,1
316,0,11.75,8,8.39855994049441,9.54174117046036,1
316,0,11.75,8,9.54174117046036,9.99489777866915,1
316,0,11.75,8,9.99489777866915,11.2024347326549,1
316,0,11.75,8,11.2024347326549,11.5909341712389,1
316,0,11.75,8,11.5909341712389,11.75,0
317,0,14.75,28,0,3.53151831036791,1
317,0,14.75,28,3.53151831036791,5.45108045776249,1
317,0,14.75,28,5.45108045776249,6.54952461178108,1
317,0,14.75,28,6.54952461178108,6.81391123254178,1
317,0,14.75,28,6.81391123254178,6.94294318884154,1
317,0,14.75,28,6.94294318884154,7.1240469513424,1
317,0,14.75,28,7.1240469513424,7.73974477696799,1
317,0,14.75,28,7.73974477696799,8.98709581315905,1
317,0,14.75,28,8.98709581315905,9.08210191703678,1
317,0,14.75,28,9.08210191703678,9.3285180609892,1
317,0,14.75,28,9.3285180609892,9.33719649398513,1
317,0,14.75,28,9.33719649398513,11.1310860942162,1
317,0,14.75,28,11.1310860942162,11.1760406486348,1
317,0,14.75,28,11.1760406486348,11.3423797286043,1
317,0,14.75,28,11.3423797286043,11.7819165316986,1
317,0,14.75,28,11.7819165316986,11.8156867481744,1
317,0,14.75,28,11.8156867481744,11.9948420002571,1
317,0,14.75,28,11.9948420002571,12.2136277019633,1
317,0,14.75,28,12.2136277019633,12.4170599015899,1
317,0,14.75,28,12.4170599015899,12.5777716249388,1
317,0,14.75,28,12.5777716249388,12.6788134012872,1
317,0,14.75,28,12.6788134012872,12.9488345623005,1
317,0,14.75,28,12.9488345623005,13.0881099083959,1
317,0,14.75,28,13.0881099083959,13.443256709285,1
317,0,14.75,28,13.443256709285,13.6881009680453,1
317,0,14.75,28,13.6881009680453,14.3736259108077,1
317,0,14.75,28,14.3736259108077,14.4048711838971,1
317,0,14.75,28,14.4048711838971,14.6095174343877,1
317,0,14.75,28,14.6095174343877,14.75,0
318,0,10.75,6,0,4.23193749019124,1
318,0,10.75,6,4.23193749019124,4.7678830906752,1
318,0,10.75,6,4.7678830906752,6.9948497921053,1
318,0,10.75,6,6.9948497921053,7.39918594538943,1
318,0,10.75,6,7.39918594538943,9.17004137791116,1
318,0,10.75,6,9.17004137791116,9.70762083134113,1
318,0,10.75,6,9.70762083134113,10.75,0
319,0,13.75,11,0,7.00052910054173,1
319,0,13.75,11,7.00052910054173,8.59364382996765,1
319,0,13.75,11,8.59364382996765,9.74562939863567,1
319,0,13.75,11,9.74562939863567,10.5705005635806,1
319,0,13.75,11,10.5705005635806,10.8874192981627,1
319,0,13.75,11,10.8874192981627,11.1011842835817,1
319,0,13.75,11,11.1011842835817,11.4838915876988,1
319,0,13.75,11,11.4838915876988,11.5311373954184,1
319,0,13.75,11,11.5311373954184,12.1754681922366,1
319,0,13.75,11,12.1754681922366,12.9887420517348,1
319,0,13.75,11,12.9887420517348,13.6875892693214,1
319,0,13.75,11,13.6875892693214,13.75,0
320,0,15.75,3,0,6.77059963438013,1
320,0,15.75,3,6.77059963438013,13.8936020797019,1
320,0,15.75,3,13.8936020797019,14.8825701217619,1
320,0,15.75,3,14.8825701217619,15.75,0
321,0,12.75,1,0,10.4539661012698,1
321,0,12.75,1,10.4539661012698,12.75,0
322,0,17.75,23,0,2.41913043809842,1
322,0,17.75,23,2.41913043809842,3.83215105853837,1
322,0,17.75,23,3.83215105853837,4.46131053457874,1
322,0,17.75,23,4.46131053457874,5.7810914417494,1
322,0,17.75,23,5.7810914417494,7.77367825322216,1
322,0,17.75,23,7.77367825322216,7.87154768470008,1
322,0,17.75,23,7.87154768470008,9.15324396062361,1
322,0,17.75,23,9.15324396062361,10.1658493564751,1
322,0,17.75,23,10.1658493564751,11.704559642973,1
322,0,17.75,23,11.704559642973,11.9529298100613,1
322,0,17.75,23,11.9529298100613,13.3024397532479,1
322,0,17.75,23,13.3024397532479,13.6527965855745,1
322,0,17.75,23,13.6527965855745,14.3329000518253,1
322,0,17.75,23,14.3329000518253,14.9180828533404,1
322,0,17.75,23,14.9180828533404,15.3989317687265,1
322,0,17.75,23,15.3989317687265,15.497384725647,1
322,0,17.75,23,15.497384725647,15.5184454508395,1
322,0,17.75,23,15.5184454508395,16.3943591450017,1
322,0,17.75,23,16.3943591450017,16.6033981179048,1
322,0,17.75,23,16.6033981179048,16.6252180184057,1
322,0,17.75,23,16.6252180184057,16.8232585030786,1
322,0,17.75,23,16.8232585030786,17.3221739953518,1
322,0,17.75,23,17.3221739953518,17.7226208155357,1
322,0,17.75,23,17.7226208155357,17.75,0
323,0,17.75,34,0,3.21492743982726,1
323,0,17.75,34,3.21492743982726,3.58862813996237,1
323,0,17.75,34,3.58862813996237,4.88698886551246,1
323,0,17.75,34,4.88698886551246,5.45019557134392,1
323,0,17.75,34,5.45019557134392,6.06213621196124,1
323,0,17.75,34,6.06213621196124,6.53602772258507,1
323,0,17.75,34,6.53602772258507,7.76066876380628,1
323,0,17.75,34,7.76066876380628,8.31025200053662,1
323,0,17.75,34,8.31025200053662,8.48338235349607,1
323,0,17.75,34,8.48338235349607,8.87251147890776,1
323,0,17.75,34,8.87251147890776,9.55960867234271,1
323,0,17.75,34,9.55960867234271,10.4089029338954,1
323,0,17.75,34,10.4089029338954,10.8607228358062,1
323,0,17.75,34,10.8607228358062,11.4990800196945,1
323,0,17.75,34,11.4990800196945,12.6037899295068,1
323,0,17.75,34,12.6037899295068,12.6362575774334,1
323,0,17.75,34,12.6362575774334,12.8921426625586,1
323,0,17.75,34,12.8921426625586,13.1852890160527,1
323,0,17.75,34,13.1852890160527,13.5132531388141,1
323,0,17.75,34,13.5132531388141,13.7347825909597,1
323,0,17.75,34,13.7347825909597,14.1131595799107,1
323,0,17.75,34,14.1131595799107,14.5541440587931,1
323,0,17.75,34,14.5541440587931,15.0591904231544,1
323,0,17.75,34,15.0591904231544,15.4609905514589,1
323,0,17.75,34,15.4609905514589,15.4833238325271,1
323,0,17.75,34,15.4833238325271,15.6990728765367,1
323,0,17.75,34,15.6990728765367,15.9427230432873,1
323,0,17.75,34,15.9427230432873,16.0463529576664,1
323,0,17.75,34,16.0463529576664,16.522025500492,1
323,0,17.75,34,16.522025500492,16.9987398830129,1
323,0,17.75,34,16.9987398830129,17.0722374770937,1
323,0,17.75,34,17.0722374770937,17.2192717422602,1
323,0,17.75,34,17.2192717422602,17.4355356528801,1
323,0,17.75,34,17.4355356528801,17.5573016031408,1
323,0,17.75,34,17.5573016031408,17.75,0
324,0,18.75,27,0,1.643267951357,1
324,0,18.75,27,1.643267951357,3.7407052302749,1
324,0,18.75,27,3.7407052302749,6.40721497388303,1
324,0,18.75,27,6.40721497388303,6.52972389644436,1
324,0,18.75,27,6.52972389644436,7.42247509733623,1
324,0,18.75,27,7.42247509733623,7.68797842835363,1
324,0,18.75,27,7.68797842835363,7.79958079715316,1
324,0,18.75,27,7.79958079715316,9.09171369412894,1
324,0,18.75,27,9.09171369412894,9.65701178355983,1
324,0,18.75,27,9.65701178355983,9.76674520458415,1
324,0,18.75,27,9.76674520458415,10.5519340541329,1
324,0,18.75,27,10.5519340541329,11.3331242099539,1
324,0,18.75,27,11.3331242099539,11.8218863175278,1
324,0,18.75,27,11.8218863175278,13.7386674227138,1
324,0,18.75,27,13.7386674227138,13.8026115664973,1
324,0,18.75,27,13.8026115664973,14.5822371310415,1
324,0,18.75,27,14.5822371310415,15.4449228402524,1
324,0,18.75,27,15.4449228402524,16.2374320525657,1
324,0,18.75,27,16.2374320525657,16.2691522228553,1
324,0,18.75,27,16.2691522228553,16.6775555097617,1
324,0,18.75,27,16.6775555097617,16.688645558175,1
324,0,18.75,27,16.688645558175,16.7813991671705,1
324,0,18.75,27,16.7813991671705,17.0459520684598,1
324,0,18.75,27,17.0459520684598,18.1823659271798,1
324,0,18.75,27,18.1823659271798,18.2977805724558,1
324,0,18.75,27,18.2977805724558,18.3706760732628,1
324,0,18.75,27,18.3706760732628,18.4852510404071,1
324,0,18.75,27,18.4852510404071,18.75,0
325,0,16.75,13,0,7.78472540467279,1
325,0,16.75,13,7.78472540467279,8.16338502080805,1
325,0,16.75,13,8.16338502080805,8.31908320075341,1
325,0,16.75,13,8.31908320075341,8.59760178222854,1
325,0,16.75,13,8.59760178222854,8.68630621969547,1
325,0,16.75,13,8.68630621969547,9.36161636722396,1
325,0,16.75,13,9.36161636722396,10.9870230512062,1
325,0,16.75,13,10.9870230512062,14.0652933149474,1
325,0,16.75,13,14.0652933149474,14.830732726813,1
325,0,16.75,13,14.830732726813,15.6301605048867,1
325,0,16.75,13,15.6301605048867,15.8991958209562,1
325,0,16.75,13,15.8991958209562,15.9614391744134,1
325,0,16.75,13,15.9614391744134,16.4021956596415,1
325,0,16.75,13,16.4021956596415,16.75,0
326,0,14.75,34,0,2.58711721329579,1
326,0,14.75,34,2.58711721329579,2.87351831017329,1
326,0,14.75,34,2.87351831017329,2.89633120553901,1
326,0,14.75,34,2.89633120553901,4.44374637245328,1
326,0,14.75,34,4.44374637245328,5.16373713053593,1
326,0,14.75,34,5.16373713053593,5.46453618749729,1
326,0,14.75,34,5.46453618749729,6.01563573504578,1
326,0,14.75,34,6.01563573504578,6.32687689077363,1
326,0,14.75,34,6.32687689077363,7.79653942947224,1
326,0,14.75,34,7.79653942947224,7.9006697969741,1
326,0,14.75,34,7.9006697969741,8.04583178630402,1
326,0,14.75,34,8.04583178630402,8.43814003827855,1
326,0,14.75,34,8.43814003827855,8.46648037622791,1
326,0,14.75,34,8.46648037622791,8.59688901857551,1
326,0,14.75,34,8.59688901857551,9.44938605857497,1
326,0,14.75,34,9.44938605857497,9.89459035105919,1
326,0,14.75,34,9.89459035105919,10.2632528731427,1
326,0,14.75,34,10.2632528731427,10.3755377834914,1
326,0,14.75,34,10.3755377834914,10.4234558044272,1
326,0,14.75,34,10.4234558044272,10.5929969370435,1
326,0,14.75,34,10.5929969370435,11.1682177409169,1
326,0,14.75,34,11.1682177409169,12.1047246818411,1
326,0,14.75,34,12.1047246818411,12.1225986698415,1
326,0,14.75,34,12.1225986698415,12.516840128785,1
326,0,14.75,34,12.516840128785,12.5993399722359,1
326,0,14.75,34,12.5993399722359,12.6021643445599,1
326,0,14.75,34,12.6021643445599,12.8308567170301,1
326,0,14.75,34,12.8308567170301,13.2190727412076,1
326,0,14.75,34,13.2190727412076,13.5803048638141,1
326,0,14.75,34,13.5803048638141,14.1641968728814,1
326,0,14.75,34,14.1641968728814,14.3323894594136,1
326,0,14.75,34,14.3323894594136,14.5039660462817,1
326,0,14.75,34,14.5039660462817,14.6823819768441,1
326,0,14.75,34,14.6823819768441,14.7265098967389,1
326,0,14.75,34,14.7265098967389,14.75,0
327,0,8.75,2,0,8.59767034858653,1
327,0,8.75,2,8.59767034858653,8.74940589818287,1
327,0,8.75,2,8.74940589818287,8.75,0
328,0,11.75,4,0,4.9329328924588,1
328,0,11.75,4,4.9329328924588,6.08238513306668,1
328,0,11.75,4,6.08238513306668,6.25519850372518,1
328,0,11.75,4,6.25519850372518,9.07136883649824,1
328,0,11.75,4,9.07136883649824,11.75,0
329,0,14.75,11,0,0.372718452760472,1
329,0,14.75,11,0.372718452760472,5.3115488623379,1
329,0,14.75,11,5.3115488623379,7.18065755121245,1
329,0,14.75,11,7.18065755121245,7.93532610550005,1
329,0,14.75,11,7.93532610550005,8.5478531329687,1
329,0,14.75,11,8.5478531329687,10.0836473621894,1
329,0,14.75,11,10.0836473621894,12.6337993718936,1
329,0,14.75,11,12.6337993718936,13.8823672732622,1
329,0,14.75,11,13.8823672732622,13.9843446156601,1
329,0,14.75,11,13.9843446156601,14.3390065743135,1
329,0,14.75,11,14.3390065743135,14.7059554647813,1
329,0,14.75,11,14.7059554647813,14.75,0
330,0,14.75,15,0,4.21236226741228,1
330,0,14.75,15,4.21236226741228,6.09570935500353,1
330,0,14.75,15,6.09570935500353,6.83855057037304,1
330,0,14.75,15,6.83855057037304,7.0736485033595,1
330,0,14.75,15,7.0736485033595,9.73459280071265,1
330,0,14.75,15,9.73459280071265,10.1249738728727,1
330,0,14.75,15,10.1249738728727,11.3590357810771,1
330,0,14.75,15,11.3590357810771,11.8224668613958,1
330,0,14.75,15,11.8224668613958,13.0193060411408,1
330,0,14.75,15,13.0193060411408,13.4231732251644,1
330,0,14.75,15,13.4231732251644,13.5438431616443,1
330,0,14.75,15,13.5438431616443,13.6056501148151,1
330,0,14.75,15,13.6056501148151,13.7975927226873,1
330,0,14.75,15,13.7975927226873,14.2019215729523,1
330,0,14.75,15,14.2019215729523,14.6532909308857,1
330,0,14.75,15,14.6532909308857,14.75,0
331,0,16.75,2,0,1.71660150576555,1
331,0,16.75,2,1.71660150576555,14.062848712897,1
331,0,16.75,2,14.062848712897,16.75,0
332,0,8.75,3,0,3.88567244019711,1
332,0,8.75,3,3.88567244019711,4.16499164321512,1
332,0,8.75,3,4.16499164321512,7.47736627630078,1
332,0,8.75,3,7.47736627630078,8.75,0
333,0,9.75,5,0,3.04225590481321,1
333,0,9.75,5,3.04225590481321,4.92940820517791,1
333,0,9.75,5,4.92940820517791,5.23912834697336,1
333,0,9.75,5,5.23912834697336,5.40102617473406,1
333,0,9.75,5,5.40102617473406,7.85551195475236,1
333,0,9.75,5,7.85551195475236,9.75,0
334,0,11.75,10,0,1.18743199172628,1
334,0,11.75,10,1.18743199172628,1.57502979322057,1
334,0,11.75,10,1.57502979322057,3.32846396169051,1
334,0,11.75,10,3.32846396169051,3.78094937739045,1
334,0,11.75,10,3.78094937739045,5.99789751248285,1
334,0,11.75,10,5.99789751248285,7.25333131844252,1
334,0,11.75,10,7.25333131844252,8.60909864065387,1
334,0,11.75,10,8.60909864065387,9.5427393623374,1
334,0,11.75,10,9.5427393623374,10.2276342537551,1
334,0,11.75,10,10.2276342537551,11.5117198532895,1
334,0,11.75,10,11.5117198532895,11.75,0
335,0,12.75,12,0,4.95798768638497,1
335,0,12.75,12,4.95798768638497,5.97621040685465,1
335,0,12.75,12,5.97621040685465,6.3164115019418,1
335,0,12.75,12,6.3164115019418,6.37596213670125,1
335,0,12.75,12,6.37596213670125,7.23595957670273,1
335,0,12.75,12,7.23595957670273,7.69124455368499,1
335,0,12.75,12,7.69124455368499,8.04611735911829,1
335,0,12.75,12,8.04611735911829,9.10632636925234,1
335,0,12.75,12,9.10632636925234,11.4605184847604,1
335,0,12.75,12,11.4605184847604,11.8140572176364,1
335,0,12.75,12,11.8140572176364,12.2886153816796,1
335,0,12.75,12,12.2886153816796,12.6510080633352,1
335,0,12.75,12,12.6510080633352,12.75,0
336,0,9.75,7,0,4.50501089673545,1
336,0,9.75,7,4.50501089673545,6.23778734778101,1
336,0,9.75,7,6.23778734778101,7.67636327884082,1
336,0,9.75,7,7.67636327884082,8.3111178071322,1
336,0,9.75,7,8.3111178071322,8.36448677544196,1
336,0,9.75,7,8.36448677544196,9.59958260865108,1
336,0,9.75,7,9.59958260865108,9.71168840800071,1
336,0,9.75,7,9.71168840800071,9.75,0
337,0,15.75,19,0,3.25542142344655,1
337,0,15.75,19,3.25542142344655,3.98660659226631,1
337,0,15.75,19,3.98660659226631,7.25963659027866,1
337,0,15.75,19,7.25963659027866,7.31587783606044,1
337,0,15.75,19,7.31587783606044,8.0661896141358,1
337,0,15.75,19,8.0661896141358,8.26591268965099,1
337,0,15.75,19,8.26591268965099,9.07890560917805,1
337,0,15.75,19,9.07890560917805,10.1889749804236,1
337,0,15.75,19,10.1889749804236,12.3138251126865,1
337,0,15.75,19,12.3138251126865,12.694186498544,1
337,0,15.75,19,12.694186498544,12.792328567008,1
337,0,15.75,19,12.792328567008,12.8548824871561,1
337,0,15.75,19,12.8548824871561,13.7795068960486,1
337,0,15.75,19,13.7795068960486,14.766034559534,1
337,0,15.75,19,14.766034559534,15.0287108017267,1
337,0,15.75,19,15.0287108017267,15.2285578548165,1
337,0,15.75,19,15.2285578548165,15.3464032898203,1
337,0,15.75,19,15.3464032898203,15.5923506697355,1
337,0,15.75,19,15.5923506697355,15.7257738609548,1
337,0,15.75,19,15.7257738609548,15.75,0
338,0,19.75,20,0,2.79064251170261,1
338,0,19.75,20,2.79064251170261,3.97003939470835,1
338,0,19.75,20,3.97003939470835,6.73703181714924,1
338,0,19.75,20,6.73703181714924,7.99993105163896,1
338,0,19.75,20,7.99993105163896,9.49505084710168,1
338,0,19.75,20,9.49505084710168,9.91559682632385,1
338,0,19.75,20,9.91559682632385,10.6335138400587,1
338,0,19.75,20,10.6335138400587,11.9064482597094,1
338,0,19.75,20,11.9064482597094,12.7110175288149,1
338,0,19.75,20,12.7110175288149,12.7747396666811,1
338,0,19.75,20,12.7747396666811,12.8599710990741,1
338,0,19.75,20,12.8599710990741,15.3885327668533,1
338,0,19.75,20,15.3885327668533,16.7687275796576,1
338,0,19.75,20,16.7687275796576,16.8923017760229,1
338,0,19.75,20,16.8923017760229,17.2237873384676,1
338,0,19.75,20,17.2237873384676,17.7274198588841,1
338,0,19.75,20,17.7274198588841,17.9488406711579,1
338,0,19.75,20,17.9488406711579,18.3465772872558,1
338,0,19.75,20,18.3465772872558,18.8705483842781,1
338,0,19.75,20,18.8705483842781,19.4621745835474,1
338,0,19.75,20,19.4621745835474,19.75,0
339,0,17.75,52,0,2.97678791755833,1
339,0,17.75,52,2.97678791755833,3.91965786561843,1
339,0,17.75,52,3.91965786561843,4.56058970169981,1
339,0,17.75,52,4.56058970169981,4.91592159364423,1
339,0,17.75,52,4.91592159364423,4.96170657454,1
339,0,17.75,52,4.96170657454,5.56335972550555,1
339,0,17.75,52,5.56335972550555,5.63968509419741,1
339,0,17.75,52,5.63968509419741,6.89592639230518,1
339,0,17.75,52,6.89592639230518,7.21616812468375,1
339,0,17.75,52,7.21616812468375,7.54914697505313,1
339,0,17.75,52,7.54914697505313,8.31017414432289,1
339,0,17.75,52,8.31017414432289,8.37761414837014,1
339,0,17.75,52,8.37761414837014,8.90645437061425,1
339,0,17.75,52,8.90645437061425,8.92982119345999,1
339,0,17.75,52,8.92982119345999,10.477295005043,1
339,0,17.75,52,10.477295005043,10.7512347040577,1
339,0,17.75,52,10.7512347040577,11.1353110581679,1
339,0,17.75,52,11.1353110581679,11.1544195700729,1
339,0,17.75,52,11.1544195700729,11.1857453114369,1
339,0,17.75,52,11.1857453114369,11.4549696717476,1
339,0,17.75,52,11.4549696717476,11.715113780971,1
339,0,17.75,52,11.715113780971,11.7716887217887,1
339,0,17.75,52,11.7716887217887,11.9877109625645,1
339,0,17.75,52,11.9877109625645,12.0325683251313,1
339,0,17.75,52,12.0325683251313,12.1629220691,1
339,0,17.75,52,12.1629220691,12.7847711421811,1
339,0,17.75,52,12.7847711421811,13.1980367034224,1
339,0,17.75,52,13.1980367034224,13.2218743599375,1
339,0,17.75,52,13.2218743599375,13.6508907800873,1
339,0,17.75,52,13.6508907800873,13.7668550333348,1
339,0,17.75,52,13.7668550333348,13.7719507643262,1
339,0,17.75,52,13.7719507643262,14.836566790129,1
339,0,17.75,52,14.836566790129,15.1925490078442,1
339,0,17.75,52,15.1925490078442,15.2813092080214,1
339,0,17.75,52,15.2813092080214,15.38420602039,1
339,0,17.75,52,15.38420602039,15.6222349430311,1
339,0,17.75,52,15.6222349430311,15.6242517870042,1
339,0,17.75,52,15.6242517870042,16.0438773646869,1
339,0,17.75,52,16.0438773646869,16.046632037321,1
339,0,17.75,52,16.046632037321,16.211143616637,1
339,0,17.75,52,16.211143616637,16.438211754755,1
339,0,17.75,52,16.438211754755,16.6390191343932,1
339,0,17.75,52,16.6390191343932,16.8632317241961,1
339,0,17.75,52,16.8632317241961,16.9632173261809,1
339,0,17.75,52,16.9632173261809,17.0111646212907,1
339,0,17.75,52,17.0111646212907,17.0314142204213,1
339,0,17.75,52,17.0314142204213,17.1463123525777,1
339,0,17.75,52,17.1463123525777,17.1711230868841,1
339,0,17.75,52,17.1711230868841,17.2434935734141,1
339,0,17.75,52,17.2434935734141,17.5103884334073,1
339,0,17.75,52,17.5103884334073,17.5464382678243,1
339,0,17.75,52,17.5464382678243,17.7362455525377,1
339,0,17.75,52,17.7362455525377,17.75,0
340,0,13.75,8,0,1.97686654327243,1
340,0,13.75,8,1.97686654327243,3.25243623219405,1
340,0,13.75,8,3.25243623219405,6.6328201576512,1
340,0,13.75,8,6.6328201576512,7.70474799042093,1
340,0,13.75,8,7.70474799042093,8.01059248885608,1
340,0,13.75,8,8.01059248885608,10.0346803752341,1
340,0,13.75,8,10.0346803752341,10.7071249553831,1
340,0,13.75,8,10.7071249553831,11.1617879410317,1
340,0,13.75,8,11.1617879410317,13.75,0
341,0,13.75,2,0,5.78510336206719,1
341,0,13.75,2,5.78510336206719,12.9704955778645,1
341,0,13.75,2,12.9704955778645,13.75,0
342,0,14.75,5,0,3.85628930029382,1
342,0,14.75,5,3.85628930029382,6.64309192481685,1
342,0,14.75,5,6.64309192481685,7.53238660442832,1
342,0,14.75,5,7.53238660442832,10.0449427495523,1
342,0,14.75,5,10.0449427495523,12.1673904226557,1
342,0,14.75,5,12.1673904226557,14.75,0
343,0,9.75,8,0,2.31102391357201,1
343,0,9.75,8,2.31102391357201,2.88931563535068,1
343,0,9.75,8,2.88931563535068,3.96340879537915,1
343,0,9.75,8,3.96340879537915,5.37191088343956,1
343,0,9.75,8,5.37191088343956,6.94674458301897,1
343,0,9.75,8,6.94674458301897,7.6361841769819,1
343,0,9.75,8,7.6361841769819,8.42075986105767,1
343,0,9.75,8,8.42075986105767,9.2713080085959,1
343,0,9.75,8,9.2713080085959,9.75,0
344,0,18.75,12,0,2.78989221272755,1
344,0,18.75,12,2.78989221272755,6.05207964975854,1
344,0,18.75,12,6.05207964975854,6.95009662753614,1
344,0,18.75,12,6.95009662753614,8.84443165936376,1
344,0,18.75,12,8.84443165936376,12.3386712109959,1
344,0,18.75,12,12.3386712109959,12.6170693351414,1
344,0,18.75,12,12.6170693351414,13.7803601796224,1
344,0,18.75,12,13.7803601796224,14.5710293605388,1
344,0,18.75,12,14.5710293605388,15.42716952173,1
344,0,18.75,12,15.42716952173,15.8868538553568,1
344,0,18.75,12,15.8868538553568,17.4040805908414,1
344,0,18.75,12,17.4040805908414,18.7370883140495,1
344,0,18.75,12,18.7370883140495,18.75,0
345,0,15.75,23,0,1.88611938929597,1
345,0,15.75,23,1.88611938929597,1.94424314226721,1
345,0,15.75,23,1.94424314226721,3.70840943738997,1
345,0,15.75,23,3.70840943738997,5.46329761592083,1
345,0,15.75,23,5.46329761592083,6.18100604357631,1
345,0,15.75,23,6.18100604357631,6.8275512479262,1
345,0,15.75,23,6.8275512479262,7.77581935735972,1
345,0,15.75,23,7.77581935735972,8.2642483877687,1
345,0,15.75,23,8.2642483877687,9.2850021333618,1
345,0,15.75,23,9.2850021333618,9.5333368239734,1
345,0,15.75,23,9.5333368239734,9.59361262574988,1
345,0,15.75,23,9.59361262574988,9.99076159333145,1
345,0,15.75,23,9.99076159333145,10.9124479539733,1
345,0,15.75,23,10.9124479539733,10.9556308464279,1
345,0,15.75,23,10.9556308464279,12.1898463704361,1
345,0,15.75,23,12.1898463704361,12.2605026270262,1
345,0,15.75,23,12.2605026270262,12.5724480766554,1
345,0,15.75,23,12.5724480766554,13.6172279609686,1
345,0,15.75,23,13.6172279609686,14.2600966644545,1
345,0,15.75,23,14.2600966644545,14.6653037662174,1
345,0,15.75,23,14.6653037662174,15.1642837858457,1
345,0,15.75,23,15.1642837858457,15.3830352371875,1
345,0,15.75,23,15.3830352371875,15.4031043021764,1
345,0,15.75,23,15.4031043021764,15.75,0
346,0,18.75,11,0,5.54696981353376,1
346,0,18.75,11,5.54696981353376,10.8100486424371,1
346,0,18.75,11,10.8100486424371,11.1604737083975,1
346,0,18.75,11,11.1604737083975,12.5028491203822,1
346,0,18.75,11,12.5028491203822,12.6367980998881,1
346,0,18.75,11,12.6367980998881,13.4961857551109,1
346,0,18.75,11,13.4961857551109,14.101399965744,1
346,0,18.75,11,14.101399965744,14.7674930451803,1
346,0,18.75,11,14.7674930451803,16.0018044164399,1
346,0,18.75,11,16.0018044164399,17.448592785126,1
346,0,18.75,11,17.448592785126,18.4887751658085,1
346,0,18.75,11,18.4887751658085,18.75,0
347,0,18.75,20,0,2.10660445863038,1
347,0,18.75,20,2.10660445863038,4.82839290940066,1
347,0,18.75,20,4.82839290940066,7.14863718368735,1
347,0,18.75,20,7.14863718368735,8.48298369838007,1
347,0,18.75,20,8.48298369838007,8.52811352351028,1
347,0,18.75,20,8.52811352351028,8.86712167502487,1
347,0,18.75,20,8.86712167502487,9.22050142726102,1
347,0,18.75,20,9.22050142726102,9.87933034349535,1
347,0,18.75,20,9.87933034349535,10.4876926871507,1
347,0,18.75,20,10.4876926871507,10.9608008975356,1
347,0,18.75,20,10.9608008975356,11.3822334551353,1
347,0,18.75,20,11.3822334551353,11.6403914186576,1
347,0,18.75,20,11.6403914186576,12.1640802429257,1
347,0,18.75,20,12.1640802429257,12.1888627737137,1
347,0,18.75,20,12.1888627737137,13.1857178232373,1
347,0,18.75,20,13.1857178232373,13.5700476265532,1
347,0,18.75,20,13.5700476265532,14.7381629897856,1
347,0,18.75,20,14.7381629897856,15.5690011070068,1
347,0,18.75,20,15.5690011070068,15.8787343848983,1
347,0,18.75,20,15.8787343848983,17.6430116776778,1
347,0,18.75,20,17.6430116776778,18.75,0
348,0,16.75,9,0,4.60598631038112,1
348,0,16.75,9,4.60598631038112,5.5578100353266,1
348,0,16.75,9,5.5578100353266,12.3565808819249,1
348,0,16.75,9,12.3565808819249,13.2431431261893,1
348,0,16.75,9,13.2431431261893,13.5648188145445,1
348,0,16.75,9,13.5648188145445,14.352001828049,1
348,0,16.75,9,14.352001828049,15.5309590003312,1
348,0,16.75,9,15.5309590003312,15.6896138105781,1
348,0,16.75,9,15.6896138105781,16.3090417318643,1
348,0,16.75,9,16.3090417318643,16.75,0
349,0,11.75,15,0,1.2658248189503,1
349,0,11.75,15,1.2658248189503,2.43832275355944,1
349,0,11.75,15,2.43832275355944,3.83817111325512,1
349,0,11.75,15,3.83817111325512,4.60931089921655,1
349,0,11.75,15,4.60931089921655,5.0780088958655,1
349,0,11.75,15,5.0780088958655,5.96328804737155,1
349,0,11.75,15,5.96328804737155,6.2714152018075,1
349,0,11.75,15,6.2714152018075,7.97650432940268,1
349,0,11.75,15,7.97650432940268,8.58586575711058,1
349,0,11.75,15,8.58586575711058,8.84568515298784,1
349,0,11.75,15,8.84568515298784,8.99504082140615,1
349,0,11.75,15,8.99504082140615,9.40412233201734,1
349,0,11.75,15,9.40412233201734,9.47495828482866,1
349,0,11.75,15,9.47495828482866,11.3370511326872,1
349,0,11.75,15,11.3370511326872,11.397832958562,1
349,0,11.75,15,11.397832958562,11.75,0
350,0,19.75,15,0,10.6772933060242,1
350,0,19.75,15,10.6772933060242,10.8654744346976,1
350,0,19.75,15,10.8654744346976,12.9058855957007,1
350,0,19.75,15,12.9058855957007,13.8748030243393,1
350,0,19.75,15,13.8748030243393,14.6939040414812,1
350,0,19.75,15,14.6939040414812,14.8494724758758,1
350,0,19.75,15,14.8494724758758,16.9397136488941,1
350,0,19.75,15,16.9397136488941,16.9603121323375,1
350,0,19.75,15,16.9603121323375,17.2443464145427,1
350,0,19.75,15,17.2443464145427,17.6045890753906,1
350,0,19.75,15,17.6045890753906,17.9393768929,1
350,0,19.75,15,17.9393768929,18.5148861944426,1
350,0,19.75,15,18.5148861944426,18.6757140586475,1
350,0,19.75,15,18.6757140586475,19.3392172883021,1
350,0,19.75,15,19.3392172883021,19.6912188428103,1
350,0,19.75,15,19.6912188428103,19.75,0
351,0,18.75,72,0,1.91043744321698,1
351,0,18.75,72,1.91043744321698,2.53537668037761,1
351,0,18.75,72,2.53537668037761,3.79800063741376,1
351,0,18.75,72,3.79800063741376,4.20182620571672,1
351,0,18.75,72,4.20182620571672,5.18017494650399,1
351,0,18.75,72,5.18017494650399,5.4545970976814,1
351,0,18.75,72,5.4545970976814,5.47571825042735,1
351,0,18.75,72,5.47571825042735,5.75366352213794,1
351,0,18.75,72,5.75366352213794,6.81511976661855,1
351,0,18.75,72,6.81511976661855,7.13233638206264,1
351,0,18.75,72,7.13233638206264,7.13408341349127,1
351,0,18.75,72,7.13408341349127,7.46918947934346,1
351,0,18.75,72,7.46918947934346,8.09173255332637,1
351,0,18.75,72,8.09173255332637,8.19467715986927,1
351,0,18.75,72,8.19467715986927,8.3408891370603,1
351,0,18.75,72,8.3408891370603,8.77546587727757,1
351,0,18.75,72,8.77546587727757,9.18828145909594,1
351,0,18.75,72,9.18828145909594,9.23803205476459,1
351,0,18.75,72,9.23803205476459,9.27232516574102,1
351,0,18.75,72,9.27232516574102,9.28844103860948,1
351,0,18.75,72,9.28844103860948,9.60390978303176,1
351,0,18.75,72,9.60390978303176,9.6193185660055,1
351,0,18.75,72,9.6193185660055,10.0079397554827,1
351,0,18.75,72,10.0079397554827,10.4441644524633,1
351,0,18.75,72,10.4441644524633,10.6351305377092,1
351,0,18.75,72,10.6351305377092,10.9594354951673,1
351,0,18.75,72,10.9594354951673,11.7263261325994,1
351,0,18.75,72,11.7263261325994,11.7695650510608,1
351,0,18.75,72,11.7695650510608,11.8956093067183,1
351,0,18.75,72,11.8956093067183,12.0612285800879,1
351,0,18.75,72,12.0612285800879,12.2351724730981,1
351,0,18.75,72,12.2351724730981,12.2646987742341,1
351,0,18.75,72,12.2646987742341,12.4409211502291,1
351,0,18.75,72,12.4409211502291,13.070635516286,1
351,0,18.75,72,13.070635516286,13.1043940253882,1
351,0,18.75,72,13.1043940253882,13.1900877654254,1
351,0,18.75,72,13.1900877654254,13.2392046033719,1
351,0,18.75,72,13.2392046033719,13.2587779053817,1
351,0,18.75,72,13.2587779053817,13.2975565860102,1
351,0,18.75,72,13.2975565860102,13.3541405410051,1
351,0,18.75,72,13.3541405410051,13.6178647436088,1
351,0,18.75,72,13.6178647436088,13.8516014468436,1
351,0,18.75,72,13.8516014468436,13.852276188264,1
351,0,18.75,72,13.852276188264,13.9740183210625,1
351,0,18.75,72,13.9740183210625,13.9841257801377,1
351,0,18.75,72,13.9841257801377,14.2700336637643,1
351,0,18.75,72,14.2700336637643,14.3753502451987,1
351,0,18.75,72,14.3753502451987,14.5745729997663,1
351,0,18.75,72,14.5745729997663,14.7161993937189,1
351,0,18.75,72,14.7161993937189,14.8865111419187,1
351,0,18.75,72,14.8865111419187,14.9812066672832,1
351,0,18.75,72,14.9812066672832,15.6776860204179,1
351,0,18.75,72,15.6776860204179,15.9503411864375,1
351,0,18.75,72,15.9503411864375,15.956004544245,1
351,0,18.75,72,15.956004544245,16.0461487910975,1
351,0,18.75,72,16.0461487910975,16.0496425095165,1
351,0,18.75,72,16.0496425095165,16.4408209478162,1
351,0,18.75,72,16.4408209478162,16.8566249676196,1
351,0,18.75,72,16.8566249676196,16.9281113399143,1
351,0,18.75,72,16.9281113399143,17.0622570376923,1
351,0,18.75,72,17.0622570376923,17.0740182767528,1
351,0,18.75,72,17.0740182767528,17.0749559143247,1
351,0,18.75,72,17.0749559143247,17.1198873929224,1
351,0,18.75,72,17.1198873929224,17.143912435448,1
351,0,18.75,72,17.143912435448,17.57391288935,1
351,0,18.75,72,17.57391288935,17.6639070871647,1
351,0,18.75,72,17.6639070871647,18.068794168643,1
351,0,18.75,72,18.068794168643,18.2085831909192,1
351,0,18.75,72,18.2085831909192,18.2447794385532,1
351,0,18.75,72,18.2447794385532,18.515376244044,1
351,0,18.75,72,18.515376244044,18.5186125267372,1
351,0,18.75,72,18.5186125267372,18.5620441362341,1
351,0,18.75,72,18.5620441362341,18.75,0
352,0,18.75,7,0,8.22475586733132,1
352,0,18.75,7,8.22475586733132,11.4020263745165,1
352,0,18.75,7,11.4020263745165,14.1258192912255,1
352,0,18.75,7,14.1258192912255,16.2984223405378,1
352,0,18.75,7,16.2984223405378,17.3934895178233,1
352,0,18.75,7,17.3934895178233,17.675439016256,1
352,0,18.75,7,17.675439016256,18.1402935089304,1
352,0,18.75,7,18.1402935089304,18.75,0
353,0,8.75,1,0,5.04050116851274,1
353,0,8.75,1,5.04050116851274,8.75,0
354,0,16.75,26,0,2.24507129708378,1
354,0,16.75,26,2.24507129708378,4.12357597949322,1
354,0,16.75,26,4.12357597949322,5.3724433350099,1
354,0,16.75,26,5.3724433350099,6.90476196169431,1
354,0,16.75,26,6.90476196169431,8.53623192502505,1
354,0,16.75,26,8.53623192502505,9.07417632041188,1
354,0,16.75,26,9.07417632041188,9.57956766077754,1
354,0,16.75,26,9.57956766077754,10.2098952485012,1
354,0,16.75,26,10.2098952485012,10.4458549431437,1
354,0,16.75,26,10.4458549431437,10.7042609627533,1
354,0,16.75,26,10.7042609627533,10.7879805066555,1
354,0,16.75,26,10.7879805066555,10.8050948684485,1
354,0,16.75,26,10.8050948684485,10.8418292190516,1
354,0,16.75,26,10.8418292190516,11.3276086382891,1
354,0,16.75,26,11.3276086382891,11.7621231297341,1
354,0,16.75,26,11.7621231297341,12.1807798969841,1
354,0,16.75,26,12.1807798969841,12.8448543029562,1
354,0,16.75,26,12.8448543029562,13.5337593695051,1
354,0,16.75,26,13.5337593695051,14.8487021110714,1
354,0,16.75,26,14.8487021110714,14.9518353758857,1
354,0,16.75,26,14.9518353758857,15.515844765003,1
354,0,16.75,26,15.515844765003,15.6873349317063,1
354,0,16.75,26,15.6873349317063,16.0952123843919,1
354,0,16.75,26,16.0952123843919,16.3946532578036,1
354,0,16.75,26,16.3946532578036,16.6197662718277,1
354,0,16.75,26,16.6197662718277,16.6619406614648,1
354,0,16.75,26,16.6619406614648,16.75,0
355,0,11.75,1,0,11.608347368326,1
355,0,11.75,1,11.608347368326,11.75,0
356,0,16.75,19,0,5.82142441308692,1
356,0,16.75,19,5.82142441308692,7.84137345024259,1
356,0,16.75,19,7.84137345024259,8.67300299768076,1
356,0,16.75,19,8.67300299768076,9.70468031958999,1
356,0,16.75,19,9.70468031958999,10.527405357634,1
356,0,16.75,19,10.527405357634,11.5454268519546,1
356,0,16.75,19,11.5454268519546,12.3220772441472,1
356,0,16.75,19,12.3220772441472,12.6007730206046,1
356,0,16.75,19,12.6007730206046,13.251579663704,1
356,0,16.75,19,13.251579663704,13.481555015573,1
356,0,16.75,19,13.481555015573,13.6434321744731,1
356,0,16.75,19,13.6434321744731,13.8788306967341,1
356,0,16.75,19,13.8788306967341,14.4170772287782,1
356,0,16.75,19,14.4170772287782,14.9918466502862,1
356,0,16.75,19,14.9918466502862,15.128480778745,1
356,0,16.75,19,15.128480778745,15.3065037259758,1
356,0,16.75,19,15.3065037259758,15.5727485555058,1
356,0,16.75,19,15.5727485555058,16.5306446853987,1
356,0,16.75,19,16.5306446853987,16.6889017898314,1
356,0,16.75,19,16.6889017898314,16.75,0
357,0,14.75,11,0,3.86295567357936,1
357,0,14.75,11,3.86295567357936,4.77449237475953,1
357,0,14.75,11,4.77449237475953,5.14424147059107,1
357,0,14.75,11,5.14424147059107,8.80063538801266,1
357,0,14.75,11,8.80063538801266,10.2052028241871,1
357,0,14.75,11,10.2052028241871,11.9579261349401,1
357,0,14.75,11,11.9579261349401,13.1567615009638,1
357,0,14.75,11,13.1567615009638,13.3159606455592,1
357,0,14.75,11,13.3159606455592,13.4596261674437,1
357,0,14.75,11,13.4596261674437,13.8761413852613,1
357,0,14.75,11,13.8761413852613,14.5018876927327,1
357,0,14.75,11,14.5018876927327,14.75,0
358,0,16.75,18,0,3.08407958660655,1
358,0,16.75,18,3.08407958660655,9.43757098119161,1
358,0,16.75,18,9.43757098119161,9.43770479993094,1
358,0,16.75,18,9.43770479993094,9.98827877279892,1
358,0,16.75,18,9.98827877279892,10.584845586674,1
358,0,16.75,18,10.584845586674,11.6022379845693,1
358,0,16.75,18,11.6022379845693,11.9853194226519,1
358,0,16.75,18,11.9853194226519,13.1099190486847,1
358,0,16.75,18,13.1099190486847,13.1339975754387,1
358,0,16.75,18,13.1339975754387,13.6332394805118,1
358,0,16.75,18,13.6332394805118,14.1789977734881,1
358,0,16.75,18,14.1789977734881,14.3605060813634,1
358,0,16.75,18,14.3605060813634,14.9061000425112,1
358,0,16.75,18,14.9061000425112,15.1039585712525,1
358,0,16.75,18,15.1039585712525,15.2666277080195,1
358,0,16.75,18,15.2666277080195,15.607124384896,1
358,0,16.75,18,15.607124384896,15.6604053220205,1
358,0,16.75,18,15.6604053220205,15.9617951946485,1
358,0,16.75,18,15.9617951946485,16.75,0
359,0,14.75,7,0,5.62489454943745,1
359,0,14.75,7,5.62489454943745,7.69598339564918,1
359,0,14.75,7,7.69598339564918,8.3113032004725,1
359,0,14.75,7,8.3113032004725,9.17406723167771,1
359,0,14.75,7,9.17406723167771,10.5781052197417,1
359,0,14.75,7,10.5781052197417,11.6268708651784,1
359,0,14.75,7,11.6268708651784,13.8981211061016,1
359,0,14.75,7,13.8981211061016,14.75,0
360,0,13.75,11,0,2.36851474074115,1
360,0,13.75,11,2.36851474074115,3.16826991295505,1
360,0,13.75,11,3.16826991295505,3.48279698434118,1
360,0,13.75,11,3.48279698434118,4.74948028276291,1
360,0,13.75,11,4.74948028276291,6.02892387346414,1
360,0,13.75,11,6.02892387346414,7.42802339810527,1
360,0,13.75,11,7.42802339810527,8.61100488349217,1
360,0,13.75,11,8.61100488349217,9.49655625775014,1
360,0,13.75,11,9.49655625775014,10.979675383019,1
360,0,13.75,11,10.979675383019,11.1019686420906,1
360,0,13.75,11,11.1019686420906,11.2648288403997,1
360,0,13.75,11,11.2648288403997,13.75,0
361,0,12.75,13,0,4.08516032136902,1
361,0,12.75,13,4.08516032136902,4.40713645536654,1
361,0,12.75,13,4.40713645536654,4.94233545087988,1
361,0,12.75,13,4.94233545087988,5.22089431254127,1
361,0,12.75,13,5.22089431254127,6.90582571567883,1
361,0,12.75,13,6.90582571567883,7.25058273634894,1
361,0,12.75,13,7.25058273634894,7.86167712870196,1
361,0,12.75,13,7.86167712870196,9.26896048032644,1
361,0,12.75,13,9.26896048032644,9.95688782685141,1
361,0,12.75,13,9.95688782685141,10.4688510900758,1
361,0,12.75,13,10.4688510900758,10.683814563343,1
361,0,12.75,13,10.683814563343,11.9628999304346,1
361,0,12.75,13,11.9628999304346,12.6401693062006,1
361,0,12.75,13,12.6401693062006,12.75,0
362,0,19.75,38,0,1.06301251171304,1
362,0,19.75,38,1.06301251171304,3.61551742019324,1
362,0,19.75,38,3.61551742019324,4.91224133723257,1
362,0,19.75,38,4.91224133723257,6.3455502464919,1
362,0,19.75,38,6.3455502464919,7.27922428036476,1
362,0,19.75,38,7.27922428036476,7.53518468325642,1
362,0,19.75,38,7.53518468325642,8.79996212093683,1
362,0,19.75,38,8.79996212093683,8.87235305921266,1
362,0,19.75,38,8.87235305921266,9.88580739688527,1
362,0,19.75,38,9.88580739688527,10.4986475192148,1
362,0,19.75,38,10.4986475192148,10.8620051876209,1
362,0,19.75,38,10.8620051876209,12.41482435758,1
362,0,19.75,38,12.41482435758,12.5831957646963,1
362,0,19.75,38,12.5831957646963,12.9889693073103,1
362,0,19.75,38,12.9889693073103,13.0153418830891,1
362,0,19.75,38,13.0153418830891,13.1535304179852,1
362,0,19.75,38,13.1535304179852,13.6784223626689,1
362,0,19.75,38,13.6784223626689,13.6812542305876,1
362,0,19.75,38,13.6812542305876,13.6861251436312,1
362,0,19.75,38,13.6861251436312,13.7412655075137,1
362,0,19.75,38,13.7412655075137,14.5088431217329,1
362,0,19.75,38,14.5088431217329,14.9797599213903,1
362,0,19.75,38,14.9797599213903,15.2262465979006,1
362,0,19.75,38,15.2262465979006,15.8002216173204,1
362,0,19.75,38,15.8002216173204,16.2911702190922,1
362,0,19.75,38,16.2911702190922,16.3475663740312,1
362,0,19.75,38,16.3475663740312,16.7869734571422,1
362,0,19.75,38,16.7869734571422,17.3833080364925,1
362,0,19.75,38,17.3833080364925,17.5006214632239,1
362,0,19.75,38,17.5006214632239,17.8661868824179,1
362,0,19.75,38,17.8661868824179,18.0615605843965,1
362,0,19.75,38,18.0615605843965,18.3941173089091,1
362,0,19.75,38,18.3941173089091,18.5413839758615,1
362,0,19.75,38,18.5413839758615,18.8715627538494,1
362,0,19.75,38,18.8715627538494,18.8816279613445,1
362,0,19.75,38,18.8816279613445,19.0310554338812,1
362,0,19.75,38,19.0310554338812,19.0357061829435,1
362,0,19.75,38,19.0357061829435,19.058666458427,1
362,0,19.75,38,19.058666458427,19.75,0
363,0,18.75,24,0,4.04291201545529,1
363,0,18.75,24,4.04291201545529,5.57849165041854,1
363,0,18.75,24,5.57849165041854,6.07541020959314,1
363,0,18.75,24,6.07541020959314,6.46374260542605,1
363,0,18.75,24,6.46374260542605,6.96174366200881,1
363,0,18.75,24,6.96174366200881,8.49157486622784,1
363,0,18.75,24,8.49157486622784,9.85552335858906,1
363,0,18.75,24,9.85552335858906,10.5014548203874,1
363,0,18.75,24,10.5014548203874,11.2469593718218,1
363,0,18.75,24,11.2469593718218,12.4369862980491,1
363,0,18.75,24,12.4369862980491,12.7348396996455,1
363,0,18.75,24,12.7348396996455,13.2462675631731,1
363,0,18.75,24,13.2462675631731,13.7839248947663,1
363,0,18.75,24,13.7839248947663,14.9896988161222,1
363,0,18.75,24,14.9896988161222,15.3159920566455,1
363,0,18.75,24,15.3159920566455,15.677712501736,1
363,0,18.75,24,15.677712501736,16.054022409637,1
363,0,18.75,24,16.054022409637,16.7358302818971,1
363,0,18.75,24,16.7358302818971,16.9346321053566,1
363,0,18.75,24,16.9346321053566,17.4942230231965,1
363,0,18.75,24,17.4942230231965,17.7750152500682,1
363,0,18.75,24,17.7750152500682,18.0917724218747,1
363,0,18.75,24,18.0917724218747,18.1571857010749,1
363,0,18.75,24,18.1571857010749,18.2971632615789,1
363,0,18.75,24,18.2971632615789,18.75,0
364,0,10.75,4,0,5.1973030246213,1
364,0,10.75,4,5.1973030246213,10.4004068315616,1
364,0,10.75,4,10.4004068315616,10.5236299210498,1
364,0,10.75,4,10.5236299210498,10.5959467076793,1
364,0,10.75,4,10.5959467076793,10.75,0
365,0,8.75,3,0,3.03678963980147,1
365,0,8.75,3,3.03678963980147,3.76764894346642,1
365,0,8.75,3,3.76764894346642,5.57778383960717,1
365,0,8.75,3,5.57778383960717,8.75,0
366,0,14.75,9,0,1.3117424137411,1
366,0,14.75,9,1.3117424137411,5.92096442220093,1
366,0,14.75,9,5.92096442220093,6.47889453355616,1
366,0,14.75,9,6.47889453355616,8.26526981595756,1
366,0,14.75,9,8.26526981595756,8.81926454779956,1
366,0,14.75,9,8.81926454779956,10.3191820895154,1
366,0,14.75,9,10.3191820895154,13.7097173202081,1
366,0,14.75,9,13.7097173202081,14.3933908686656,1
366,0,14.75,9,14.3933908686656,14.6173383285853,1
366,0,14.75,9,14.6173383285853,14.75,0
367,0,19.75,22,0,1.48244632726519,1
367,0,19.75,22,1.48244632726519,3.53240887904725,1
367,0,19.75,22,3.53240887904725,5.507798238491,1
367,0,19.75,22,5.507798238491,6.08728970600657,1
367,0,19.75,22,6.08728970600657,6.74196645821815,1
367,0,19.75,22,6.74196645821815,7.85911669673687,1
367,0,19.75,22,7.85911669673687,9.94789803652258,1
367,0,19.75,22,9.94789803652258,10.1115122077198,1
367,0,19.75,22,10.1115122077198,10.1522746060961,1
367,0,19.75,22,10.1522746060961,11.0853052457485,1
367,0,19.75,22,11.0853052457485,13.0242250046541,1
367,0,19.75,22,13.0242250046541,13.7024986159612,1
367,0,19.75,22,13.7024986159612,13.721766252168,1
367,0,19.75,22,13.721766252168,13.8795353554134,1
367,0,19.75,22,13.8795353554134,15.3456519073386,1
367,0,19.75,22,15.3456519073386,15.9420300489575,1
367,0,19.75,22,15.9420300489575,16.085312536893,1
367,0,19.75,22,16.085312536893,16.1492808485057,1
367,0,19.75,22,16.1492808485057,16.3577754167063,1
367,0,19.75,22,16.3577754167063,16.7560590289672,1
367,0,19.75,22,16.7560590289672,17.0841585008234,1
367,0,19.75,22,17.0841585008234,19.3290879932022,1
367,0,19.75,22,19.3290879932022,19.75,0
368,0,14.75,11,0,4.82528256492217,1
368,0,14.75,11,4.82528256492217,9.18921351960181,1
368,0,14.75,11,9.18921351960181,9.65281796822949,1
368,0,14.75,11,9.65281796822949,11.0193353819413,1
368,0,14.75,11,11.0193353819413,11.2394721211886,1
368,0,14.75,11,11.2394721211886,11.4898786542124,1
368,0,14.75,11,11.4898786542124,12.8359047821757,1
368,0,14.75,11,12.8359047821757,12.9441951460436,1
368,0,14.75,11,12.9441951460436,13.7648843614218,1
368,0,14.75,11,13.7648843614218,13.802305985843,1
368,0,14.75,11,13.802305985843,14.0803099097187,1
368,0,14.75,11,14.0803099097187,14.75,0
369,0,14.75,9,0,6.68661001192436,1
369,0,14.75,9,6.68661001192436,7.19125713720429,1
369,0,14.75,9,7.19125713720429,8.11649016264024,1
369,0,14.75,9,8.11649016264024,8.64571583240843,1
369,0,14.75,9,8.64571583240843,11.1199740757112,1
369,0,14.75,9,11.1199740757112,11.4648650340291,1
369,0,14.75,9,11.4648650340291,11.5208001981987,1
369,0,14.75,9,11.5208001981987,12.0894881562618,1
369,0,14.75,9,12.0894881562618,14.608531398206,1
369,0,14.75,9,14.608531398206,14.75,0
370,0,14.75,10,0,4.65396126487709,1
370,0,14.75,10,4.65396126487709,5.38597508597911,1
370,0,14.75,10,5.38597508597911,7.83316325811,1
370,0,14.75,10,7.83316325811,8.60513610106422,1
370,0,14.75,10,8.60513610106422,9.33489004557686,1
370,0,14.75,10,9.33489004557686,10.3099449273128,1
370,0,14.75,10,10.3099449273128,11.2086373004938,1
370,0,14.75,10,11.2086373004938,11.8372859986451,1
370,0,14.75,10,11.8372859986451,12.6308582057288,1
370,0,14.75,10,12.6308582057288,13.108031200771,1
370,0,14.75,10,13.108031200771,14.75,0
371,0,13.75,5,0,2.18877524618045,1
371,0,13.75,5,2.18877524618045,5.44130103527326,1
371,0,13.75,5,5.44130103527326,9.12037358372731,1
371,0,13.75,5,9.12037358372731,11.427915082212,1
371,0,13.75,5,11.427915082212,13.4255288868391,1
371,0,13.75,5,13.4255288868391,13.75,0
372,0,11.75,5,0,0.862751234985292,1
372,0,11.75,5,0.862751234985292,5.15628638110045,1
372,0,11.75,5,5.15628638110045,8.80189513689884,1
372,0,11.75,5,8.80189513689884,9.21969460233038,1
372,0,11.75,5,9.21969460233038,10.3409650953249,1
372,0,11.75,5,10.3409650953249,11.75,0
373,0,10.75,6,0,4.41345247494664,1
373,0,10.75,6,4.41345247494664,4.51257472807412,1
373,0,10.75,6,4.51257472807412,8.71705405333543,1
373,0,10.75,6,8.71705405333543,10.3227996578264,1
373,0,10.75,6,10.3227996578264,10.3384630332984,1
373,0,10.75,6,10.3384630332984,10.5158887093197,1
373,0,10.75,6,10.5158887093197,10.75,0
374,0,10.75,6,0,3.49754314956413,1
374,0,10.75,6,3.49754314956413,8.28915580740466,1
374,0,10.75,6,8.28915580740466,8.73006380222321,1
374,0,10.75,6,8.73006380222321,8.83577740726647,1
374,0,10.75,6,8.83577740726647,10.4785029473934,1
374,0,10.75,6,10.4785029473934,10.6224833327958,1
374,0,10.75,6,10.6224833327958,10.75,0
375,0,16.75,11,0,7.92990246029269,1
375,0,16.75,11,7.92990246029269,8.552609236075,1
375,0,16.75,11,8.552609236075,9.73053284416671,1
375,0,16.75,11,9.73053284416671,12.4823297051983,1
375,0,16.75,11,12.4823297051983,13.2827512562286,1
375,0,16.75,11,13.2827512562286,14.2728720689501,1
375,0,16.75,11,14.2728720689501,14.5202557506791,1
375,0,16.75,11,14.5202557506791,15.1138778125986,1
375,0,16.75,11,15.1138778125986,15.4271157572961,1
375,0,16.75,11,15.4271157572961,15.6679476692288,1
375,0,16.75,11,15.6679476692288,15.8232927576283,1
375,0,16.75,11,15.8232927576283,16.75,0
376,0,15.75,6,0,6.30267145629444,1
376,0,15.75,6,6.30267145629444,6.79683235099904,1
376,0,15.75,6,6.79683235099904,8.3696447265104,1
376,0,15.75,6,8.3696447265104,9.62372247816495,1
376,0,15.75,6,9.62372247816495,11.4335625635574,1
376,0,15.75,6,11.4335625635574,11.4961661116395,1
376,0,15.75,6,11.4961661116395,15.75,0
377,0,13.75,7,0,6.75511533778023,1
377,0,13.75,7,6.75511533778023,6.86856557357081,1
377,0,13.75,7,6.86856557357081,7.06444196004691,1
377,0,13.75,7,7.06444196004691,10.4116837420768,1
377,0,13.75,7,10.4116837420768,10.9261644258258,1
377,0,13.75,7,10.9261644258258,11.9728772974333,1
377,0,13.75,7,11.9728772974333,12.1423035191247,1
377,0,13.75,7,12.1423035191247,13.75,0
378,0,11.75,10,0,6.14971501489286,1
378,0,11.75,10,6.14971501489286,6.23303622620203,1
378,0,11.75,10,6.23303622620203,7.38425219489337,1
378,0,11.75,10,7.38425219489337,7.45187705141572,1
378,0,11.75,10,7.45187705141572,7.66164855035003,1
378,0,11.75,10,7.66164855035003,7.86205190958289,1
378,0,11.75,10,7.86205190958289,8.45293323576958,1
378,0,11.75,10,8.45293323576958,9.38985734445639,1
378,0,11.75,10,9.38985734445639,10.2828655941965,1
378,0,11.75,10,10.2828655941965,10.8840477140774,1
378,0,11.75,10,10.8840477140774,11.75,0
379,0,18.75,21,0,3.89317306534769,1
379,0,18.75,21,3.89317306534769,5.57312221294543,1
379,0,18.75,21,5.57312221294543,7.33640101329642,1
379,0,18.75,21,7.33640101329642,7.58449395577567,1
379,0,18.75,21,7.58449395577567,8.88375027551831,1
379,0,18.75,21,8.88375027551831,8.94171648237064,1
379,0,18.75,21,8.94171648237064,9.39011772674408,1
379,0,18.75,21,9.39011772674408,10.0378835481457,1
379,0,18.75,21,10.0378835481457,10.3698705034157,1
379,0,18.75,21,10.3698705034157,10.7307756044099,1
379,0,18.75,21,10.7307756044099,10.9870097015974,1
379,0,18.75,21,10.9870097015974,11.2459824827073,1
379,0,18.75,21,11.2459824827073,11.5706818462029,1
379,0,18.75,21,11.5706818462029,12.197472313942,1
379,0,18.75,21,12.197472313942,13.3773081912855,1
379,0,18.75,21,13.3773081912855,13.3835422459335,1
379,0,18.75,21,13.3835422459335,14.3299671946532,1
379,0,18.75,21,14.3299671946532,14.5059786004142,1
379,0,18.75,21,14.5059786004142,16.8746392838521,1
379,0,18.75,21,16.8746392838521,17.3086216794247,1
379,0,18.75,21,17.3086216794247,18.2299211127005,1
379,0,18.75,21,18.2299211127005,18.75,0
380,0,10.75,9,0,5.5293462829005,1
380,0,10.75,9,5.5293462829005,7.30417717987544,1
380,0,10.75,9,7.30417717987544,8.19661771543215,1
380,0,10.75,9,8.19661771543215,8.61264410290325,1
380,0,10.75,9,8.61264410290325,8.97016009347625,1
380,0,10.75,9,8.97016009347625,9.03993862446315,1
380,0,10.75,9,9.03993862446315,9.09986371345461,1
380,0,10.75,9,9.09986371345461,9.19806153515118,1
380,0,10.75,9,9.19806153515118,9.93938881930008,1
380,0,10.75,9,9.93938881930008,10.75,0
381,0,12.75,5,0,3.24866246973114,1
381,0,12.75,5,3.24866246973114,4.91458465752637,1
381,0,12.75,5,4.91458465752637,10.2207966120324,1
381,0,12.75,5,10.2207966120324,12.6363432013546,1
381,0,12.75,5,12.6363432013546,12.7320249034203,1
381,0,12.75,5,12.7320249034203,12.75,0
382,0,13.75,8,0,5.47414347573217,1
382,0,13.75,8,5.47414347573217,5.83239755807589,1
382,0,13.75,8,5.83239755807589,7.22134302413567,1
382,0,13.75,8,7.22134302413567,8.89633173282389,1
382,0,13.75,8,8.89633173282389,9.69915473513542,1
382,0,13.75,8,9.69915473513542,12.2606799500401,1
382,0,13.75,8,12.2606799500401,12.4715197740345,1
382,0,13.75,8,12.4715197740345,13.1679650285129,1
382,0,13.75,8,13.1679650285129,13.75,0
383,0,17.75,25,0,5.60979807737015,1
383,0,17.75,25,5.60979807737015,5.70028325853747,1
383,0,17.75,25,5.70028325853747,5.8305761101112,1
383,0,17.75,25,5.8305761101112,6.16617525847167,1
383,0,17.75,25,6.16617525847167,7.33375417590384,1
383,0,17.75,25,7.33375417590384,7.34497658674002,1
383,0,17.75,25,7.34497658674002,9.0065077075176,1
383,0,17.75,25,9.0065077075176,10.4926452910819,1
383,0,17.75,25,10.4926452910819,10.5465579406371,1
383,0,17.75,25,10.5465579406371,10.9707980342594,1
383,0,17.75,25,10.9707980342594,11.732965407341,1
383,0,17.75,25,11.732965407341,11.9397861365003,1
383,0,17.75,25,11.9397861365003,11.9434627512158,1
383,0,17.75,25,11.9434627512158,11.9622802806032,1
383,0,17.75,25,11.9622802806032,13.1692484923342,1
383,0,17.75,25,13.1692484923342,13.9505844341537,1
383,0,17.75,25,13.9505844341537,14.5372293755438,1
383,0,17.75,25,14.5372293755438,14.5471472032364,1
383,0,17.75,25,14.5471472032364,15.4401378508654,1
383,0,17.75,25,15.4401378508654,16.4780945098666,1
383,0,17.75,25,16.4780945098666,16.5237717733489,1
383,0,17.75,25,16.5237717733489,16.7821075131532,1
383,0,17.75,25,16.7821075131532,16.9480362270105,1
383,0,17.75,25,16.9480362270105,17.1177665762012,1
383,0,17.75,25,17.1177665762012,17.2194430260182,1
383,0,17.75,25,17.2194430260182,17.75,0
384,0,19.75,21,0,2.59301298707892,1
384,0,19.75,21,2.59301298707892,3.63474890340851,1
384,0,19.75,21,3.63474890340851,4.18698033579119,1
384,0,19.75,21,4.18698033579119,4.64352393234628,1
384,0,19.75,21,4.64352393234628,5.32186886737573,1
384,0,19.75,21,5.32186886737573,6.66193505243634,1
384,0,19.75,21,6.66193505243634,8.71176841547476,1
384,0,19.75,21,8.71176841547476,11.5054494527441,1
384,0,19.75,21,11.5054494527441,11.7513814210431,1
384,0,19.75,21,11.7513814210431,11.9481755902075,1
384,0,19.75,21,11.9481755902075,13.7071853884911,1
384,0,19.75,21,13.7071853884911,15.8155390109087,1
384,0,19.75,21,15.8155390109087,16.3699808201172,1
384,0,19.75,21,16.3699808201172,16.7503541789065,1
384,0,19.75,21,16.7503541789065,16.8100743459814,1
384,0,19.75,21,16.8100743459814,17.458534300541,1
384,0,19.75,21,17.458534300541,18.3540990439063,1
384,0,19.75,21,18.3540990439063,18.6948382814111,1
384,0,19.75,21,18.6948382814111,18.8184182523783,1
384,0,19.75,21,18.8184182523783,19.0631275096998,1
384,0,19.75,21,19.0631275096998,19.3404624724109,1
384,0,19.75,21,19.3404624724109,19.75,0
385,0,8.75,4,0,2.92921987448599,1
385,0,8.75,4,2.92921987448599,4.30441945840559,1
385,0,8.75,4,4.30441945840559,5.57849318589093,1
385,0,8.75,4,5.57849318589093,8.44334605261632,1
385,0,8.75,4,8.44334605261632,8.75,0
386,0,9.75,1,0,5.54224663204685,1
386,0,9.75,1,5.54224663204685,9.75,0
387,0,13.75,15,0,3.66746865143362,1
387,0,13.75,15,3.66746865143362,6.24384192409571,1
387,0,13.75,15,6.24384192409571,6.30605949888087,1
387,0,13.75,15,6.30605949888087,7.22868447083544,1
387,0,13.75,15,7.22868447083544,8.21022358065388,1
387,0,13.75,15,8.21022358065388,8.60695330392118,1
387,0,13.75,15,8.60695330392118,8.70859540628994,1
387,0,13.75,15,8.70859540628994,9.07168750289857,1
387,0,13.75,15,9.07168750289857,9.28502828300329,1
387,0,13.75,15,9.28502828300329,9.77579676224419,1
387,0,13.75,15,9.77579676224419,9.82323235316496,1
387,0,13.75,15,9.82323235316496,11.4922398092253,1
387,0,13.75,15,11.4922398092253,12.354814494178,1
387,0,13.75,15,12.354814494178,12.6009152246661,1
387,0,13.75,15,12.6009152246661,12.8167446206361,1
387,0,13.75,15,12.8167446206361,13.75,0
388,0,16.75,20,0,2.26763539815078,1
388,0,16.75,20,2.26763539815078,4.20792487313007,1
388,0,16.75,20,4.20792487313007,5.48911103973733,1
388,0,16.75,20,5.48911103973733,7.73765193542037,1
388,0,16.75,20,7.73765193542037,8.07782199785344,1
388,0,16.75,20,8.07782199785344,10.6117184661523,1
388,0,16.75,20,10.6117184661523,11.3452987265405,1
388,0,16.75,20,11.3452987265405,11.5207789250459,1
388,0,16.75,20,11.5207789250459,11.5477904400647,1
388,0,16.75,20,11.5477904400647,12.4291699225168,1
388,0,16.75,20,12.4291699225168,12.8878534066031,1
388,0,16.75,20,12.8878534066031,13.9660834252502,1
388,0,16.75,20,13.9660834252502,14.6542466001913,1
388,0,16.75,20,14.6542466001913,14.7443846252472,1
388,0,16.75,20,14.7443846252472,14.982588960124,1
388,0,16.75,20,14.982588960124,15.131090146067,1
388,0,16.75,20,15.131090146067,15.3206892867973,1
388,0,16.75,20,15.3206892867973,15.9088730806172,1
388,0,16.75,20,15.9088730806172,15.9198358673,1
388,0,16.75,20,15.9198358673,16.5515893394799,1
388,0,16.75,20,16.5515893394799,16.75,0
389,0,12.75,9,0,3.19622120580472,1
389,0,12.75,9,3.19622120580472,6.5357723245477,1
389,0,12.75,9,6.5357723245477,7.51675359539508,1
389,0,12.75,9,7.51675359539508,7.75942389204851,1
389,0,12.75,9,7.75942389204851,10.0696765883198,1
389,0,12.75,9,10.0696765883198,10.6016824465232,1
389,0,12.75,9,10.6016824465232,11.568610700207,1
389,0,12.75,9,11.568610700207,11.6943883495977,1
389,0,12.75,9,11.6943883495977,12.1062312959489,1
389,0,12.75,9,12.1062312959489,12.75,0
390,0,14.75,5,0,8.88098678130831,1
390,0,14.75,5,8.88098678130831,9.41243786505238,1
390,0,14.75,5,9.41243786505238,13.2711342671129,1
390,0,14.75,5,13.2711342671129,13.4903718019484,1
390,0,14.75,5,13.4903718019484,14.021967197031,1
390,0,14.75,5,14.021967197031,14.75,0
391,0,11.75,17,0,3.35152115929766,1
391,0,11.75,17,3.35152115929766,3.83465515188369,1
391,0,11.75,17,3.83465515188369,4.43634215241421,1
391,0,11.75,17,4.43634215241421,5.1478047423991,1
391,0,11.75,17,5.1478047423991,5.20113157715888,1
391,0,11.75,17,5.20113157715888,5.43090715269117,1
391,0,11.75,17,5.43090715269117,6.33247740823766,1
391,0,11.75,17,6.33247740823766,6.56960413353455,1
391,0,11.75,17,6.56960413353455,7.06802182786889,1
391,0,11.75,17,7.06802182786889,8.09631548106488,1
391,0,11.75,17,8.09631548106488,8.2675509310463,1
391,0,11.75,17,8.2675509310463,8.44603884874531,1
391,0,11.75,17,8.44603884874531,9.05365030389184,1
391,0,11.75,17,9.05365030389184,9.51828525755853,1
391,0,11.75,17,9.51828525755853,9.83043207406257,1
391,0,11.75,17,9.83043207406257,11.1165551729634,1
391,0,11.75,17,11.1165551729634,11.5002686144262,1
391,0,11.75,17,11.5002686144262,11.75,0
392,0,19.75,45,0,1.09289813472112,1
392,0,19.75,45,1.09289813472112,1.49610445326057,1
392,0,19.75,45,1.49610445326057,1.92856105162435,1
392,0,19.75,45,1.92856105162435,2.82711126308942,1
392,0,19.75,45,2.82711126308942,4.60189622368108,1
392,0,19.75,45,4.60189622368108,5.10510264266834,1
392,0,19.75,45,5.10510264266834,5.17188185285548,1
392,0,19.75,45,5.17188185285548,5.85801662254775,1
392,0,19.75,45,5.85801662254775,6.63188489052587,1
392,0,19.75,45,6.63188489052587,7.02133087999851,1
392,0,19.75,45,7.02133087999851,9.71525275951553,1
392,0,19.75,45,9.71525275951553,9.72900681490837,1
392,0,19.75,45,9.72900681490837,9.86334388426729,1
392,0,19.75,45,9.86334388426729,10.9044393436698,1
392,0,19.75,45,10.9044393436698,12.183502044687,1
392,0,19.75,45,12.183502044687,12.8389684819413,1
392,0,19.75,45,12.8389684819413,12.8624266561454,1
392,0,19.75,45,12.8624266561454,12.9277832039334,1
392,0,19.75,45,12.9277832039334,13.4104644671079,1
392,0,19.75,45,13.4104644671079,13.4388783890575,1
392,0,19.75,45,13.4388783890575,13.5205558775974,1
392,0,19.75,45,13.5205558775974,14.542472350184,1
392,0,19.75,45,14.542472350184,14.5952883345366,1
392,0,19.75,45,14.5952883345366,14.6301673413974,1
392,0,19.75,45,14.6301673413974,15.1087255899575,1
392,0,19.75,45,15.1087255899575,15.1265501573452,1
392,0,19.75,45,15.1265501573452,15.5584727027843,1
392,0,19.75,45,15.5584727027843,15.8024182960305,1
392,0,19.75,45,15.8024182960305,15.831754688213,1
392,0,19.75,45,15.831754688213,15.9187401784142,1
392,0,19.75,45,15.9187401784142,16.0659519799829,1
392,0,19.75,45,16.0659519799829,16.5132180581444,1
392,0,19.75,45,16.5132180581444,16.8971335865734,1
392,0,19.75,45,16.8971335865734,17.2100205280439,1
392,0,19.75,45,17.2100205280439,17.2824165129677,1
392,0,19.75,45,17.2824165129677,17.4974273255517,1
392,0,19.75,45,17.4974273255517,17.7754422033045,1
392,0,19.75,45,17.7754422033045,18.0609519567013,1
392,0,19.75,45,18.0609519567013,18.1250524619164,1
392,0,19.75,45,18.1250524619164,18.3504607425057,1
392,0,19.75,45,18.3504607425057,19.0582221143133,1
392,0,19.75,45,19.0582221143133,19.3543933574321,1
392,0,19.75,45,19.3543933574321,19.371720257947,1
392,0,19.75,45,19.371720257947,19.5634265994434,1
392,0,19.75,45,19.5634265994434,19.7016373582682,1
392,0,19.75,45,19.7016373582682,19.75,0
393,0,20.75,23,0,1.84562780939552,1
393,0,20.75,23,1.84562780939552,5.25819569553692,1
393,0,20.75,23,5.25819569553692,7.06735199684588,1
393,0,20.75,23,7.06735199684588,7.62799141339515,1
393,0,20.75,23,7.62799141339515,8.0924518564577,1
393,0,20.75,23,8.0924518564577,9.64832283356581,1
393,0,20.75,23,9.64832283356581,9.75183976004543,1
393,0,20.75,23,9.75183976004543,10.1048541651006,1
393,0,20.75,23,10.1048541651006,11.0218286151535,1
393,0,20.75,23,11.0218286151535,11.0881435396432,1
393,0,20.75,23,11.0881435396432,14.9070135112788,1
393,0,20.75,23,14.9070135112788,15.1961162699291,1
393,0,20.75,23,15.1961162699291,15.2416804293991,1
393,0,20.75,23,15.2416804293991,15.378616149254,1
393,0,20.75,23,15.378616149254,15.6892930351064,1
393,0,20.75,23,15.6892930351064,16.2406280448095,1
393,0,20.75,23,16.2406280448095,17.5451673142208,1
393,0,20.75,23,17.5451673142208,18.0049183368555,1
393,0,20.75,23,18.0049183368555,18.2320695747266,1
393,0,20.75,23,18.2320695747266,18.9692177335606,1
393,0,20.75,23,18.9692177335606,19.4436970927661,1
393,0,20.75,23,19.4436970927661,19.812450280665,1
393,0,20.75,23,19.812450280665,20.4767616515219,1
393,0,20.75,23,20.4767616515219,20.75,0
394,0,9.75,5,0,5.2918290837767,1
394,0,9.75,5,5.2918290837767,5.31952423471782,1
394,0,9.75,5,5.31952423471782,6.38518523462289,1
394,0,9.75,5,6.38518523462289,6.9288607897536,1
394,0,9.75,5,6.9288607897536,7.86547038975216,1
394,0,9.75,5,7.86547038975216,9.75,0
395,0,13.75,8,0,3.22189665015542,1
395,0,13.75,8,3.22189665015542,8.86357376826922,1
395,0,13.75,8,8.86357376826922,9.1786428955589,1
395,0,13.75,8,9.1786428955589,10.2041349661412,1
395,0,13.75,8,10.2041349661412,11.1924029826285,1
395,0,13.75,8,11.1924029826285,11.8350049664234,1
395,0,13.75,8,11.8350049664234,12.5827208282438,1
395,0,13.75,8,12.5827208282438,12.6767906173128,1
395,0,13.75,8,12.6767906173128,13.75,0
396,0,12.75,12,0,3.58005223273648,1
396,0,12.75,12,3.58005223273648,6.1707832679373,1
396,0,12.75,12,6.1707832679373,7.92648269798187,1
396,0,12.75,12,7.92648269798187,8.76710163615505,1
396,0,12.75,12,8.76710163615505,9.5269990013638,1
396,0,12.75,12,9.5269990013638,9.63339732531256,1
396,0,12.75,12,9.63339732531256,9.83172663706289,1
396,0,12.75,12,9.83172663706289,10.7179464342263,1
396,0,12.75,12,10.7179464342263,10.9511641204617,1
396,0,12.75,12,10.9511641204617,11.932691223505,1
396,0,12.75,12,11.932691223505,12.1613000371153,1
396,0,12.75,12,12.1613000371153,12.4828752393683,1
396,0,12.75,12,12.4828752393683,12.75,0
397,0,13.75,2,0,7.47831759714511,1
397,0,13.75,2,7.47831759714511,11.3749575206772,1
397,0,13.75,2,11.3749575206772,13.75,0
398,0,17.75,5,0,5.39566785020789,1
398,0,17.75,5,5.39566785020789,5.72219198666433,1
398,0,17.75,5,5.72219198666433,8.35265777345833,1
398,0,17.75,5,8.35265777345833,9.96103867407053,1
398,0,17.75,5,9.96103867407053,16.1970901626708,1
398,0,17.75,5,16.1970901626708,17.75,0
399,0,7.75,2,0,2.62431737492389,1
399,0,7.75,2,2.62431737492389,7.7419938194867,1
399,0,7.75,2,7.7419938194867,7.75,0
400,0,15.75,8,0,1.48995780073516,1
400,0,15.75,8,1.48995780073516,9.82044124918297,1
400,0,15.75,8,9.82044124918297,10.3998515040463,1
400,0,15.75,8,10.3998515040463,11.104548965378,1
400,0,15.75,8,11.104548965378,11.926823563698,1
400,0,15.75,8,11.926823563698,12.5891575003776,1
400,0,15.75,8,12.5891575003776,13.3868765310438,1
400,0,15.75,8,13.3868765310438,15.4665784187056,1
400,0,15.75,8,15.4665784187056,15.75,0
401,0,11.75,4,0,2.04297359261878,1
401,0,11.75,4,2.04297359261878,8.32400995821257,1
401,0,11.75,4,8.32400995821257,9.81631736518948,1
401,0,11.75,4,9.81631736518948,10.8207196118333,1
401,0,11.75,4,10.8207196118333,11.75,0
402,0,19.75,6,0,7.56964267530332,1
402,0,19.75,6,7.56964267530332,10.6293615184198,1
402,0,19.75,6,10.6293615184198,14.3971128710149,1
402,0,19.75,6,14.3971128710149,14.5288857558563,1
402,0,19.75,6,14.5288857558563,14.7370780903794,1
402,0,19.75,6,14.7370780903794,18.1483391382621,1
402,0,19.75,6,18.1483391382621,19.75,0
403,0,17.75,8,0,0.699344418066239,1
403,0,17.75,8,0.699344418066239,6.33083956772871,1
403,0,17.75,8,6.33083956772871,8.77921798258911,1
403,0,17.75,8,8.77921798258911,11.4178094193584,1
403,0,17.75,8,11.4178094193584,12.2038488549292,1
403,0,17.75,8,12.2038488549292,12.480594337762,1
403,0,17.75,8,12.480594337762,13.5995485718994,1
403,0,17.75,8,13.5995485718994,15.2512266260064,1
403,0,17.75,8,15.2512266260064,17.75,0
404,0,9.75,3,0,5.16744754022157,1
404,0,9.75,3,5.16744754022157,7.71373070882388,1
404,0,9.75,3,7.71373070882388,7.98836695180916,1
404,0,9.75,3,7.98836695180916,9.75,0
405,0,12.75,18,0,3.69636320000771,1
405,0,12.75,18,3.69636320000771,4.14648014633186,1
405,0,12.75,18,4.14648014633186,5.7092279120964,1
405,0,12.75,18,5.7092279120964,6.6276444248779,1
405,0,12.75,18,6.6276444248779,7.95715128068857,1
405,0,12.75,18,7.95715128068857,8.02252269186713,1
405,0,12.75,18,8.02252269186713,8.29305617835259,1
405,0,12.75,18,8.29305617835259,8.31498611098548,1
405,0,12.75,18,8.31498611098548,9.46152281953646,1
405,0,12.75,18,9.46152281953646,9.57396518618533,1
405,0,12.75,18,9.57396518618533,9.8821116559069,1
405,0,12.75,18,9.8821116559069,10.4113940622206,1
405,0,12.75,18,10.4113940622206,10.417887288878,1
405,0,12.75,18,10.417887288878,10.4550577500974,1
405,0,12.75,18,10.4550577500974,10.5878151300283,1
405,0,12.75,18,10.5878151300283,11.3785742519851,1
405,0,12.75,18,11.3785742519851,11.4200337601724,1
405,0,12.75,18,11.4200337601724,11.6228240123292,1
405,0,12.75,18,11.6228240123292,12.75,0
406,0,15.75,2,0,6.77669486663558,1
406,0,15.75,2,6.77669486663558,8.07146819100568,1
406,0,15.75,2,8.07146819100568,15.75,0
407,0,15.75,2,0,13.5071498936542,1
407,0,15.75,2,13.5071498936542,14.7053689635843,1
407,0,15.75,2,14.7053689635843,15.75,0
408,0,11.75,4,0,7.64744103683823,1
408,0,11.75,4,7.64744103683823,8.43869521842355,1
408,0,11.75,4,8.43869521842355,10.4584732548978,1
408,0,11.75,4,10.4584732548978,10.5005140021035,1
408,0,11.75,4,10.5005140021035,11.75,0
409,0,11.75,10,0,2.94368187749363,1
409,0,11.75,10,2.94368187749363,3.21878578399029,1
409,0,11.75,10,3.21878578399029,3.71775976326791,1
409,0,11.75,10,3.71775976326791,7.40543586154737,1
409,0,11.75,10,7.40543586154737,7.93936951874665,1
409,0,11.75,10,7.93936951874665,8.10943231138073,1
409,0,11.75,10,8.10943231138073,8.37851923067802,1
409,0,11.75,10,8.37851923067802,8.7579253540945,1
409,0,11.75,10,8.7579253540945,10.2276045479004,1
409,0,11.75,10,10.2276045479004,10.6640520143322,1
409,0,11.75,10,10.6640520143322,11.75,0
410,0,15.75,11,0,2.67936970112036,1
410,0,15.75,11,2.67936970112036,6.95147800898657,1
410,0,15.75,11,6.95147800898657,9.26643326343647,1
410,0,15.75,11,9.26643326343647,10.2962987692788,1
410,0,15.75,11,10.2962987692788,11.3745450106607,1
410,0,15.75,11,11.3745450106607,12.4470801197447,1
410,0,15.75,11,12.4470801197447,12.7655481815938,1
410,0,15.75,11,12.7655481815938,12.9723503175576,1
410,0,15.75,11,12.9723503175576,13.5084764826738,1
410,0,15.75,11,13.5084764826738,14.6600658595589,1
410,0,15.75,11,14.6600658595589,15.1572654433499,1
410,0,15.75,11,15.1572654433499,15.75,0
411,0,10.75,4,0,4.67587703545077,1
411,0,10.75,4,4.67587703545077,6.63786551003286,1
411,0,10.75,4,6.63786551003286,9.61252644556099,1
411,0,10.75,4,9.61252644556099,10.6347692853567,1
411,0,10.75,4,10.6347692853567,10.75,0
412,0,11.75,5,0,5.79061738399562,1
412,0,11.75,5,5.79061738399562,9.3250458701099,1
412,0,11.75,5,9.3250458701099,9.85588466638923,1
412,0,11.75,5,9.85588466638923,10.4157858023696,1
412,0,11.75,5,10.4157858023696,10.7909179444391,1
412,0,11.75,5,10.7909179444391,11.75,0
413,0,9.75,13,0,2.40487091826473,1
413,0,9.75,13,2.40487091826473,2.78676433068832,1
413,0,9.75,13,2.78676433068832,3.25363145342621,1
413,0,9.75,13,3.25363145342621,4.07241647158686,1
413,0,9.75,13,4.07241647158686,4.97481670662099,1
413,0,9.75,13,4.97481670662099,5.54243011452156,1
413,0,9.75,13,5.54243011452156,6.05249767599626,1
413,0,9.75,13,6.05249767599626,6.21595816031086,1
413,0,9.75,13,6.21595816031086,6.86591965571477,1
413,0,9.75,13,6.86591965571477,7.01575470796744,1
413,0,9.75,13,7.01575470796744,7.433570347944,1
413,0,9.75,13,7.433570347944,7.4922945189869,1
413,0,9.75,13,7.4922945189869,8.54699598513197,1
413,0,9.75,13,8.54699598513197,9.75,0
414,0,15.75,14,0,4.34110020612552,1
414,0,15.75,14,4.34110020612552,4.41682143729041,1
414,0,15.75,14,4.41682143729041,4.51069425223731,1
414,0,15.75,14,4.51069425223731,8.80925497629546,1
414,0,15.75,14,8.80925497629546,9.12097098734537,1
414,0,15.75,14,9.12097098734537,9.21530317360326,1
414,0,15.75,14,9.21530317360326,10.0135465570567,1
414,0,15.75,14,10.0135465570567,11.8163508138774,1
414,0,15.75,14,11.8163508138774,12.5367309635712,1
414,0,15.75,14,12.5367309635712,12.8866584168379,1
414,0,15.75,14,12.8866584168379,13.4874208233952,1
414,0,15.75,14,13.4874208233952,13.9394663691617,1
414,0,15.75,14,13.9394663691617,14.1540429138872,1
414,0,15.75,14,14.1540429138872,14.6170122302369,1
414,0,15.75,14,14.6170122302369,15.75,0
415,0,15.75,8,0,4.4681357963959,1
415,0,15.75,8,4.4681357963959,5.41749564638403,1
415,0,15.75,8,5.41749564638403,7.87827032932499,1
415,0,15.75,8,7.87827032932499,8.64990075251781,1
415,0,15.75,8,8.64990075251781,10.9087586128232,1
415,0,15.75,8,10.9087586128232,11.6052683233862,1
415,0,15.75,8,11.6052683233862,13.6144175650745,1
415,0,15.75,8,13.6144175650745,15.2958407626495,1
415,0,15.75,8,15.2958407626495,15.75,0
416,0,10.75,3,0,4.62235938261587,1
416,0,10.75,3,4.62235938261587,6.47967955355607,1
416,0,10.75,3,6.47967955355607,10.6999870154313,1
416,0,10.75,3,10.6999870154313,10.75,0
417,0,11.75,3,0,5.51227512570149,1
417,0,11.75,3,5.51227512570149,9.08588013384137,1
417,0,11.75,3,9.08588013384137,10.4394313507343,1
417,0,11.75,3,10.4394313507343,11.75,0
418,0,18.75,7,0,6.62256299914286,1
418,0,18.75,7,6.62256299914286,13.5791056562197,1
418,0,18.75,7,13.5791056562197,15.1860809308924,1
418,0,18.75,7,15.1860809308924,15.2513572428177,1
418,0,18.75,7,15.2513572428177,17.2070467794956,1
418,0,18.75,7,17.2070467794956,18.0111567086505,1
418,0,18.75,7,18.0111567086505,18.2873091750828,1
418,0,18.75,7,18.2873091750828,18.75,0
419,0,16.75,8,0,1.05579670676412,1
419,0,16.75,8,1.05579670676412,5.39234214577536,1
419,0,16.75,8,5.39234214577536,9.39708456501693,1
419,0,16.75,8,9.39708456501693,11.9661771945861,1
419,0,16.75,8,11.9661771945861,14.8320179398188,1
419,0,16.75,8,14.8320179398188,15.2460478250269,1
419,0,16.75,8,15.2460478250269,15.8000999493497,1
419,0,16.75,8,15.8000999493497,16.7165177690482,1
419,0,16.75,8,16.7165177690482,16.75,0
420,0,8.75,3,0,6.6039965186578,1
420,0,8.75,3,6.6039965186578,6.83103015076082,1
420,0,8.75,3,6.83103015076082,8.27222766632535,1
420,0,8.75,3,8.27222766632535,8.75,0
421,0,7.75,2,0,0.882924307846013,1
421,0,7.75,2,0.882924307846013,3.56221134988707,1
421,0,7.75,2,3.56221134988707,7.75,0
422,0,13.75,21,0,1.17278275203708,1
422,0,13.75,21,1.17278275203708,4.69405656312034,1
422,0,13.75,21,4.69405656312034,5.44319507948444,1
422,0,13.75,21,5.44319507948444,5.85185483469348,1
422,0,13.75,21,5.85185483469348,5.99104896976833,1
422,0,13.75,21,5.99104896976833,6.60052341164157,1
422,0,13.75,21,6.60052341164157,7.04203684465066,1
422,0,13.75,21,7.04203684465066,7.1141161186625,1
422,0,13.75,21,7.1141161186625,8.52860291967031,1
422,0,13.75,21,8.52860291967031,8.74241725106086,1
422,0,13.75,21,8.74241725106086,9.2731586861335,1
422,0,13.75,21,9.2731586861335,10.2117351560027,1
422,0,13.75,21,10.2117351560027,10.3369323624401,1
422,0,13.75,21,10.3369323624401,10.6467585091877,1
422,0,13.75,21,10.6467585091877,10.6519500549279,1
422,0,13.75,21,10.6519500549279,12.3317757712349,1
422,0,13.75,21,12.3317757712349,12.3421879410965,1
422,0,13.75,21,12.3421879410965,12.3982626672341,1
422,0,13.75,21,12.3982626672341,12.8860939431718,1
422,0,13.75,21,12.8860939431718,13.2240844439975,1
422,0,13.75,21,13.2240844439975,13.2270601079418,1
422,0,13.75,21,13.2270601079418,13.75,0
423,0,14.75,6,0,7.0900615873529,1
423,0,14.75,6,7.0900615873529,8.36818393108898,1
423,0,14.75,6,8.36818393108898,10.5703880673916,1
423,0,14.75,6,10.5703880673916,12.0770027080086,1
423,0,14.75,6,12.0770027080086,13.3253710359739,1
423,0,14.75,6,13.3253710359739,14.312846144268,1
423,0,14.75,6,14.312846144268,14.75,0
424,0,12.75,10,0,1.19026958640208,1
424,0,12.75,10,1.19026958640208,3.62151713429335,1
424,0,12.75,10,3.62151713429335,6.36868351842811,1
424,0,12.75,10,6.36868351842811,6.4656999369501,1
424,0,12.75,10,6.4656999369501,7.70526204601594,1
424,0,12.75,10,7.70526204601594,8.64699921509937,1
424,0,12.75,10,8.64699921509937,10.306545471525,1
424,0,12.75,10,10.306545471525,11.2425893277644,1
424,0,12.75,10,11.2425893277644,11.5111036685227,1
424,0,12.75,10,11.5111036685227,12.6202589186624,1
424,0,12.75,10,12.6202589186624,12.75,0
425,0,13.75,14,0,3.73824477711049,1
425,0,13.75,14,3.73824477711049,5.33506909575933,1
425,0,13.75,14,5.33506909575933,5.75509984909363,1
425,0,13.75,14,5.75509984909363,6.7212720957159,1
425,0,13.75,14,6.7212720957159,7.6947865697248,1
425,0,13.75,14,7.6947865697248,8.39975718525371,1
425,0,13.75,14,8.39975718525371,8.49846275335682,1
425,0,13.75,14,8.49846275335682,10.2610563091795,1
425,0,13.75,14,10.2610563091795,11.543084029226,1
425,0,13.75,14,11.543084029226,11.9823182152826,1
425,0,13.75,14,11.9823182152826,11.9953753318395,1
425,0,13.75,14,11.9953753318395,12.7741869949701,1
425,0,13.75,14,12.7741869949701,13.3199254503841,1
425,0,13.75,14,13.3199254503841,13.606765150124,1
425,0,13.75,14,13.606765150124,13.75,0
426,0,12.75,4,0,1.89569298445772,1
426,0,12.75,4,1.89569298445772,7.15990178290603,1
426,0,12.75,4,7.15990178290603,10.980619576663,1
426,0,12.75,4,10.980619576663,11.8915440734829,1
426,0,12.75,4,11.8915440734829,12.75,0
427,0,13.75,8,0,4.7862958692954,1
427,0,13.75,8,4.7862958692954,5.22124702636553,1
427,0,13.75,8,5.22124702636553,9.52161020677588,1
427,0,13.75,8,9.52161020677588,11.2238765892687,1
427,0,13.75,8,11.2238765892687,11.4831896982062,1
427,0,13.75,8,11.4831896982062,11.5007092528795,1
427,0,13.75,8,11.5007092528795,11.502545584064,1
427,0,13.75,8,11.502545584064,12.9342164009734,1
427,0,13.75,8,12.9342164009734,13.75,0
428,0,11.75,11,0,3.79142207936801,1
428,0,11.75,11,3.79142207936801,5.84374595036152,1
428,0,11.75,11,5.84374595036152,5.9576381969132,1
428,0,11.75,11,5.9576381969132,6.14608172591112,1
428,0,11.75,11,6.14608172591112,6.76034992383663,1
428,0,11.75,11,6.76034992383663,7.95418941854861,1
428,0,11.75,11,7.95418941854861,9.163686216851,1
428,0,11.75,11,9.163686216851,9.25331121539059,1
428,0,11.75,11,9.25331121539059,9.30629390138185,1
428,0,11.75,11,9.30629390138185,10.2539960221153,1
428,0,11.75,11,10.2539960221153,11.5706172838444,1
428,0,11.75,11,11.5706172838444,11.75,0
429,0,11.75,7,0,4.38307490557924,1
429,0,11.75,7,4.38307490557924,4.57587316887696,1
429,0,11.75,7,4.57587316887696,6.79105657202575,1
429,0,11.75,7,6.79105657202575,8.93187489282088,1
429,0,11.75,7,8.93187489282088,9.15246152302385,1
429,0,11.75,7,9.15246152302385,10.4924364425507,1
429,0,11.75,7,10.4924364425507,11.008268264463,1
429,0,11.75,7,11.008268264463,11.75,0
430,0,10.75,4,0,4.85466206666365,1
430,0,10.75,4,4.85466206666365,5.98917488564698,1
430,0,10.75,4,5.98917488564698,8.61822642276946,1
430,0,10.75,4,8.61822642276946,10.2946444502596,1
430,0,10.75,4,10.2946444502596,10.75,0
431,0,12.75,2,0,9.03517766339261,1
431,0,12.75,2,9.03517766339261,10.7528207934923,1
431,0,12.75,2,10.7528207934923,12.75,0
432,0,17.75,29,0,3.27331659036744,1
432,0,17.75,29,3.27331659036744,3.78835760333626,1
432,0,17.75,29,3.78835760333626,4.17706889905606,1
432,0,17.75,29,4.17706889905606,4.84420500363002,1
432,0,17.75,29,4.84420500363002,4.92843206575916,1
432,0,17.75,29,4.92843206575916,5.17882540428439,1
432,0,17.75,29,5.17882540428439,5.72486572898217,1
432,0,17.75,29,5.72486572898217,5.99014060103148,1
432,0,17.75,29,5.99014060103148,7.48749814530522,1
432,0,17.75,29,7.48749814530522,7.66748949514657,1
432,0,17.75,29,7.66748949514657,8.68489679211456,1
432,0,17.75,29,8.68489679211456,9.39266936850188,1
432,0,17.75,29,9.39266936850188,12.4724281853231,1
432,0,17.75,29,12.4724281853231,12.8212985966468,1
432,0,17.75,29,12.8212985966468,12.911789520796,1
432,0,17.75,29,12.911789520796,12.9121935710354,1
432,0,17.75,29,12.9121935710354,14.1889239238753,1
432,0,17.75,29,14.1889239238753,14.2977076843831,1
432,0,17.75,29,14.2977076843831,14.4781270213151,1
432,0,17.75,29,14.4781270213151,15.2966996366214,1
432,0,17.75,29,15.2966996366214,16.0506556977499,1
432,0,17.75,29,16.0506556977499,16.1966677034991,1
432,0,17.75,29,16.1966677034991,16.5154219416837,1
432,0,17.75,29,16.5154219416837,16.8181890028228,1
432,0,17.75,29,16.8181890028228,16.9090595491362,1
432,0,17.75,29,16.9090595491362,17.2237132182122,1
432,0,17.75,29,17.2237132182122,17.2819959984267,1
432,0,17.75,29,17.2819959984267,17.5381168548233,1
432,0,17.75,29,17.5381168548233,17.7326529640675,1
432,0,17.75,29,17.7326529640675,17.75,0
433,0,8.75,1,0,7.96205139007912,1
433,0,8.75,1,7.96205139007912,8.75,0
434,0,17.75,5,0,8.85152040527526,1
434,0,17.75,5,8.85152040527526,10.7219168036847,1
434,0,17.75,5,10.7219168036847,12.4724889495762,1
434,0,17.75,5,12.4724889495762,13.169373204408,1
434,0,17.75,5,13.169373204408,17.0921006372812,1
434,0,17.75,5,17.0921006372812,17.75,0
435,0,8.75,7,0,1.55835548744829,1
435,0,8.75,7,1.55835548744829,2.00001832907551,1
435,0,8.75,7,2.00001832907551,3.51431968686656,1
435,0,8.75,7,3.51431968686656,4.27754496371834,1
435,0,8.75,7,4.27754496371834,5.84631482987141,1
435,0,8.75,7,5.84631482987141,7.41864484858783,1
435,0,8.75,7,7.41864484858783,8.1735918248407,1
435,0,8.75,7,8.1735918248407,8.75,0
436,0,8.75,0,0,8.75,0
437,0,10.75,1,0,4.01168502585348,1
437,0,10.75,1,4.01168502585348,10.75,0
438,0,14.75,11,0,3.47505785955353,1
438,0,14.75,11,3.47505785955353,5.81993636556015,1
438,0,14.75,11,5.81993636556015,5.87446843155328,1
438,0,14.75,11,5.87446843155328,7.71025760599018,1
438,0,14.75,11,7.71025760599018,9.62059539428239,1
438,0,14.75,11,9.62059539428239,10.6231323861447,1
438,0,14.75,11,10.6231323861447,11.5537170112645,1
438,0,14.75,11,11.5537170112645,11.6077383590199,1
438,0,14.75,11,11.6077383590199,13.7453257121323,1
438,0,14.75,11,13.7453257121323,13.7707938869154,1
438,0,14.75,11,13.7707938869154,14.1684415403062,1
438,0,14.75,11,14.1684415403062,14.75,0
439,0,14.75,6,0,4.0902658167737,1
439,0,14.75,6,4.0902658167737,8.62479200950533,1
439,0,14.75,6,8.62479200950533,8.71477929503436,1
439,0,14.75,6,8.71477929503436,12.2190021893133,1
439,0,14.75,6,12.2190021893133,12.8650243433612,1
439,0,14.75,6,12.8650243433612,13.30035216882,1
439,0,14.75,6,13.30035216882,14.75,0
440,0,13.75,5,0,5.83248751505986,1
440,0,13.75,5,5.83248751505986,11.0783870601236,1
440,0,13.75,5,11.0783870601236,11.4456005421626,1
440,0,13.75,5,11.4456005421626,13.7002320755474,1
440,0,13.75,5,13.7002320755474,13.7061420723394,1
440,0,13.75,5,13.7061420723394,13.75,0
441,0,12.75,13,0,0.991553952757823,1
441,0,12.75,13,0.991553952757823,2.0753104086787,1
441,0,12.75,13,2.0753104086787,4.37945478050341,1
441,0,12.75,13,4.37945478050341,4.7170767609821,1
441,0,12.75,13,4.7170767609821,4.78806802100076,1
441,0,12.75,13,4.78806802100076,7.54634191908145,1
441,0,12.75,13,7.54634191908145,8.26922216535892,1
441,0,12.75,13,8.26922216535892,8.43091603843697,1
441,0,12.75,13,8.43091603843697,8.69350544723296,1
441,0,12.75,13,8.69350544723296,10.7384124833656,1
441,0,12.75,13,10.7384124833656,11.8249828773096,1
441,0,12.75,13,11.8249828773096,11.8309420582356,1
441,0,12.75,13,11.8309420582356,12.3022535051447,1
441,0,12.75,13,12.3022535051447,12.75,0
442,0,10.75,4,0,5.6489714558576,1
442,0,10.75,4,5.6489714558576,8.03576990376544,1
442,0,10.75,4,8.03576990376544,8.1655477185083,1
442,0,10.75,4,8.1655477185083,10.03829091176,1
442,0,10.75,4,10.03829091176,10.75,0
443,0,9.75,5,0,3.18998912251786,1
443,0,9.75,5,3.18998912251786,3.60683830730156,1
443,0,9.75,5,3.60683830730156,4.55739551133512,1
443,0,9.75,5,4.55739551133512,8.60232612288597,1
443,0,9.75,5,8.60232612288597,9.15252437551214,1
443,0,9.75,5,9.15252437551214,9.75,0
444,0,15.75,8,0,5.46573023914911,1
444,0,15.75,8,5.46573023914911,5.85040075720497,1
444,0,15.75,8,5.85040075720497,8.28151308081343,1
444,0,15.75,8,8.28151308081343,9.63406353203775,1
444,0,15.75,8,9.63406353203775,9.91091364552677,1
444,0,15.75,8,9.91091364552677,11.2534075468567,1
444,0,15.75,8,11.2534075468567,11.4430114078877,1
444,0,15.75,8,11.4430114078877,14.4046422149143,1
444,0,15.75,8,14.4046422149143,15.75,0
445,0,11.75,5,0,0.732692418447766,1
445,0,11.75,5,0.732692418447766,6.29339064951825,1
445,0,11.75,5,6.29339064951825,8.84546477748279,1
445,0,11.75,5,8.84546477748279,10.3476495234314,1
445,0,11.75,5,10.3476495234314,10.9843153132221,1
445,0,11.75,5,10.9843153132221,11.75,0
446,0,11.75,32,0,1.64917184426265,1
446,0,11.75,32,1.64917184426265,1.72627063383847,1
446,0,11.75,32,1.72627063383847,2.1784484649328,1
446,0,11.75,32,2.1784484649328,2.47365565208614,1
446,0,11.75,32,2.47365565208614,3.11869722073891,1
446,0,11.75,32,3.11869722073891,3.31924956537273,1
446,0,11.75,32,3.31924956537273,4.8641020275553,1
446,0,11.75,32,4.8641020275553,6.23250982647537,1
446,0,11.75,32,6.23250982647537,6.3883132526656,1
446,0,11.75,32,6.3883132526656,6.4025009332012,1
446,0,11.75,32,6.4025009332012,6.52895211147906,1
446,0,11.75,32,6.52895211147906,6.52948445361866,1
446,0,11.75,32,6.52948445361866,7.63941434060249,1
446,0,11.75,32,7.63941434060249,7.67701835026471,1
446,0,11.75,32,7.67701835026471,7.98434379811767,1
446,0,11.75,32,7.98434379811767,8.01475557421919,1
446,0,11.75,32,8.01475557421919,8.02163891167086,1
446,0,11.75,32,8.02163891167086,8.20303931735145,1
446,0,11.75,32,8.20303931735145,8.73188840859694,1
446,0,11.75,32,8.73188840859694,8.74271138053181,1
446,0,11.75,32,8.74271138053181,8.93364137824541,1
446,0,11.75,32,8.93364137824541,9.46398982994911,1
446,0,11.75,32,9.46398982994911,9.63730010293246,1
446,0,11.75,32,9.63730010293246,10.374776618978,1
446,0,11.75,32,10.374776618978,10.3778803538523,1
446,0,11.75,32,10.3778803538523,10.391220914914,1
446,0,11.75,32,10.391220914914,10.4685426594403,1
446,0,11.75,32,10.4685426594403,10.4729389325637,1
446,0,11.75,32,10.4729389325637,10.6047143680493,1
446,0,11.75,32,10.6047143680493,10.7235191593355,1
446,0,11.75,32,10.7235191593355,11.5338904508031,1
446,0,11.75,32,11.5338904508031,11.5831751124641,1
446,0,11.75,32,11.5831751124641,11.75,0
447,0,7.75,2,0,2.118728224506,1
447,0,7.75,2,2.118728224506,7.31674102402849,1
447,0,7.75,2,7.31674102402849,7.75,0
448,0,9.75,6,0,1.55019141742244,1
448,0,9.75,6,1.55019141742244,6.59290128096827,1
448,0,9.75,6,6.59290128096827,7.23739896653782,1
448,0,9.75,6,7.23739896653782,7.36018376577603,1
448,0,9.75,6,7.36018376577603,7.59319704055595,1
448,0,9.75,6,7.59319704055595,9.16793749380638,1
448,0,9.75,6,9.16793749380638,9.75,0
449,0,15.75,11,0,3.66588832016301,1
449,0,15.75,11,3.66588832016301,5.38952675624782,1
449,0,15.75,11,5.38952675624782,5.94663187025627,1
449,0,15.75,11,5.94663187025627,7.55475894975731,1
449,0,15.75,11,7.55475894975731,8.3969296045031,1
449,0,15.75,11,8.3969296045031,9.49706245535885,1
449,0,15.75,11,9.49706245535885,10.0905861205286,1
449,0,15.75,11,10.0905861205286,10.9963547303674,1
449,0,15.75,11,10.9963547303674,11.5179940588328,1
449,0,15.75,11,11.5179940588328,12.0130670585891,1
449,0,15.75,11,12.0130670585891,14.2115782378357,1
449,0,15.75,11,14.2115782378357,15.75,0
450,0,10.75,4,0,3.98305177023438,1
450,0,10.75,4,3.98305177023438,6.61662309249004,1
450,0,10.75,4,6.61662309249004,8.19064574765963,1
450,0,10.75,4,8.19064574765963,9.44604803201577,1
450,0,10.75,4,9.44604803201577,10.75,0
451,0,13.75,8,0,2.04155469742896,1
451,0,13.75,8,2.04155469742896,7.67445489238788,1
451,0,13.75,8,7.67445489238788,8.74691380171081,1
451,0,13.75,8,8.74691380171081,8.77797627380587,1
451,0,13.75,8,8.77797627380587,10.2762637195677,1
451,0,13.75,8,10.2762637195677,11.9441209805158,1
451,0,13.75,8,11.9441209805158,12.4199307878584,1
451,0,13.75,8,12.4199307878584,12.7862994927241,1
451,0,13.75,8,12.7862994927241,13.75,0
452,0,15.75,31,0,7.1765398190802,1
452,0,15.75,31,7.1765398190802,7.25212749962184,1
452,0,15.75,31,7.25212749962184,7.27676117760857,1
452,0,15.75,31,7.27676117760857,7.85403014514074,1
452,0,15.75,31,7.85403014514074,8.20314629682369,1
452,0,15.75,31,8.20314629682369,8.5062417990894,1
452,0,15.75,31,8.5062417990894,8.51119446017724,1
452,0,15.75,31,8.51119446017724,8.67851247518102,1
452,0,15.75,31,8.67851247518102,8.76620577790613,1
452,0,15.75,31,8.76620577790613,10.1743500512686,1
452,0,15.75,31,10.1743500512686,11.5930716195591,1
452,0,15.75,31,11.5930716195591,11.6441887391433,1
452,0,15.75,31,11.6441887391433,11.8600261638098,1
452,0,15.75,31,11.8600261638098,12.0119439928776,1
452,0,15.75,31,12.0119439928776,12.5267958702736,1
452,0,15.75,31,12.5267958702736,12.555238689878,1
452,0,15.75,31,12.555238689878,12.8696178493094,1
452,0,15.75,31,12.8696178493094,13.0856375410708,1
452,0,15.75,31,13.0856375410708,13.3782248093298,1
452,0,15.75,31,13.3782248093298,13.4672011935778,1
452,0,15.75,31,13.4672011935778,13.6584103195441,1
452,0,15.75,31,13.6584103195441,13.7863287824688,1
452,0,15.75,31,13.7863287824688,13.8886158399247,1
452,0,15.75,31,13.8886158399247,14.0331770554954,1
452,0,15.75,31,14.0331770554954,14.1644635855797,1
452,0,15.75,31,14.1644635855797,14.2442825620643,1
452,0,15.75,31,14.2442825620643,14.2834861535602,1
452,0,15.75,31,14.2834861535602,14.7785990476162,1
452,0,15.75,31,14.7785990476162,14.8926560111403,1
452,0,15.75,31,14.8926560111403,15.1179698718204,1
452,0,15.75,31,15.1179698718204,15.2240656812145,1
452,0,15.75,31,15.2240656812145,15.75,0
453,0,13.75,5,0,3.68168339345575,1
453,0,13.75,5,3.68168339345575,9.01418185765804,1
453,0,13.75,5,9.01418185765804,9.29197524904178,1
453,0,13.75,5,9.29197524904178,10.7255166664112,1
453,0,13.75,5,10.7255166664112,12.585864521511,1
453,0,13.75,5,12.585864521511,13.75,0
454,0,9.75,1,0,8.4501375224892,1
454,0,9.75,1,8.4501375224892,9.75,0
455,0,13.75,8,0,2.26144947480986,1
455,0,13.75,8,2.26144947480986,3.28958362148915,1
455,0,13.75,8,3.28958362148915,4.32991978837677,1
455,0,13.75,8,4.32991978837677,9.92746147439304,1
455,0,13.75,8,9.92746147439304,10.0176811317403,1
455,0,13.75,8,10.0176811317403,10.0448538193141,1
455,0,13.75,8,10.0448538193141,12.6707688829266,1
455,0,13.75,8,12.6707688829266,12.6729944508238,1
455,0,13.75,8,12.6729944508238,13.75,0
456,0,14.75,17,0,2.80618503858183,1
456,0,14.75,17,2.80618503858183,2.92698468282585,1
456,0,14.75,17,2.92698468282585,4.02950461353352,1
456,0,14.75,17,4.02950461353352,5.15246672462004,1
456,0,14.75,17,5.15246672462004,8.10456520143979,1
456,0,14.75,17,8.10456520143979,8.45801477051186,1
456,0,14.75,17,8.45801477051186,9.10513852556996,1
456,0,14.75,17,9.10513852556996,9.70857578209156,1
456,0,14.75,17,9.70857578209156,9.85899074109017,1
456,0,14.75,17,9.85899074109017,10.411148166493,1
456,0,14.75,17,10.411148166493,11.1379768834268,1
456,0,14.75,17,11.1379768834268,12.0742557065195,1
456,0,14.75,17,12.0742557065195,13.6844701444022,1
456,0,14.75,17,13.6844701444022,13.8204870519939,1
456,0,14.75,17,13.8204870519939,13.9976643049365,1
456,0,14.75,17,13.9976643049365,14.1388282892391,1
456,0,14.75,17,14.1388282892391,14.3838800147934,1
456,0,14.75,17,14.3838800147934,14.75,0
457,0,17.75,24,0,1.93972746953906,1
457,0,17.75,24,1.93972746953906,3.37939982938051,1
457,0,17.75,24,3.37939982938051,4.07051710548507,1
457,0,17.75,24,4.07051710548507,5.98052416116871,1
457,0,17.75,24,5.98052416116871,7.88712429756546,1
457,0,17.75,24,7.88712429756546,8.54747117677865,1
457,0,17.75,24,8.54747117677865,8.59823154283559,1
457,0,17.75,24,8.59823154283559,9.03205756265048,1
457,0,17.75,24,9.03205756265048,9.62423673216538,1
457,0,17.75,24,9.62423673216538,9.93262072246253,1
457,0,17.75,24,9.93262072246253,9.97443613807739,1
457,0,17.75,24,9.97443613807739,10.5329520040703,1
457,0,17.75,24,10.5329520040703,11.1296902665771,1
457,0,17.75,24,11.1296902665771,11.7045291022895,1
457,0,17.75,24,11.7045291022895,12.4398062059515,1
457,0,17.75,24,12.4398062059515,12.8031415788895,1
457,0,17.75,24,12.8031415788895,13.4115891751649,1
457,0,17.75,24,13.4115891751649,13.497493894423,1
457,0,17.75,24,13.497493894423,13.8406481410108,1
457,0,17.75,24,13.8406481410108,14.1476921665073,1
457,0,17.75,24,14.1476921665073,14.7481328788499,1
457,0,17.75,24,14.7481328788499,15.0636924168526,1
457,0,17.75,24,15.0636924168526,15.5143312191212,1
457,0,17.75,24,15.5143312191212,17.1698222569999,1
457,0,17.75,24,17.1698222569999,17.75,0
458,0,9.75,3,0,2.47983410343007,1
458,0,9.75,3,2.47983410343007,6.95556550108887,1
458,0,9.75,3,6.95556550108887,8.93126337278749,1
458,0,9.75,3,8.93126337278749,9.75,0
459,0,11.75,13,0,5.79284161026471,1
459,0,11.75,13,5.79284161026471,6.55487417068635,1
459,0,11.75,13,6.55487417068635,6.68807157275021,1
459,0,11.75,13,6.68807157275021,7.60398364669113,1
459,0,11.75,13,7.60398364669113,8.0846744962542,1
459,0,11.75,13,8.0846744962542,8.27956699837426,1
459,0,11.75,13,8.27956699837426,8.82941852478585,1
459,0,11.75,13,8.82941852478585,9.91757426322872,1
459,0,11.75,13,9.91757426322872,10.4876269205683,1
459,0,11.75,13,10.4876269205683,10.6690050320357,1
459,0,11.75,13,10.6690050320357,10.7759207349491,1
459,0,11.75,13,10.7759207349491,11.0417187749611,1
459,0,11.75,13,11.0417187749611,11.2211445622599,1
459,0,11.75,13,11.2211445622599,11.75,0
460,0,12.75,13,0,3.43003456179258,1
460,0,12.75,13,3.43003456179258,4.81158165463268,1
460,0,12.75,13,4.81158165463268,5.50749609080687,1
460,0,12.75,13,5.50749609080687,8.94115307382433,1
460,0,12.75,13,8.94115307382433,9.22221343668117,1
460,0,12.75,13,9.22221343668117,9.77056897255862,1
460,0,12.75,13,9.77056897255862,10.0383558032223,1
460,0,12.75,13,10.0383558032223,10.1581626664761,1
460,0,12.75,13,10.1581626664761,10.7047992098789,1
460,0,12.75,13,10.7047992098789,11.8351341770202,1
460,0,12.75,13,11.8351341770202,12.3852205901026,1
460,0,12.75,13,12.3852205901026,12.5646581479964,1
460,0,12.75,13,12.5646581479964,12.7266317519034,1
460,0,12.75,13,12.7266317519034,12.75,0
461,0,13.75,11,0,3.2083765018926,1
461,0,13.75,11,3.2083765018926,8.28917541710378,1
461,0,13.75,11,8.28917541710378,8.6075313925709,1
461,0,13.75,11,8.6075313925709,8.98464736915562,1
461,0,13.75,11,8.98464736915562,9.67120847586316,1
461,0,13.75,11,9.67120847586316,9.93380057737857,1
461,0,13.75,11,9.93380057737857,10.2383022365449,1
461,0,13.75,11,10.2383022365449,12.4839545780492,1
461,0,13.75,11,12.4839545780492,13.3677176747804,1
461,0,13.75,11,13.3677176747804,13.5081744325876,1
461,0,13.75,11,13.5081744325876,13.5230020920772,1
461,0,13.75,11,13.5230020920772,13.75,0
462,0,12.75,14,0,3.59143553767336,1
462,0,12.75,14,3.59143553767336,3.85695581287933,1
462,0,12.75,14,3.85695581287933,3.93651834646009,1
462,0,12.75,14,3.93651834646009,5.78473370530756,1
462,0,12.75,14,5.78473370530756,6.21241605544539,1
462,0,12.75,14,6.21241605544539,7.87326129076082,1
462,0,12.75,14,7.87326129076082,8.03580801159465,1
462,0,12.75,14,8.03580801159465,8.48462404396702,1
462,0,12.75,14,8.48462404396702,9.60727469567684,1
462,0,12.75,14,9.60727469567684,9.78712976977373,1
462,0,12.75,14,9.78712976977373,10.9284554546237,1
462,0,12.75,14,10.9284554546237,11.6239430033356,1
462,0,12.75,14,11.6239430033356,12.1994511340579,1
462,0,12.75,14,12.1994511340579,12.6186755882248,1
462,0,12.75,14,12.6186755882248,12.75,0
463,0,10.75,4,0,6.36021855378943,1
463,0,10.75,4,6.36021855378943,6.86402023714699,1
463,0,10.75,4,6.86402023714699,8.77092600753358,1
463,0,10.75,4,8.77092600753358,9.76663428905898,1
463,0,10.75,4,9.76663428905898,10.75,0
464,0,17.75,36,0,2.30576622999764,1
464,0,17.75,36,2.30576622999764,2.35064634038542,1
464,0,17.75,36,2.35064634038542,5.52679257638719,1
464,0,17.75,36,5.52679257638719,5.71967859463921,1
464,0,17.75,36,5.71967859463921,5.79649330608607,1
464,0,17.75,36,5.79649330608607,5.87380051461862,1
464,0,17.75,36,5.87380051461862,6.74469740271592,1
464,0,17.75,36,6.74469740271592,7.09215308293757,1
464,0,17.75,36,7.09215308293757,7.3291473573044,1
464,0,17.75,36,7.3291473573044,7.33371077973485,1
464,0,17.75,36,7.33371077973485,7.36362474410235,1
464,0,17.75,36,7.36362474410235,7.40176370576107,1
464,0,17.75,36,7.40176370576107,7.82076259711032,1
464,0,17.75,36,7.82076259711032,8.39470627675794,1
464,0,17.75,36,8.39470627675794,8.51370850179852,1
464,0,17.75,36,8.51370850179852,10.2691512872935,1
464,0,17.75,36,10.2691512872935,11.6610551142292,1
464,0,17.75,36,11.6610551142292,11.8273372698277,1
464,0,17.75,36,11.8273372698277,12.011065348668,1
464,0,17.75,36,12.011065348668,12.1312191867772,1
464,0,17.75,36,12.1312191867772,12.8003787509341,1
464,0,17.75,36,12.8003787509341,13.0053211354705,1
464,0,17.75,36,13.0053211354705,13.6756943344635,1
464,0,17.75,36,13.6756943344635,15.0855973170029,1
464,0,17.75,36,15.0855973170029,15.1205742606092,1
464,0,17.75,36,15.1205742606092,15.3162632997735,1
464,0,17.75,36,15.3162632997735,15.3570355930294,1
464,0,17.75,36,15.3570355930294,15.514344725466,1
464,0,17.75,36,15.514344725466,15.6393222601389,1
464,0,17.75,36,15.6393222601389,16.2602230172049,1
464,0,17.75,36,16.2602230172049,17.2430196516521,1
464,0,17.75,36,17.2430196516521,17.3324298603565,1
464,0,17.75,36,17.3324298603565,17.3645619427025,1
464,0,17.75,36,17.3645619427025,17.376479998406,1
464,0,17.75,36,17.376479998406,17.3774023068913,1
464,0,17.75,36,17.3774023068913,17.4344191119343,1
464,0,17.75,36,17.4344191119343,17.75,0
465,0,11.75,11,0,5.70573642715068,1
465,0,11.75,11,5.70573642715068,7.07386582587461,1
465,0,11.75,11,7.07386582587461,7.08245550396964,1
465,0,11.75,11,7.08245550396964,7.48709474015094,1
465,0,11.75,11,7.48709474015094,8.80292527948306,1
465,0,11.75,11,8.80292527948306,8.8043469884347,1
465,0,11.75,11,8.8043469884347,9.47349319132641,1
465,0,11.75,11,9.47349319132641,10.054335771731,1
465,0,11.75,11,10.054335771731,10.1833258917195,1
465,0,11.75,11,10.1833258917195,10.6894495759889,1
465,0,11.75,11,10.6894495759889,11.0727579815936,1
465,0,11.75,11,11.0727579815936,11.75,0
466,0,12.75,3,0,4.82981667282072,1
466,0,12.75,3,4.82981667282072,7.38448123222909,1
466,0,12.75,3,7.38448123222909,8.58614790089524,1
466,0,12.75,3,8.58614790089524,12.75,0
467,0,12.75,8,0,5.19981267846087,1
467,0,12.75,8,5.19981267846087,7.67310591944136,1
467,0,12.75,8,7.67310591944136,7.99141164861571,1
467,0,12.75,8,7.99141164861571,9.69988511243704,1
467,0,12.75,8,9.69988511243704,10.117618701944,1
467,0,12.75,8,10.117618701944,11.6161054647495,1
467,0,12.75,8,11.6161054647495,12.6554520568726,1
467,0,12.75,8,12.6554520568726,12.6655209936558,1
467,0,12.75,8,12.6655209936558,12.75,0
468,0,11.75,5,0,4.11221169252839,1
468,0,11.75,5,4.11221169252839,4.3896226755411,1
468,0,11.75,5,4.3896226755411,7.86847845048239,1
468,0,11.75,5,7.86847845048239,10.031752857667,1
468,0,11.75,5,10.031752857667,10.8832031548568,1
468,0,11.75,5,10.8832031548568,11.75,0
469,0,9.75,11,0,2.72355362273937,1
469,0,9.75,11,2.72355362273937,2.75988646562272,1
469,0,9.75,11,2.75988646562272,3.74740334829947,1
469,0,9.75,11,3.74740334829947,4.53314057524462,1
469,0,9.75,11,4.53314057524462,5.03775112289536,1
469,0,9.75,11,5.03775112289536,7.6094065263111,1
469,0,9.75,11,7.6094065263111,8.69055565029809,1
469,0,9.75,11,8.69055565029809,8.81991356243772,1
469,0,9.75,11,8.81991356243772,8.99518619405497,1
469,0,9.75,11,8.99518619405497,9.13332668867085,1
469,0,9.75,11,9.13332668867085,9.71507718952131,1
469,0,9.75,11,9.71507718952131,9.75,0
470,0,20.75,16,0,6.01998930754616,1
470,0,20.75,16,6.01998930754616,9.80905720339914,1
470,0,20.75,16,9.80905720339914,10.9623872295849,1
470,0,20.75,16,10.9623872295849,11.1875002064011,1
470,0,20.75,16,11.1875002064011,12.7246403479036,1
470,0,20.75,16,12.7246403479036,12.8197356272283,1
470,0,20.75,16,12.8197356272283,13.4856264854828,1
470,0,20.75,16,13.4856264854828,13.9023589121467,1
470,0,20.75,16,13.9023589121467,15.2156867581345,1
470,0,20.75,16,15.2156867581345,15.5448693751941,1
470,0,20.75,16,15.5448693751941,15.6442076735226,1
470,0,20.75,16,15.6442076735226,16.9417408036608,1
470,0,20.75,16,16.9417408036608,17.0292439924118,1
470,0,20.75,16,17.0292439924118,17.1184026047334,1
470,0,20.75,16,17.1184026047334,18.6608468867556,1
470,0,20.75,16,18.6608468867556,20.7401930395899,1
470,0,20.75,16,20.7401930395899,20.75,0
471,0,16.75,7,0,6.27061121511332,1
471,0,16.75,7,6.27061121511332,6.57038012357217,1
471,0,16.75,7,6.57038012357217,9.42857093838747,1
471,0,16.75,7,9.42857093838747,10.7655093230179,1
471,0,16.75,7,10.7655093230179,13.7252662462944,1
471,0,16.75,7,13.7252662462944,13.9763607842381,1
471,0,16.75,7,13.9763607842381,15.7658750167861,1
471,0,16.75,7,15.7658750167861,16.75,0
472,0,11.75,5,0,6.62039227296558,1
472,0,11.75,5,6.62039227296558,8.6891988388818,1
472,0,11.75,5,8.6891988388818,9.86885451955032,1
472,0,11.75,5,9.86885451955032,10.9036904333902,1
472,0,11.75,5,10.9036904333902,11.6957236374589,1
472,0,11.75,5,11.6957236374589,11.75,0
473,0,11.75,4,0,7.8863187514747,1
473,0,11.75,4,7.8863187514747,10.0877700742975,1
473,0,11.75,4,10.0877700742975,10.4793391721838,1
473,0,11.75,4,10.4793391721838,11.5123584517682,1
473,0,11.75,4,11.5123584517682,11.75,0
474,0,12.75,3,0,11.0059431331782,1
474,0,12.75,3,11.0059431331782,12.2190791728663,1
474,0,12.75,3,12.2190791728663,12.4040687527572,1
474,0,12.75,3,12.4040687527572,12.75,0
475,0,20.75,36,0,2.61072640528054,1
475,0,20.75,36,2.61072640528054,4.4105942471838,1
475,0,20.75,36,4.4105942471838,4.48507778068343,1
475,0,20.75,36,4.48507778068343,6.43290111919662,1
475,0,20.75,36,6.43290111919662,6.75785047505255,1
475,0,20.75,36,6.75785047505255,7.20444009272128,1
475,0,20.75,36,7.20444009272128,9.30208450765324,1
475,0,20.75,36,9.30208450765324,9.80957586784046,1
475,0,20.75,36,9.80957586784046,10.0449604175429,1
475,0,20.75,36,10.0449604175429,10.9219863184415,1
475,0,20.75,36,10.9219863184415,11.2119393283346,1
475,0,20.75,36,11.2119393283346,12.1422311913419,1
475,0,20.75,36,12.1422311913419,12.434215962935,1
475,0,20.75,36,12.434215962935,12.9030342090119,1
475,0,20.75,36,12.9030342090119,13.0855744861268,1
475,0,20.75,36,13.0855744861268,13.3740823576001,1
475,0,20.75,36,13.3740823576001,13.6566105748229,1
475,0,20.75,36,13.6566105748229,15.0157433147867,1
475,0,20.75,36,15.0157433147867,15.1105221018263,1
475,0,20.75,36,15.1105221018263,15.4344371850498,1
475,0,20.75,36,15.4344371850498,15.4839632445933,1
475,0,20.75,36,15.4839632445933,15.6412542244778,1
475,0,20.75,36,15.6412542244778,16.6186063097166,1
475,0,20.75,36,16.6186063097166,16.749889195005,1
475,0,20.75,36,16.749889195005,17.6563161799503,1
475,0,20.75,36,17.6563161799503,17.7333869961158,1
475,0,20.75,36,17.7333869961158,17.9941301874383,1
475,0,20.75,36,17.9941301874383,18.0143220921605,1
475,0,20.75,36,18.0143220921605,18.7095933125224,1
475,0,20.75,36,18.7095933125224,18.8342266089743,1
475,0,20.75,36,18.8342266089743,18.903065175784,1
475,0,20.75,36,18.903065175784,19.2113984455448,1
475,0,20.75,36,19.2113984455448,19.2334555173721,1
475,0,20.75,36,19.2334555173721,19.2490841927571,1
475,0,20.75,36,19.2490841927571,19.3234809404526,1
475,0,20.75,36,19.3234809404526,19.4558135167853,1
475,0,20.75,36,19.4558135167853,20.75,0
476,0,7.75,1,0,3.47927424734451,1
476,0,7.75,1,3.47927424734451,7.75,0
477,0,15.75,6,0,4.00914387887815,1
477,0,15.75,6,4.00914387887815,8.29976755533539,1
477,0,15.75,6,8.29976755533539,9.0140944876944,1
477,0,15.75,6,9.0140944876944,10.3212564519995,1
477,0,15.75,6,10.3212564519995,12.1789881693051,1
477,0,15.75,6,12.1789881693051,13.5612700900188,1
477,0,15.75,6,13.5612700900188,15.75,0
478,0,14.75,4,0,7.18910034593383,1
478,0,14.75,4,7.18910034593383,10.8889386486047,1
478,0,14.75,4,10.8889386486047,12.5719462378416,1
478,0,14.75,4,12.5719462378416,13.0964959753074,1
478,0,14.75,4,13.0964959753074,14.75,0
479,0,10.75,4,0,6.52857821590455,1
479,0,10.75,4,6.52857821590455,6.79374649795029,1
479,0,10.75,4,6.79374649795029,6.80092585721255,1
479,0,10.75,4,6.80092585721255,9.95460660353828,1
479,0,10.75,4,9.95460660353828,10.75,0
480,0,11.75,7,0,6.27439065507686,1
480,0,11.75,7,6.27439065507686,7.77255368161293,1
480,0,11.75,7,7.77255368161293,8.10564273425598,1
480,0,11.75,7,8.10564273425598,8.63750996291905,1
480,0,11.75,7,8.63750996291905,8.68553960398172,1
480,0,11.75,7,8.68553960398172,9.34657181673487,1
480,0,11.75,7,9.34657181673487,10.0104338838952,1
480,0,11.75,7,10.0104338838952,11.75,0
481,0,19.75,39,0,1.25517177283796,1
481,0,19.75,39,1.25517177283796,1.86026628423881,1
481,0,19.75,39,1.86026628423881,3.89108242726462,1
481,0,19.75,39,3.89108242726462,5.13353527677311,1
481,0,19.75,39,5.13353527677311,6.45752445891283,1
481,0,19.75,39,6.45752445891283,6.78008077273369,1
481,0,19.75,39,6.78008077273369,7.08994425661618,1
481,0,19.75,39,7.08994425661618,8.33767593975212,1
481,0,19.75,39,8.33767593975212,9.29744740568444,1
481,0,19.75,39,9.29744740568444,9.45649210042989,1
481,0,19.75,39,9.45649210042989,10.8858422803118,1
481,0,19.75,39,10.8858422803118,10.9210680974916,1
481,0,19.75,39,10.9210680974916,10.976208619741,1
481,0,19.75,39,10.976208619741,12.0503230642518,1
481,0,19.75,39,12.0503230642518,12.2238857051846,1
481,0,19.75,39,12.2238857051846,12.797278010645,1
481,0,19.75,39,12.797278010645,13.1088262065916,1
481,0,19.75,39,13.1088262065916,13.6991825619017,1
481,0,19.75,39,13.6991825619017,13.7509542104009,1
481,0,19.75,39,13.7509542104009,13.8848728135619,1
481,0,19.75,39,13.8848728135619,14.3732417285009,1
481,0,19.75,39,14.3732417285009,14.8532245263608,1
481,0,19.75,39,14.8532245263608,15.0406609120085,1
481,0,19.75,39,15.0406609120085,15.1328844791086,1
481,0,19.75,39,15.1328844791086,16.0071600333049,1
481,0,19.75,39,16.0071600333049,16.0718791265171,1
481,0,19.75,39,16.0718791265171,16.4200456938945,1
481,0,19.75,39,16.4200456938945,17.5347314838962,1
481,0,19.75,39,17.5347314838962,17.6033808359113,1
481,0,19.75,39,17.6033808359113,17.7667079798375,1
481,0,19.75,39,17.7667079798375,18.1540201569077,1
481,0,19.75,39,18.1540201569077,18.522097148076,1
481,0,19.75,39,18.522097148076,18.6477917465477,1
481,0,19.75,39,18.6477917465477,18.6986457431544,1
481,0,19.75,39,18.6986457431544,18.7481215055585,1
481,0,19.75,39,18.7481215055585,19.0780353077236,1
481,0,19.75,39,19.0780353077236,19.1597211858479,1
481,0,19.75,39,19.1597211858479,19.5869005876458,1
481,0,19.75,39,19.5869005876458,19.670737016305,1
481,0,19.75,39,19.670737016305,19.75,0
482,0,15.75,20,0,6.04124545565412,1
482,0,15.75,20,6.04124545565412,6.71004972133503,1
482,0,15.75,20,6.71004972133503,8.9243475128292,1
482,0,15.75,20,8.9243475128292,9.27629077433265,1
482,0,15.75,20,9.27629077433265,9.8705062112027,1
482,0,15.75,20,9.8705062112027,11.6371315269482,1
482,0,15.75,20,11.6371315269482,12.2588870781242,1
482,0,15.75,20,12.2588870781242,12.4453969819571,1
482,0,15.75,20,12.4453969819571,12.6112399020683,1
482,0,15.75,20,12.6112399020683,12.9524090865721,1
482,0,15.75,20,12.9524090865721,13.1584170641777,1
482,0,15.75,20,13.1584170641777,13.4657538591158,1
482,0,15.75,20,13.4657538591158,13.7233757851504,1
482,0,15.75,20,13.7233757851504,13.7689877945624,1
482,0,15.75,20,13.7689877945624,14.1792842902088,1
482,0,15.75,20,14.1792842902088,14.2296979396493,1
482,0,15.75,20,14.2296979396493,14.5472372965377,1
482,0,15.75,20,14.5472372965377,14.6866533358988,1
482,0,15.75,20,14.6866533358988,15.3575658400094,1
482,0,15.75,20,15.3575658400094,15.6305931247634,1
482,0,15.75,20,15.6305931247634,15.75,0
483,0,15.75,17,0,1.14673127520125,1
483,0,15.75,17,1.14673127520125,1.19152235313435,1
483,0,15.75,17,1.19152235313435,1.91678622156163,1
483,0,15.75,17,1.91678622156163,2.79008962782056,1
483,0,15.75,17,2.79008962782056,7.43944801465206,1
483,0,15.75,17,7.43944801465206,8.36777063037807,1
483,0,15.75,17,8.36777063037807,8.57758308205574,1
483,0,15.75,17,8.57758308205574,9.57496111731265,1
483,0,15.75,17,9.57496111731265,10.3796168429158,1
483,0,15.75,17,10.3796168429158,10.899387730836,1
483,0,15.75,17,10.899387730836,11.5535042982818,1
483,0,15.75,17,11.5535042982818,12.1378371013783,1
483,0,15.75,17,12.1378371013783,12.8453268469145,1
483,0,15.75,17,12.8453268469145,12.8807957897462,1
483,0,15.75,17,12.8807957897462,13.2207518972389,1
483,0,15.75,17,13.2207518972389,14.2135067624387,1
483,0,15.75,17,14.2135067624387,14.335385272802,1
483,0,15.75,17,14.335385272802,15.75,0
484,0,19.75,19,0,5.48168696021253,1
484,0,19.75,19,5.48168696021253,5.99502068036373,1
484,0,19.75,19,5.99502068036373,7.12558360209176,1
484,0,19.75,19,7.12558360209176,7.13719832197727,1
484,0,19.75,19,7.13719832197727,8.89421792068835,1
484,0,19.75,19,8.89421792068835,8.93513299801698,1
484,0,19.75,19,8.93513299801698,9.35155468618866,1
484,0,19.75,19,9.35155468618866,12.4997573120139,1
484,0,19.75,19,12.4997573120139,12.7504381352739,1
484,0,19.75,19,12.7504381352739,13.1125857550748,1
484,0,19.75,19,13.1125857550748,13.9622691753519,1
484,0,19.75,19,13.9622691753519,14.1586074292714,1
484,0,19.75,19,14.1586074292714,14.7134850076856,1
484,0,19.75,19,14.7134850076856,15.8016276267639,1
484,0,19.75,19,15.8016276267639,15.8267803751116,1
484,0,19.75,19,15.8267803751116,18.1302097006697,1
484,0,19.75,19,18.1302097006697,18.1584540162895,1
484,0,19.75,19,18.1584540162895,18.2585943269236,1
484,0,19.75,19,18.2585943269236,19.5419692970136,1
484,0,19.75,19,19.5419692970136,19.75,0
485,0,19.75,7,0,5.93549378170701,1
485,0,19.75,7,5.93549378170701,8.40180274416712,1
485,0,19.75,7,8.40180274416712,16.7992586960806,1
485,0,19.75,7,16.7992586960806,17.1584201050125,1
485,0,19.75,7,17.1584201050125,17.3139619024633,1
485,0,19.75,7,17.3139619024633,17.748667301812,1
485,0,19.75,7,17.748667301812,19.5694431242397,1
485,0,19.75,7,19.5694431242397,19.75,0
486,0,17.75,20,0,2.60652671294223,1
486,0,17.75,20,2.60652671294223,4.08655862843733,1
486,0,17.75,20,4.08655862843733,5.30966438842798,1
486,0,17.75,20,5.30966438842798,7.33303535280556,1
486,0,17.75,20,7.33303535280556,8.13030363514648,1
486,0,17.75,20,8.13030363514648,8.71667982605205,1
486,0,17.75,20,8.71667982605205,8.9075589542912,1
486,0,17.75,20,8.9075589542912,9.21604279619501,1
486,0,17.75,20,9.21604279619501,10.1738836289528,1
486,0,17.75,20,10.1738836289528,12.256701093991,1
486,0,17.75,20,12.256701093991,12.6877863026807,1
486,0,17.75,20,12.6877863026807,12.7426726456169,1
486,0,17.75,20,12.7426726456169,13.9002438807505,1
486,0,17.75,20,13.9002438807505,14.031291240874,1
486,0,17.75,20,14.031291240874,14.9760987560937,1
486,0,17.75,20,14.9760987560937,15.3617723740721,1
486,0,17.75,20,15.3617723740721,15.6366462992827,1
486,0,17.75,20,15.6366462992827,15.9953754257449,1
486,0,17.75,20,15.9953754257449,17.0902724691908,1
486,0,17.75,20,17.0902724691908,17.6492847741111,1
486,0,17.75,20,17.6492847741111,17.75,0
487,0,8.75,2,0,1.68107481701154,1
487,0,8.75,2,1.68107481701154,2.90885868863418,1
487,0,8.75,2,2.90885868863418,8.75,0
488,0,9.75,9,0,2.44777775636526,1
488,0,9.75,9,2.44777775636526,2.64734699186775,1
488,0,9.75,9,2.64734699186775,4.2356023865804,1
488,0,9.75,9,4.2356023865804,5.24006584936124,1
488,0,9.75,9,5.24006584936124,8.1463858786883,1
488,0,9.75,9,8.1463858786883,8.51108968075039,1
488,0,9.75,9,8.51108968075039,8.58160421780231,1
488,0,9.75,9,8.58160421780231,9.31081632956304,1
488,0,9.75,9,9.31081632956304,9.43027073730094,1
488,0,9.75,9,9.43027073730094,9.75,0
489,0,20.75,16,0,2.5959613189109,1
489,0,20.75,16,2.5959613189109,7.82755358768893,1
489,0,20.75,16,7.82755358768893,8.1355732927959,1
489,0,20.75,16,8.1355732927959,9.73089179768958,1
489,0,20.75,16,9.73089179768958,11.155421796571,1
489,0,20.75,16,11.155421796571,11.7100253950355,1
489,0,20.75,16,11.7100253950355,12.1567022789031,1
489,0,20.75,16,12.1567022789031,13.133266047999,1
489,0,20.75,16,13.133266047999,13.1658244510954,1
489,0,20.75,16,13.1658244510954,14.0858558610296,1
489,0,20.75,16,14.0858558610296,14.4425198182291,1
489,0,20.75,16,14.4425198182291,15.7743406679804,1
489,0,20.75,16,15.7743406679804,16.7766143131198,1
489,0,20.75,16,16.7766143131198,17.608644448679,1
489,0,20.75,16,17.608644448679,19.7408337647129,1
489,0,20.75,16,19.7408337647129,20.5392175942242,1
489,0,20.75,16,20.5392175942242,20.75,0
490,0,10.75,11,0,2.90850722958103,1
490,0,10.75,11,2.90850722958103,2.93292055574655,1
490,0,10.75,11,2.93292055574655,5.80584698627305,1
490,0,10.75,11,5.80584698627305,7.21249426350466,1
490,0,10.75,11,7.21249426350466,7.71410672157138,1
490,0,10.75,11,7.71410672157138,7.91882371347774,1
490,0,10.75,11,7.91882371347774,8.49038232511226,1
490,0,10.75,11,8.49038232511226,9.27738255559498,1
490,0,10.75,11,9.27738255559498,9.4587043636893,1
490,0,10.75,11,9.4587043636893,9.50923166491913,1
490,0,10.75,11,9.50923166491913,10.5474541583008,1
490,0,10.75,11,10.5474541583008,10.75,0
491,0,14.75,10,0,6.31368237566979,1
491,0,14.75,10,6.31368237566979,6.85113166829052,1
491,0,14.75,10,6.85113166829052,8.80789193902454,1
491,0,14.75,10,8.80789193902454,9.22279350267035,1
491,0,14.75,10,9.22279350267035,10.3053743396668,1
491,0,14.75,10,10.3053743396668,12.6408272712754,1
491,0,14.75,10,12.6408272712754,13.2711955499649,1
491,0,14.75,10,13.2711955499649,14.0542042104797,1
491,0,14.75,10,14.0542042104797,14.4863968021194,1
491,0,14.75,10,14.4863968021194,14.6917120278152,1
491,0,14.75,10,14.6917120278152,14.75,0
492,0,12.75,11,0,2.93918789483777,1
492,0,12.75,11,2.93918789483777,7.68328338220797,1
492,0,12.75,11,7.68328338220797,8.1554043770625,1
492,0,12.75,11,8.1554043770625,10.2665914736095,1
492,0,12.75,11,10.2665914736095,10.3060450042172,1
492,0,12.75,11,10.3060450042172,11.0040626826232,1
492,0,12.75,11,11.0040626826232,11.6434462021506,1
492,0,12.75,11,11.6434462021506,11.8346249493262,1
492,0,12.75,11,11.8346249493262,12.2362011234185,1
492,0,12.75,11,12.2362011234185,12.2367051181611,1
492,0,12.75,11,12.2367051181611,12.3115654149138,1
492,0,12.75,11,12.3115654149138,12.75,0
493,0,12.75,9,0,1.30284551991904,1
493,0,12.75,9,1.30284551991904,3.43480040377649,1
493,0,12.75,9,3.43480040377649,8.2790241172244,1
493,0,12.75,9,8.2790241172244,9.44234388379959,1
493,0,12.75,9,9.44234388379959,9.68204583745317,1
493,0,12.75,9,9.68204583745317,10.2373052233654,1
493,0,12.75,9,10.2373052233654,10.4340016366862,1
493,0,12.75,9,10.4340016366862,10.7926672767874,1
493,0,12.75,9,10.7926672767874,11.51592882854,1
493,0,12.75,9,11.51592882854,12.75,0
494,0,7.75,2,0,4.15103045667499,1
494,0,7.75,2,4.15103045667499,7.33041628398125,1
494,0,7.75,2,7.33041628398125,7.75,0
495,0,13.75,26,0,5.04418586866494,1
495,0,13.75,26,5.04418586866494,6.37077404319406,1
495,0,13.75,26,6.37077404319406,6.53039807937744,1
495,0,13.75,26,6.53039807937744,6.71294584926313,1
495,0,13.75,26,6.71294584926313,7.11912535134449,1
495,0,13.75,26,7.11912535134449,8.48019108916059,1
495,0,13.75,26,8.48019108916059,9.34770819428548,1
495,0,13.75,26,9.34770819428548,9.50089203992339,1
495,0,13.75,26,9.50089203992339,9.52211198927609,1
495,0,13.75,26,9.52211198927609,9.64730894430692,1
495,0,13.75,26,9.64730894430692,10.0485537892124,1
495,0,13.75,26,10.0485537892124,10.0717088411149,1
495,0,13.75,26,10.0717088411149,10.2141424700876,1
495,0,13.75,26,10.2141424700876,10.2181686242801,1
495,0,13.75,26,10.2181686242801,10.329521488048,1
495,0,13.75,26,10.329521488048,10.7254924414105,1
495,0,13.75,26,10.7254924414105,10.7490958247445,1
495,0,13.75,26,10.7490958247445,11.4686496297146,1
495,0,13.75,26,11.4686496297146,11.7751145663349,1
495,0,13.75,26,11.7751145663349,12.1451704591098,1
495,0,13.75,26,12.1451704591098,12.4093125905059,1
495,0,13.75,26,12.4093125905059,12.5351021085924,1
495,0,13.75,26,12.5351021085924,13.0022379975447,1
495,0,13.75,26,13.0022379975447,13.0525343447121,1
495,0,13.75,26,13.0525343447121,13.1505858984673,1
495,0,13.75,26,13.1505858984673,13.4578267365626,1
495,0,13.75,26,13.4578267365626,13.75,0
496,0,11.75,3,0,5.17061460635304,1
496,0,11.75,3,5.17061460635304,6.87701640214709,1
496,0,11.75,3,6.87701640214709,10.989759721874,1
496,0,11.75,3,10.989759721874,11.75,0
497,0,11.75,5,0,4.69775580801941,1
497,0,11.75,5,4.69775580801941,4.87422088795456,1
497,0,11.75,5,4.87422088795456,8.01429143278162,1
497,0,11.75,5,8.01429143278162,8.48129838057494,1
497,0,11.75,5,8.48129838057494,10.5020724059924,1
497,0,11.75,5,10.5020724059924,11.75,0
498,0,19.75,16,0,7.84550756110217,1
498,0,19.75,16,7.84550756110217,8.00388489686479,1
498,0,19.75,16,8.00388489686479,8.67702454760543,1
498,0,19.75,16,8.67702454760543,9.34189076474241,1
498,0,19.75,16,9.34189076474241,9.85284414754856,1
498,0,19.75,16,9.85284414754856,11.4378142435666,1
498,0,19.75,16,11.4378142435666,11.6289508420223,1
498,0,19.75,16,11.6289508420223,13.522722781458,1
498,0,19.75,16,13.522722781458,14.395066767387,1
498,0,19.75,16,14.395066767387,16.0954908130833,1
498,0,19.75,16,16.0954908130833,16.5451028178984,1
498,0,19.75,16,16.5451028178984,18.0887984686253,1
498,0,19.75,16,18.0887984686253,18.2142941917102,1
498,0,19.75,16,18.2142941917102,18.3620342706572,1
498,0,19.75,16,18.3620342706572,18.7744235459303,1
498,0,19.75,16,18.7744235459303,19.1952409542314,1
498,0,19.75,16,19.1952409542314,19.75,0
499,0,15.75,9,0,5.99685356819816,1
499,0,15.75,9,5.99685356819816,6.43818044986975,1
499,0,15.75,9,6.43818044986975,6.45253591444867,1
499,0,15.75,9,6.45253591444867,9.0571978171561,1
499,0,15.75,9,9.0571978171561,11.5864626746823,1
499,0,15.75,9,11.5864626746823,11.9806451761326,1
499,0,15.75,9,11.9806451761326,13.6663286672691,1
499,0,15.75,9,13.6663286672691,15.0581346956192,1
499,0,15.75,9,15.0581346956192,15.6111958139759,1
499,0,15.75,9,15.6111958139759,15.75,0
500,0,11.75,9,0,2.83271287197786,1
500,0,11.75,9,2.83271287197786,5.48080504782435,1
500,0,11.75,9,5.48080504782435,5.69285516696174,1
500,0,11.75,9,5.69285516696174,6.44844084942885,1
500,0,11.75,9,6.44844084942885,8.31792209931667,1
500,0,11.75,9,8.31792209931667,9.90060972129736,1
500,0,11.75,9,9.90060972129736,10.1334158160981,1
500,0,11.75,9,10.1334158160981,10.8598563468031,1
500,0,11.75,9,10.8598563468031,10.8881417183226,1
500,0,11.75,9,10.8881417183226,11.75,0
501,0,8.75,8,0,0.863485414615322,1
501,0,8.75,8,0.863485414615322,3.99674978776916,1
501,0,8.75,8,3.99674978776916,4.48136138689685,1
501,0,8.75,8,4.48136138689685,4.58921111862064,1
501,0,8.75,8,4.58921111862064,4.85590140659731,1
501,0,8.75,8,4.85590140659731,5.05994562647251,1
501,0,8.75,8,5.05994562647251,6.2203745987344,1
501,0,8.75,8,6.2203745987344,6.96765124145061,1
501,0,8.75,8,6.96765124145061,8.75,0
502,0,9.75,7,0,2.55059911870451,1
502,0,9.75,7,2.55059911870451,6.14203795665695,1
502,0,9.75,7,6.14203795665695,6.18160426355621,1
502,0,9.75,7,6.18160426355621,6.26490860535703,1
502,0,9.75,7,6.26490860535703,8.08090877650454,1
502,0,9.75,7,8.08090877650454,9.3764607369928,1
502,0,9.75,7,9.3764607369928,9.69379276804752,1
502,0,9.75,7,9.69379276804752,9.75,0
503,0,11.75,3,0,1.66013249822939,1
503,0,11.75,3,1.66013249822939,7.55090031565272,1
503,0,11.75,3,7.55090031565272,10.0551506097346,1
503,0,11.75,3,10.0551506097346,11.75,0
504,0,11.75,8,0,1.99502339154069,1
504,0,11.75,8,1.99502339154069,3.06220735887965,1
504,0,11.75,8,3.06220735887965,4.8684201170988,1
504,0,11.75,8,4.8684201170988,6.25401675630617,1
504,0,11.75,8,6.25401675630617,8.86864458699198,1
504,0,11.75,8,8.86864458699198,10.4555701379502,1
504,0,11.75,8,10.4555701379502,10.483775282578,1
504,0,11.75,8,10.483775282578,11.6281956999693,1
504,0,11.75,8,11.6281956999693,11.75,0
505,0,13.75,8,0,3.28559854721809,1
505,0,13.75,8,3.28559854721809,4.84929007700475,1
505,0,13.75,8,4.84929007700475,7.96756484459216,1
505,0,13.75,8,7.96756484459216,8.60951338928885,1
505,0,13.75,8,8.60951338928885,10.5260539116193,1
505,0,13.75,8,10.5260539116193,11.5132486331984,1
505,0,13.75,8,11.5132486331984,12.5460004823183,1
505,0,13.75,8,12.5460004823183,12.8384588765818,1
505,0,13.75,8,12.8384588765818,13.75,0
506,0,10.75,6,0,2.07237013361092,1
506,0,10.75,6,2.07237013361092,5.07628825105406,1
506,0,10.75,6,5.07628825105406,5.71532300502329,1
506,0,10.75,6,5.71532300502329,8.08471894156737,1
506,0,10.75,6,8.08471894156737,10.0569637746745,1
506,0,10.75,6,10.0569637746745,10.069920867855,1
506,0,10.75,6,10.069920867855,10.75,0
507,0,17.75,19,0,2.80178151346792,1
507,0,17.75,19,2.80178151346792,3.18667488355628,1
507,0,17.75,19,3.18667488355628,4.72701147942096,1
507,0,17.75,19,4.72701147942096,5.11056372425033,1
507,0,17.75,19,5.11056372425033,7.23523041511264,1
507,0,17.75,19,7.23523041511264,7.27855686517166,1
507,0,17.75,19,7.27855686517166,7.48882850081115,1
507,0,17.75,19,7.48882850081115,9.46820983629256,1
507,0,17.75,19,9.46820983629256,9.64466205975763,1
507,0,17.75,19,9.64466205975763,9.91476369469983,1
507,0,17.75,19,9.91476369469983,12.8587444910802,1
507,0,17.75,19,12.8587444910802,13.5489536139351,1
507,0,17.75,19,13.5489536139351,13.6258080597703,1
507,0,17.75,19,13.6258080597703,14.2921996752402,1
507,0,17.75,19,14.2921996752402,15.9381188826185,1
507,0,17.75,19,15.9381188826185,16.1743328799204,1
507,0,17.75,19,16.1743328799204,17.1852021137252,1
507,0,17.75,19,17.1852021137252,17.2996639828545,1
507,0,17.75,19,17.2996639828545,17.4253441365462,1
507,0,17.75,19,17.4253441365462,17.75,0
508,0,9.75,5,0,4.10913373396213,1
508,0,9.75,5,4.10913373396213,4.3552641135516,1
508,0,9.75,5,4.3552641135516,8.03285246746035,1
508,0,9.75,5,8.03285246746035,8.70878422942618,1
508,0,9.75,5,8.70878422942618,9.47847507014338,1
508,0,9.75,5,9.47847507014338,9.75,0
509,0,8.75,7,0,2.88276002127714,1
509,0,8.75,7,2.88276002127714,2.96023495298972,1
509,0,8.75,7,2.96023495298972,4.36472233552831,1
509,0,8.75,7,4.36472233552831,5.72300280936565,1
509,0,8.75,7,5.72300280936565,6.86466632654714,1
509,0,8.75,7,6.86466632654714,7.70265612329632,1
509,0,8.75,7,7.70265612329632,8.37053466184413,1
509,0,8.75,7,8.37053466184413,8.75,0
510,0,12.75,11,0,2.89141595707752,1
510,0,12.75,11,2.89141595707752,8.23488475342684,1
510,0,12.75,11,8.23488475342684,8.41222609390039,1
510,0,12.75,11,8.41222609390039,8.60321319131106,1
510,0,12.75,11,8.60321319131106,8.81227358292339,1
510,0,12.75,11,8.81227358292339,8.99620970102585,1
510,0,12.75,11,8.99620970102585,9.28033114845159,1
510,0,12.75,11,9.28033114845159,9.74575872451857,1
510,0,12.75,11,9.74575872451857,10.168900232704,1
510,0,12.75,11,10.168900232704,11.1473580513762,1
510,0,12.75,11,11.1473580513762,11.9055800021038,1
510,0,12.75,11,11.9055800021038,12.75,0
511,0,13.75,17,0,3.90127672358101,1
511,0,13.75,17,3.90127672358101,5.18406949619475,1
511,0,13.75,17,5.18406949619475,6.26426026198416,1
511,0,13.75,17,6.26426026198416,8.23353704132762,1
511,0,13.75,17,8.23353704132762,8.44928602819162,1
511,0,13.75,17,8.44928602819162,8.67901078276066,1
511,0,13.75,17,8.67901078276066,8.93639473313767,1
511,0,13.75,17,8.93639473313767,10.8017580052101,1
511,0,13.75,17,10.8017580052101,11.7641593815875,1
511,0,13.75,17,11.7641593815875,12.3406844259534,1
511,0,13.75,17,12.3406844259534,12.4951777100006,1
511,0,13.75,17,12.4951777100006,13.0101244816672,1
511,0,13.75,17,13.0101244816672,13.0227932239312,1
511,0,13.75,17,13.0227932239312,13.3557101598211,1
511,0,13.75,17,13.3557101598211,13.4267377319613,1
511,0,13.75,17,13.4267377319613,13.4693427959064,1
511,0,13.75,17,13.4693427959064,13.6795585986684,1
511,0,13.75,17,13.6795585986684,13.75,0
512,0,12.75,15,0,3.11707212409773,1
512,0,12.75,15,3.11707212409773,5.06083788915589,1
512,0,12.75,15,5.06083788915589,5.64226762152957,1
512,0,12.75,15,5.64226762152957,6.05262082242363,1
512,0,12.75,15,6.05262082242363,6.57232792407948,1
512,0,12.75,15,6.57232792407948,6.66323172837475,1
512,0,12.75,15,6.66323172837475,6.69379563426477,1
512,0,12.75,15,6.69379563426477,8.13656397647175,1
512,0,12.75,15,8.13656397647175,10.1161259554971,1
512,0,12.75,15,10.1161259554971,11.0336213766758,1
512,0,12.75,15,11.0336213766758,11.3827849970396,1
512,0,12.75,15,11.3827849970396,11.6686277896169,1
512,0,12.75,15,11.6686277896169,12.3087812490355,1
512,0,12.75,15,12.3087812490355,12.3397114497238,1
512,0,12.75,15,12.3397114497238,12.5204602100172,1
512,0,12.75,15,12.5204602100172,12.75,0
513,0,19.75,5,0,13.6685512516366,1
513,0,19.75,5,13.6685512516366,15.8569704411632,1
513,0,19.75,5,15.8569704411632,16.8617520290404,1
513,0,19.75,5,16.8617520290404,17.6742902943999,1
513,0,19.75,5,17.6742902943999,18.0558157585078,1
513,0,19.75,5,18.0558157585078,19.75,0
514,0,9.75,2,0,8.41621146674724,1
514,0,9.75,2,8.41621146674724,9.43338156229282,1
514,0,9.75,2,9.43338156229282,9.75,0
515,0,10.75,1,0,10.1263299114346,1
515,0,10.75,1,10.1263299114346,10.75,0
516,0,14.75,8,0,1.82855292285573,1
516,0,14.75,8,1.82855292285573,6.73634886632919,1
516,0,14.75,8,6.73634886632919,7.17403971601246,1
516,0,14.75,8,7.17403971601246,10.1718624338427,1
516,0,14.75,8,10.1718624338427,11.7191929655013,1
516,0,14.75,8,11.7191929655013,11.8742799423378,1
516,0,14.75,8,11.8742799423378,14.2525480684306,1
516,0,14.75,8,14.2525480684306,14.2556944861583,1
516,0,14.75,8,14.2556944861583,14.75,0
517,0,10.75,9,0,5.52703721851717,1
517,0,10.75,9,5.52703721851717,5.88571669902713,1
517,0,10.75,9,5.88571669902713,6.29728094893081,1
517,0,10.75,9,6.29728094893081,6.55162328915717,1
517,0,10.75,9,6.55162328915717,7.46055292274687,1
517,0,10.75,9,7.46055292274687,7.69286772517697,1
517,0,10.75,9,7.69286772517697,9.20461040062314,1
517,0,10.75,9,9.20461040062314,9.68164986178713,1
517,0,10.75,9,9.68164986178713,10.1895685858398,1
517,0,10.75,9,10.1895685858398,10.75,0
518,0,14.75,12,0,1.99247847312236,1
518,0,14.75,12,1.99247847312236,3.11395500541454,1
518,0,14.75,12,3.11395500541454,5.9765575208017,1
518,0,14.75,12,5.9765575208017,6.8164063173477,1
518,0,14.75,12,6.8164063173477,7.52776893129018,1
518,0,14.75,12,7.52776893129018,8.10226660218011,1
518,0,14.75,12,8.10226660218011,9.77450782561213,1
518,0,14.75,12,9.77450782561213,10.3693820410463,1
518,0,14.75,12,10.3693820410463,11.0094091391882,1
518,0,14.75,12,11.0094091391882,11.6046264269773,1
518,0,14.75,12,11.6046264269773,13.9144625328382,1
518,0,14.75,12,13.9144625328382,14.0055643884686,1
518,0,14.75,12,14.0055643884686,14.75,0
519,0,9.75,11,0,4.12591623977434,1
519,0,9.75,11,4.12591623977434,4.68743398738178,1
519,0,9.75,11,4.68743398738178,5.11896575869892,1
519,0,9.75,11,5.11896575869892,5.4397589816632,1
519,0,9.75,11,5.4397589816632,7.28181381294686,1
519,0,9.75,11,7.28181381294686,7.71688909885567,1
519,0,9.75,11,7.71688909885567,8.30398488415807,1
519,0,9.75,11,8.30398488415807,8.8523790727966,1
519,0,9.75,11,8.8523790727966,8.92177747300124,1
519,0,9.75,11,8.92177747300124,9.1067780093706,1
519,0,9.75,11,9.1067780093706,9.25494852712342,1
519,0,9.75,11,9.25494852712342,9.75,0
520,0,7.75,2,0,3.0817015542122,1
520,0,7.75,2,3.0817015542122,5.61445347752753,1
520,0,7.75,2,5.61445347752753,7.75,0
521,0,14.75,13,0,3.10263240970378,1
521,0,14.75,13,3.10263240970378,4.17600106016637,1
521,0,14.75,13,4.17600106016637,5.53058587653261,1
521,0,14.75,13,5.53058587653261,6.61377498388902,1
521,0,14.75,13,6.61377498388902,8.56983002654926,1
521,0,14.75,13,8.56983002654926,9.16914429893407,1
521,0,14.75,13,9.16914429893407,9.26221108627778,1
521,0,14.75,13,9.26221108627778,9.64379274957876,1
521,0,14.75,13,9.64379274957876,12.018200643902,1
521,0,14.75,13,12.018200643902,12.4915079143133,1
521,0,14.75,13,12.4915079143133,12.6434665769462,1
521,0,14.75,13,12.6434665769462,13.6010410782372,1
521,0,14.75,13,13.6010410782372,13.8577654047626,1
521,0,14.75,13,13.8577654047626,14.75,0
522,0,17.75,30,0,4.47622082953225,1
522,0,17.75,30,4.47622082953225,4.59295010949785,1
522,0,17.75,30,4.59295010949785,4.74048738194192,1
522,0,17.75,30,4.74048738194192,5.53308032995983,1
522,0,17.75,30,5.53308032995983,6.43226947428251,1
522,0,17.75,30,6.43226947428251,7.07383583373871,1
522,0,17.75,30,7.07383583373871,7.75467892303223,1
522,0,17.75,30,7.75467892303223,7.77176721959022,1
522,0,17.75,30,7.77176721959022,8.10201801239425,1
522,0,17.75,30,8.10201801239425,8.46575445316796,1
522,0,17.75,30,8.46575445316796,9.43917645726511,1
522,0,17.75,30,9.43917645726511,9.64854805220818,1
522,0,17.75,30,9.64854805220818,10.6332680179835,1
522,0,17.75,30,10.6332680179835,10.8266658553442,1
522,0,17.75,30,10.8266658553442,10.9183276971019,1
522,0,17.75,30,10.9183276971019,10.9714467323025,1
522,0,17.75,30,10.9714467323025,12.0942744785535,1
522,0,17.75,30,12.0942744785535,12.2900653624909,1
522,0,17.75,30,12.2900653624909,12.3328799555333,1
522,0,17.75,30,12.3328799555333,12.3437805129139,1
522,0,17.75,30,12.3437805129139,13.9404647017213,1
522,0,17.75,30,13.9404647017213,14.3912096837334,1
522,0,17.75,30,14.3912096837334,15.0441939507364,1
522,0,17.75,30,15.0441939507364,15.8190560846223,1
522,0,17.75,30,15.8190560846223,15.8489146193842,1
522,0,17.75,30,15.8489146193842,15.8659296300914,1
522,0,17.75,30,15.8659296300914,16.4701560119866,1
522,0,17.75,30,16.4701560119866,16.6956121764228,1
522,0,17.75,30,16.6956121764228,17.131186834624,1
522,0,17.75,30,17.131186834624,17.5838165140517,1
522,0,17.75,30,17.5838165140517,17.75,0
523,0,12.75,34,0,1.3705618736824,1
523,0,12.75,34,1.3705618736824,3.07386033858584,1
523,0,12.75,34,3.07386033858584,4.19042957601563,1
523,0,12.75,34,4.19042957601563,4.62519574096132,1
523,0,12.75,34,4.62519574096132,4.71592778570143,1
523,0,12.75,34,4.71592778570143,4.99338514306691,1
523,0,12.75,34,4.99338514306691,5.19564274213853,1
523,0,12.75,34,5.19564274213853,6.14492200275612,1
523,0,12.75,34,6.14492200275612,6.41819098432984,1
523,0,12.75,34,6.41819098432984,6.47718826822301,1
523,0,12.75,34,6.47718826822301,6.49987098609361,1
523,0,12.75,34,6.49987098609361,7.23596873313351,1
523,0,12.75,34,7.23596873313351,7.24588485656494,1
523,0,12.75,34,7.24588485656494,7.34144950266208,1
523,0,12.75,34,7.34144950266208,7.52459136637781,1
523,0,12.75,34,7.52459136637781,7.89020717711403,1
523,0,12.75,34,7.89020717711403,8.08359372678277,1
523,0,12.75,34,8.08359372678277,8.49255731867169,1
523,0,12.75,34,8.49255731867169,8.6302432565102,1
523,0,12.75,34,8.6302432565102,8.90056809166083,1
523,0,12.75,34,8.90056809166083,9.1416548178056,1
523,0,12.75,34,9.1416548178056,9.67812831323906,1
523,0,12.75,34,9.67812831323906,9.67919906320602,1
523,0,12.75,34,9.67919906320602,9.92650951438089,1
523,0,12.75,34,9.92650951438089,10.1209048831424,1
523,0,12.75,34,10.1209048831424,10.7578505629828,1
523,0,12.75,34,10.7578505629828,11.0543083791116,1
523,0,12.75,34,11.0543083791116,11.1786711367185,1
523,0,12.75,34,11.1786711367185,11.7661337697822,1
523,0,12.75,34,11.7661337697822,12.197694618802,1
523,0,12.75,34,12.197694618802,12.23587237388,1
523,0,12.75,34,12.23587237388,12.2415053555489,1
523,0,12.75,34,12.2415053555489,12.697265163303,1
523,0,12.75,34,12.697265163303,12.7205776838636,1
523,0,12.75,34,12.7205776838636,12.75,0
524,0,16.75,11,0,5.76220373886774,1
524,0,16.75,11,5.76220373886774,6.82409567963167,1
524,0,16.75,11,6.82409567963167,7.15083936586316,1
524,0,16.75,11,7.15083936586316,7.86250599637526,1
524,0,16.75,11,7.86250599637526,10.3921242748861,1
524,0,16.75,11,10.3921242748861,10.4316501703116,1
524,0,16.75,11,10.4316501703116,13.707959284598,1
524,0,16.75,11,13.707959284598,14.8329724280298,1
524,0,16.75,11,14.8329724280298,15.6580781267842,1
524,0,16.75,11,15.6580781267842,16.4028240257927,1
524,0,16.75,11,16.4028240257927,16.5232812086615,1
524,0,16.75,11,16.5232812086615,16.75,0
525,0,12.75,11,0,4.84146028533426,1
525,0,12.75,11,4.84146028533426,7.30551573576694,1
525,0,12.75,11,7.30551573576694,8.66436035653335,1
525,0,12.75,11,8.66436035653335,9.94785890541057,1
525,0,12.75,11,9.94785890541057,10.2463963018408,1
525,0,12.75,11,10.2463963018408,10.6326376703468,1
525,0,12.75,11,10.6326376703468,11.4847857320143,1
525,0,12.75,11,11.4847857320143,11.559335821918,1
525,0,12.75,11,11.559335821918,11.7743229921365,1
525,0,12.75,11,11.7743229921365,11.7941499383829,1
525,0,12.75,11,11.7941499383829,12.4012417233969,1
525,0,12.75,11,12.4012417233969,12.75,0
526,0,16.75,8,0,8.71158934400542,1
526,0,16.75,8,8.71158934400542,11.4157264416843,1
526,0,16.75,8,11.4157264416843,12.0053331173609,1
526,0,16.75,8,12.0053331173609,12.8472116908035,1
526,0,16.75,8,12.8472116908035,13.14208417835,1
526,0,16.75,8,13.14208417835,13.4832075063281,1
526,0,16.75,8,13.4832075063281,16.2807435530356,1
526,0,16.75,8,16.2807435530356,16.5249707487752,1
526,0,16.75,8,16.5249707487752,16.75,0
527,0,19.75,37,0,2.32179725360594,1
527,0,19.75,37,2.32179725360594,2.33724522509882,1
527,0,19.75,37,2.33724522509882,2.73548858964342,1
527,0,19.75,37,2.73548858964342,6.92945018599033,1
527,0,19.75,37,6.92945018599033,7.35885238880802,1
527,0,19.75,37,7.35885238880802,7.68738925191531,1
527,0,19.75,37,7.68738925191531,8.22929456142355,1
527,0,19.75,37,8.22929456142355,8.30445341767681,1
527,0,19.75,37,8.30445341767681,9.17759324492685,1
527,0,19.75,37,9.17759324492685,9.8035032567324,1
527,0,19.75,37,9.8035032567324,9.82392292362583,1
527,0,19.75,37,9.82392292362583,11.4071312872756,1
527,0,19.75,37,11.4071312872756,11.4910480254887,1
527,0,19.75,37,11.4910480254887,11.6989311039585,1
527,0,19.75,37,11.6989311039585,12.1625370339134,1
527,0,19.75,37,12.1625370339134,12.2199904507299,1
527,0,19.75,37,12.2199904507299,12.8741630695613,1
527,0,19.75,37,12.8741630695613,13.1540480068239,1
527,0,19.75,37,13.1540480068239,13.3555278754714,1
527,0,19.75,37,13.3555278754714,14.2949719240445,1
527,0,19.75,37,14.2949719240445,14.5659939375674,1
527,0,19.75,37,14.5659939375674,15.5279269993765,1
527,0,19.75,37,15.5279269993765,15.6093869509122,1
527,0,19.75,37,15.6093869509122,15.7511035503416,1
527,0,19.75,37,15.7511035503416,15.7532911176622,1
527,0,19.75,37,15.7532911176622,16.7942707482694,1
527,0,19.75,37,16.7942707482694,16.9134972980824,1
527,0,19.75,37,16.9134972980824,17.201124390241,1
527,0,19.75,37,17.201124390241,17.2909878978453,1
527,0,19.75,37,17.2909878978453,17.4923107248907,1
527,0,19.75,37,17.4923107248907,17.7052281745472,1
527,0,19.75,37,17.7052281745472,17.7144463270513,1
527,0,19.75,37,17.7144463270513,18.2988290290288,1
527,0,19.75,37,18.2988290290288,18.9705190498407,1
527,0,19.75,37,18.9705190498407,19.0197698960266,1
527,0,19.75,37,19.0197698960266,19.0513993750291,1
527,0,19.75,37,19.0513993750291,19.4362182063373,1
527,0,19.75,37,19.4362182063373,19.75,0
528,0,10.75,10,0,3.17686418791915,1
528,0,10.75,10,3.17686418791915,4.15277301343878,1
528,0,10.75,10,4.15277301343878,4.75511091056303,1
528,0,10.75,10,4.75511091056303,5.11480568016629,1
528,0,10.75,10,5.11480568016629,7.48346539420806,1
528,0,10.75,10,7.48346539420806,9.49558544608219,1
528,0,10.75,10,9.49558544608219,9.53068516895827,1
528,0,10.75,10,9.53068516895827,9.89917307219467,1
528,0,10.75,10,9.89917307219467,10.2054133582915,1
528,0,10.75,10,10.2054133582915,10.5096194794629,1
528,0,10.75,10,10.5096194794629,10.75,0
529,0,14.75,7,0,5.21562835910334,1
529,0,14.75,7,5.21562835910334,6.8223442765847,1
529,0,14.75,7,6.8223442765847,7.33208874605885,1
529,0,14.75,7,7.33208874605885,9.79985232725705,1
529,0,14.75,7,9.79985232725705,11.7747671798335,1
529,0,14.75,7,11.7747671798335,13.7554716155455,1
529,0,14.75,7,13.7554716155455,13.8955281236947,1
529,0,14.75,7,13.8955281236947,14.75,0
530,0,16.75,9,0,5.78608055940078,1
530,0,16.75,9,5.78608055940078,10.9085342075327,1
530,0,16.75,9,10.9085342075327,11.8495374680766,1
530,0,16.75,9,11.8495374680766,12.727509679309,1
530,0,16.75,9,12.727509679309,14.2340297339358,1
530,0,16.75,9,14.2340297339358,15.3001620116425,1
530,0,16.75,9,15.3001620116425,15.5531432907559,1
530,0,16.75,9,15.5531432907559,15.6888216304328,1
530,0,16.75,9,15.6888216304328,16.5951306727389,1
530,0,16.75,9,16.5951306727389,16.75,0
531,0,9.75,2,0,7.38882936818753,1
531,0,9.75,2,7.38882936818753,9.49289274965088,1
531,0,9.75,2,9.49289274965088,9.75,0
532,0,17.75,4,0,2.15868244878311,1
532,0,17.75,4,2.15868244878311,8.33166023269881,1
532,0,17.75,4,8.33166023269881,16.8543578563417,1
532,0,17.75,4,16.8543578563417,17.2890137308366,1
532,0,17.75,4,17.2890137308366,17.75,0
533,0,9.75,2,0,1.6027587319267,1
533,0,9.75,2,1.6027587319267,9.366047885361,1
533,0,9.75,2,9.366047885361,9.75,0
534,0,15.75,14,0,3.6002153523574,1
534,0,15.75,14,3.6002153523574,4.65619693050583,1
534,0,15.75,14,4.65619693050583,7.40571676939397,1
534,0,15.75,14,7.40571676939397,8.54575297259762,1
534,0,15.75,14,8.54575297259762,9.02546156732286,1
534,0,15.75,14,9.02546156732286,9.5848171125993,1
534,0,15.75,14,9.5848171125993,10.8394769831136,1
534,0,15.75,14,10.8394769831136,11.5312841572781,1
534,0,15.75,14,11.5312841572781,12.3510633382543,1
534,0,15.75,14,12.3510633382543,13.651896610559,1
534,0,15.75,14,13.651896610559,13.8031246952417,1
534,0,15.75,14,13.8031246952417,14.017938456404,1
534,0,15.75,14,14.017938456404,14.6299477130661,1
534,0,15.75,14,14.6299477130661,14.9684079268967,1
534,0,15.75,14,14.9684079268967,15.75,0
535,0,16.75,24,0,1.63880824745231,1
535,0,16.75,24,1.63880824745231,5.08345788364982,1
535,0,16.75,24,5.08345788364982,6.39730329514874,1
535,0,16.75,24,6.39730329514874,6.67739023792044,1
535,0,16.75,24,6.67739023792044,6.94761413940222,1
535,0,16.75,24,6.94761413940222,8.15749787446171,1
535,0,16.75,24,8.15749787446171,8.34515236868069,1
535,0,16.75,24,8.34515236868069,8.55688416079318,1
535,0,16.75,24,8.55688416079318,9.67537279484589,1
535,0,16.75,24,9.67537279484589,11.7795768539635,1
535,0,16.75,24,11.7795768539635,12.0181806326739,1
535,0,16.75,24,12.0181806326739,13.2587829536585,1
535,0,16.75,24,13.2587829536585,13.5463356448644,1
535,0,16.75,24,13.5463356448644,14.3329259879242,1
535,0,16.75,24,14.3329259879242,14.5451822474178,1
535,0,16.75,24,14.5451822474178,14.6970742981064,1
535,0,16.75,24,14.6970742981064,15.0927583409207,1
535,0,16.75,24,15.0927583409207,15.1258664893036,1
535,0,16.75,24,15.1258664893036,15.3203523447262,1
535,0,16.75,24,15.3203523447262,15.6202979603298,1
535,0,16.75,24,15.6202979603298,15.6687541601646,1
535,0,16.75,24,15.6687541601646,16.1670059496882,1
535,0,16.75,24,16.1670059496882,16.3140199482469,1
535,0,16.75,24,16.3140199482469,16.3166132747857,1
535,0,16.75,24,16.3166132747857,16.75,0
536,0,13.75,4,0,0.626358397663377,1
536,0,13.75,4,0.626358397663377,9.32290116182169,1
536,0,13.75,4,9.32290116182169,12.0042240240855,1
536,0,13.75,4,12.0042240240855,13.2566756334199,1
536,0,13.75,4,13.2566756334199,13.75,0
537,0,11.75,13,0,2.40670854740598,1
537,0,11.75,13,2.40670854740598,4.59448998083298,1
537,0,11.75,13,4.59448998083298,4.66881817028562,1
537,0,11.75,13,4.66881817028562,8.14312774140189,1
537,0,11.75,13,8.14312774140189,8.5241687022425,1
537,0,11.75,13,8.5241687022425,8.84543050798433,1
537,0,11.75,13,8.84543050798433,8.86754271635045,1
537,0,11.75,13,8.86754271635045,9.64571519713168,1
537,0,11.75,13,9.64571519713168,9.78519206335479,1
537,0,11.75,13,9.78519206335479,10.0488152257928,1
537,0,11.75,13,10.0488152257928,10.6142497303849,1
537,0,11.75,13,10.6142497303849,11.7157153831542,1
537,0,11.75,13,11.7157153831542,11.7312671994226,1
537,0,11.75,13,11.7312671994226,11.75,0
538,0,11.75,5,0,3.42355982602313,1
538,0,11.75,5,3.42355982602313,4.97399807108107,1
538,0,11.75,5,4.97399807108107,8.34956034429659,1
538,0,11.75,5,8.34956034429659,10.3402868637447,1
538,0,11.75,5,10.3402868637447,10.4470944574734,1
538,0,11.75,5,10.4470944574734,11.75,0
539,0,11.75,3,0,5.84246770078636,1
539,0,11.75,3,5.84246770078636,8.10541928138973,1
539,0,11.75,3,8.10541928138973,8.31230135126711,1
539,0,11.75,3,8.31230135126711,11.75,0
540,0,16.75,10,0,3.29173901171929,1
540,0,16.75,10,3.29173901171929,4.60929927767518,1
540,0,16.75,10,4.60929927767518,5.83043517399394,1
540,0,16.75,10,5.83043517399394,6.85278625668647,1
540,0,16.75,10,6.85278625668647,12.1936378801664,1
540,0,16.75,10,12.1936378801664,12.9864846054438,1
540,0,16.75,10,12.9864846054438,13.7723762446895,1
540,0,16.75,10,13.7723762446895,14.2242647290123,1
540,0,16.75,10,14.2242647290123,14.5126454201204,1
540,0,16.75,10,14.5126454201204,16.2573738200266,1
540,0,16.75,10,16.2573738200266,16.75,0
541,0,15.75,14,0,5.82391152783119,1
541,0,15.75,14,5.82391152783119,7.59161523044176,1
541,0,15.75,14,7.59161523044176,8.74351804959703,1
541,0,15.75,14,8.74351804959703,9.57623831666834,1
541,0,15.75,14,9.57623831666834,10.2186112608677,1
541,0,15.75,14,10.2186112608677,11.0085166146733,1
541,0,15.75,14,11.0085166146733,11.0997764567521,1
541,0,15.75,14,11.0997764567521,12.5024353492172,1
541,0,15.75,14,12.5024353492172,13.024429838494,1
541,0,15.75,14,13.024429838494,13.9124535095804,1
541,0,15.75,14,13.9124535095804,14.1465661218398,1
541,0,15.75,14,14.1465661218398,14.7047842763017,1
541,0,15.75,14,14.7047842763017,15.0810542905061,1
541,0,15.75,14,15.0810542905061,15.5706094712801,1
541,0,15.75,14,15.5706094712801,15.75,0
542,0,17.75,16,0,4.50210360407234,1
542,0,17.75,16,4.50210360407234,6.28806301917841,1
542,0,17.75,16,6.28806301917841,7.16698794644634,1
542,0,17.75,16,7.16698794644634,8.17528661386819,1
542,0,17.75,16,8.17528661386819,8.81611706019862,1
542,0,17.75,16,8.81611706019862,9.16558041093558,1
542,0,17.75,16,9.16558041093558,9.41470017886794,1
542,0,17.75,16,9.41470017886794,9.4915121130383,1
542,0,17.75,16,9.4915121130383,9.59276431871619,1
542,0,17.75,16,9.59276431871619,9.60060137002956,1
542,0,17.75,16,9.60060137002956,11.4217918443552,1
542,0,17.75,16,11.4217918443552,11.4504197043974,1
542,0,17.75,16,11.4504197043974,12.1513548680866,1
542,0,17.75,16,12.1513548680866,14.5617246439562,1
542,0,17.75,16,14.5617246439562,15.9202261676525,1
542,0,17.75,16,15.9202261676525,17.3233839774087,1
542,0,17.75,16,17.3233839774087,17.75,0
543,0,19.75,27,0,3.11420978553996,1
543,0,19.75,27,3.11420978553996,3.35794312374265,1
543,0,19.75,27,3.35794312374265,5.60270973057621,1
543,0,19.75,27,5.60270973057621,5.77564298559526,1
543,0,19.75,27,5.77564298559526,6.51785205042571,1
543,0,19.75,27,6.51785205042571,7.67758175125357,1
543,0,19.75,27,7.67758175125357,8.81989403288132,1
543,0,19.75,27,8.81989403288132,11.0931804191458,1
543,0,19.75,27,11.0931804191458,12.9012627292632,1
543,0,19.75,27,12.9012627292632,12.9717771698768,1
543,0,19.75,27,12.9717771698768,13.0122618998133,1
543,0,19.75,27,13.0122618998133,13.1915622981131,1
543,0,19.75,27,13.1915622981131,13.1980547658562,1
543,0,19.75,27,13.1980547658562,13.2640008929968,1
543,0,19.75,27,13.2640008929968,13.8820344437639,1
543,0,19.75,27,13.8820344437639,14.1122480327631,1
543,0,19.75,27,14.1122480327631,14.5221013033615,1
543,0,19.75,27,14.5221013033615,14.6468493387028,1
543,0,19.75,27,14.6468493387028,14.8193999982774,1
543,0,19.75,27,14.8193999982774,15.5686501877907,1
543,0,19.75,27,15.5686501877907,16.3287387730104,1
543,0,19.75,27,16.3287387730104,16.6976933614987,1
543,0,19.75,27,16.6976933614987,17.3571275549478,1
543,0,19.75,27,17.3571275549478,18.0358263176919,1
543,0,19.75,27,18.0358263176919,18.4256685753406,1
543,0,19.75,27,18.4256685753406,19.4158132112656,1
543,0,19.75,27,19.4158132112656,19.5752589840457,1
543,0,19.75,27,19.5752589840457,19.75,0
544,0,11.75,4,0,6.1782173809458,1
544,0,11.75,4,6.1782173809458,6.4908469570053,1
544,0,11.75,4,6.4908469570053,10.3243048398778,1
544,0,11.75,4,10.3243048398778,10.7110225900075,1
544,0,11.75,4,10.7110225900075,11.75,0
545,0,8.75,2,0,3.63647500108694,1
545,0,8.75,2,3.63647500108694,5.4370852916483,1
545,0,8.75,2,5.4370852916483,8.75,0
546,0,15.75,10,0,7.86606184459992,1
546,0,15.75,10,7.86606184459992,9.5145951775634,1
546,0,15.75,10,9.5145951775634,10.6224051005592,1
546,0,15.75,10,10.6224051005592,11.4483167596893,1
546,0,15.75,10,11.4483167596893,13.0556536500445,1
546,0,15.75,10,13.0556536500445,14.3062494795748,1
546,0,15.75,10,14.3062494795748,14.5705883993975,1
546,0,15.75,10,14.5705883993975,15.3340669185645,1
546,0,15.75,10,15.3340669185645,15.5640359922382,1
546,0,15.75,10,15.5640359922382,15.6574532908804,1
546,0,15.75,10,15.6574532908804,15.75,0
547,0,15.75,12,0,3.06826041391765,1
547,0,15.75,12,3.06826041391765,8.06716635600414,1
547,0,15.75,12,8.06716635600414,9.08380252953368,1
547,0,15.75,12,9.08380252953368,9.96494701598328,1
547,0,15.75,12,9.96494701598328,12.1956681127394,1
547,0,15.75,12,12.1956681127394,12.588329661785,1
547,0,15.75,12,12.588329661785,13.8903672706266,1
547,0,15.75,12,13.8903672706266,14.1496450562083,1
547,0,15.75,12,14.1496450562083,14.2710662857626,1
547,0,15.75,12,14.2710662857626,14.8333385315639,1
547,0,15.75,12,14.8333385315639,15.4500051008443,1
547,0,15.75,12,15.4500051008443,15.6196329770754,1
547,0,15.75,12,15.6196329770754,15.75,0
548,0,19.75,15,0,4.37446635506894,1
548,0,19.75,15,4.37446635506894,5.23443567827898,1
548,0,19.75,15,5.23443567827898,5.40370233642146,1
548,0,19.75,15,5.40370233642146,5.55586626704857,1
548,0,19.75,15,5.55586626704857,6.77001776033838,1
548,0,19.75,15,6.77001776033838,7.47396145204437,1
548,0,19.75,15,7.47396145204437,8.1583908214516,1
548,0,19.75,15,8.1583908214516,8.38938234335659,1
548,0,19.75,15,8.38938234335659,9.17447243897673,1
548,0,19.75,15,9.17447243897673,10.8839363906393,1
548,0,19.75,15,10.8839363906393,11.2393629154173,1
548,0,19.75,15,11.2393629154173,12.0298115748996,1
548,0,19.75,15,12.0298115748996,12.6168376829583,1
548,0,19.75,15,12.6168376829583,16.7266298663189,1
548,0,19.75,15,16.7266298663189,17.7256575718611,1
548,0,19.75,15,17.7256575718611,19.75,0
549,0,15.75,13,0,3.91269884665738,1
549,0,15.75,13,3.91269884665738,4.25742222066386,1
549,0,15.75,13,4.25742222066386,4.62282929288344,1
549,0,15.75,13,4.62282929288344,6.71162872654829,1
549,0,15.75,13,6.71162872654829,9.00666695004263,1
549,0,15.75,13,9.00666695004263,10.502948141194,1
549,0,15.75,13,10.502948141194,11.1958909858721,1
549,0,15.75,13,11.1958909858721,11.4253491656567,1
549,0,15.75,13,11.4253491656567,13.0074883878377,1
549,0,15.75,13,13.0074883878377,13.1910483388284,1
549,0,15.75,13,13.1910483388284,13.6721801159161,1
549,0,15.75,13,13.6721801159161,13.9872120288499,1
549,0,15.75,13,13.9872120288499,14.8287219871114,1
549,0,15.75,13,14.8287219871114,15.75,0
550,0,12.75,3,0,5.97438567218962,1
550,0,12.75,3,5.97438567218962,11.4365851608346,1
550,0,12.75,3,11.4365851608346,12.4389210660151,1
550,0,12.75,3,12.4389210660151,12.75,0
551,0,17.75,4,0,8.5207016464599,1
551,0,17.75,4,8.5207016464599,8.69081334988304,1
551,0,17.75,4,8.69081334988304,13.2098478817785,1
551,0,17.75,4,13.2098478817785,16.3328857494114,1
551,0,17.75,4,16.3328857494114,17.75,0
552,0,7.75,1,0,5.14304258352041,1
552,0,7.75,1,5.14304258352041,7.75,0
553,0,12.75,10,0,3.48246878870637,1
553,0,12.75,10,3.48246878870637,4.85532988019683,1
553,0,12.75,10,4.85532988019683,5.11723858145455,1
553,0,12.75,10,5.11723858145455,6.26388011530447,1
553,0,12.75,10,6.26388011530447,8.5456278076353,1
553,0,12.75,10,8.5456278076353,10.0096258907298,1
553,0,12.75,10,10.0096258907298,11.6339722267432,1
553,0,12.75,10,11.6339722267432,11.942323865322,1
553,0,12.75,10,11.942323865322,12.2620777538455,1
553,0,12.75,10,12.2620777538455,12.6698437124539,1
553,0,12.75,10,12.6698437124539,12.75,0
554,0,16.75,6,0,6.91535058616853,1
554,0,16.75,6,6.91535058616853,8.88664997617783,1
554,0,16.75,6,8.88664997617783,11.9277935242545,1
554,0,16.75,6,11.9277935242545,12.3143193413214,1
554,0,16.75,6,12.3143193413214,13.0567778583517,1
554,0,16.75,6,13.0567778583517,13.3779130644362,1
554,0,16.75,6,13.3779130644362,16.75,0
555,0,13.75,3,0,4.37809035719648,1
555,0,13.75,3,4.37809035719648,8.82405651489403,1
555,0,13.75,3,8.82405651489403,10.595044725406,1
555,0,13.75,3,10.595044725406,13.75,0
556,0,17.75,12,0,3.67953097941979,1
556,0,17.75,12,3.67953097941979,9.57826907603873,1
556,0,17.75,12,9.57826907603873,10.7769002463196,1
556,0,17.75,12,10.7769002463196,10.9934797837591,1
556,0,17.75,12,10.9934797837591,13.1362264872708,1
556,0,17.75,12,13.1362264872708,13.731931916836,1
556,0,17.75,12,13.731931916836,14.1140896702639,1
556,0,17.75,12,14.1140896702639,14.1333807375459,1
556,0,17.75,12,14.1333807375459,15.0658612338157,1
556,0,17.75,12,15.0658612338157,16.1219411810937,1
556,0,17.75,12,16.1219411810937,17.3892914401482,1
556,0,17.75,12,17.3892914401482,17.5847868463877,1
556,0,17.75,12,17.5847868463877,17.75,0
557,0,15.75,21,0,3.01673706857831,1
557,0,15.75,21,3.01673706857831,5.39897488827709,1
557,0,15.75,21,5.39897488827709,6.58898257689446,1
557,0,15.75,21,6.58898257689446,6.88249086769299,1
557,0,15.75,21,6.88249086769299,7.86438284338783,1
557,0,15.75,21,7.86438284338783,8.30505925847446,1
557,0,15.75,21,8.30505925847446,8.80979108576654,1
557,0,15.75,21,8.80979108576654,8.97274099653936,1
557,0,15.75,21,8.97274099653936,9.57230043991271,1
557,0,15.75,21,9.57230043991271,9.90315202031343,1
557,0,15.75,21,9.90315202031343,9.96307857597118,1
557,0,15.75,21,9.96307857597118,10.0044625820406,1
557,0,15.75,21,10.0044625820406,10.2844193374931,1
557,0,15.75,21,10.2844193374931,10.395916768744,1
557,0,15.75,21,10.395916768744,11.9687485229187,1
557,0,15.75,21,11.9687485229187,12.0895514892064,1
557,0,15.75,21,12.0895514892064,12.1845109863883,1
557,0,15.75,21,12.1845109863883,13.5379322141217,1
557,0,15.75,21,13.5379322141217,14.1559434929733,1
557,0,15.75,21,14.1559434929733,14.2413770277127,1
557,0,15.75,21,14.2413770277127,15.6955264294933,1
557,0,15.75,21,15.6955264294933,15.75,0
558,0,12.75,5,0,3.37795682066085,1
558,0,12.75,5,3.37795682066085,3.59791869186774,1
558,0,12.75,5,3.59791869186774,9.70820395196042,1
558,0,12.75,5,9.70820395196042,11.0170844140496,1
558,0,12.75,5,11.0170844140496,12.2924946741374,1
558,0,12.75,5,12.2924946741374,12.75,0
559,0,8.75,11,0,1.95598209497884,1
559,0,8.75,11,1.95598209497884,2.23083322220981,1
559,0,8.75,11,2.23083322220981,2.75520189161021,1
559,0,8.75,11,2.75520189161021,3.60157560317165,1
559,0,8.75,11,3.60157560317165,3.73631392980401,1
559,0,8.75,11,3.73631392980401,4.24689137130038,1
559,0,8.75,11,4.24689137130038,4.59661852290105,1
559,0,8.75,11,4.59661852290105,7.76686245256951,1
559,0,8.75,11,7.76686245256951,8.12440049792195,1
559,0,8.75,11,8.12440049792195,8.4881096265976,1
559,0,8.75,11,8.4881096265976,8.67583753556903,1
559,0,8.75,11,8.67583753556903,8.75,0
560,0,9.75,6,0,2.37021102441569,1
560,0,9.75,6,2.37021102441569,2.72608849713978,1
560,0,9.75,6,2.72608849713978,4.55550835442903,1
560,0,9.75,6,4.55550835442903,6.67142491866766,1
560,0,9.75,6,6.67142491866766,7.76536116982505,1
560,0,9.75,6,7.76536116982505,9.54944529054304,1
560,0,9.75,6,9.54944529054304,9.75,0
561,0,18.75,21,0,4.91487620517405,1
561,0,18.75,21,4.91487620517405,8.12009349090055,1
561,0,18.75,21,8.12009349090055,8.94884443809577,1
561,0,18.75,21,8.94884443809577,10.0593407813067,1
561,0,18.75,21,10.0593407813067,11.1768720373729,1
561,0,18.75,21,11.1768720373729,11.549793688364,1
561,0,18.75,21,11.549793688364,12.0775111594582,1
561,0,18.75,21,12.0775111594582,12.4425836222329,1
561,0,18.75,21,12.4425836222329,12.7550290050163,1
561,0,18.75,21,12.7550290050163,12.9800053037841,1
561,0,18.75,21,12.9800053037841,13.028973159765,1
561,0,18.75,21,13.028973159765,13.4236432434849,1
561,0,18.75,21,13.4236432434849,13.6201619150168,1
561,0,18.75,21,13.6201619150168,13.9882043563088,1
561,0,18.75,21,13.9882043563088,14.6511657090919,1
561,0,18.75,21,14.6511657090919,14.6665288949204,1
561,0,18.75,21,14.6665288949204,15.2520020244188,1
561,0,18.75,21,15.2520020244188,15.5700817762556,1
561,0,18.75,21,15.5700817762556,16.7926750623749,1
561,0,18.75,21,16.7926750623749,17.6183374968649,1
561,0,18.75,21,17.6183374968649,18.5210390897733,1
561,0,18.75,21,18.5210390897733,18.75,0
562,0,15.75,10,0,2.3400240881879,1
562,0,15.75,10,2.3400240881879,7.104465029962,1
562,0,15.75,10,7.104465029962,8.64416180792839,1
562,0,15.75,10,8.64416180792839,10.4146689245464,1
562,0,15.75,10,10.4146689245464,12.4945914254974,1
562,0,15.75,10,12.4945914254974,13.9919096458699,1
562,0,15.75,10,13.9919096458699,14.1323087154129,1
562,0,15.75,10,14.1323087154129,15.1023262847246,1
562,0,15.75,10,15.1023262847246,15.5222951141137,1
562,0,15.75,10,15.5222951141137,15.6192675560397,1
562,0,15.75,10,15.6192675560397,15.75,0
563,0,18.75,39,0,1.89670346349463,1
563,0,18.75,39,1.89670346349463,2.64962395284893,1
563,0,18.75,39,2.64962395284893,3.30438891194401,1
563,0,18.75,39,3.30438891194401,3.8923589497376,1
563,0,18.75,39,3.8923589497376,4.99910420531696,1
563,0,18.75,39,4.99910420531696,5.13598028669614,1
563,0,18.75,39,5.13598028669614,6.75562236439081,1
563,0,18.75,39,6.75562236439081,6.85870289692645,1
563,0,18.75,39,6.85870289692645,7.32468107559935,1
563,0,18.75,39,7.32468107559935,7.33417005942189,1
563,0,18.75,39,7.33417005942189,7.4674270437959,1
563,0,18.75,39,7.4674270437959,8.10870429251297,1
563,0,18.75,39,8.10870429251297,8.24645521786488,1
563,0,18.75,39,8.24645521786488,9.60380709261533,1
563,0,18.75,39,9.60380709261533,10.2263564532285,1
563,0,18.75,39,10.2263564532285,10.3406959304296,1
563,0,18.75,39,10.3406959304296,10.9586484765402,1
563,0,18.75,39,10.9586484765402,11.0282176242025,1
563,0,18.75,39,11.0282176242025,11.5511959876151,1
563,0,18.75,39,11.5511959876151,13.1026075467013,1
563,0,18.75,39,13.1026075467013,13.9111905150088,1
563,0,18.75,39,13.9111905150088,14.0892177824968,1
563,0,18.75,39,14.0892177824968,14.9145114543043,1
563,0,18.75,39,14.9145114543043,15.0672341196007,1
563,0,18.75,39,15.0672341196007,15.4198475647874,1
563,0,18.75,39,15.4198475647874,16.2478077303547,1
563,0,18.75,39,16.2478077303547,16.4976520293624,1
563,0,18.75,39,16.4976520293624,17.4661600318845,1
563,0,18.75,39,17.4661600318845,17.598232467715,1
563,0,18.75,39,17.598232467715,17.6878477678323,1
563,0,18.75,39,17.6878477678323,17.7517411540918,1
563,0,18.75,39,17.7517411540918,18.0806678545292,1
563,0,18.75,39,18.0806678545292,18.1516286592837,1
563,0,18.75,39,18.1516286592837,18.250541807201,1
563,0,18.75,39,18.250541807201,18.5369147896596,1
563,0,18.75,39,18.5369147896596,18.6280951011285,1
563,0,18.75,39,18.6280951011285,18.6386142790046,1
563,0,18.75,39,18.6386142790046,18.6484146969601,1
563,0,18.75,39,18.6484146969601,18.6988939731713,1
563,0,18.75,39,18.6988939731713,18.75,0
564,0,15.75,6,0,3.06077542912047,1
564,0,15.75,6,3.06077542912047,8.78473553097375,1
564,0,15.75,6,8.78473553097375,10.3436395914072,1
564,0,15.75,6,10.3436395914072,11.7026089101117,1
564,0,15.75,6,11.7026089101117,13.8871850013455,1
564,0,15.75,6,13.8871850013455,14.8450974899437,1
564,0,15.75,6,14.8450974899437,15.75,0
565,0,15.75,10,0,5.7921270086526,1
565,0,15.75,10,5.7921270086526,7.40251841853786,1
565,0,15.75,10,7.40251841853786,8.8249769845243,1
565,0,15.75,10,8.8249769845243,9.74875155992582,1
565,0,15.75,10,9.74875155992582,11.3522565432358,1
565,0,15.75,10,11.3522565432358,12.0846921297652,1
565,0,15.75,10,12.0846921297652,12.7040442093469,1
565,0,15.75,10,12.7040442093469,12.9413283282669,1
565,0,15.75,10,12.9413283282669,12.9421957813928,1
565,0,15.75,10,12.9421957813928,15.2253939556268,1
565,0,15.75,10,15.2253939556268,15.75,0
566,0,15.75,6,0,5.41887807287015,1
566,0,15.75,6,5.41887807287015,9.1006482058641,1
566,0,15.75,6,9.1006482058641,10.808794493359,1
566,0,15.75,6,10.808794493359,10.8351781405478,1
566,0,15.75,6,10.8351781405478,11.2616325294657,1
566,0,15.75,6,11.2616325294657,13.189984963701,1
566,0,15.75,6,13.189984963701,15.75,0
567,0,15.75,8,0,2.54341975139246,1
567,0,15.75,8,2.54341975139246,7.30146539195311,1
567,0,15.75,8,7.30146539195311,8.02062704555743,1
567,0,15.75,8,8.02062704555743,9.0618188534228,1
567,0,15.75,8,9.0618188534228,11.5866873313339,1
567,0,15.75,8,11.5866873313339,13.8213418522569,1
567,0,15.75,8,13.8213418522569,14.231764570267,1
567,0,15.75,8,14.231764570267,15.0606110725348,1
567,0,15.75,8,15.0606110725348,15.75,0
568,0,12.75,8,0,3.89442997935683,1
568,0,12.75,8,3.89442997935683,4.25018817282006,1
568,0,12.75,8,4.25018817282006,4.6512040664179,1
568,0,12.75,8,4.6512040664179,4.88192958656204,1
568,0,12.75,8,4.88192958656204,8.0171478677714,1
568,0,12.75,8,8.0171478677714,10.0350540444211,1
568,0,12.75,8,10.0350540444211,12.0151446129002,1
568,0,12.75,8,12.0151446129002,12.6722878502141,1
568,0,12.75,8,12.6722878502141,12.75,0
569,0,15.75,2,0,3.45615779016168,1
569,0,15.75,2,3.45615779016168,9.11572179209994,1
569,0,15.75,2,9.11572179209994,15.75,0
570,0,14.75,7,0,0.497249718282175,1
570,0,14.75,7,0.497249718282175,1.54999172940518,1
570,0,14.75,7,1.54999172940518,4.19332166796434,1
570,0,14.75,7,4.19332166796434,7.17713368487606,1
570,0,14.75,7,7.17713368487606,10.4851595193389,1
570,0,14.75,7,10.4851595193389,12.8054191267664,1
570,0,14.75,7,12.8054191267664,13.8635820038554,1
570,0,14.75,7,13.8635820038554,14.75,0
571,0,11.75,8,0,5.92082214179248,1
571,0,11.75,8,5.92082214179248,6.90837405535978,1
571,0,11.75,8,6.90837405535978,7.87055289808108,1
571,0,11.75,8,7.87055289808108,8.41585860121595,1
571,0,11.75,8,8.41585860121595,10.1382776420626,1
571,0,11.75,8,10.1382776420626,10.4952003127474,1
571,0,11.75,8,10.4952003127474,10.7402974486282,1
571,0,11.75,8,10.7402974486282,11.4337219630231,1
571,0,11.75,8,11.4337219630231,11.75,0
572,0,17.75,10,0,6.71267363888686,1
572,0,17.75,10,6.71267363888686,8.62860648366311,1
572,0,17.75,10,8.62860648366311,9.36739816485199,1
572,0,17.75,10,9.36739816485199,12.5746976692039,1
572,0,17.75,10,12.5746976692039,12.6843077332384,1
572,0,17.75,10,12.6843077332384,12.915455026929,1
572,0,17.75,10,12.915455026929,13.0492892103273,1
572,0,17.75,10,13.0492892103273,14.4499400791656,1
572,0,17.75,10,14.4499400791656,17.6072646141653,1
572,0,17.75,10,17.6072646141653,17.6663503317552,1
572,0,17.75,10,17.6663503317552,17.75,0
573,0,10.75,19,0,2.76754537132828,1
573,0,10.75,19,2.76754537132828,3.90011162751812,1
573,0,10.75,19,3.90011162751812,5.47458240104081,1
573,0,10.75,19,5.47458240104081,5.93207299153351,1
573,0,10.75,19,5.93207299153351,6.1380930780065,1
573,0,10.75,19,6.1380930780065,6.15836832556636,1
573,0,10.75,19,6.15836832556636,6.67946515542516,1
573,0,10.75,19,6.67946515542516,7.0445371206147,1
573,0,10.75,19,7.0445371206147,7.3069303100346,1
573,0,10.75,19,7.3069303100346,8.22356563869344,1
573,0,10.75,19,8.22356563869344,8.47768483140127,1
573,0,10.75,19,8.47768483140127,8.94558136487517,1
573,0,10.75,19,8.94558136487517,8.95965758930713,1
573,0,10.75,19,8.95965758930713,8.9645339574453,1
573,0,10.75,19,8.9645339574453,9.35182978161771,1
573,0,10.75,19,9.35182978161771,9.90249586744807,1
573,0,10.75,19,9.90249586744807,10.4938639963092,1
573,0,10.75,19,10.4938639963092,10.7424897496661,1
573,0,10.75,19,10.7424897496661,10.7446706342966,1
573,0,10.75,19,10.7446706342966,10.75,0
574,0,8.75,7,0,0.645197759719837,1
574,0,8.75,7,0.645197759719837,5.05231365630946,1
574,0,8.75,7,5.05231365630946,6.03037200057605,1
574,0,8.75,7,6.03037200057605,6.19840180638762,1
574,0,8.75,7,6.19840180638762,6.36189645792143,1
574,0,8.75,7,6.36189645792143,7.72910925775456,1
574,0,8.75,7,7.72910925775456,7.78621850078962,1
574,0,8.75,7,7.78621850078962,8.75,0
575,0,9.75,6,0,1.259069794332,1
575,0,9.75,6,1.259069794332,1.45041807055102,1
575,0,9.75,6,1.45041807055102,1.80397336569564,1
575,0,9.75,6,1.80397336569564,4.31406330263342,1
575,0,9.75,6,4.31406330263342,7.9088451784541,1
575,0,9.75,6,7.9088451784541,7.97230252995628,1
575,0,9.75,6,7.97230252995628,9.75,0
576,0,19.75,39,0,3.55245582166472,1
576,0,19.75,39,3.55245582166472,5.89550973288838,1
576,0,19.75,39,5.89550973288838,6.91312835822771,1
576,0,19.75,39,6.91312835822771,7.6205822405655,1
576,0,19.75,39,7.6205822405655,9.30063002964338,1
576,0,19.75,39,9.30063002964338,9.39828904217696,1
576,0,19.75,39,9.39828904217696,9.58735594048677,1
576,0,19.75,39,9.58735594048677,10.9645553019934,1
576,0,19.75,39,10.9645553019934,11.0916142736489,1
576,0,19.75,39,11.0916142736489,11.1281188170276,1
576,0,19.75,39,11.1281188170276,11.5713222086325,1
576,0,19.75,39,11.5713222086325,11.8015083178202,1
576,0,19.75,39,11.8015083178202,12.3231160875855,1
576,0,19.75,39,12.3231160875855,12.4783416099259,1
576,0,19.75,39,12.4783416099259,13.1111256196228,1
576,0,19.75,39,13.1111256196228,13.409757822388,1
576,0,19.75,39,13.409757822388,14.0094864366541,1
576,0,19.75,39,14.0094864366541,14.0377478908824,1
576,0,19.75,39,14.0377478908824,14.1983565226015,1
576,0,19.75,39,14.1983565226015,14.3523730316443,1
576,0,19.75,39,14.3523730316443,14.9920699617883,1
576,0,19.75,39,14.9920699617883,15.4319600602071,1
576,0,19.75,39,15.4319600602071,16.0505653915029,1
576,0,19.75,39,16.0505653915029,16.1904238818851,1
576,0,19.75,39,16.1904238818851,16.3556700152315,1
576,0,19.75,39,16.3556700152315,16.5061276714716,1
576,0,19.75,39,16.5061276714716,16.9139839206844,1
576,0,19.75,39,16.9139839206844,16.955979551828,1
576,0,19.75,39,16.955979551828,17.0647792666069,1
576,0,19.75,39,17.0647792666069,17.3986220873057,1
576,0,19.75,39,17.3986220873057,17.5682433699067,1
576,0,19.75,39,17.5682433699067,17.6652417837468,1
576,0,19.75,39,17.6652417837468,18.3166353736201,1
576,0,19.75,39,18.3166353736201,18.6701265325528,1
576,0,19.75,39,18.6701265325528,19.1075128367888,1
576,0,19.75,39,19.1075128367888,19.1189790989872,1
576,0,19.75,39,19.1189790989872,19.5228253417732,1
576,0,19.75,39,19.5228253417732,19.6283139157385,1
576,0,19.75,39,19.6283139157385,19.7064985189492,1
576,0,19.75,39,19.7064985189492,19.75,0
577,0,10.75,3,0,2.2272307513466,1
577,0,10.75,3,2.2272307513466,4.1580636050731,1
577,0,10.75,3,4.1580636050731,10.1288842595789,1
577,0,10.75,3,10.1288842595789,10.75,0
578,0,13.75,23,0,2.89411339458225,1
578,0,13.75,23,2.89411339458225,4.35698111528449,1
578,0,13.75,23,4.35698111528449,4.67697552143173,1
578,0,13.75,23,4.67697552143173,5.46793577539551,1
578,0,13.75,23,5.46793577539551,5.92995873766307,1
578,0,13.75,23,5.92995873766307,6.71657073840928,1
578,0,13.75,23,6.71657073840928,7.20052535651697,1
578,0,13.75,23,7.20052535651697,8.57625350405826,1
578,0,13.75,23,8.57625350405826,8.63384312084711,1
578,0,13.75,23,8.63384312084711,8.830524990462,1
578,0,13.75,23,8.830524990462,8.86691330746109,1
578,0,13.75,23,8.86691330746109,9.48130538108722,1
578,0,13.75,23,9.48130538108722,10.0592309261304,1
578,0,13.75,23,10.0592309261304,10.4988913895009,1
578,0,13.75,23,10.4988913895009,10.5875981463959,1
578,0,13.75,23,10.5875981463959,10.9344141707021,1
578,0,13.75,23,10.9344141707021,10.9782886027402,1
578,0,13.75,23,10.9782886027402,11.7109247102569,1
578,0,13.75,23,11.7109247102569,12.1843826687955,1
578,0,13.75,23,12.1843826687955,12.5657492256025,1
578,0,13.75,23,12.5657492256025,12.8885351664128,1
578,0,13.75,23,12.8885351664128,13.4416232449165,1
578,0,13.75,23,13.4416232449165,13.6991361082305,1
578,0,13.75,23,13.6991361082305,13.75,0
579,0,10.75,7,0,0.664029160871866,1
579,0,10.75,7,0.664029160871866,4.87349441850863,1
579,0,10.75,7,4.87349441850863,6.97528777724392,1
579,0,10.75,7,6.97528777724392,9.05483098822393,1
579,0,10.75,7,9.05483098822393,9.51406590629117,1
579,0,10.75,7,9.51406590629117,9.52139495952892,1
579,0,10.75,7,9.52139495952892,10.06629520896,1
579,0,10.75,7,10.06629520896,10.75,0
580,0,9.75,3,0,4.4833925737237,1
580,0,9.75,3,4.4833925737237,5.33803576566915,1
580,0,9.75,3,5.33803576566915,7.15787598748763,1
580,0,9.75,3,7.15787598748763,9.75,0
581,0,9.75,4,0,3.41106041558976,1
581,0,9.75,4,3.41106041558976,5.621390401998,1
581,0,9.75,4,5.621390401998,7.28395886405784,1
581,0,9.75,4,7.28395886405784,9.66578768383075,1
581,0,9.75,4,9.66578768383075,9.75,0
582,0,9.75,11,0,3.35621980497579,1
582,0,9.75,11,3.35621980497579,3.7663240600316,1
582,0,9.75,11,3.7663240600316,6.035750280975,1
582,0,9.75,11,6.035750280975,6.10520458604878,1
582,0,9.75,11,6.10520458604878,6.8337408840509,1
582,0,9.75,11,6.8337408840509,7.10963241658472,1
582,0,9.75,11,7.10963241658472,7.26319779277564,1
582,0,9.75,11,7.26319779277564,8.49130527698579,1
582,0,9.75,11,8.49130527698579,8.97455146503198,1
582,0,9.75,11,8.97455146503198,9.15840372498074,1
582,0,9.75,11,9.15840372498074,9.35551283682083,1
582,0,9.75,11,9.35551283682083,9.75,0
583,0,15.75,8,0,6.74166183672589,1
583,0,15.75,8,6.74166183672589,10.5902244411126,1
583,0,15.75,8,10.5902244411126,10.9370428923785,1
583,0,15.75,8,10.9370428923785,12.1038941298426,1
583,0,15.75,8,12.1038941298426,15.190830570028,1
583,0,15.75,8,15.190830570028,15.2646377148028,1
583,0,15.75,8,15.2646377148028,15.3150547636799,1
583,0,15.75,8,15.3150547636799,15.5720487848637,1
583,0,15.75,8,15.5720487848637,15.75,0
584,0,12.75,11,0,3.29252042527187,1
584,0,12.75,11,3.29252042527187,5.34450142320487,1
584,0,12.75,11,5.34450142320487,5.43754545271524,1
584,0,12.75,11,5.43754545271524,7.62789473886678,1
584,0,12.75,11,7.62789473886678,8.07724704187863,1
584,0,12.75,11,8.07724704187863,8.10215361821738,1
584,0,12.75,11,8.10215361821738,11.5868930368671,1
584,0,12.75,11,11.5868930368671,11.6474015129924,1
584,0,12.75,11,11.6474015129924,11.9859882050865,1
584,0,12.75,11,11.9859882050865,12.3135236588222,1
584,0,12.75,11,12.3135236588222,12.3459396792264,1
584,0,12.75,11,12.3459396792264,12.75,0
585,0,10.75,9,0,5.57091217410704,1
585,0,10.75,9,5.57091217410704,6.93488184228109,1
585,0,10.75,9,6.93488184228109,7.02113535025947,1
585,0,10.75,9,7.02113535025947,7.32125164896163,1
585,0,10.75,9,7.32125164896163,7.86256725882012,1
585,0,10.75,9,7.86256725882012,8.66400362894167,1
585,0,10.75,9,8.66400362894167,8.86950826442592,1
585,0,10.75,9,8.86950826442592,9.02332223738945,1
585,0,10.75,9,9.02332223738945,9.98211767357043,1
585,0,10.75,9,9.98211767357043,10.75,0
586,0,12.75,7,0,0.822404922546554,1
586,0,12.75,7,0.822404922546554,3.42576754434498,1
586,0,12.75,7,3.42576754434498,4.17366593661499,1
586,0,12.75,7,4.17366593661499,5.38254654924998,1
586,0,12.75,7,5.38254654924998,9.0468595679766,1
586,0,12.75,7,9.0468595679766,9.38671245747331,1
586,0,12.75,7,9.38671245747331,11.2904817361475,1
586,0,12.75,7,11.2904817361475,12.75,0
587,0,8.75,11,0,2.35370689318573,1
587,0,8.75,11,2.35370689318573,3.61608662570769,1
587,0,8.75,11,3.61608662570769,3.72492821669318,1
587,0,8.75,11,3.72492821669318,3.76698819868998,1
587,0,8.75,11,3.76698819868998,3.98711440008709,1
587,0,8.75,11,3.98711440008709,4.01088267961632,1
587,0,8.75,11,4.01088267961632,4.52813982692896,1
587,0,8.75,11,4.52813982692896,5.09965318835048,1
587,0,8.75,11,5.09965318835048,6.3246908713198,1
587,0,8.75,11,6.3246908713198,6.5382062062087,1
587,0,8.75,11,6.5382062062087,7.3896019343102,1
587,0,8.75,11,7.3896019343102,8.75,0
588,0,10.75,6,0,1.28608358162301,1
588,0,10.75,6,1.28608358162301,1.38429916632067,1
588,0,10.75,6,1.38429916632067,3.72075563359161,1
588,0,10.75,6,3.72075563359161,6.03880489371166,1
588,0,10.75,6,6.03880489371166,6.12731976783396,1
588,0,10.75,6,6.12731976783396,7.98546696774357,1
588,0,10.75,6,7.98546696774357,10.75,0
589,0,16.75,12,0,4.919161493064,1
589,0,16.75,12,4.919161493064,6.83820729937404,1
589,0,16.75,12,6.83820729937404,7.25928968144293,1
589,0,16.75,12,7.25928968144293,7.32135657212314,1
589,0,16.75,12,7.32135657212314,7.65285765616726,1
589,0,16.75,12,7.65285765616726,8.59506285683556,1
589,0,16.75,12,8.59506285683556,8.61719325126623,1
589,0,16.75,12,8.61719325126623,9.22227849077112,1
589,0,16.75,12,9.22227849077112,9.22882262744061,1
589,0,16.75,12,9.22882262744061,13.0678151318898,1
589,0,16.75,12,13.0678151318898,13.4731883866045,1
589,0,16.75,12,13.4731883866045,15.2354467853112,1
589,0,16.75,12,15.2354467853112,16.75,0
590,0,11.75,8,0,5.59596120208557,1
590,0,11.75,8,5.59596120208557,6.09554624613565,1
590,0,11.75,8,6.09554624613565,6.20446033245917,1
590,0,11.75,8,6.20446033245917,8.7387602870666,1
590,0,11.75,8,8.7387602870666,8.75129304095931,1
590,0,11.75,8,8.75129304095931,9.85674761907232,1
590,0,11.75,8,9.85674761907232,9.97906334628584,1
590,0,11.75,8,9.97906334628584,11.0784895508559,1
590,0,11.75,8,11.0784895508559,11.75,0
591,0,17.75,7,0,5.78974067648175,1
591,0,17.75,7,5.78974067648175,11.4501860598544,1
591,0,17.75,7,11.4501860598544,11.4545847891358,1
591,0,17.75,7,11.4545847891358,11.9271232713546,1
591,0,17.75,7,11.9271232713546,14.9255360313338,1
591,0,17.75,7,14.9255360313338,14.9882954013673,1
591,0,17.75,7,14.9882954013673,16.4240968762468,1
591,0,17.75,7,16.4240968762468,17.75,0
592,0,20.75,20,0,1.91241249732756,1
592,0,20.75,20,1.91241249732756,3.20053339303374,1
592,0,20.75,20,3.20053339303374,8.61995528457706,1
592,0,20.75,20,8.61995528457706,8.65207573170016,1
592,0,20.75,20,8.65207573170016,8.91381293900669,1
592,0,20.75,20,8.91381293900669,9.53108163881659,1
592,0,20.75,20,9.53108163881659,10.5245555726659,1
592,0,20.75,20,10.5245555726659,10.5773182602126,1
592,0,20.75,20,10.5773182602126,10.8625126252178,1
592,0,20.75,20,10.8625126252178,11.4811131582015,1
592,0,20.75,20,11.4811131582015,11.9744248192026,1
592,0,20.75,20,11.9744248192026,14.1997314998984,1
592,0,20.75,20,14.1997314998984,15.6562462216926,1
592,0,20.75,20,15.6562462216926,16.3023303957123,1
592,0,20.75,20,16.3023303957123,17.325438943941,1
592,0,20.75,20,17.325438943941,17.5995510517589,1
592,0,20.75,20,17.5995510517589,18.8964087575516,1
592,0,20.75,20,18.8964087575516,19.362598136659,1
592,0,20.75,20,19.362598136659,19.7732778911299,1
592,0,20.75,20,19.7732778911299,19.9885626547287,1
592,0,20.75,20,19.9885626547287,20.75,0
593,0,7.75,0,0,7.75,0
594,0,10.75,6,0,3.14224108385581,1
594,0,10.75,6,3.14224108385581,6.56001403925871,1
594,0,10.75,6,6.56001403925871,6.61300018586245,1
594,0,10.75,6,6.61300018586245,8.75514090323187,1
594,0,10.75,6,8.75514090323187,9.51927624271333,1
594,0,10.75,6,9.51927624271333,10.1136496057448,1
594,0,10.75,6,10.1136496057448,10.75,0
595,0,16.75,24,0,6.59567267357725,1
595,0,16.75,24,6.59567267357725,6.75506434427131,1
595,0,16.75,24,6.75506434427131,8.94807662183818,1
595,0,16.75,24,8.94807662183818,9.19746250634883,1
595,0,16.75,24,9.19746250634883,9.72688341513263,1
595,0,16.75,24,9.72688341513263,10.6436924874204,1
595,0,16.75,24,10.6436924874204,11.5214925938274,1
595,0,16.75,24,11.5214925938274,11.811730805194,1
595,0,16.75,24,11.811730805194,11.9615715358253,1
595,0,16.75,24,11.9615715358253,12.3550325664488,1
595,0,16.75,24,12.3550325664488,12.7455560493661,1
595,0,16.75,24,12.7455560493661,13.8194203059429,1
595,0,16.75,24,13.8194203059429,14.1404833653152,1
595,0,16.75,24,14.1404833653152,14.2029387368702,1
595,0,16.75,24,14.2029387368702,14.3704027609373,1
595,0,16.75,24,14.3704027609373,14.8551354183084,1
595,0,16.75,24,14.8551354183084,15.09113796987,1
595,0,16.75,24,15.09113796987,15.2157970614055,1
595,0,16.75,24,15.2157970614055,15.2596175800291,1
595,0,16.75,24,15.2596175800291,15.3188855856718,1
595,0,16.75,24,15.3188855856718,15.5061460009661,1
595,0,16.75,24,15.5061460009661,15.6364235760209,1
595,0,16.75,24,15.6364235760209,15.81856506386,1
595,0,16.75,24,15.81856506386,15.8326298401791,1
595,0,16.75,24,15.8326298401791,16.75,0
596,0,14.75,29,0,2.03785459492392,1
596,0,14.75,29,2.03785459492392,3.2254422134329,1
596,0,14.75,29,3.2254422134329,3.50232857482599,1
596,0,14.75,29,3.50232857482599,4.08831401974186,1
596,0,14.75,29,4.08831401974186,4.23374254596426,1
596,0,14.75,29,4.23374254596426,6.38883585897513,1
596,0,14.75,29,6.38883585897513,6.95546446461732,1
596,0,14.75,29,6.95546446461732,7.06056251084429,1
596,0,14.75,29,7.06056251084429,7.27901630026149,1
596,0,14.75,29,7.27901630026149,7.4050438969192,1
596,0,14.75,29,7.4050438969192,7.44474791364067,1
596,0,14.75,29,7.44474791364067,7.53365535504535,1
596,0,14.75,29,7.53365535504535,7.85596344913092,1
596,0,14.75,29,7.85596344913092,8.66233372510147,1
596,0,14.75,29,8.66233372510147,9.48937502534976,1
596,0,14.75,29,9.48937502534976,10.6866731822653,1
596,0,14.75,29,10.6866731822653,11.4719768926359,1
596,0,14.75,29,11.4719768926359,11.5106822334605,1
596,0,14.75,29,11.5106822334605,11.5124470814036,1
596,0,14.75,29,11.5124470814036,11.5910225569009,1
596,0,14.75,29,11.5910225569009,11.7491902736307,1
596,0,14.75,29,11.7491902736307,12.7768923417833,1
596,0,14.75,29,12.7768923417833,12.7908362020815,1
596,0,14.75,29,12.7908362020815,12.9318381020863,1
596,0,14.75,29,12.9318381020863,12.984355746558,1
596,0,14.75,29,12.984355746558,13.5523723211289,1
596,0,14.75,29,13.5523723211289,14.2543535074811,1
596,0,14.75,29,14.2543535074811,14.6000043832601,1
596,0,14.75,29,14.6000043832601,14.7375403196205,1
596,0,14.75,29,14.7375403196205,14.75,0
597,0,13.75,2,0,7.1309017862795,1
597,0,13.75,2,7.1309017862795,8.65080873471689,1
597,0,13.75,2,8.65080873471689,13.75,0
598,0,17.75,20,0,0.915719409974236,1
598,0,17.75,20,0.915719409974236,1.15606862472934,1
598,0,17.75,20,1.15606862472934,1.34140826412019,1
598,0,17.75,20,1.34140826412019,2.1828941145066,1
598,0,17.75,20,2.1828941145066,4.66640802071758,1
598,0,17.75,20,4.66640802071758,4.86281427277035,1
598,0,17.75,20,4.86281427277035,5.44121865170218,1
598,0,17.75,20,5.44121865170218,6.51485424146171,1
598,0,17.75,20,6.51485424146171,6.64013142399243,1
598,0,17.75,20,6.64013142399243,7.77688126613226,1
598,0,17.75,20,7.77688126613226,10.9182948160769,1
598,0,17.75,20,10.9182948160769,11.8235536341853,1
598,0,17.75,20,11.8235536341853,12.2700016679255,1
598,0,17.75,20,12.2700016679255,12.7409316119409,1
598,0,17.75,20,12.7409316119409,14.5141360869396,1
598,0,17.75,20,14.5141360869396,14.5818709853459,1
598,0,17.75,20,14.5818709853459,15.6974428212458,1
598,0,17.75,20,15.6974428212458,16.5226832835732,1
598,0,17.75,20,16.5226832835732,16.6176895651367,1
598,0,17.75,20,16.6176895651367,17.4931338185271,1
598,0,17.75,20,17.4931338185271,17.75,0
599,0,13.75,8,0,5.68817418857447,1
599,0,13.75,8,5.68817418857447,7.96021811812711,1
599,0,13.75,8,7.96021811812711,10.1934151054589,1
599,0,13.75,8,10.1934151054589,10.4155137252045,1
599,0,13.75,8,10.4155137252045,11.5088214473339,1
599,0,13.75,8,11.5088214473339,11.7963604675186,1
599,0,13.75,8,11.7963604675186,12.0293133665573,1
599,0,13.75,8,12.0293133665573,13.2916137125939,1
599,0,13.75,8,13.2916137125939,13.75,0
600,0,15.75,8,0,6.24115641775668,1
600,0,15.75,8,6.24115641775668,6.44512651503647,1
600,0,15.75,8,6.44512651503647,8.49477767520358,1
600,0,15.75,8,8.49477767520358,10.1809854957597,1
600,0,15.75,8,10.1809854957597,14.509969312312,1
600,0,15.75,8,14.509969312312,14.8703369361159,1
600,0,15.75,8,14.8703369361159,15.0786374815907,1
600,0,15.75,8,15.0786374815907,15.3081565651438,1
600,0,15.75,8,15.3081565651438,15.75,0
