"id","xi","Tei","n.rec","start","stop","status"
1,1,17.75,10,0,2.17376471917587,1
1,1,17.75,10,2.17376471917587,4.1959723135923,1
1,1,17.75,10,4.1959723135923,4.29403814553926,1
1,1,17.75,10,4.29403814553926,6.31156592148521,1
1,1,17.75,10,6.31156592148521,10.66011665144,1
1,1,17.75,10,10.66011665144,11.9228839391374,1
1,1,17.75,10,11.9228839391374,12.2502619258983,1
1,1,17.75,10,12.2502619258983,14.4796695364712,1
1,1,17.75,10,14.4796695364712,15.2294300526847,1
1,1,17.75,10,15.2294300526847,17.2081318360088,1
1,1,17.75,10,17.2081318360088,17.75,0
2,1,11.75,12,0,2.13410828802742,1
2,1,11.75,12,2.13410828802742,2.55270490058097,1
2,1,11.75,12,2.55270490058097,3.04615394318134,1
2,1,11.75,12,3.04615394318134,7.16196707061161,1
2,1,11.75,12,7.16196707061161,7.19607248058534,1
2,1,11.75,12,7.19607248058534,9.67798064498908,1
2,1,11.75,12,9.67798064498908,10.058587022964,1
2,1,11.75,12,10.058587022964,10.1745363311581,1
2,1,11.75,12,10.1745363311581,10.1845814012654,1
2,1,11.75,12,10.1845814012654,10.4017416667129,1
2,1,11.75,12,10.4017416667129,11.2170323553191,1
2,1,11.75,12,11.2170323553191,11.4162019089389,1
2,1,11.75,12,11.4162019089389,11.75,0
3,1,11.75,3,0,10.3152296099064,1
3,1,11.75,3,10.3152296099064,11.1028836993471,1
3,1,11.75,3,11.1028836993471,11.4297265162062,1
3,1,11.75,3,11.4297265162062,11.75,0
4,1,17.75,12,0,4.36840236234726,1
4,1,17.75,12,4.36840236234726,7.94521350393372,1
4,1,17.75,12,7.94521350393372,10.71479556825,1
4,1,17.75,12,10.71479556825,10.8429726835601,1
4,1,17.75,12,10.8429726835601,11.2523470115307,1
4,1,17.75,12,11.2523470115307,11.2950945343814,1
4,1,17.75,12,11.2950945343814,11.9032493614829,1
4,1,17.75,12,11.9032493614829,11.9638483645229,1
4,1,17.75,12,11.9638483645229,14.2284918990338,1
4,1,17.75,12,14.2284918990338,14.6968472257861,1
4,1,17.75,12,14.6968472257861,14.9886130434886,1
4,1,17.75,12,14.9886130434886,17.1332827008295,1
4,1,17.75,12,17.1332827008295,17.75,0
5,1,9.75,8,0,1.90031930859956,1
5,1,9.75,8,1.90031930859956,3.08514513712008,1
5,1,9.75,8,3.08514513712008,4.04835714081058,1
5,1,9.75,8,4.04835714081058,4.07807009867851,1
5,1,9.75,8,4.07807009867851,6.00484404498779,1
5,1,9.75,8,6.00484404498779,6.87487055935475,1
5,1,9.75,8,6.87487055935475,9.64167263617211,1
5,1,9.75,8,9.64167263617211,9.69591765332904,1
5,1,9.75,8,9.69591765332904,9.75,0
6,1,17.75,10,0,3.87725746242224,1
6,1,17.75,10,3.87725746242224,9.84847899138427,1
6,1,17.75,10,9.84847899138427,12.6722149303852,1
6,1,17.75,10,12.6722149303852,15.3799857710602,1
6,1,17.75,10,15.3799857710602,15.7520348742603,1
6,1,17.75,10,15.7520348742603,15.8235038535068,1
6,1,17.75,10,15.8235038535068,15.9884390247136,1
6,1,17.75,10,15.9884390247136,16.3716131097963,1
6,1,17.75,10,16.3716131097963,16.627898827181,1
6,1,17.75,10,16.627898827181,17.3490196245101,1
6,1,17.75,10,17.3490196245101,17.75,0
7,1,17.75,8,0,8.37730760950688,1
7,1,17.75,8,8.37730760950688,8.70604289341431,1
7,1,17.75,8,8.70604289341431,11.190321858076,1
7,1,17.75,8,11.190321858076,12.6108609196995,1
7,1,17.75,8,12.6108609196995,13.3863025311651,1
7,1,17.75,8,13.3863025311651,13.4975121336057,1
7,1,17.75,8,13.4975121336057,13.5316417324834,1
7,1,17.75,8,13.5316417324834,16.7165432265723,1
7,1,17.75,8,16.7165432265723,17.75,0
8,1,18.75,26,0,6.10963397552426,1
8,1,18.75,26,6.10963397552426,6.49330936149873,1
8,1,18.75,26,6.49330936149873,6.60769389711705,1
8,1,18.75,26,6.60769389711705,6.84145284975378,1
8,1,18.75,26,6.84145284975378,7.78522794903219,1
8,1,18.75,26,7.78522794903219,9.89832705130298,1
8,1,18.75,26,9.89832705130298,10.0906713185324,1
8,1,18.75,26,10.0906713185324,10.8332138533891,1
8,1,18.75,26,10.8332138533891,11.9034428489314,1
8,1,18.75,26,11.9034428489314,12.6076972218913,1
8,1,18.75,26,12.6076972218913,12.7114966622088,1
8,1,18.75,26,12.7114966622088,13.9202038876081,1
8,1,18.75,26,13.9202038876081,14.3216809108236,1
8,1,18.75,26,14.3216809108236,14.428664761791,1
8,1,18.75,26,14.428664761791,14.7378555523211,1
8,1,18.75,26,14.7378555523211,14.9782867911219,1
8,1,18.75,26,14.9782867911219,15.1711578607574,1
8,1,18.75,26,15.1711578607574,17.0400185325552,1
8,1,18.75,26,17.0400185325552,17.1696563690735,1
8,1,18.75,26,17.1696563690735,17.3690137214286,1
8,1,18.75,26,17.3690137214286,17.5304767455028,1
8,1,18.75,26,17.5304767455028,17.9654612321753,1
8,1,18.75,26,17.9654612321753,18.063417842781,1
8,1,18.75,26,18.063417842781,18.3034785001547,1
8,1,18.75,26,18.3034785001547,18.4346391229773,1
8,1,18.75,26,18.4346391229773,18.5771472637216,1
8,1,18.75,26,18.5771472637216,18.75,0
9,1,15.75,5,0,9.79970767296307,1
9,1,15.75,5,9.79970767296307,11.8246052740866,1
9,1,15.75,5,11.8246052740866,12.165376453647,1
9,1,15.75,5,12.165376453647,12.4092961493587,1
9,1,15.75,5,12.4092961493587,12.5982134759504,1
9,1,15.75,5,12.5982134759504,15.75,0
10,1,13.75,13,0,6.39732399879175,1
10,1,13.75,13,6.39732399879175,6.85104558745505,1
10,1,13.75,13,6.85104558745505,6.93468290499811,1
10,1,13.75,13,6.93468290499811,7.50500015202232,1
10,1,13.75,13,7.50500015202232,8.69677615445219,1
10,1,13.75,13,8.69677615445219,8.9717515056889,1
10,1,13.75,13,8.9717515056889,9.44838636995857,1
10,1,13.75,13,9.44838636995857,10.0146806492942,1
10,1,13.75,13,10.0146806492942,10.3011302274373,1
10,1,13.75,13,10.3011302274373,10.5780284186987,1
10,1,13.75,13,10.5780284186987,11.2119387855732,1
10,1,13.75,13,11.2119387855732,11.3738095854997,1
10,1,13.75,13,11.3738095854997,13.4553346578254,1
10,1,13.75,13,13.4553346578254,13.75,0
11,1,12.75,18,0,1.79011924569382,1
11,1,12.75,18,1.79011924569382,2.91530617716337,1
11,1,12.75,18,2.91530617716337,3.06914689755546,1
11,1,12.75,18,3.06914689755546,4.90445790681523,1
11,1,12.75,18,4.90445790681523,5.71392104038786,1
11,1,12.75,18,5.71392104038786,7.40913370307207,1
11,1,12.75,18,7.40913370307207,8.0391025026026,1
11,1,12.75,18,8.0391025026026,8.64686435510856,1
11,1,12.75,18,8.64686435510856,9.25222441672529,1
11,1,12.75,18,9.25222441672529,9.3779036837925,1
11,1,12.75,18,9.3779036837925,10.4925532496528,1
11,1,12.75,18,10.4925532496528,10.6985556686192,1
11,1,12.75,18,10.6985556686192,10.7557451718192,1
11,1,12.75,18,10.7557451718192,11.8709458583214,1
11,1,12.75,18,11.8709458583214,12.0716411172492,1
11,1,12.75,18,12.0716411172492,12.1899395823077,1
11,1,12.75,18,12.1899395823077,12.1953702994245,1
11,1,12.75,18,12.1953702994245,12.2287075023862,1
11,1,12.75,18,12.2287075023862,12.75,0
12,1,20.75,7,0,8.66540713006736,1
12,1,20.75,7,8.66540713006736,13.6225993228489,1
12,1,20.75,7,13.6225993228489,15.399348279577,1
12,1,20.75,7,15.399348279577,15.9177534742504,1
12,1,20.75,7,15.9177534742504,16.4131708257828,1
12,1,20.75,7,16.4131708257828,17.7427505309492,1
12,1,20.75,7,17.7427505309492,20.1879430389781,1
12,1,20.75,7,20.1879430389781,20.75,0
13,1,10.75,19,0,2.9824879236388,1
13,1,10.75,19,2.9824879236388,5.29437207223143,1
13,1,10.75,19,5.29437207223143,6.72738557391005,1
13,1,10.75,19,6.72738557391005,6.85237415927247,1
13,1,10.75,19,6.85237415927247,6.89277145635417,1
13,1,10.75,19,6.89277145635417,7.03912718025204,1
13,1,10.75,19,7.03912718025204,7.21470081026831,1
13,1,10.75,19,7.21470081026831,7.28881697454664,1
13,1,10.75,19,7.28881697454664,7.37878233858245,1
13,1,10.75,19,7.37878233858245,7.84697855040945,1
13,1,10.75,19,7.84697855040945,8.53240447468881,1
13,1,10.75,19,8.53240447468881,8.63314366915893,1
13,1,10.75,19,8.63314366915893,8.96183605125293,1
13,1,10.75,19,8.96183605125293,9.07836429340841,1
13,1,10.75,19,9.07836429340841,9.1737899600837,1
13,1,10.75,19,9.1737899600837,9.1774791640681,1
13,1,10.75,19,9.1774791640681,9.31863780836399,1
13,1,10.75,19,9.31863780836399,9.6659558984819,1
13,1,10.75,19,9.6659558984819,9.94628864938304,1
13,1,10.75,19,9.94628864938304,10.75,0
14,1,18.75,20,0,1.09717480949566,1
14,1,18.75,20,1.09717480949566,2.58951226646312,1
14,1,18.75,20,2.58951226646312,4.64628587212854,1
14,1,18.75,20,4.64628587212854,6.3960183256273,1
14,1,18.75,20,6.3960183256273,6.93969665817658,1
14,1,18.75,20,6.93969665817658,7.86339671941617,1
14,1,18.75,20,7.86339671941617,8.14451873321598,1
14,1,18.75,20,8.14451873321598,9.5741175747371,1
14,1,18.75,20,9.5741175747371,10.7001690608064,1
14,1,18.75,20,10.7001690608064,13.2774060038493,1
14,1,18.75,20,13.2774060038493,13.4847887526702,1
14,1,18.75,20,13.4847887526702,13.63013262236,1
14,1,18.75,20,13.63013262236,13.7850692283105,1
14,1,18.75,20,13.7850692283105,14.152190457315,1
14,1,18.75,20,14.152190457315,14.6511046497902,1
14,1,18.75,20,14.6511046497902,14.8018576849476,1
14,1,18.75,20,14.8018576849476,14.9000398729711,1
14,1,18.75,20,14.9000398729711,15.6616092738611,1
14,1,18.75,20,15.6616092738611,16.6941914345528,1
14,1,18.75,20,16.6941914345528,18.0888694137971,1
14,1,18.75,20,18.0888694137971,18.75,0
15,1,15.75,22,0,3.05209132074234,1
15,1,15.75,22,3.05209132074234,4.24956288248042,1
15,1,15.75,22,4.24956288248042,5.03457200010845,1
15,1,15.75,22,5.03457200010845,6.23291295906849,1
15,1,15.75,22,6.23291295906849,7.71449626647736,1
15,1,15.75,22,7.71449626647736,8.55098554891141,1
15,1,15.75,22,8.55098554891141,8.56610226092558,1
15,1,15.75,22,8.56610226092558,8.68802328163291,1
15,1,15.75,22,8.68802328163291,8.86832054163201,1
15,1,15.75,22,8.86832054163201,9.71530391459792,1
15,1,15.75,22,9.71530391459792,10.7935236421889,1
15,1,15.75,22,10.7935236421889,10.8293324776516,1
15,1,15.75,22,10.8293324776516,10.8698013565647,1
15,1,15.75,22,10.8698013565647,11.1701825074903,1
15,1,15.75,22,11.1701825074903,11.9316128663467,1
15,1,15.75,22,11.9316128663467,12.1882651114167,1
15,1,15.75,22,12.1882651114167,13.7978714828481,1
15,1,15.75,22,13.7978714828481,14.0460929265559,1
15,1,15.75,22,14.0460929265559,14.1665300376239,1
15,1,15.75,22,14.1665300376239,14.7338674817043,1
15,1,15.75,22,14.7338674817043,15.4311543058494,1
15,1,15.75,22,15.4311543058494,15.5057965910624,1
15,1,15.75,22,15.5057965910624,15.75,0
16,1,10.75,4,0,6.69324204134349,1
16,1,10.75,4,6.69324204134349,7.60830700137803,1
16,1,10.75,4,7.60830700137803,8.07874464165088,1
16,1,10.75,4,8.07874464165088,8.79298087777515,1
16,1,10.75,4,8.79298087777515,10.75,0
17,1,20.75,23,0,7.81133583096062,1
17,1,20.75,23,7.81133583096062,8.70109057319984,1
17,1,20.75,23,8.70109057319984,8.74363880394881,1
17,1,20.75,23,8.74363880394881,10.1460972247643,1
17,1,20.75,23,10.1460972247643,10.2332658234623,1
17,1,20.75,23,10.2332658234623,13.0679873883092,1
17,1,20.75,23,13.0679873883092,13.5543519704936,1
17,1,20.75,23,13.5543519704936,14.2170058361126,1
17,1,20.75,23,14.2170058361126,15.0344902325528,1
17,1,20.75,23,15.0344902325528,15.1072601321664,1
17,1,20.75,23,15.1072601321664,15.5697076524383,1
17,1,20.75,23,15.5697076524383,15.6455920486998,1
17,1,20.75,23,15.6455920486998,16.9167528480353,1
17,1,20.75,23,16.9167528480353,17.1103889807279,1
17,1,20.75,23,17.1103889807279,17.299278261247,1
17,1,20.75,23,17.299278261247,17.886385444168,1
17,1,20.75,23,17.886385444168,18.6249086944029,1
17,1,20.75,23,18.6249086944029,18.9940412075545,1
17,1,20.75,23,18.9940412075545,18.9958424049097,1
17,1,20.75,23,18.9958424049097,19.0602203628775,1
17,1,20.75,23,19.0602203628775,19.1146583085118,1
17,1,20.75,23,19.1146583085118,19.1252882469963,1
17,1,20.75,23,19.1252882469963,19.8989414263402,1
17,1,20.75,23,19.8989414263402,20.75,0
18,1,15.75,30,0,0.73532036771187,1
18,1,15.75,30,0.73532036771187,3.63189814109942,1
18,1,15.75,30,3.63189814109942,4.40239879656991,1
18,1,15.75,30,4.40239879656991,4.5353653058308,1
18,1,15.75,30,4.5353653058308,6.56964857907648,1
18,1,15.75,30,6.56964857907648,7.60546567715149,1
18,1,15.75,30,7.60546567715149,7.95200941698386,1
18,1,15.75,30,7.95200941698386,8.02240713734825,1
18,1,15.75,30,8.02240713734825,8.4559961155004,1
18,1,15.75,30,8.4559961155004,9.05238915405531,1
18,1,15.75,30,9.05238915405531,9.58677306864015,1
18,1,15.75,30,9.58677306864015,10.0918365972258,1
18,1,15.75,30,10.0918365972258,10.1313680021332,1
18,1,15.75,30,10.1313680021332,11.2543643425334,1
18,1,15.75,30,11.2543643425334,11.5792694874709,1
18,1,15.75,30,11.5792694874709,11.6376248810063,1
18,1,15.75,30,11.6376248810063,12.1985967978964,1
18,1,15.75,30,12.1985967978964,12.2957915630849,1
18,1,15.75,30,12.2957915630849,12.5981752227966,1
18,1,15.75,30,12.5981752227966,12.9685155508107,1
18,1,15.75,30,12.9685155508107,12.9692527895591,1
18,1,15.75,30,12.9692527895591,13.065434106892,1
18,1,15.75,30,13.065434106892,13.1383389131841,1
18,1,15.75,30,13.1383389131841,13.5313392831551,1
18,1,15.75,30,13.5313392831551,14.0797654346824,1
18,1,15.75,30,14.0797654346824,14.139748025014,1
18,1,15.75,30,14.139748025014,14.2581521622458,1
18,1,15.75,30,14.2581521622458,14.647299158204,1
18,1,15.75,30,14.647299158204,14.9186907172828,1
18,1,15.75,30,14.9186907172828,15.3305962682614,1
18,1,15.75,30,15.3305962682614,15.75,0
19,1,11.75,21,0,2.01288986595356,1
19,1,11.75,21,2.01288986595356,2.85827662408694,1
19,1,11.75,21,2.85827662408694,3.31337531564583,1
19,1,11.75,21,3.31337531564583,3.39265182682896,1
19,1,11.75,21,3.39265182682896,3.87896851611816,1
19,1,11.75,21,3.87896851611816,5.40173788899523,1
19,1,11.75,21,5.40173788899523,6.67888100042242,1
19,1,11.75,21,6.67888100042242,7.13839647425115,1
19,1,11.75,21,7.13839647425115,7.20678608821101,1
19,1,11.75,21,7.20678608821101,7.48112275144591,1
19,1,11.75,21,7.48112275144591,7.53026202730448,1
19,1,11.75,21,7.53026202730448,8.6095518634849,1
19,1,11.75,21,8.6095518634849,8.70847048860217,1
19,1,11.75,21,8.70847048860217,8.76622989734861,1
19,1,11.75,21,8.76622989734861,8.91292727746058,1
19,1,11.75,21,8.91292727746058,9.01717890270194,1
19,1,11.75,21,9.01717890270194,9.23141875456184,1
19,1,11.75,21,9.23141875456184,9.81072515749995,1
19,1,11.75,21,9.81072515749995,10.2746596178603,1
19,1,11.75,21,10.2746596178603,10.687981121029,1
19,1,11.75,21,10.687981121029,10.9712735967436,1
19,1,11.75,21,10.9712735967436,11.75,0
20,1,13.75,18,0,3.33405404668078,1
20,1,13.75,18,3.33405404668078,3.43373433367419,1
20,1,13.75,18,3.43373433367419,4.38631289890669,1
20,1,13.75,18,4.38631289890669,7.09937511388975,1
20,1,13.75,18,7.09937511388975,7.93543752472587,1
20,1,13.75,18,7.93543752472587,8.38782491214838,1
20,1,13.75,18,8.38782491214838,8.63861264200654,1
20,1,13.75,18,8.63861264200654,8.68298202317235,1
20,1,13.75,18,8.68298202317235,9.28523303144654,1
20,1,13.75,18,9.28523303144654,9.46809392606233,1
20,1,13.75,18,9.46809392606233,9.65636587168741,1
20,1,13.75,18,9.65636587168741,10.1954089754631,1
20,1,13.75,18,10.1954089754631,10.6243460224699,1
20,1,13.75,18,10.6243460224699,11.7718072606949,1
20,1,13.75,18,11.7718072606949,12.3545723165466,1
20,1,13.75,18,12.3545723165466,12.4348777438891,1
20,1,13.75,18,12.4348777438891,12.9930997979055,1
20,1,13.75,18,12.9930997979055,13.5111322194144,1
20,1,13.75,18,13.5111322194144,13.75,0
21,1,14.75,9,0,3.31087325937878,1
21,1,14.75,9,3.31087325937878,5.3492964792654,1
21,1,14.75,9,5.3492964792654,7.02375823014141,1
21,1,14.75,9,7.02375823014141,8.37505258223973,1
21,1,14.75,9,8.37505258223973,11.1845308463309,1
21,1,14.75,9,11.1845308463309,11.8894267276628,1
21,1,14.75,9,11.8894267276628,12.5198484977325,1
21,1,14.75,9,12.5198484977325,12.5369850953382,1
21,1,14.75,9,12.5369850953382,13.5710424918502,1
21,1,14.75,9,13.5710424918502,14.75,0
22,1,14.75,5,0,4.51775844596249,1
22,1,14.75,5,4.51775844596249,8.89900979130111,1
22,1,14.75,5,8.89900979130111,9.88861918255757,1
22,1,14.75,5,9.88861918255757,10.8167896057788,1
22,1,14.75,5,10.8167896057788,12.5670861562283,1
22,1,14.75,5,12.5670861562283,14.75,0
23,1,14.75,8,0,5.59720842777829,1
23,1,14.75,8,5.59720842777829,5.84705404408304,1
23,1,14.75,8,5.84705404408304,7.38986442529458,1
23,1,14.75,8,7.38986442529458,10.1450570438674,1
23,1,14.75,8,10.1450570438674,10.7629575469295,1
23,1,14.75,8,10.7629575469295,11.2664068373231,1
23,1,14.75,8,11.2664068373231,12.3110421740803,1
23,1,14.75,8,12.3110421740803,14.073046851891,1
23,1,14.75,8,14.073046851891,14.75,0
24,1,15.75,12,0,5.4198762623456,1
24,1,15.75,12,5.4198762623456,6.470218354354,1
24,1,15.75,12,6.470218354354,6.64669894085759,1
24,1,15.75,12,6.64669894085759,7.09847816106036,1
24,1,15.75,12,7.09847816106036,8.5073514412002,1
24,1,15.75,12,8.5073514412002,8.8949143230851,1
24,1,15.75,12,8.8949143230851,9.08933142719194,1
24,1,15.75,12,9.08933142719194,12.4206813181471,1
24,1,15.75,12,12.4206813181471,14.5746620690217,1
24,1,15.75,12,14.5746620690217,14.8251553153972,1
24,1,15.75,12,14.8251553153972,14.9151647686271,1
24,1,15.75,12,14.9151647686271,15.4929158904964,1
24,1,15.75,12,15.4929158904964,15.75,0
25,1,9.75,8,0,2.48159590554843,1
25,1,9.75,8,2.48159590554843,3.05691398936511,1
25,1,9.75,8,3.05691398936511,4.73994061306275,1
25,1,9.75,8,4.73994061306275,5.64837485476905,1
25,1,9.75,8,5.64837485476905,7.59073637145417,1
25,1,9.75,8,7.59073637145417,7.6978781398693,1
25,1,9.75,8,7.6978781398693,8.00899864509502,1
25,1,9.75,8,8.00899864509502,8.43469890557769,1
25,1,9.75,8,8.43469890557769,9.75,0
26,1,15.75,16,0,4.26185336551391,1
26,1,15.75,16,4.26185336551391,4.89447402682357,1
26,1,15.75,16,4.89447402682357,5.24821331639715,1
26,1,15.75,16,5.24821331639715,5.28430538580082,1
26,1,15.75,16,5.28430538580082,6.20712216880197,1
26,1,15.75,16,6.20712216880197,6.81826653608082,1
26,1,15.75,16,6.81826653608082,8.77535228276341,1
26,1,15.75,16,8.77535228276341,10.3096501657033,1
26,1,15.75,16,10.3096501657033,11.1228171472159,1
26,1,15.75,16,11.1228171472159,11.1909805491895,1
26,1,15.75,16,11.1909805491895,11.5610075437618,1
26,1,15.75,16,11.5610075437618,11.7225487636336,1
26,1,15.75,16,11.7225487636336,12.956309926429,1
26,1,15.75,16,12.956309926429,14.1808758672697,1
26,1,15.75,16,14.1808758672697,14.3877578576852,1
26,1,15.75,16,14.3877578576852,14.8947114826411,1
26,1,15.75,16,14.8947114826411,15.75,0
27,1,13.75,10,0,6.77761697448702,1
27,1,13.75,10,6.77761697448702,8.0916239108308,1
27,1,13.75,10,8.0916239108308,8.91885383638837,1
27,1,13.75,10,8.91885383638837,9.06684133222796,1
27,1,13.75,10,9.06684133222796,9.0741218339794,1
27,1,13.75,10,9.0741218339794,9.6885220012841,1
27,1,13.75,10,9.6885220012841,10.0262727324745,1
27,1,13.75,10,10.0262727324745,10.3861122107011,1
27,1,13.75,10,10.3861122107011,10.4669252936449,1
27,1,13.75,10,10.4669252936449,11.2345358696511,1
27,1,13.75,10,11.2345358696511,13.75,0
28,1,19.75,17,0,0.355488324469702,1
28,1,19.75,17,0.355488324469702,5.56614954936624,1
28,1,19.75,17,5.56614954936624,5.69040387996902,1
28,1,19.75,17,5.69040387996902,6.87734347025583,1
28,1,19.75,17,6.87734347025583,8.4802072977378,1
28,1,19.75,17,8.4802072977378,8.77795930535504,1
28,1,19.75,17,8.77795930535504,10.8715020373107,1
28,1,19.75,17,10.8715020373107,12.8637730548874,1
28,1,19.75,17,12.8637730548874,13.6440749760185,1
28,1,19.75,17,13.6440749760185,14.8935023663988,1
28,1,19.75,17,14.8935023663988,16.0591209316019,1
28,1,19.75,17,16.0591209316019,16.976470802783,1
28,1,19.75,17,16.976470802783,17.2446169875578,1
28,1,19.75,17,17.2446169875578,18.2194205193156,1
28,1,19.75,17,18.2194205193156,18.6053504569537,1
28,1,19.75,17,18.6053504569537,18.8087869745538,1
28,1,19.75,17,18.8087869745538,19.2181578728828,1
28,1,19.75,17,19.2181578728828,19.75,0
29,1,13.75,7,0,1.91457400666854,1
29,1,13.75,7,1.91457400666854,4.11377543900346,1
29,1,13.75,7,4.11377543900346,7.46574870939703,1
29,1,13.75,7,7.46574870939703,8.53528292751391,1
29,1,13.75,7,8.53528292751391,10.5867953337356,1
29,1,13.75,7,10.5867953337356,10.9643794743915,1
29,1,13.75,7,10.9643794743915,11.8310007792594,1
29,1,13.75,7,11.8310007792594,13.75,0
30,1,8.75,7,0,3.00463678049364,1
30,1,8.75,7,3.00463678049364,4.12334331521753,1
30,1,8.75,7,4.12334331521753,4.75581984610165,1
30,1,8.75,7,4.75581984610165,5.26334414423648,1
30,1,8.75,7,5.26334414423648,7.23662711906837,1
30,1,8.75,7,7.23662711906837,7.82794512999579,1
30,1,8.75,7,7.82794512999579,8.67368132673571,1
30,1,8.75,7,8.67368132673571,8.75,0
31,1,20.75,22,0,1.97544776871507,1
31,1,20.75,22,1.97544776871507,3.31497800040923,1
31,1,20.75,22,3.31497800040923,5.20381357864305,1
31,1,20.75,22,5.20381357864305,6.34663570419495,1
31,1,20.75,22,6.34663570419495,6.58001085381507,1
31,1,20.75,22,6.58001085381507,6.86060191718055,1
31,1,20.75,22,6.86060191718055,8.59423920655017,1
31,1,20.75,22,8.59423920655017,9.59440605062762,1
31,1,20.75,22,9.59440605062762,10.1020060354472,1
31,1,20.75,22,10.1020060354472,12.2831477003358,1
31,1,20.75,22,12.2831477003358,12.5817291981149,1
31,1,20.75,22,12.5817291981149,13.1099415916542,1
31,1,20.75,22,13.1099415916542,13.7855531460417,1
31,1,20.75,22,13.7855531460417,15.034657922077,1
31,1,20.75,22,15.034657922077,15.5961936652133,1
31,1,20.75,22,15.5961936652133,16.549641751352,1
31,1,20.75,22,16.549641751352,16.8622812180309,1
31,1,20.75,22,16.8622812180309,17.3051662344538,1
31,1,20.75,22,17.3051662344538,18.3257080395851,1
31,1,20.75,22,18.3257080395851,18.5030910874082,1
31,1,20.75,22,18.5030910874082,18.7230690631215,1
31,1,20.75,22,18.7230690631215,19.1934634125011,1
31,1,20.75,22,19.1934634125011,20.75,0
32,1,15.75,14,0,0.526779632290813,1
32,1,15.75,14,0.526779632290813,6.29457061486511,1
32,1,15.75,14,6.29457061486511,6.4105889050931,1
32,1,15.75,14,6.4105889050931,6.9097824081327,1
32,1,15.75,14,6.9097824081327,8.662157974318,1
32,1,15.75,14,8.662157974318,8.95946523317773,1
32,1,15.75,14,8.95946523317773,10.6639682879808,1
32,1,15.75,14,10.6639682879808,11.0870838155851,1
32,1,15.75,14,11.0870838155851,12.0832056880799,1
32,1,15.75,14,12.0832056880799,12.9048764386065,1
32,1,15.75,14,12.9048764386065,13.2277763341953,1
32,1,15.75,14,13.2277763341953,14.2088114626016,1
32,1,15.75,14,14.2088114626016,14.9061083566292,1
32,1,15.75,14,14.9061083566292,15.2520727095484,1
32,1,15.75,14,15.2520727095484,15.75,0
33,1,10.75,9,0,2.60127759837317,1
33,1,10.75,9,2.60127759837317,3.301251041632,1
33,1,10.75,9,3.301251041632,4.54643932680878,1
33,1,10.75,9,4.54643932680878,4.80576355618573,1
33,1,10.75,9,4.80576355618573,6.60319189032592,1
33,1,10.75,9,6.60319189032592,8.13925088356548,1
33,1,10.75,9,8.13925088356548,8.60812228078968,1
33,1,10.75,9,8.60812228078968,9.52560114973608,1
33,1,10.75,9,9.52560114973608,10.3960607054699,1
33,1,10.75,9,10.3960607054699,10.75,0
34,1,14.75,5,0,4.00733245691395,1
34,1,14.75,5,4.00733245691395,9.9800949178486,1
34,1,14.75,5,9.9800949178486,10.7091905095346,1
34,1,14.75,5,10.7091905095346,12.9471609446281,1
34,1,14.75,5,12.9471609446281,14.1813177822907,1
34,1,14.75,5,14.1813177822907,14.75,0
35,1,12.75,9,0,1.94067004460232,1
35,1,12.75,9,1.94067004460232,3.41270370854575,1
35,1,12.75,9,3.41270370854575,6.96706551824369,1
35,1,12.75,9,6.96706551824369,7.14067777388647,1
35,1,12.75,9,7.14067777388647,7.86695073347773,1
35,1,12.75,9,7.86695073347773,9.8886937831166,1
35,1,12.75,9,9.8886937831166,10.5904264408985,1
35,1,12.75,9,10.5904264408985,11.4037349837974,1
35,1,12.75,9,11.4037349837974,12.3615364831944,1
35,1,12.75,9,12.3615364831944,12.75,0
36,1,11.75,5,0,3.7851208238036,1
36,1,11.75,5,3.7851208238036,4.59807368994153,1
36,1,11.75,5,4.59807368994153,5.24056349362795,1
36,1,11.75,5,5.24056349362795,8.59832206743241,1
36,1,11.75,5,8.59832206743241,10.0236098829399,1
36,1,11.75,5,10.0236098829399,11.75,0
37,1,8.75,2,0,3.3105591383802,1
37,1,8.75,2,3.3105591383802,8.64412552318689,1
37,1,8.75,2,8.64412552318689,8.75,0
38,1,10.75,13,0,1.14597963601355,1
38,1,10.75,13,1.14597963601355,5.25814106136383,1
38,1,10.75,13,5.25814106136383,6.27311524628027,1
38,1,10.75,13,6.27311524628027,6.91022915436259,1
38,1,10.75,13,6.91022915436259,7.5520716775942,1
38,1,10.75,13,7.5520716775942,7.75165675356736,1
38,1,10.75,13,7.75165675356736,7.82344708483438,1
38,1,10.75,13,7.82344708483438,8.08429636245081,1
38,1,10.75,13,8.08429636245081,8.49861385712056,1
38,1,10.75,13,8.49861385712056,9.41052776224073,1
38,1,10.75,13,9.41052776224073,9.71384616569294,1
38,1,10.75,13,9.71384616569294,10.1141483598128,1
38,1,10.75,13,10.1141483598128,10.2260662321784,1
38,1,10.75,13,10.2260662321784,10.75,0
39,1,10.75,11,0,0.343275636110026,1
39,1,10.75,11,0.343275636110026,4.98520131746853,1
39,1,10.75,11,4.98520131746853,5.5732953992208,1
39,1,10.75,11,5.5732953992208,7.805435514631,1
39,1,10.75,11,7.805435514631,7.93376897223734,1
39,1,10.75,11,7.93376897223734,9.47548593590612,1
39,1,10.75,11,9.47548593590612,9.59377681322711,1
39,1,10.75,11,9.59377681322711,9.86851763970063,1
39,1,10.75,11,9.86851763970063,9.87152084125987,1
39,1,10.75,11,9.87152084125987,10.2294770494006,1
39,1,10.75,11,10.2294770494006,10.4242128351898,1
39,1,10.75,11,10.4242128351898,10.75,0
40,1,15.75,28,0,1.15403879903511,1
40,1,15.75,28,1.15403879903511,1.84481609979151,1
40,1,15.75,28,1.84481609979151,2.02241971894274,1
40,1,15.75,28,2.02241971894274,2.128459682014,1
40,1,15.75,28,2.128459682014,2.94270724765057,1
40,1,15.75,28,2.94270724765057,3.02259115492911,1
40,1,15.75,28,3.02259115492911,3.13435385698009,1
40,1,15.75,28,3.13435385698009,3.86779092160444,1
40,1,15.75,28,3.86779092160444,4.94757811302699,1
40,1,15.75,28,4.94757811302699,6.09305996993796,1
40,1,15.75,28,6.09305996993796,6.94607403992213,1
40,1,15.75,28,6.94607403992213,7.97696494304177,1
40,1,15.75,28,7.97696494304177,8.86948813003868,1
40,1,15.75,28,8.86948813003868,9.1270898855294,1
40,1,15.75,28,9.1270898855294,9.67772228984248,1
40,1,15.75,28,9.67772228984248,10.3727290547752,1
40,1,15.75,28,10.3727290547752,10.5526541308063,1
40,1,15.75,28,10.5526541308063,12.4334798443701,1
40,1,15.75,28,12.4334798443701,12.5093851018779,1
40,1,15.75,28,12.5093851018779,12.8393051010144,1
40,1,15.75,28,12.8393051010144,13.5894383739191,1
40,1,15.75,28,13.5894383739191,13.7152085242504,1
40,1,15.75,28,13.7152085242504,13.9098206011281,1
40,1,15.75,28,13.9098206011281,14.2236734576273,1
40,1,15.75,28,14.2236734576273,14.2730420504929,1
40,1,15.75,28,14.2730420504929,14.5203115941603,1
40,1,15.75,28,14.5203115941603,15.0134971734831,1
40,1,15.75,28,15.0134971734831,15.2665609362443,1
40,1,15.75,28,15.2665609362443,15.75,0
41,1,12.75,5,0,3.41680057207746,1
41,1,12.75,5,3.41680057207746,6.89661426647094,1
41,1,12.75,5,6.89661426647094,7.56040101065198,1
41,1,12.75,5,7.56040101065198,8.44378583771247,1
41,1,12.75,5,8.44378583771247,12.511188249481,1
41,1,12.75,5,12.511188249481,12.75,0
42,1,19.75,9,0,4.65487058697752,1
42,1,19.75,9,4.65487058697752,4.9781337047126,1
42,1,19.75,9,4.9781337047126,5.10554284885817,1
42,1,19.75,9,5.10554284885817,6.94176498003434,1
42,1,19.75,9,6.94176498003434,8.8568527659455,1
42,1,19.75,9,8.8568527659455,13.5965695880208,1
42,1,19.75,9,13.5965695880208,15.680289309519,1
42,1,19.75,9,15.680289309519,16.3299235163723,1
42,1,19.75,9,16.3299235163723,18.0344401938518,1
42,1,19.75,9,18.0344401938518,19.75,0
43,1,17.75,11,0,1.93643119314384,1
43,1,17.75,11,1.93643119314384,3.31554614000688,1
43,1,17.75,11,3.31554614000688,8.05559823131965,1
43,1,17.75,11,8.05559823131965,8.95198224311309,1
43,1,17.75,11,8.95198224311309,10.6400591263531,1
43,1,17.75,11,10.6400591263531,11.4719569811372,1
43,1,17.75,11,11.4719569811372,11.7341180806341,1
43,1,17.75,11,11.7341180806341,12.9366304716234,1
43,1,17.75,11,12.9366304716234,13.6131004812917,1
43,1,17.75,11,13.6131004812917,14.5641338199054,1
43,1,17.75,11,14.5641338199054,16.3642980336814,1
43,1,17.75,11,16.3642980336814,17.75,0
44,1,14.75,13,0,2.38801220132618,1
44,1,14.75,13,2.38801220132618,7.11727838308727,1
44,1,14.75,13,7.11727838308727,7.44758927974864,1
44,1,14.75,13,7.44758927974864,8.23519006687327,1
44,1,14.75,13,8.23519006687327,9.3988357597751,1
44,1,14.75,13,9.3988357597751,10.1319789102999,1
44,1,14.75,13,10.1319789102999,10.2732781757297,1
44,1,14.75,13,10.2732781757297,10.326848936202,1
44,1,14.75,13,10.326848936202,13.0850787497799,1
44,1,14.75,13,13.0850787497799,14.0296844919971,1
44,1,14.75,13,14.0296844919971,14.3679949175213,1
44,1,14.75,13,14.3679949175213,14.5672864307189,1
44,1,14.75,13,14.5672864307189,14.6693248136315,1
44,1,14.75,13,14.6693248136315,14.75,0
45,1,19.75,16,0,2.41536464495593,1
45,1,19.75,16,2.41536464495593,3.57650238112656,1
45,1,19.75,16,3.57650238112656,4.17090704796365,1
45,1,19.75,16,4.17090704796365,8.9549634893797,1
45,1,19.75,16,8.9549634893797,9.15980766426935,1
45,1,19.75,16,9.15980766426935,11.2585636073876,1
45,1,19.75,16,11.2585636073876,12.5389572575717,1
45,1,19.75,16,12.5389572575717,13.5320111199459,1
45,1,19.75,16,13.5320111199459,13.7861842346732,1
45,1,19.75,16,13.7861842346732,15.657729506154,1
45,1,19.75,16,15.657729506154,16.5431887925483,1
45,1,19.75,16,16.5431887925483,16.7872179845806,1
45,1,19.75,16,16.7872179845806,17.5272816548899,1
45,1,19.75,16,17.5272816548899,17.6852068670821,1
45,1,19.75,16,17.6852068670821,18.0503027946598,1
45,1,19.75,16,18.0503027946598,19.4931317577848,1
45,1,19.75,16,19.4931317577848,19.75,0
46,1,16.75,20,0,4.14604173067678,1
46,1,16.75,20,4.14604173067678,4.6710834923442,1
46,1,16.75,20,4.6710834923442,5.23770182925883,1
46,1,16.75,20,5.23770182925883,6.56168298567301,1
46,1,16.75,20,6.56168298567301,6.63924619001307,1
46,1,16.75,20,6.63924619001307,7.64044675382264,1
46,1,16.75,20,7.64044675382264,8.96318257297012,1
46,1,16.75,20,8.96318257297012,9.00054161572052,1
46,1,16.75,20,9.00054161572052,9.81464735082329,1
46,1,16.75,20,9.81464735082329,10.8061969356579,1
46,1,16.75,20,10.8061969356579,11.2279452856819,1
46,1,16.75,20,11.2279452856819,11.3813119389774,1
46,1,16.75,20,11.3813119389774,11.9862972968034,1
46,1,16.75,20,11.9862972968034,12.7431244677876,1
46,1,16.75,20,12.7431244677876,12.7947383767165,1
46,1,16.75,20,12.7947383767165,13.8947421925844,1
46,1,16.75,20,13.8947421925844,14.2644543458776,1
46,1,16.75,20,14.2644543458776,14.9495682308801,1
46,1,16.75,20,14.9495682308801,14.9943839231879,1
46,1,16.75,20,14.9943839231879,15.0718235851631,1
46,1,16.75,20,15.0718235851631,16.75,0
47,1,10.75,6,0,2.79386695310335,1
47,1,10.75,6,2.79386695310335,6.4359579488326,1
47,1,10.75,6,6.4359579488326,6.56448853385751,1
47,1,10.75,6,6.56448853385751,8.16492380085976,1
47,1,10.75,6,8.16492380085976,8.24782207411878,1
47,1,10.75,6,8.24782207411878,9.10987016067752,1
47,1,10.75,6,9.10987016067752,10.75,0
48,1,20.75,16,0,6.36421681109922,1
48,1,20.75,16,6.36421681109922,7.10672576355772,1
48,1,20.75,16,7.10672576355772,8.35796380765514,1
48,1,20.75,16,8.35796380765514,9.99342199321642,1
48,1,20.75,16,9.99342199321642,10.9131043697721,1
48,1,20.75,16,10.9131043697721,11.7652581329024,1
48,1,20.75,16,11.7652581329024,12.091842330686,1
48,1,20.75,16,12.091842330686,13.0900540477822,1
48,1,20.75,16,13.0900540477822,13.3480744794553,1
48,1,20.75,16,13.3480744794553,14.2787009784898,1
48,1,20.75,16,14.2787009784898,14.5994805568754,1
48,1,20.75,16,14.5994805568754,17.991145927419,1
48,1,20.75,16,17.991145927419,19.1423151075872,1
48,1,20.75,16,19.1423151075872,19.5275221713527,1
48,1,20.75,16,19.5275221713527,19.8234676316692,1
48,1,20.75,16,19.8234676316692,20.5367576742255,1
48,1,20.75,16,20.5367576742255,20.75,0
49,1,11.75,25,0,1.48321437341185,1
49,1,11.75,25,1.48321437341185,2.52718017004205,1
49,1,11.75,25,2.52718017004205,2.75198457696242,1
49,1,11.75,25,2.75198457696242,3.47406600911955,1
49,1,11.75,25,3.47406600911955,3.52917632818156,1
49,1,11.75,25,3.52917632818156,6.44897153825256,1
49,1,11.75,25,6.44897153825256,6.75263937052428,1
49,1,11.75,25,6.75263937052428,7.5550630330275,1
49,1,11.75,25,7.5550630330275,7.97737190139666,1
49,1,11.75,25,7.97737190139666,8.10604809208105,1
49,1,11.75,25,8.10604809208105,8.36481027109497,1
49,1,11.75,25,8.36481027109497,8.67496162664749,1
49,1,11.75,25,8.67496162664749,8.76546591533246,1
49,1,11.75,25,8.76546591533246,8.95225790638676,1
49,1,11.75,25,8.95225790638676,8.98962366668051,1
49,1,11.75,25,8.98962366668051,9.92570609985215,1
49,1,11.75,25,9.92570609985215,9.9797938164811,1
49,1,11.75,25,9.9797938164811,10.2483764796371,1
49,1,11.75,25,10.2483764796371,10.4384886378865,1
49,1,11.75,25,10.4384886378865,10.5314465184173,1
49,1,11.75,25,10.5314465184173,10.6272565067366,1
49,1,11.75,25,10.6272565067366,11.2653001767751,1
49,1,11.75,25,11.2653001767751,11.3155021852281,1
49,1,11.75,25,11.3155021852281,11.4200460316074,1
49,1,11.75,25,11.4200460316074,11.5690436444449,1
49,1,11.75,25,11.5690436444449,11.75,0
50,1,19.75,42,0,5.27678567232625,1
50,1,19.75,42,5.27678567232625,6.70420190122941,1
50,1,19.75,42,6.70420190122941,6.78018794448038,1
50,1,19.75,42,6.78018794448038,6.99869250142723,1
50,1,19.75,42,6.99869250142723,7.63688438648939,1
50,1,19.75,42,7.63688438648939,8.52015256466747,1
50,1,19.75,42,8.52015256466747,8.68534912761306,1
50,1,19.75,42,8.68534912761306,9.37665394359101,1
50,1,19.75,42,9.37665394359101,9.62962291919758,1
50,1,19.75,42,9.62962291919758,9.76239847796537,1
50,1,19.75,42,9.76239847796537,9.80596065678538,1
50,1,19.75,42,9.80596065678538,10.2896558126082,1
50,1,19.75,42,10.2896558126082,10.4405458004475,1
50,1,19.75,42,10.4405458004475,10.7003918824773,1
50,1,19.75,42,10.7003918824773,11.229873781308,1
50,1,19.75,42,11.229873781308,12.3050981712267,1
50,1,19.75,42,12.3050981712267,12.8860344622792,1
50,1,19.75,42,12.8860344622792,13.354849361012,1
50,1,19.75,42,13.354849361012,13.4674164255602,1
50,1,19.75,42,13.4674164255602,13.5042660292356,1
50,1,19.75,42,13.5042660292356,13.7633181851329,1
50,1,19.75,42,13.7633181851329,14.684657882001,1
50,1,19.75,42,14.684657882001,14.6893858292157,1
50,1,19.75,42,14.6893858292157,15.5197150581095,1
50,1,19.75,42,15.5197150581095,15.5640548382696,1
50,1,19.75,42,15.5640548382696,16.3058418471087,1
50,1,19.75,42,16.3058418471087,16.3401999761477,1
50,1,19.75,42,16.3401999761477,16.6080120424806,1
50,1,19.75,42,16.6080120424806,16.8106458717034,1
50,1,19.75,42,16.8106458717034,17.0892205377544,1
50,1,19.75,42,17.0892205377544,18.2662431139317,1
50,1,19.75,42,18.2662431139317,18.2729226715493,1
50,1,19.75,42,18.2729226715493,18.503620359683,1
50,1,19.75,42,18.503620359683,18.562991225386,1
50,1,19.75,42,18.562991225386,18.6215862576521,1
50,1,19.75,42,18.6215862576521,18.6994995911263,1
50,1,19.75,42,18.6994995911263,18.8297705155623,1
50,1,19.75,42,18.8297705155623,19.0294854748719,1
50,1,19.75,42,19.0294854748719,19.4488991053146,1
50,1,19.75,42,19.4488991053146,19.4807711479151,1
50,1,19.75,42,19.4807711479151,19.5246312521805,1
50,1,19.75,42,19.5246312521805,19.5456064981046,1
50,1,19.75,42,19.5456064981046,19.75,0
51,1,8.75,5,0,3.82212901765599,1
51,1,8.75,5,3.82212901765599,5.88735700162248,1
51,1,8.75,5,5.88735700162248,6.39627007129878,1
51,1,8.75,5,6.39627007129878,8.04351052951445,1
51,1,8.75,5,8.04351052951445,8.69196717989658,1
51,1,8.75,5,8.69196717989658,8.75,0
52,1,13.75,6,0,3.8797922993251,1
52,1,13.75,6,3.8797922993251,6.5005017253328,1
52,1,13.75,6,6.5005017253328,7.60933643166964,1
52,1,13.75,6,7.60933643166964,7.62990706338705,1
52,1,13.75,6,7.62990706338705,10.8076379482034,1
52,1,13.75,6,10.8076379482034,12.4039625677658,1
52,1,13.75,6,12.4039625677658,13.75,0
53,1,15.75,7,0,4.91322422466071,1
53,1,15.75,7,4.91322422466071,5.65808662681438,1
53,1,15.75,7,5.65808662681438,6.94244664195413,1
53,1,15.75,7,6.94244664195413,12.2378057620724,1
53,1,15.75,7,12.2378057620724,12.4496073723479,1
53,1,15.75,7,12.4496073723479,14.1414777750949,1
53,1,15.75,7,14.1414777750949,14.528032997571,1
53,1,15.75,7,14.528032997571,15.75,0
54,1,12.75,3,0,9.8915093976825,1
54,1,12.75,3,9.8915093976825,10.7404187657146,1
54,1,12.75,3,10.7404187657146,11.5895377384221,1
54,1,12.75,3,11.5895377384221,12.75,0
55,1,14.75,9,0,1.89588647774318,1
55,1,14.75,9,1.89588647774318,4.69819031422729,1
55,1,14.75,9,4.69819031422729,6.09709143453104,1
55,1,14.75,9,6.09709143453104,8.13178764253568,1
55,1,14.75,9,8.13178764253568,8.26428877625293,1
55,1,14.75,9,8.26428877625293,9.76152267299142,1
55,1,14.75,9,9.76152267299142,11.2884794400284,1
55,1,14.75,9,11.2884794400284,11.7195724306651,1
55,1,14.75,9,11.7195724306651,14.0777056163208,1
55,1,14.75,9,14.0777056163208,14.75,0
56,1,15.75,38,0,2.50164399816949,1
56,1,15.75,38,2.50164399816949,2.7269060571268,1
56,1,15.75,38,2.7269060571268,4.5095033471979,1
56,1,15.75,38,4.5095033471979,5.78825510827411,1
56,1,15.75,38,5.78825510827411,7.4619256295569,1
56,1,15.75,38,7.4619256295569,7.46410965089538,1
56,1,15.75,38,7.46410965089538,7.8475852543684,1
56,1,15.75,38,7.8475852543684,8.3681403833267,1
56,1,15.75,38,8.3681403833267,9.39941570821661,1
56,1,15.75,38,9.39941570821661,9.56051557210303,1
56,1,15.75,38,9.56051557210303,9.8719395781355,1
56,1,15.75,38,9.8719395781355,9.90474403109445,1
56,1,15.75,38,9.90474403109445,10.131125582738,1
56,1,15.75,38,10.131125582738,10.6878927264715,1
56,1,15.75,38,10.6878927264715,10.7328359815418,1
56,1,15.75,38,10.7328359815418,10.8455621821514,1
56,1,15.75,38,10.8455621821514,11.2341445287966,1
56,1,15.75,38,11.2341445287966,11.7779543712293,1
56,1,15.75,38,11.7779543712293,11.832046037466,1
56,1,15.75,38,11.832046037466,12.3478298904183,1
56,1,15.75,38,12.3478298904183,12.9424393150968,1
56,1,15.75,38,12.9424393150968,12.9542143556173,1
56,1,15.75,38,12.9542143556173,12.9675207459303,1
56,1,15.75,38,12.9675207459303,12.9790537255299,1
56,1,15.75,38,12.9790537255299,13.1059683670133,1
56,1,15.75,38,13.1059683670133,13.3017699705779,1
56,1,15.75,38,13.3017699705779,13.3489332613409,1
56,1,15.75,38,13.3489332613409,14.1738955116222,1
56,1,15.75,38,14.1738955116222,14.2718113753834,1
56,1,15.75,38,14.2718113753834,14.498841219202,1
56,1,15.75,38,14.498841219202,14.5920932007534,1
56,1,15.75,38,14.5920932007534,14.8566923581829,1
56,1,15.75,38,14.8566923581829,15.2739403757536,1
56,1,15.75,38,15.2739403757536,15.4808718719803,1
56,1,15.75,38,15.4808718719803,15.618550964245,1
56,1,15.75,38,15.618550964245,15.6392286262296,1
56,1,15.75,38,15.6392286262296,15.6454909786879,1
56,1,15.75,38,15.6454909786879,15.712243960101,1
56,1,15.75,38,15.712243960101,15.75,0
57,1,14.75,21,0,1.52991100545807,1
57,1,14.75,21,1.52991100545807,1.63213076155701,1
57,1,14.75,21,1.63213076155701,2.68677417476415,1
57,1,14.75,21,2.68677417476415,4.50067254674871,1
57,1,14.75,21,4.50067254674871,5.15143588317896,1
57,1,14.75,21,5.15143588317896,5.90973581437675,1
57,1,14.75,21,5.90973581437675,6.40046571596702,1
57,1,14.75,21,6.40046571596702,6.74521494706664,1
57,1,14.75,21,6.74521494706664,7.95917250389413,1
57,1,14.75,21,7.95917250389413,8.92346553575351,1
57,1,14.75,21,8.92346553575351,9.5008417924365,1
57,1,14.75,21,9.5008417924365,9.5408971708819,1
57,1,14.75,21,9.5408971708819,9.66301379884129,1
57,1,14.75,21,9.66301379884129,9.66615063230136,1
57,1,14.75,21,9.66615063230136,10.0145146002244,1
57,1,14.75,21,10.0145146002244,10.421942322523,1
57,1,14.75,21,10.421942322523,11.5260595393676,1
57,1,14.75,21,11.5260595393676,12.6919738072988,1
57,1,14.75,21,12.6919738072988,13.6242370623867,1
57,1,14.75,21,13.6242370623867,13.9539650780634,1
57,1,14.75,21,13.9539650780634,14.1347039647623,1
57,1,14.75,21,14.1347039647623,14.75,0
58,1,18.75,15,0,3.8298882247135,1
58,1,18.75,15,3.8298882247135,4.00826563407062,1
58,1,18.75,15,4.00826563407062,6.64203254763874,1
58,1,18.75,15,6.64203254763874,7.01251606450638,1
58,1,18.75,15,7.01251606450638,7.88181899068711,1
58,1,18.75,15,7.88181899068711,8.41864450196802,1
58,1,18.75,15,8.41864450196802,8.43447841617082,1
58,1,18.75,15,8.43447841617082,9.01769329855633,1
58,1,18.75,15,9.01769329855633,10.1478543059998,1
58,1,18.75,15,10.1478543059998,12.0524093067689,1
58,1,18.75,15,12.0524093067689,12.6071576833728,1
58,1,18.75,15,12.6071576833728,15.1545236652751,1
58,1,18.75,15,15.1545236652751,16.6973262173451,1
58,1,18.75,15,16.6973262173451,18.0677587868344,1
58,1,18.75,15,18.0677587868344,18.331054919648,1
58,1,18.75,15,18.331054919648,18.75,0
59,1,19.75,43,0,1.96239826495053,1
59,1,19.75,43,1.96239826495053,2.3580165700702,1
59,1,19.75,43,2.3580165700702,4.82258387865459,1
59,1,19.75,43,4.82258387865459,7.79822262378157,1
59,1,19.75,43,7.79822262378157,8.16922214691709,1
59,1,19.75,43,8.16922214691709,8.62904016804142,1
59,1,19.75,43,8.62904016804142,8.72579798875786,1
59,1,19.75,43,8.72579798875786,9.46011586596167,1
59,1,19.75,43,9.46011586596167,9.81007522838772,1
59,1,19.75,43,9.81007522838772,9.89430466856244,1
59,1,19.75,43,9.89430466856244,10.3054137772473,1
59,1,19.75,43,10.3054137772473,10.4767840867278,1
59,1,19.75,43,10.4767840867278,10.6277288601523,1
59,1,19.75,43,10.6277288601523,10.968514749164,1
59,1,19.75,43,10.968514749164,11.1870674735791,1
59,1,19.75,43,11.1870674735791,11.4296934418282,1
59,1,19.75,43,11.4296934418282,11.5857744715579,1
59,1,19.75,43,11.5857744715579,11.6998727342683,1
59,1,19.75,43,11.6998727342683,12.7408805612622,1
59,1,19.75,43,12.7408805612622,13.1468242767927,1
59,1,19.75,43,13.1468242767927,13.6868117766255,1
59,1,19.75,43,13.6868117766255,13.8411216510635,1
59,1,19.75,43,13.8411216510635,13.9798022987214,1
59,1,19.75,43,13.9798022987214,14.0418857561772,1
59,1,19.75,43,14.0418857561772,14.3529153365239,1
59,1,19.75,43,14.3529153365239,14.7670496549187,1
59,1,19.75,43,14.7670496549187,15.0723140351571,1
59,1,19.75,43,15.0723140351571,15.4068100945232,1
59,1,19.75,43,15.4068100945232,16.6694535966362,1
59,1,19.75,43,16.6694535966362,16.6761768249889,1
59,1,19.75,43,16.6761768249889,16.8257610187116,1
59,1,19.75,43,16.8257610187116,16.8751615794125,1
59,1,19.75,43,16.8751615794125,17.1615756699677,1
59,1,19.75,43,17.1615756699677,17.1865382140106,1
59,1,19.75,43,17.1865382140106,17.2306084271544,1
59,1,19.75,43,17.2306084271544,17.7233360646143,1
59,1,19.75,43,17.7233360646143,17.9210930201455,1
59,1,19.75,43,17.9210930201455,18.2077821282118,1
59,1,19.75,43,18.2077821282118,18.8798800756129,1
59,1,19.75,43,18.8798800756129,19.2660073016432,1
59,1,19.75,43,19.2660073016432,19.3926787991133,1
59,1,19.75,43,19.3926787991133,19.5545961547048,1
59,1,19.75,43,19.5545961547048,19.6248805361544,1
59,1,19.75,43,19.6248805361544,19.75,0
60,1,16.75,25,0,1.70094770521448,1
60,1,16.75,25,1.70094770521448,2.87332193283966,1
60,1,16.75,25,2.87332193283966,6.6612934024199,1
60,1,16.75,25,6.6612934024199,7.66399121086995,1
60,1,16.75,25,7.66399121086995,7.75978056843677,1
60,1,16.75,25,7.75978056843677,9.40761052852816,1
60,1,16.75,25,9.40761052852816,10.1114665758131,1
60,1,16.75,25,10.1114665758131,10.5536498243656,1
60,1,16.75,25,10.5536498243656,10.5554744260392,1
60,1,16.75,25,10.5554744260392,10.6695513023723,1
60,1,16.75,25,10.6695513023723,11.0676297864181,1
60,1,16.75,25,11.0676297864181,12.0810466503999,1
60,1,16.75,25,12.0810466503999,12.181456630782,1
60,1,16.75,25,12.181456630782,12.2122457157097,1
60,1,16.75,25,12.2122457157097,13.5308513642227,1
60,1,16.75,25,13.5308513642227,13.5348865599305,1
60,1,16.75,25,13.5348865599305,13.936330543012,1
60,1,16.75,25,13.936330543012,14.287517877207,1
60,1,16.75,25,14.287517877207,14.7551246571975,1
60,1,16.75,25,14.7551246571975,15.1317079016143,1
60,1,16.75,25,15.1317079016143,15.2853324156915,1
60,1,16.75,25,15.2853324156915,16.0470448724536,1
60,1,16.75,25,16.0470448724536,16.1206644588278,1
60,1,16.75,25,16.1206644588278,16.32978004301,1
60,1,16.75,25,16.32978004301,16.4586909626515,1
60,1,16.75,25,16.4586909626515,16.75,0
61,1,20.75,18,0,2.70245116504329,1
61,1,20.75,18,2.70245116504329,5.40391870598202,1
61,1,20.75,18,5.40391870598202,5.60321572085666,1
61,1,20.75,18,5.60321572085666,6.87877986134439,1
61,1,20.75,18,6.87877986134439,6.93804882692695,1
61,1,20.75,18,6.93804882692695,8.21817095757168,1
61,1,20.75,18,8.21817095757168,11.4286083399555,1
61,1,20.75,18,11.4286083399555,12.5360798221693,1
61,1,20.75,18,12.5360798221693,12.8283213801379,1
61,1,20.75,18,12.8283213801379,13.5590418797678,1
61,1,20.75,18,13.5590418797678,14.9546923232072,1
61,1,20.75,18,14.9546923232072,15.6002919882215,1
61,1,20.75,18,15.6002919882215,16.0976876272286,1
61,1,20.75,18,16.0976876272286,17.8158244048438,1
61,1,20.75,18,17.8158244048438,17.9495525646916,1
61,1,20.75,18,17.9495525646916,20.0351015328432,1
61,1,20.75,18,20.0351015328432,20.2313779858215,1
61,1,20.75,18,20.2313779858215,20.3011850530859,1
61,1,20.75,18,20.3011850530859,20.75,0
62,1,9.75,8,0,4.16468571455587,1
62,1,9.75,8,4.16468571455587,4.49333144031421,1
62,1,9.75,8,4.49333144031421,4.91090986838769,1
62,1,9.75,8,4.91090986838769,5.62625837314603,1
62,1,9.75,8,5.62625837314603,6.16763730892142,1
62,1,9.75,8,6.16763730892142,6.9798974691139,1
62,1,9.75,8,6.9798974691139,7.94158444335003,1
62,1,9.75,8,7.94158444335003,8.78579867408729,1
62,1,9.75,8,8.78579867408729,9.75,0
63,1,8.75,3,0,2.00893657318652,1
63,1,8.75,3,2.00893657318652,5.74363168794439,1
63,1,8.75,3,5.74363168794439,7.91482629670573,1
63,1,8.75,3,7.91482629670573,8.75,0
64,1,10.75,8,0,1.49495833106674,1
64,1,10.75,8,1.49495833106674,3.62125039836605,1
64,1,10.75,8,3.62125039836605,6.6219840940453,1
64,1,10.75,8,6.6219840940453,7.19109931747839,1
64,1,10.75,8,7.19109931747839,7.51767456485829,1
64,1,10.75,8,7.51767456485829,8.9032169163493,1
64,1,10.75,8,8.9032169163493,9.5463955005183,1
64,1,10.75,8,9.5463955005183,10.5263620084978,1
64,1,10.75,8,10.5263620084978,10.75,0
65,1,15.75,6,0,3.07764163325684,1
65,1,15.75,6,3.07764163325684,4.58623323673459,1
65,1,15.75,6,4.58623323673459,4.92270279922873,1
65,1,15.75,6,4.92270279922873,7.62174602397894,1
65,1,15.75,6,7.62174602397894,13.3619218398678,1
65,1,15.75,6,13.3619218398678,15.5436523911084,1
65,1,15.75,6,15.5436523911084,15.75,0
66,1,14.75,7,0,5.31189767867764,1
66,1,14.75,7,5.31189767867764,8.83479510535304,1
66,1,14.75,7,8.83479510535304,10.6524251459112,1
66,1,14.75,7,10.6524251459112,12.5440639041973,1
66,1,14.75,7,12.5440639041973,13.0993389428248,1
66,1,14.75,7,13.0993389428248,14.0221876572739,1
66,1,14.75,7,14.0221876572739,14.6973464110907,1
66,1,14.75,7,14.6973464110907,14.75,0
67,1,15.75,21,0,3.2122881746503,1
67,1,15.75,21,3.2122881746503,5.06363863382433,1
67,1,15.75,21,5.06363863382433,5.72524834028017,1
67,1,15.75,21,5.72524834028017,6.26426796249863,1
67,1,15.75,21,6.26426796249863,6.80814167848716,1
67,1,15.75,21,6.80814167848716,7.39718069928729,1
67,1,15.75,21,7.39718069928729,8.28247785355689,1
67,1,15.75,21,8.28247785355689,8.92124401262793,1
67,1,15.75,21,8.92124401262793,9.10286367828056,1
67,1,15.75,21,9.10286367828056,9.12036269447805,1
67,1,15.75,21,9.12036269447805,10.8314036889203,1
67,1,15.75,21,10.8314036889203,12.0878616522107,1
67,1,15.75,21,12.0878616522107,12.3809488710084,1
67,1,15.75,21,12.3809488710084,12.3866910885415,1
67,1,15.75,21,12.3866910885415,12.8364730147628,1
67,1,15.75,21,12.8364730147628,13.8520386355697,1
67,1,15.75,21,13.8520386355697,14.1995019382699,1
67,1,15.75,21,14.1995019382699,14.7736756327025,1
67,1,15.75,21,14.7736756327025,14.8505041113356,1
67,1,15.75,21,14.8505041113356,15.277593701601,1
67,1,15.75,21,15.277593701601,15.5898452362027,1
67,1,15.75,21,15.5898452362027,15.75,0
68,1,10.75,3,0,2.8639400477323,1
68,1,10.75,3,2.8639400477323,4.7126896001392,1
68,1,10.75,3,4.7126896001392,9.30522435366356,1
68,1,10.75,3,9.30522435366356,10.75,0
69,1,14.75,10,0,4.28059882526351,1
69,1,14.75,10,4.28059882526351,5.32848395363181,1
69,1,14.75,10,5.32848395363181,5.66474034325876,1
69,1,14.75,10,5.66474034325876,6.51691828009674,1
69,1,14.75,10,6.51691828009674,7.58859824341708,1
69,1,14.75,10,7.58859824341708,8.23008080701376,1
69,1,14.75,10,8.23008080701376,9.22919096656261,1
69,1,14.75,10,9.22919096656261,10.329769243695,1
69,1,14.75,10,10.329769243695,12.4328387989434,1
69,1,14.75,10,12.4328387989434,14.4586156170314,1
69,1,14.75,10,14.4586156170314,14.75,0
70,1,13.75,5,0,5.34564011582668,1
70,1,13.75,5,5.34564011582668,6.52085679100775,1
70,1,13.75,5,6.52085679100775,7.21976042604105,1
70,1,13.75,5,7.21976042604105,11.8080009763358,1
70,1,13.75,5,11.8080009763358,12.2598809256342,1
70,1,13.75,5,12.2598809256342,13.75,0
71,1,10.75,2,0,1.51615354975721,1
71,1,10.75,2,1.51615354975721,3.89159949246454,1
71,1,10.75,2,3.89159949246454,10.75,0
72,1,11.75,16,0,1.22254688136239,1
72,1,11.75,16,1.22254688136239,2.37499482837849,1
72,1,11.75,16,2.37499482837849,3.58856566808954,1
72,1,11.75,16,3.58856566808954,4.0978491913304,1
72,1,11.75,16,4.0978491913304,4.31814786542058,1
72,1,11.75,16,4.31814786542058,5.51602014011389,1
72,1,11.75,16,5.51602014011389,5.55493276555548,1
72,1,11.75,16,5.55493276555548,5.7737749063751,1
72,1,11.75,16,5.7737749063751,6.33961150059607,1
72,1,11.75,16,6.33961150059607,7.83280417820011,1
72,1,11.75,16,7.83280417820011,8.53198052722073,1
72,1,11.75,16,8.53198052722073,9.27842212843826,1
72,1,11.75,16,9.27842212843826,10.1958822020436,1
72,1,11.75,16,10.1958822020436,10.5214070870934,1
72,1,11.75,16,10.5214070870934,10.8937171399196,1
72,1,11.75,16,10.8937171399196,11.0633480710296,1
72,1,11.75,16,11.0633480710296,11.75,0
73,1,10.75,9,0,3.24485969334194,1
73,1,10.75,9,3.24485969334194,5.36718813941188,1
73,1,10.75,9,5.36718813941188,7.86936528515979,1
73,1,10.75,9,7.86936528515979,8.00856812321966,1
73,1,10.75,9,8.00856812321966,9.4336080523458,1
73,1,10.75,9,9.4336080523458,9.95049958374748,1
73,1,10.75,9,9.95049958374748,10.3491267159211,1
73,1,10.75,9,10.3491267159211,10.4607302301386,1
73,1,10.75,9,10.4607302301386,10.5351984433007,1
73,1,10.75,9,10.5351984433007,10.75,0
74,1,20.75,15,0,3.72897905875507,1
74,1,20.75,15,3.72897905875507,3.94374489702763,1
74,1,20.75,15,3.94374489702763,4.80154633551535,1
74,1,20.75,15,4.80154633551535,4.9088967101852,1
74,1,20.75,15,4.9088967101852,9.358599385168,1
74,1,20.75,15,9.358599385168,11.7514078219089,1
74,1,20.75,15,11.7514078219089,13.0199125547451,1
74,1,20.75,15,13.0199125547451,14.0232991922981,1
74,1,20.75,15,14.0232991922981,15.8653833286433,1
74,1,20.75,15,15.8653833286433,18.3951965829488,1
74,1,20.75,15,18.3951965829488,19.1548739049309,1
74,1,20.75,15,19.1548739049309,19.1624928871636,1
74,1,20.75,15,19.1624928871636,19.212722140071,1
74,1,20.75,15,19.212722140071,20.0170509911552,1
74,1,20.75,15,20.0170509911552,20.1482052368138,1
74,1,20.75,15,20.1482052368138,20.75,0
75,1,15.75,18,0,2.62774706914374,1
75,1,15.75,18,2.62774706914374,7.4086147391305,1
75,1,15.75,18,7.4086147391305,9.42889550476654,1
75,1,15.75,18,9.42889550476654,9.72497137174522,1
75,1,15.75,18,9.72497137174522,10.8688426708485,1
75,1,15.75,18,10.8688426708485,11.1479172752656,1
75,1,15.75,18,11.1479172752656,11.2440407437832,1
75,1,15.75,18,11.2440407437832,11.4701703606959,1
75,1,15.75,18,11.4701703606959,11.8520168898944,1
75,1,15.75,18,11.8520168898944,12.1181799505192,1
75,1,15.75,18,12.1181799505192,13.5036082398653,1
75,1,15.75,18,13.5036082398653,13.5836845993238,1
75,1,15.75,18,13.5836845993238,14.1772758089345,1
75,1,15.75,18,14.1772758089345,14.2544653111367,1
75,1,15.75,18,14.2544653111367,14.4090928357086,1
75,1,15.75,18,14.4090928357086,14.5010825935441,1
75,1,15.75,18,14.5010825935441,15.2547392793443,1
75,1,15.75,18,15.2547392793443,15.4086150138291,1
75,1,15.75,18,15.4086150138291,15.75,0
76,1,16.75,10,0,6.03093302235965,1
76,1,16.75,10,6.03093302235965,7.86740680537418,1
76,1,16.75,10,7.86740680537418,8.17324713526483,1
76,1,16.75,10,8.17324713526483,11.4718962115958,1
76,1,16.75,10,11.4718962115958,13.8142630196684,1
76,1,16.75,10,13.8142630196684,14.0683890391756,1
76,1,16.75,10,14.0683890391756,14.6819765313284,1
76,1,16.75,10,14.6819765313284,15.4347758326718,1
76,1,16.75,10,15.4347758326718,15.5536958736635,1
76,1,16.75,10,15.5536958736635,16.494650151672,1
76,1,16.75,10,16.494650151672,16.75,0
77,1,9.75,2,0,7.77537694355756,1
77,1,9.75,2,7.77537694355756,8.90171660492027,1
77,1,9.75,2,8.90171660492027,9.75,0
78,1,14.75,5,0,6.48676083445592,1
78,1,14.75,5,6.48676083445592,7.58051083169674,1
78,1,14.75,5,7.58051083169674,8.52767857891185,1
78,1,14.75,5,8.52767857891185,10.1681743347796,1
78,1,14.75,5,10.1681743347796,14.4892274140998,1
78,1,14.75,5,14.4892274140998,14.75,0
79,1,14.75,27,0,2.8873368134931,1
79,1,14.75,27,2.8873368134931,3.91194543581895,1
79,1,14.75,27,3.91194543581895,4.37932540823001,1
79,1,14.75,27,4.37932540823001,4.76480217007545,1
79,1,14.75,27,4.76480217007545,5.0446037855957,1
79,1,14.75,27,5.0446037855957,5.85186658213349,1
79,1,14.75,27,5.85186658213349,6.42639996977405,1
79,1,14.75,27,6.42639996977405,7.3688017265782,1
79,1,14.75,27,7.3688017265782,7.44989217299409,1
79,1,14.75,27,7.44989217299409,7.45951114786425,1
79,1,14.75,27,7.45951114786425,7.6199774794124,1
79,1,14.75,27,7.6199774794124,10.4489569788232,1
79,1,14.75,27,10.4489569788232,10.5868524609829,1
79,1,14.75,27,10.5868524609829,10.9974776600496,1
79,1,14.75,27,10.9974776600496,10.9986630319836,1
79,1,14.75,27,10.9986630319836,11.3213350730836,1
79,1,14.75,27,11.3213350730836,11.9695978790882,1
79,1,14.75,27,11.9695978790882,12.1816718411761,1
79,1,14.75,27,12.1816718411761,12.4051523091917,1
79,1,14.75,27,12.4051523091917,13.3681048486523,1
79,1,14.75,27,13.3681048486523,13.5034129877405,1
79,1,14.75,27,13.5034129877405,13.5983970615378,1
79,1,14.75,27,13.5983970615378,13.7188694369108,1
79,1,14.75,27,13.7188694369108,13.7412289237447,1
79,1,14.75,27,13.7412289237447,13.8661869860702,1
79,1,14.75,27,13.8661869860702,14.3289633630624,1
79,1,14.75,27,14.3289633630624,14.4239138710302,1
79,1,14.75,27,14.4239138710302,14.75,0
80,1,11.75,12,0,3.29932188604218,1
80,1,11.75,12,3.29932188604218,3.58136900491167,1
80,1,11.75,12,3.58136900491167,6.50974758992482,1
80,1,11.75,12,6.50974758992482,7.99819944475668,1
80,1,11.75,12,7.99819944475668,8.04593853654331,1
80,1,11.75,12,8.04593853654331,8.44384581683747,1
80,1,11.75,12,8.44384581683747,9.79887101818301,1
80,1,11.75,12,9.79887101818301,9.96837814728687,1
80,1,11.75,12,9.96837814728687,10.3072425383959,1
80,1,11.75,12,10.3072425383959,10.6176031869549,1
80,1,11.75,12,10.6176031869549,10.9193110620081,1
80,1,11.75,12,10.9193110620081,11.538166058672,1
80,1,11.75,12,11.538166058672,11.75,0
81,1,20.75,44,0,0.514548696172585,1
81,1,20.75,44,0.514548696172585,4.19756935956421,1
81,1,20.75,44,4.19756935956421,4.41890686606245,1
81,1,20.75,44,4.41890686606245,5.98307233930204,1
81,1,20.75,44,5.98307233930204,6.40441098791309,1
81,1,20.75,44,6.40441098791309,6.59604377977689,1
81,1,20.75,44,6.59604377977689,6.93392541336218,1
81,1,20.75,44,6.93392541336218,7.00457325075184,1
81,1,20.75,44,7.00457325075184,9.49146569983249,1
81,1,20.75,44,9.49146569983249,9.90137207596295,1
81,1,20.75,44,9.90137207596295,10.1191118702925,1
81,1,20.75,44,10.1191118702925,10.4095710194944,1
81,1,20.75,44,10.4095710194944,10.9769954994731,1
81,1,20.75,44,10.9769954994731,11.3371011720099,1
81,1,20.75,44,11.3371011720099,11.5033755409128,1
81,1,20.75,44,11.5033755409128,11.6441256213917,1
81,1,20.75,44,11.6441256213917,11.8744484604568,1
81,1,20.75,44,11.8744484604568,11.9576111547201,1
81,1,20.75,44,11.9576111547201,12.3742485798381,1
81,1,20.75,44,12.3742485798381,13.0037746746654,1
81,1,20.75,44,13.0037746746654,13.8253917747671,1
81,1,20.75,44,13.8253917747671,14.4522593598009,1
81,1,20.75,44,14.4522593598009,14.567633141091,1
81,1,20.75,44,14.567633141091,14.7905190134555,1
81,1,20.75,44,14.7905190134555,15.4314194115368,1
81,1,20.75,44,15.4314194115368,15.6751526094807,1
81,1,20.75,44,15.6751526094807,15.9009184618326,1
81,1,20.75,44,15.9009184618326,18.0690047631592,1
81,1,20.75,44,18.0690047631592,18.3974185849266,1
81,1,20.75,44,18.3974185849266,18.6009319615394,1
81,1,20.75,44,18.6009319615394,18.7732122145366,1
81,1,20.75,44,18.7732122145366,18.9011647525902,1
81,1,20.75,44,18.9011647525902,18.9733192228275,1
81,1,20.75,44,18.9733192228275,19.0340325288574,1
81,1,20.75,44,19.0340325288574,19.2485930591862,1
81,1,20.75,44,19.2485930591862,19.2910954033981,1
81,1,20.75,44,19.2910954033981,19.5020892439716,1
81,1,20.75,44,19.5020892439716,19.5230901176521,1
81,1,20.75,44,19.5230901176521,19.6523663174191,1
81,1,20.75,44,19.6523663174191,19.8771793255881,1
81,1,20.75,44,19.8771793255881,20.0486726605234,1
81,1,20.75,44,20.0486726605234,20.1500794071323,1
81,1,20.75,44,20.1500794071323,20.3696837480427,1
81,1,20.75,44,20.3696837480427,20.4882465405854,1
81,1,20.75,44,20.4882465405854,20.75,0
82,1,19.75,31,0,1.84340626586425,1
82,1,19.75,31,1.84340626586425,2.04140089750871,1
82,1,19.75,31,2.04140089750871,2.61564940996995,1
82,1,19.75,31,2.61564940996995,5.79393587943693,1
82,1,19.75,31,5.79393587943693,6.40397020991284,1
82,1,19.75,31,6.40397020991284,7.76467058509372,1
82,1,19.75,31,7.76467058509372,8.04571479804242,1
82,1,19.75,31,8.04571479804242,8.70871072608406,1
82,1,19.75,31,8.70871072608406,8.97399063494919,1
82,1,19.75,31,8.97399063494919,9.15745899126247,1
82,1,19.75,31,9.15745899126247,9.75949372128968,1
82,1,19.75,31,9.75949372128968,12.7070136732935,1
82,1,19.75,31,12.7070136732935,12.758431382863,1
82,1,19.75,31,12.758431382863,14.5553619530658,1
82,1,19.75,31,14.5553619530658,14.6050324183809,1
82,1,19.75,31,14.6050324183809,14.816524844993,1
82,1,19.75,31,14.816524844993,15.4522406464113,1
82,1,19.75,31,15.4522406464113,15.9816095884916,1
82,1,19.75,31,15.9816095884916,16.1233788501837,1
82,1,19.75,31,16.1233788501837,16.6716025602035,1
82,1,19.75,31,16.6716025602035,16.8082969482568,1
82,1,19.75,31,16.8082969482568,16.8575586575031,1
82,1,19.75,31,16.8575586575031,16.9702013200179,1
82,1,19.75,31,16.9702013200179,17.078823866048,1
82,1,19.75,31,17.078823866048,17.2075752682629,1
82,1,19.75,31,17.2075752682629,17.7905897589228,1
82,1,19.75,31,17.7905897589228,17.9208052871964,1
82,1,19.75,31,17.9208052871964,18.6486993741689,1
82,1,19.75,31,18.6486993741689,18.8492565792203,1
82,1,19.75,31,18.8492565792203,18.9359102008216,1
82,1,19.75,31,18.9359102008216,19.4861127190985,1
82,1,19.75,31,19.4861127190985,19.75,0
83,1,17.75,19,0,5.57098969091449,1
83,1,17.75,19,5.57098969091449,5.82545525537753,1
83,1,17.75,19,5.82545525537753,6.17454419037348,1
83,1,17.75,19,6.17454419037348,6.44849107591089,1
83,1,17.75,19,6.44849107591089,7.99348524737329,1
83,1,17.75,19,7.99348524737329,8.17128623803336,1
83,1,17.75,19,8.17128623803336,8.94367051560264,1
83,1,17.75,19,8.94367051560264,9.62022520008733,1
83,1,17.75,19,9.62022520008733,10.0471022706787,1
83,1,17.75,19,10.0471022706787,10.3666013247363,1
83,1,17.75,19,10.3666013247363,11.1619742875943,1
83,1,17.75,19,11.1619742875943,12.2734755604957,1
83,1,17.75,19,12.2734755604957,13.569316558414,1
83,1,17.75,19,13.569316558414,15.3488236476801,1
83,1,17.75,19,15.3488236476801,15.4225379573308,1
83,1,17.75,19,15.4225379573308,16.1112993491548,1
83,1,17.75,19,16.1112993491548,16.3737452172047,1
83,1,17.75,19,16.3737452172047,16.3750368809727,1
83,1,17.75,19,16.3750368809727,17.3398697193644,1
83,1,17.75,19,17.3398697193644,17.75,0
84,1,9.75,7,0,3.36851270259903,1
84,1,9.75,7,3.36851270259903,4.14850740486231,1
84,1,9.75,7,4.14850740486231,4.52666404503535,1
84,1,9.75,7,4.52666404503535,5.47303469367541,1
84,1,9.75,7,5.47303469367541,6.76211771621061,1
84,1,9.75,7,6.76211771621061,7.73491116463295,1
84,1,9.75,7,7.73491116463295,9.03436226436514,1
84,1,9.75,7,9.03436226436514,9.75,0
85,1,14.75,18,0,2.77194191964837,1
85,1,14.75,18,2.77194191964837,3.49535229933564,1
85,1,14.75,18,3.49535229933564,4.55523697186725,1
85,1,14.75,18,4.55523697186725,7.37487536307346,1
85,1,14.75,18,7.37487536307346,7.70577134511881,1
85,1,14.75,18,7.70577134511881,9.83790654216005,1
85,1,14.75,18,9.83790654216005,10.3674364357169,1
85,1,14.75,18,10.3674364357169,11.3524164954204,1
85,1,14.75,18,11.3524164954204,11.6298686978779,1
85,1,14.75,18,11.6298686978779,11.8123455043565,1
85,1,14.75,18,11.8123455043565,12.0595416277294,1
85,1,14.75,18,12.0595416277294,12.8976935114492,1
85,1,14.75,18,12.8976935114492,12.9101248461067,1
85,1,14.75,18,12.9101248461067,13.0565685095591,1
85,1,14.75,18,13.0565685095591,13.4312891569306,1
85,1,14.75,18,13.4312891569306,14.2349739393127,1
85,1,14.75,18,14.2349739393127,14.2458873308989,1
85,1,14.75,18,14.2458873308989,14.6418382821113,1
85,1,14.75,18,14.6418382821113,14.75,0
86,1,10.75,10,0,2.12775109496715,1
86,1,10.75,10,2.12775109496715,3.71633347793238,1
86,1,10.75,10,3.71633347793238,4.27411478824267,1
86,1,10.75,10,4.27411478824267,6.63437639652577,1
86,1,10.75,10,6.63437639652577,7.78584721939475,1
86,1,10.75,10,7.78584721939475,8.1459360661709,1
86,1,10.75,10,8.1459360661709,8.23332114085944,1
86,1,10.75,10,8.23332114085944,9.45557821439753,1
86,1,10.75,10,9.45557821439753,9.49661771379746,1
86,1,10.75,10,9.49661771379746,10.0477587891105,1
86,1,10.75,10,10.0477587891105,10.75,0
87,1,13.75,9,0,5.22395023887278,1
87,1,13.75,9,5.22395023887278,6.46990481504462,1
87,1,13.75,9,6.46990481504462,8.91264925545841,1
87,1,13.75,9,8.91264925545841,8.96560433531433,1
87,1,13.75,9,8.96560433531433,9.52106293850207,1
87,1,13.75,9,9.52106293850207,9.81126041170201,1
87,1,13.75,9,9.81126041170201,11.4070493639029,1
87,1,13.75,9,11.4070493639029,11.5269172469285,1
87,1,13.75,9,11.5269172469285,13.6489821330596,1
87,1,13.75,9,13.6489821330596,13.75,0
88,1,8.75,3,0,7.1007170114814,1
88,1,8.75,3,7.1007170114814,8.15342739375965,1
88,1,8.75,3,8.15342739375965,8.58537260967575,1
88,1,8.75,3,8.58537260967575,8.75,0
89,1,8.75,4,0,3.64698435536053,1
89,1,8.75,4,3.64698435536053,3.64971187139011,1
89,1,8.75,4,3.64971187139011,7.28084941717774,1
89,1,8.75,4,7.28084941717774,8.5308073248776,1
89,1,8.75,4,8.5308073248776,8.75,0
90,1,11.75,2,0,7.1923262052241,1
90,1,11.75,2,7.1923262052241,10.0133667498732,1
90,1,11.75,2,10.0133667498732,11.75,0
91,1,14.75,4,0,9.33100006783401,1
91,1,14.75,4,9.33100006783401,10.9967980586116,1
91,1,14.75,4,10.9967980586116,11.6593359048144,1
91,1,14.75,4,11.6593359048144,14.1712279564893,1
91,1,14.75,4,14.1712279564893,14.75,0
92,1,13.75,12,0,4.76855621617488,1
92,1,13.75,12,4.76855621617488,5.40808926333183,1
92,1,13.75,12,5.40808926333183,6.81613143641292,1
92,1,13.75,12,6.81613143641292,8.07263398010009,1
92,1,13.75,12,8.07263398010009,8.60818035419384,1
92,1,13.75,12,8.60818035419384,11.0682623551403,1
92,1,13.75,12,11.0682623551403,11.1139030362113,1
92,1,13.75,12,11.1139030362113,11.7704069949668,1
92,1,13.75,12,11.7704069949668,12.1846862580968,1
92,1,13.75,12,12.1846862580968,12.4213771914169,1
92,1,13.75,12,12.4213771914169,12.8656026572122,1
92,1,13.75,12,12.8656026572122,13.7479662251133,1
92,1,13.75,12,13.7479662251133,13.75,0
93,1,10.75,5,0,1.15182174160344,1
93,1,10.75,5,1.15182174160344,2.03555662241227,1
93,1,10.75,5,2.03555662241227,3.79473470661925,1
93,1,10.75,5,3.79473470661925,7.01115213438162,1
93,1,10.75,5,7.01115213438162,9.90999986641477,1
93,1,10.75,5,9.90999986641477,10.75,0
94,1,12.75,13,0,3.96413248390153,1
94,1,12.75,13,3.96413248390153,5.75952416568014,1
94,1,12.75,13,5.75952416568014,7.13288136486583,1
94,1,12.75,13,7.13288136486583,8.23681376602511,1
94,1,12.75,13,8.23681376602511,8.65586134646785,1
94,1,12.75,13,8.65586134646785,8.76345248881655,1
94,1,12.75,13,8.76345248881655,8.98144833243603,1
94,1,12.75,13,8.98144833243603,9.1609153339828,1
94,1,12.75,13,9.1609153339828,10.635107554491,1
94,1,12.75,13,10.635107554491,10.9725802838447,1
94,1,12.75,13,10.9725802838447,11.3540204453503,1
94,1,12.75,13,11.3540204453503,11.5527507683277,1
94,1,12.75,13,11.5527507683277,12.5704785355331,1
94,1,12.75,13,12.5704785355331,12.75,0
95,1,11.75,7,0,3.52367660742564,1
95,1,11.75,7,3.52367660742564,4.42367549615937,1
95,1,11.75,7,4.42367549615937,5.28147335059943,1
95,1,11.75,7,5.28147335059943,7.6728522955453,1
95,1,11.75,7,7.6728522955453,8.64565509970963,1
95,1,11.75,7,8.64565509970963,8.90796835328925,1
95,1,11.75,7,8.90796835328925,10.8803762709952,1
95,1,11.75,7,10.8803762709952,11.75,0
96,1,11.75,2,0,6.92598098333829,1
96,1,11.75,2,6.92598098333829,7.60110171052713,1
96,1,11.75,2,7.60110171052713,11.75,0
97,1,18.75,16,0,9.03352725518338,1
97,1,18.75,16,9.03352725518338,10.2869302084313,1
97,1,18.75,16,10.2869302084313,10.8911664028081,1
97,1,18.75,16,10.8911664028081,11.6702211164072,1
97,1,18.75,16,11.6702211164072,12.2072861395242,1
97,1,18.75,16,12.2072861395242,13.3314374008222,1
97,1,18.75,16,13.3314374008222,13.4240862099447,1
97,1,18.75,16,13.4240862099447,13.6653031037019,1
97,1,18.75,16,13.6653031037019,14.3646805394704,1
97,1,18.75,16,14.3646805394704,15.2462303609831,1
97,1,18.75,16,15.2462303609831,15.772955683012,1
97,1,18.75,16,15.772955683012,16.274684835605,1
97,1,18.75,16,16.274684835605,16.7345402767202,1
97,1,18.75,16,16.7345402767202,16.7889405282702,1
97,1,18.75,16,16.7889405282702,16.8593050071952,1
97,1,18.75,16,16.8593050071952,16.9783507627026,1
97,1,18.75,16,16.9783507627026,18.75,0
98,1,19.75,25,0,0.864280734298712,1
98,1,19.75,25,0.864280734298712,3.40758842982658,1
98,1,19.75,25,3.40758842982658,4.17153551524227,1
98,1,19.75,25,4.17153551524227,5.40544920486832,1
98,1,19.75,25,5.40544920486832,6.59788583528702,1
98,1,19.75,25,6.59788583528702,7.18846160101513,1
98,1,19.75,25,7.18846160101513,7.23667177820214,1
98,1,19.75,25,7.23667177820214,8.29431062653961,1
98,1,19.75,25,8.29431062653961,8.42170019556933,1
98,1,19.75,25,8.42170019556933,9.26457252756078,1
98,1,19.75,25,9.26457252756078,9.69958545721579,1
98,1,19.75,25,9.69958545721579,9.82002045369607,1
98,1,19.75,25,9.82002045369607,10.9680650115613,1
98,1,19.75,25,10.9680650115613,11.0296850297309,1
98,1,19.75,25,11.0296850297309,12.9394634643066,1
98,1,19.75,25,12.9394634643066,13.9994281424808,1
98,1,19.75,25,13.9994281424808,14.996724759151,1
98,1,19.75,25,14.996724759151,16.1480998956999,1
98,1,19.75,25,16.1480998956999,16.8035192749875,1
98,1,19.75,25,16.8035192749875,17.4803125347318,1
98,1,19.75,25,17.4803125347318,18.0208253625051,1
98,1,19.75,25,18.0208253625051,18.4120992247544,1
98,1,19.75,25,18.4120992247544,18.5945287648817,1
98,1,19.75,25,18.5945287648817,18.7973239459962,1
98,1,19.75,25,18.7973239459962,19.3182155032317,1
98,1,19.75,25,19.3182155032317,19.75,0
99,1,14.75,4,0,1.1847916625178,1
99,1,14.75,4,1.1847916625178,8.64263271533096,1
99,1,14.75,4,8.64263271533096,10.854630962099,1
99,1,14.75,4,10.854630962099,13.3938677450949,1
99,1,14.75,4,13.3938677450949,14.75,0
100,1,14.75,4,0,10.2202133814847,1
100,1,14.75,4,10.2202133814847,13.0842145352793,1
100,1,14.75,4,13.0842145352793,13.9172981446068,1
100,1,14.75,4,13.9172981446068,14.2607688961034,1
100,1,14.75,4,14.2607688961034,14.75,0
101,1,12.75,8,0,3.09124246908938,1
101,1,12.75,8,3.09124246908938,6.43556324146947,1
101,1,12.75,8,6.43556324146947,7.10242951196906,1
101,1,12.75,8,7.10242951196906,7.76064046654563,1
101,1,12.75,8,7.76064046654563,8.75586302422066,1
101,1,12.75,8,8.75586302422066,9.13830956906521,1
101,1,12.75,8,9.13830956906521,11.0687303871956,1
101,1,12.75,8,11.0687303871956,11.0790578949906,1
101,1,12.75,8,11.0790578949906,12.75,0
102,1,12.75,11,0,0.773526067939081,1
102,1,12.75,11,0.773526067939081,2.66543699491166,1
102,1,12.75,11,2.66543699491166,4.00472584257571,1
102,1,12.75,11,4.00472584257571,4.7425729534321,1
102,1,12.75,11,4.7425729534321,5.98440206274302,1
102,1,12.75,11,5.98440206274302,6.97116271860633,1
102,1,12.75,11,6.97116271860633,7.0970646695412,1
102,1,12.75,11,7.0970646695412,8.19615115801096,1
102,1,12.75,11,8.19615115801096,9.37109691946915,1
102,1,12.75,11,9.37109691946915,9.46790939074011,1
102,1,12.75,11,9.46790939074011,10.8040153016441,1
102,1,12.75,11,10.8040153016441,12.75,0
103,1,13.75,4,0,6.2256940171675,1
103,1,13.75,4,6.2256940171675,6.7471060639327,1
103,1,13.75,4,6.7471060639327,12.498581050263,1
103,1,13.75,4,12.498581050263,13.3419522709265,1
103,1,13.75,4,13.3419522709265,13.75,0
104,1,12.75,8,0,1.95271702450907,1
104,1,12.75,8,1.95271702450907,8.37069204179059,1
104,1,12.75,8,8.37069204179059,9.15413498981175,1
104,1,12.75,8,9.15413498981175,9.90543615743206,1
104,1,12.75,8,9.90543615743206,10.1677796161906,1
104,1,12.75,8,10.1677796161906,11.6083713739405,1
104,1,12.75,8,11.6083713739405,11.7370027151985,1
104,1,12.75,8,11.7370027151985,12.5425274899022,1
104,1,12.75,8,12.5425274899022,12.75,0
105,1,19.75,33,0,3.34099347045606,1
105,1,19.75,33,3.34099347045606,4.49137028882975,1
105,1,19.75,33,4.49137028882975,4.92441070849446,1
105,1,19.75,33,4.92441070849446,5.01454082291013,1
105,1,19.75,33,5.01454082291013,5.15055282640562,1
105,1,19.75,33,5.15055282640562,5.9128506230208,1
105,1,19.75,33,5.9128506230208,8.81525990923083,1
105,1,19.75,33,8.81525990923083,9.10652604451137,1
105,1,19.75,33,9.10652604451137,9.37451047426041,1
105,1,19.75,33,9.37451047426041,10.6164997587487,1
105,1,19.75,33,10.6164997587487,10.6636602321686,1
105,1,19.75,33,10.6636602321686,11.024745030246,1
105,1,19.75,33,11.024745030246,11.1060736188779,1
105,1,19.75,33,11.1060736188779,11.901221633512,1
105,1,19.75,33,11.901221633512,11.9606663715857,1
105,1,19.75,33,11.9606663715857,13.8409590266414,1
105,1,19.75,33,13.8409590266414,13.9675878436686,1
105,1,19.75,33,13.9675878436686,14.3144104491168,1
105,1,19.75,33,14.3144104491168,16.3389719638204,1
105,1,19.75,33,16.3389719638204,16.4031902379163,1
105,1,19.75,33,16.4031902379163,16.4326239218091,1
105,1,19.75,33,16.4326239218091,17.3627567200596,1
105,1,19.75,33,17.3627567200596,17.7506815473318,1
105,1,19.75,33,17.7506815473318,17.8715561577777,1
105,1,19.75,33,17.8715561577777,18.0928650428402,1
105,1,19.75,33,18.0928650428402,18.5524178683798,1
105,1,19.75,33,18.5524178683798,18.6163570642844,1
105,1,19.75,33,18.6163570642844,18.6711268596771,1
105,1,19.75,33,18.6711268596771,18.9996265721651,1
105,1,19.75,33,18.9996265721651,19.0733535379479,1
105,1,19.75,33,19.0733535379479,19.0811949961993,1
105,1,19.75,33,19.0811949961993,19.2088702573062,1
105,1,19.75,33,19.2088702573062,19.713087682461,1
105,1,19.75,33,19.713087682461,19.75,0
106,1,8.75,3,0,7.8902150549717,1
106,1,8.75,3,7.8902150549717,8.32582184925744,1
106,1,8.75,3,8.32582184925744,8.39517247845809,1
106,1,8.75,3,8.39517247845809,8.75,0
107,1,14.75,8,0,6.19723771826039,1
107,1,14.75,8,6.19723771826039,7.72824476759325,1
107,1,14.75,8,7.72824476759325,10.1897738732517,1
107,1,14.75,8,10.1897738732517,12.0042511887308,1
107,1,14.75,8,12.0042511887308,12.0058845201529,1
107,1,14.75,8,12.0058845201529,12.170267813835,1
107,1,14.75,8,12.170267813835,12.4675542058304,1
107,1,14.75,8,12.4675542058304,13.5512349993432,1
107,1,14.75,8,13.5512349993432,14.75,0
108,1,16.75,27,0,1.8244671676022,1
108,1,16.75,27,1.8244671676022,3.04656679022081,1
108,1,16.75,27,3.04656679022081,3.35089211468386,1
108,1,16.75,27,3.35089211468386,4.12501803075545,1
108,1,16.75,27,4.12501803075545,4.26177336198075,1
108,1,16.75,27,4.26177336198075,5.84072381998605,1
108,1,16.75,27,5.84072381998605,6.40167918262636,1
108,1,16.75,27,6.40167918262636,7.5794938175689,1
108,1,16.75,27,7.5794938175689,8.64099397467292,1
108,1,16.75,27,8.64099397467292,8.90539721182149,1
108,1,16.75,27,8.90539721182149,8.91940440373624,1
108,1,16.75,27,8.91940440373624,8.97885195503604,1
108,1,16.75,27,8.97885195503604,9.57204113746048,1
108,1,16.75,27,9.57204113746048,10.7934214745145,1
108,1,16.75,27,10.7934214745145,10.8626211668055,1
108,1,16.75,27,10.8626211668055,10.9239137963706,1
108,1,16.75,27,10.9239137963706,11.1972827592741,1
108,1,16.75,27,11.1972827592741,11.2360620623939,1
108,1,16.75,27,11.2360620623939,11.40845628442,1
108,1,16.75,27,11.40845628442,13.4664564783665,1
108,1,16.75,27,13.4664564783665,14.7000868799593,1
108,1,16.75,27,14.7000868799593,15.0682760102651,1
108,1,16.75,27,15.0682760102651,15.4159565548361,1
108,1,16.75,27,15.4159565548361,15.711233781719,1
108,1,16.75,27,15.711233781719,15.851797653336,1
108,1,16.75,27,15.851797653336,15.9053276815171,1
108,1,16.75,27,15.9053276815171,16.4940785020695,1
108,1,16.75,27,16.4940785020695,16.75,0
109,1,11.75,11,0,4.54145825286469,1
109,1,11.75,11,4.54145825286469,6.42723439647385,1
109,1,11.75,11,6.42723439647385,6.80681062791827,1
109,1,11.75,11,6.80681062791827,7.37589750541272,1
109,1,11.75,11,7.37589750541272,7.78584293907286,1
109,1,11.75,11,7.78584293907286,8.83648512796888,1
109,1,11.75,11,8.83648512796888,8.97579225649716,1
109,1,11.75,11,8.97579225649716,9.32315663554302,1
109,1,11.75,11,9.32315663554302,9.9919598760761,1
109,1,11.75,11,9.9919598760761,10.0606676872738,1
109,1,11.75,11,10.0606676872738,10.826007784148,1
109,1,11.75,11,10.826007784148,11.75,0
110,1,17.75,8,0,6.56664496438627,1
110,1,17.75,8,6.56664496438627,8.91691231038725,1
110,1,17.75,8,8.91691231038725,14.3126950152404,1
110,1,17.75,8,14.3126950152404,16.7018798168354,1
110,1,17.75,8,16.7018798168354,16.998448649901,1
110,1,17.75,8,16.998448649901,17.1955326207975,1
110,1,17.75,8,17.1955326207975,17.2696341991788,1
110,1,17.75,8,17.2696341991788,17.3987260664443,1
110,1,17.75,8,17.3987260664443,17.75,0
111,1,8.75,6,0,2.41561243977653,1
111,1,8.75,6,2.41561243977653,4.54194265010242,1
111,1,8.75,6,4.54194265010242,5.61172393840103,1
111,1,8.75,6,5.61172393840103,6.97846015155154,1
111,1,8.75,6,6.97846015155154,7.17454727265054,1
111,1,8.75,6,7.17454727265054,7.70392154585466,1
111,1,8.75,6,7.70392154585466,8.75,0
112,1,12.75,10,0,6.1170878463454,1
112,1,12.75,10,6.1170878463454,7.30516648716844,1
112,1,12.75,10,7.30516648716844,7.65562070925132,1
112,1,12.75,10,7.65562070925132,8.59822583692296,1
112,1,12.75,10,8.59822583692296,9.01409438920848,1
112,1,12.75,10,9.01409438920848,9.27030333254278,1
112,1,12.75,10,9.27030333254278,9.56135406522026,1
112,1,12.75,10,9.56135406522026,9.62717946825233,1
112,1,12.75,10,9.62717946825233,9.65694307001497,1
112,1,12.75,10,9.65694307001497,12.6571563977128,1
112,1,12.75,10,12.6571563977128,12.75,0
113,1,8.75,5,0,6.4697633679823,1
113,1,8.75,5,6.4697633679823,7.21357393040471,1
113,1,8.75,5,7.21357393040471,8.35527650550529,1
113,1,8.75,5,8.35527650550529,8.37864391652976,1
113,1,8.75,5,8.37864391652976,8.66904886662665,1
113,1,8.75,5,8.66904886662665,8.75,0
114,1,8.75,7,0,0.357813148314611,1
114,1,8.75,7,0.357813148314611,2.68691136154657,1
114,1,8.75,7,2.68691136154657,2.89260485249119,1
114,1,8.75,7,2.89260485249119,4.80885297114992,1
114,1,8.75,7,4.80885297114992,5.58673680720327,1
114,1,8.75,7,5.58673680720327,7.79240494645874,1
114,1,8.75,7,7.79240494645874,8.63890788557121,1
114,1,8.75,7,8.63890788557121,8.75,0
115,1,12.75,5,0,4.14879476353883,1
115,1,12.75,5,4.14879476353883,6.70942019621793,1
115,1,12.75,5,6.70942019621793,10.5803288894392,1
115,1,12.75,5,10.5803288894392,11.2877236270818,1
115,1,12.75,5,11.2877236270818,11.7250402799222,1
115,1,12.75,5,11.7250402799222,12.75,0
116,1,8.75,0,0,8.75,0
117,1,16.75,34,0,2.17999704316842,1
117,1,16.75,34,2.17999704316842,5.19340437940804,1
117,1,16.75,34,5.19340437940804,5.60630364489826,1
117,1,16.75,34,5.60630364489826,5.80585778559133,1
117,1,16.75,34,5.80585778559133,6.55295785680043,1
117,1,16.75,34,6.55295785680043,6.7365758444679,1
117,1,16.75,34,6.7365758444679,6.9817660826541,1
117,1,16.75,34,6.9817660826541,7.92050624617116,1
117,1,16.75,34,7.92050624617116,8.29147739451284,1
117,1,16.75,34,8.29147739451284,8.53182703274577,1
117,1,16.75,34,8.53182703274577,9.0426820187757,1
117,1,16.75,34,9.0426820187757,9.08437764565946,1
117,1,16.75,34,9.08437764565946,9.51125211802493,1
117,1,16.75,34,9.51125211802493,9.5547490530688,1
117,1,16.75,34,9.5547490530688,9.63170387396425,1
117,1,16.75,34,9.63170387396425,10.1402717069319,1
117,1,16.75,34,10.1402717069319,11.1756029388946,1
117,1,16.75,34,11.1756029388946,11.5952008705355,1
117,1,16.75,34,11.5952008705355,12.1884913780192,1
117,1,16.75,34,12.1884913780192,12.3190703589058,1
117,1,16.75,34,12.3190703589058,12.6676097779952,1
117,1,16.75,34,12.6676097779952,12.9038831032298,1
117,1,16.75,34,12.9038831032298,13.0079885429002,1
117,1,16.75,34,13.0079885429002,13.0910735701692,1
117,1,16.75,34,13.0910735701692,13.8189183834263,1
117,1,16.75,34,13.8189183834263,13.8495026824393,1
117,1,16.75,34,13.8495026824393,13.8851193370752,1
117,1,16.75,34,13.8851193370752,13.9525457070619,1
117,1,16.75,34,13.9525457070619,13.9825530102178,1
117,1,16.75,34,13.9825530102178,14.1508076860688,1
117,1,16.75,34,14.1508076860688,15.2383695290071,1
117,1,16.75,34,15.2383695290071,15.7272827332099,1
117,1,16.75,34,15.7272827332099,16.4029037524043,1
117,1,16.75,34,16.4029037524043,16.6005080816188,1
117,1,16.75,34,16.6005080816188,16.75,0
118,1,14.75,9,0,8.08455883446452,1
118,1,14.75,9,8.08455883446452,8.42899636054961,1
118,1,14.75,9,8.42899636054961,8.4307525814392,1
118,1,14.75,9,8.4307525814392,8.65459169255742,1
118,1,14.75,9,8.65459169255742,10.0253548569254,1
118,1,14.75,9,10.0253548569254,10.0943984293456,1
118,1,14.75,9,10.0943984293456,10.8767490635294,1
118,1,14.75,9,10.8767490635294,12.3794278667231,1
118,1,14.75,9,12.3794278667231,14.0165030762129,1
118,1,14.75,9,14.0165030762129,14.75,0
119,1,15.75,16,0,2.19682870442828,1
119,1,15.75,16,2.19682870442828,5.3495499780501,1
119,1,15.75,16,5.3495499780501,5.67530628860198,1
119,1,15.75,16,5.67530628860198,6.92294326326659,1
119,1,15.75,16,6.92294326326659,7.77125042487974,1
119,1,15.75,16,7.77125042487974,8.32325064580076,1
119,1,15.75,16,8.32325064580076,8.62866658067842,1
119,1,15.75,16,8.62866658067842,9.98155968138412,1
119,1,15.75,16,9.98155968138412,11.1053998219826,1
119,1,15.75,16,11.1053998219826,11.3146406213797,1
119,1,15.75,16,11.3146406213797,11.4277700100572,1
119,1,15.75,16,11.4277700100572,11.5753645964809,1
119,1,15.75,16,11.5753645964809,11.6170054767752,1
119,1,15.75,16,11.6170054767752,13.3705721236721,1
119,1,15.75,16,13.3705721236721,13.6517533151912,1
119,1,15.75,16,13.6517533151912,13.8117180092597,1
119,1,15.75,16,13.8117180092597,15.75,0
120,1,11.75,7,0,4.42690074085861,1
120,1,11.75,7,4.42690074085861,5.05005907095022,1
120,1,11.75,7,5.05005907095022,5.66560901716554,1
120,1,11.75,7,5.66560901716554,5.8472561534245,1
120,1,11.75,7,5.8472561534245,8.69024623185579,1
120,1,11.75,7,8.69024623185579,10.0085308277133,1
120,1,11.75,7,10.0085308277133,10.8034929611892,1
120,1,11.75,7,10.8034929611892,11.75,0
121,1,11.75,8,0,5.44097398202423,1
121,1,11.75,8,5.44097398202423,6.33483789239564,1
121,1,11.75,8,6.33483789239564,6.97628292390963,1
121,1,11.75,8,6.97628292390963,8.99745732634908,1
121,1,11.75,8,8.99745732634908,9.38261342504504,1
121,1,11.75,8,9.38261342504504,10.2660507272371,1
121,1,11.75,8,10.2660507272371,10.4681988520704,1
121,1,11.75,8,10.4681988520704,11.4835033699269,1
121,1,11.75,8,11.4835033699269,11.75,0
122,1,16.75,10,0,4.15275300762197,1
122,1,16.75,10,4.15275300762197,4.22674283866105,1
122,1,16.75,10,4.22674283866105,11.7780392576777,1
122,1,16.75,10,11.7780392576777,12.1781897355859,1
122,1,16.75,10,12.1781897355859,12.8040813301989,1
122,1,16.75,10,12.8040813301989,15.0603870017206,1
122,1,16.75,10,15.0603870017206,15.4883551294071,1
122,1,16.75,10,15.4883551294071,15.7261580366959,1
122,1,16.75,10,15.7261580366959,15.7670122799266,1
122,1,16.75,10,15.7670122799266,16.5002569887969,1
122,1,16.75,10,16.5002569887969,16.75,0
123,1,17.75,57,0,0.452817214091777,1
123,1,17.75,57,0.452817214091777,2.32780976023739,1
123,1,17.75,57,2.32780976023739,3.56397908117781,1
123,1,17.75,57,3.56397908117781,3.7164141793331,1
123,1,17.75,57,3.7164141793331,3.83446653006712,1
123,1,17.75,57,3.83446653006712,4.41569259368515,1
123,1,17.75,57,4.41569259368515,4.72783543306627,1
123,1,17.75,57,4.72783543306627,4.81088956300244,1
123,1,17.75,57,4.81088956300244,4.93771274598666,1
123,1,17.75,57,4.93771274598666,5.04568090062296,1
123,1,17.75,57,5.04568090062296,5.69288140703894,1
123,1,17.75,57,5.69288140703894,5.70575349399981,1
123,1,17.75,57,5.70575349399981,6.42370229981918,1
123,1,17.75,57,6.42370229981918,6.72741461878098,1
123,1,17.75,57,6.72741461878098,6.97896008847282,1
123,1,17.75,57,6.97896008847282,7.49417706846909,1
123,1,17.75,57,7.49417706846909,8.18692695553484,1
123,1,17.75,57,8.18692695553484,8.6667510191623,1
123,1,17.75,57,8.6667510191623,8.87890072993671,1
123,1,17.75,57,8.87890072993671,10.1551084675073,1
123,1,17.75,57,10.1551084675073,10.2719015754252,1
123,1,17.75,57,10.2719015754252,10.3029154071154,1
123,1,17.75,57,10.3029154071154,10.8326313917141,1
123,1,17.75,57,10.8326313917141,10.8345134616052,1
123,1,17.75,57,10.8345134616052,11.2694801943005,1
123,1,17.75,57,11.2694801943005,11.2789787933438,1
123,1,17.75,57,11.2789787933438,11.3254839971551,1
123,1,17.75,57,11.3254839971551,11.3537680614965,1
123,1,17.75,57,11.3537680614965,11.5092691592171,1
123,1,17.75,57,11.5092691592171,11.5633012400588,1
123,1,17.75,57,11.5633012400588,11.5940262911355,1
123,1,17.75,57,11.5940262911355,11.9197271249169,1
123,1,17.75,57,11.9197271249169,12.0977392412623,1
123,1,17.75,57,12.0977392412623,12.3302279215719,1
123,1,17.75,57,12.3302279215719,12.8084053233904,1
123,1,17.75,57,12.8084053233904,13.0966748809919,1
123,1,17.75,57,13.0966748809919,13.5791513677744,1
123,1,17.75,57,13.5791513677744,13.8547993347316,1
123,1,17.75,57,13.8547993347316,13.9461429574696,1
123,1,17.75,57,13.9461429574696,13.9649633634834,1
123,1,17.75,57,13.9649633634834,14.1816255650245,1
123,1,17.75,57,14.1816255650245,14.2797376785616,1
123,1,17.75,57,14.2797376785616,15.0012765162096,1
123,1,17.75,57,15.0012765162096,15.0257332914491,1
123,1,17.75,57,15.0257332914491,15.8749276303025,1
123,1,17.75,57,15.8749276303025,15.9578781173775,1
123,1,17.75,57,15.9578781173775,16.0717988048,1
123,1,17.75,57,16.0717988048,16.1629259078434,1
123,1,17.75,57,16.1629259078434,16.2482308306932,1
123,1,17.75,57,16.2482308306932,16.2553590588599,1
123,1,17.75,57,16.2553590588599,16.3487873102114,1
123,1,17.75,57,16.3487873102114,16.4420802763086,1
123,1,17.75,57,16.4420802763086,16.5670944435239,1
123,1,17.75,57,16.5670944435239,16.7286632329955,1
123,1,17.75,57,16.7286632329955,16.9821529460513,1
123,1,17.75,57,16.9821529460513,17.3504100201496,1
123,1,17.75,57,17.3504100201496,17.6772498911164,1
123,1,17.75,57,17.6772498911164,17.75,0
124,1,14.75,4,0,5.4966122944892,1
124,1,14.75,4,5.4966122944892,9.01588566482624,1
124,1,14.75,4,9.01588566482624,13.6230667385832,1
124,1,14.75,4,13.6230667385832,13.8192651543706,1
124,1,14.75,4,13.8192651543706,14.75,0
125,1,10.75,5,0,5.31201779700674,1
125,1,10.75,5,5.31201779700674,6.72771887385839,1
125,1,10.75,5,6.72771887385839,7.58492915518854,1
125,1,10.75,5,7.58492915518854,7.95059724953992,1
125,1,10.75,5,7.95059724953992,7.95211766866442,1
125,1,10.75,5,7.95211766866442,10.75,0
126,1,14.75,12,0,4.30886297561033,1
126,1,14.75,12,4.30886297561033,6.2768283862629,1
126,1,14.75,12,6.2768283862629,7.15139662204417,1
126,1,14.75,12,7.15139662204417,7.76702971928972,1
126,1,14.75,12,7.76702971928972,8.23349407959869,1
126,1,14.75,12,8.23349407959869,10.2823505470001,1
126,1,14.75,12,10.2823505470001,10.5024380632198,1
126,1,14.75,12,10.5024380632198,11.3368177765989,1
126,1,14.75,12,11.3368177765989,11.7763088197436,1
126,1,14.75,12,11.7763088197436,12.0688697734119,1
126,1,14.75,12,12.0688697734119,12.2514097709109,1
126,1,14.75,12,12.2514097709109,12.7977165198203,1
126,1,14.75,12,12.7977165198203,14.75,0
127,1,15.75,11,0,4.70578445254784,1
127,1,15.75,11,4.70578445254784,5.35563094685869,1
127,1,15.75,11,5.35563094685869,5.85998733652783,1
127,1,15.75,11,5.85998733652783,7.55046780372297,1
127,1,15.75,11,7.55046780372297,8.29503655054662,1
127,1,15.75,11,8.29503655054662,12.6566276669964,1
127,1,15.75,11,12.6566276669964,13.7744013017534,1
127,1,15.75,11,13.7744013017534,13.8437434232139,1
127,1,15.75,11,13.8437434232139,14.6350339044313,1
127,1,15.75,11,14.6350339044313,14.8763232758356,1
127,1,15.75,11,14.8763232758356,15.4267309195401,1
127,1,15.75,11,15.4267309195401,15.75,0
128,1,15.75,31,0,1.37038368470192,1
128,1,15.75,31,1.37038368470192,4.79084500010782,1
128,1,15.75,31,4.79084500010782,5.19112447511031,1
128,1,15.75,31,5.19112447511031,5.66534823835056,1
128,1,15.75,31,5.66534823835056,5.72927724215737,1
128,1,15.75,31,5.72927724215737,6.1671982699511,1
128,1,15.75,31,6.1671982699511,7.83124736534705,1
128,1,15.75,31,7.83124736534705,8.53427950328065,1
128,1,15.75,31,8.53427950328065,8.70228968688951,1
128,1,15.75,31,8.70228968688951,9.44734289976076,1
128,1,15.75,31,9.44734289976076,9.72138110947224,1
128,1,15.75,31,9.72138110947224,10.3404914464813,1
128,1,15.75,31,10.3404914464813,10.9443941322574,1
128,1,15.75,31,10.9443941322574,11.0192915461169,1
128,1,15.75,31,11.0192915461169,11.076597622087,1
128,1,15.75,31,11.076597622087,11.4277979033398,1
128,1,15.75,31,11.4277979033398,12.564237132251,1
128,1,15.75,31,12.564237132251,12.6561065999118,1
128,1,15.75,31,12.6561065999118,12.6921165380927,1
128,1,15.75,31,12.6921165380927,12.8428854701392,1
128,1,15.75,31,12.8428854701392,13.0147592518984,1
128,1,15.75,31,13.0147592518984,13.0350255635746,1
128,1,15.75,31,13.0350255635746,13.7221414196935,1
128,1,15.75,31,13.7221414196935,13.7622473640442,1
128,1,15.75,31,13.7622473640442,14.0441336279379,1
128,1,15.75,31,14.0441336279379,14.2769138756386,1
128,1,15.75,31,14.2769138756386,14.4781232847527,1
128,1,15.75,31,14.4781232847527,15.1408556465198,1
128,1,15.75,31,15.1408556465198,15.3613833270724,1
128,1,15.75,31,15.3613833270724,15.5079151964459,1
128,1,15.75,31,15.5079151964459,15.5995636721803,1
128,1,15.75,31,15.5995636721803,15.75,0
129,1,16.75,24,0,3.77550208209981,1
129,1,16.75,24,3.77550208209981,4.89441209187785,1
129,1,16.75,24,4.89441209187785,9.46077614890993,1
129,1,16.75,24,9.46077614890993,10.4843369792192,1
129,1,16.75,24,10.4843369792192,10.7981764196727,1
129,1,16.75,24,10.7981764196727,11.1979694932242,1
129,1,16.75,24,11.1979694932242,11.6930922281828,1
129,1,16.75,24,11.6930922281828,13.3881726357835,1
129,1,16.75,24,13.3881726357835,13.7350767238488,1
129,1,16.75,24,13.7350767238488,13.8751779620419,1
129,1,16.75,24,13.8751779620419,14.081022090858,1
129,1,16.75,24,14.081022090858,14.1981960504085,1
129,1,16.75,24,14.1981960504085,14.5080022485595,1
129,1,16.75,24,14.5080022485595,14.5459748000363,1
129,1,16.75,24,14.5459748000363,14.8668048884397,1
129,1,16.75,24,14.8668048884397,15.2080607281456,1
129,1,16.75,24,15.2080607281456,15.2993673598134,1
129,1,16.75,24,15.2993673598134,15.3146374418515,1
129,1,16.75,24,15.3146374418515,15.392904519659,1
129,1,16.75,24,15.392904519659,15.8556008608485,1
129,1,16.75,24,15.8556008608485,15.9055173550319,1
129,1,16.75,24,15.9055173550319,16.2416355993207,1
129,1,16.75,24,16.2416355993207,16.5104834249564,1
129,1,16.75,24,16.5104834249564,16.6217238191678,1
129,1,16.75,24,16.6217238191678,16.75,0
130,1,13.75,8,0,5.56322524741411,1
130,1,13.75,8,5.56322524741411,8.04245991562565,1
130,1,13.75,8,8.04245991562565,8.27289425593295,1
130,1,13.75,8,8.27289425593295,8.43988838926492,1
130,1,13.75,8,8.43988838926492,8.54171159248948,1
130,1,13.75,8,8.54171159248948,9.61047854146789,1
130,1,13.75,8,9.61047854146789,11.4623476220962,1
130,1,13.75,8,11.4623476220962,11.7570677614277,1
130,1,13.75,8,11.7570677614277,13.75,0
131,1,15.75,21,0,2.66177927204351,1
131,1,15.75,21,2.66177927204351,4.87183535269018,1
131,1,15.75,21,4.87183535269018,5.94089323028106,1
131,1,15.75,21,5.94089323028106,6.02042401696628,1
131,1,15.75,21,6.02042401696628,6.79960888289309,1
131,1,15.75,21,6.79960888289309,7.46928751778859,1
131,1,15.75,21,7.46928751778859,8.35347238020621,1
131,1,15.75,21,8.35347238020621,8.84126287511884,1
131,1,15.75,21,8.84126287511884,8.99363087673165,1
131,1,15.75,21,8.99363087673165,9.86603489215898,1
131,1,15.75,21,9.86603489215898,10.6569532940806,1
131,1,15.75,21,10.6569532940806,10.7821560841358,1
131,1,15.75,21,10.7821560841358,11.2597853363183,1
131,1,15.75,21,11.2597853363183,11.8359372426783,1
131,1,15.75,21,11.8359372426783,11.898840638849,1
131,1,15.75,21,11.898840638849,13.2961026160099,1
131,1,15.75,21,13.2961026160099,13.9020398790761,1
131,1,15.75,21,13.9020398790761,14.1995914942887,1
131,1,15.75,21,14.1995914942887,14.2598281707118,1
131,1,15.75,21,14.2598281707118,14.8679166196918,1
131,1,15.75,21,14.8679166196918,14.9938635965515,1
131,1,15.75,21,14.9938635965515,15.75,0
132,1,14.75,13,0,2.16058675152292,1
132,1,14.75,13,2.16058675152292,4.10714112571256,1
132,1,14.75,13,4.10714112571256,4.28878052495033,1
132,1,14.75,13,4.28878052495033,8.05510975979909,1
132,1,14.75,13,8.05510975979909,8.38319467007528,1
132,1,14.75,13,8.38319467007528,8.56165108425067,1
132,1,14.75,13,8.56165108425067,10.4293991750157,1
132,1,14.75,13,10.4293991750157,10.8695897009685,1
132,1,14.75,13,10.8695897009685,12.5836871891638,1
132,1,14.75,13,12.5836871891638,13.4901005252931,1
132,1,14.75,13,13.4901005252931,13.7548062270473,1
132,1,14.75,13,13.7548062270473,14.3719894501544,1
132,1,14.75,13,14.3719894501544,14.7443042528218,1
132,1,14.75,13,14.7443042528218,14.75,0
133,1,19.75,22,0,2.02430929437183,1
133,1,19.75,22,2.02430929437183,3.40883240395476,1
133,1,19.75,22,3.40883240395476,6.87196190156163,1
133,1,19.75,22,6.87196190156163,8.97769871154364,1
133,1,19.75,22,8.97769871154364,9.47870262448174,1
133,1,19.75,22,9.47870262448174,10.6390945568619,1
133,1,19.75,22,10.6390945568619,10.9620518192376,1
133,1,19.75,22,10.9620518192376,11.791461645276,1
133,1,19.75,22,11.791461645276,11.8292053874756,1
133,1,19.75,22,11.8292053874756,12.4734675978032,1
133,1,19.75,22,12.4734675978032,13.1361194500139,1
133,1,19.75,22,13.1361194500139,13.1500988741108,1
133,1,19.75,22,13.1500988741108,13.5575920564215,1
133,1,19.75,22,13.5575920564215,14.0083552183526,1
133,1,19.75,22,14.0083552183526,14.9738592875323,1
133,1,19.75,22,14.9738592875323,16.1566592597355,1
133,1,19.75,22,16.1566592597355,16.3609002381565,1
133,1,19.75,22,16.3609002381565,17.0516008436564,1
133,1,19.75,22,17.0516008436564,17.2038722593308,1
133,1,19.75,22,17.2038722593308,17.3676313520047,1
133,1,19.75,22,17.3676313520047,17.4915682400435,1
133,1,19.75,22,17.4915682400435,18.1839885661769,1
133,1,19.75,22,18.1839885661769,19.75,0
134,1,17.75,25,0,3.03272094324666,1
134,1,17.75,25,3.03272094324666,3.46489634454282,1
134,1,17.75,25,3.46489634454282,3.60275720987056,1
134,1,17.75,25,3.60275720987056,4.43747609614476,1
134,1,17.75,25,4.43747609614476,4.4872654338885,1
134,1,17.75,25,4.4872654338885,5.71845197335408,1
134,1,17.75,25,5.71845197335408,7.69886079307326,1
134,1,17.75,25,7.69886079307326,8.40670547895617,1
134,1,17.75,25,8.40670547895617,9.2958782452259,1
134,1,17.75,25,9.2958782452259,9.64571645179914,1
134,1,17.75,25,9.64571645179914,10.6185639314563,1
134,1,17.75,25,10.6185639314563,11.3414101640712,1
134,1,17.75,25,11.3414101640712,12.0570714726526,1
134,1,17.75,25,12.0570714726526,12.175470181405,1
134,1,17.75,25,12.175470181405,12.1762923199294,1
134,1,17.75,25,12.1762923199294,12.9274055248,1
134,1,17.75,25,12.9274055248,14.2893673082548,1
134,1,17.75,25,14.2893673082548,15.8749621182354,1
134,1,17.75,25,15.8749621182354,16.2863454929028,1
134,1,17.75,25,16.2863454929028,16.469664620726,1
134,1,17.75,25,16.469664620726,16.547988891912,1
134,1,17.75,25,16.547988891912,16.7361803665614,1
134,1,17.75,25,16.7361803665614,16.8756776588704,1
134,1,17.75,25,16.8756776588704,17.6138119072772,1
134,1,17.75,25,17.6138119072772,17.658442206106,1
134,1,17.75,25,17.658442206106,17.75,0
135,1,13.75,17,0,0.640267744185803,1
135,1,13.75,17,0.640267744185803,2.18064003097865,1
135,1,13.75,17,2.18064003097865,4.00037499441644,1
135,1,13.75,17,4.00037499441644,4.41482317771863,1
135,1,13.75,17,4.41482317771863,5.25308861495417,1
135,1,13.75,17,5.25308861495417,6.06121330234282,1
135,1,13.75,17,6.06121330234282,6.21518954872765,1
135,1,13.75,17,6.21518954872765,8.4585718789839,1
135,1,13.75,17,8.4585718789839,10.4614643658318,1
135,1,13.75,17,10.4614643658318,10.9879478286992,1
135,1,13.75,17,10.9879478286992,11.8554158715803,1
135,1,13.75,17,11.8554158715803,11.9837108335518,1
135,1,13.75,17,11.9837108335518,12.6706724779663,1
135,1,13.75,17,12.6706724779663,13.1516345061025,1
135,1,13.75,17,13.1516345061025,13.2794521290619,1
135,1,13.75,17,13.2794521290619,13.6039201291517,1
135,1,13.75,17,13.6039201291517,13.6322481837743,1
135,1,13.75,17,13.6322481837743,13.75,0
136,1,11.75,5,0,3.32662534481845,1
136,1,11.75,5,3.32662534481845,5.73234427366206,1
136,1,11.75,5,5.73234427366206,8.37754178362505,1
136,1,11.75,5,8.37754178362505,10.0344577743042,1
136,1,11.75,5,10.0344577743042,11.519007629264,1
136,1,11.75,5,11.519007629264,11.75,0
137,1,11.75,15,0,0.592551632748208,1
137,1,11.75,15,0.592551632748208,1.87115895214174,1
137,1,11.75,15,1.87115895214174,5.11154543598432,1
137,1,11.75,15,5.11154543598432,6.23520277964924,1
137,1,11.75,15,6.23520277964924,7.51565080645891,1
137,1,11.75,15,7.51565080645891,9.20272851364422,1
137,1,11.75,15,9.20272851364422,9.27963956032157,1
137,1,11.75,15,9.27963956032157,9.99358580521258,1
137,1,11.75,15,9.99358580521258,10.6346139170177,1
137,1,11.75,15,10.6346139170177,10.8646967692904,1
137,1,11.75,15,10.8646967692904,11.1535430316778,1
137,1,11.75,15,11.1535430316778,11.3837875226636,1
137,1,11.75,15,11.3837875226636,11.5414304560588,1
137,1,11.75,15,11.5414304560588,11.6541054698463,1
137,1,11.75,15,11.6541054698463,11.6769699154125,1
137,1,11.75,15,11.6769699154125,11.75,0
138,1,17.75,19,0,1.43013096080554,1
138,1,17.75,19,1.43013096080554,3.42181413974202,1
138,1,17.75,19,3.42181413974202,4.82518665490099,1
138,1,17.75,19,4.82518665490099,6.44409834851057,1
138,1,17.75,19,6.44409834851057,8.34011504084808,1
138,1,17.75,19,8.34011504084808,9.81699137452697,1
138,1,17.75,19,9.81699137452697,10.7981700660989,1
138,1,17.75,19,10.7981700660989,12.5825075379641,1
138,1,17.75,19,12.5825075379641,13.8256900455519,1
138,1,17.75,19,13.8256900455519,13.8818995193266,1
138,1,17.75,19,13.8818995193266,14.3029750240382,1
138,1,17.75,19,14.3029750240382,14.9811152762701,1
138,1,17.75,19,14.9811152762701,15.4920058465836,1
138,1,17.75,19,15.4920058465836,15.589673597868,1
138,1,17.75,19,15.589673597868,15.9219536985875,1
138,1,17.75,19,15.9219536985875,16.3426043657003,1
138,1,17.75,19,16.3426043657003,16.5762447412753,1
138,1,17.75,19,16.5762447412753,16.7368700273669,1
138,1,17.75,19,16.7368700273669,17.4056453749871,1
138,1,17.75,19,17.4056453749871,17.75,0
139,1,13.75,17,0,1.72023458784023,1
139,1,13.75,17,1.72023458784023,4.36489808079923,1
139,1,13.75,17,4.36489808079923,4.50055522612081,1
139,1,13.75,17,4.50055522612081,5.89367529885096,1
139,1,13.75,17,5.89367529885096,7.10239234314959,1
139,1,13.75,17,7.10239234314959,7.47824904804467,1
139,1,13.75,17,7.47824904804467,7.98266240010764,1
139,1,13.75,17,7.98266240010764,8.04098911602218,1
139,1,13.75,17,8.04098911602218,9.33320868922976,1
139,1,13.75,17,9.33320868922976,9.87719240641764,1
139,1,13.75,17,9.87719240641764,9.99013861335022,1
139,1,13.75,17,9.99013861335022,11.0246781036469,1
139,1,13.75,17,11.0246781036469,11.8570512066237,1
139,1,13.75,17,11.8570512066237,12.3270155097348,1
139,1,13.75,17,12.3270155097348,12.7298782377237,1
139,1,13.75,17,12.7298782377237,13.0421888713306,1
139,1,13.75,17,13.0421888713306,13.5010548252735,1
139,1,13.75,17,13.5010548252735,13.75,0
140,1,16.75,7,0,3.30938047371894,1
140,1,16.75,7,3.30938047371894,6.01861988454223,1
140,1,16.75,7,6.01861988454223,6.19093900830767,1
140,1,16.75,7,6.19093900830767,6.24731988683872,1
140,1,16.75,7,6.24731988683872,12.6878140611485,1
140,1,16.75,7,12.6878140611485,13.102276554702,1
140,1,16.75,7,13.102276554702,14.4498484987331,1
140,1,16.75,7,14.4498484987331,16.75,0
141,1,14.75,6,0,8.88730210525283,1
141,1,14.75,6,8.88730210525283,9.35462797092772,1
141,1,14.75,6,9.35462797092772,11.3854060597882,1
141,1,14.75,6,11.3854060597882,11.9698049147058,1
141,1,14.75,6,11.9698049147058,12.770461661185,1
141,1,14.75,6,12.770461661185,14.4844149797226,1
141,1,14.75,6,14.4844149797226,14.75,0
142,1,8.75,3,0,1.92695660211078,1
142,1,8.75,3,1.92695660211078,6.90760374288067,1
142,1,8.75,3,6.90760374288067,7.63312804030231,1
142,1,8.75,3,7.63312804030231,8.75,0
143,1,19.75,30,0,3.45104963439755,1
143,1,19.75,30,3.45104963439755,4.48901819135674,1
143,1,19.75,30,4.48901819135674,5.65477129220344,1
143,1,19.75,30,5.65477129220344,6.02455449599092,1
143,1,19.75,30,6.02455449599092,6.59745539631056,1
143,1,19.75,30,6.59745539631056,7.61265479038635,1
143,1,19.75,30,7.61265479038635,8.02695186446823,1
143,1,19.75,30,8.02695186446823,9.0866151670455,1
143,1,19.75,30,9.0866151670455,10.7599123555424,1
143,1,19.75,30,10.7599123555424,11.5331080044061,1
143,1,19.75,30,11.5331080044061,11.922036343372,1
143,1,19.75,30,11.922036343372,12.0169596921989,1
143,1,19.75,30,12.0169596921989,12.5725567901318,1
143,1,19.75,30,12.5725567901318,12.8539376125371,1
143,1,19.75,30,12.8539376125371,13.5402703918431,1
143,1,19.75,30,13.5402703918431,13.7511176879019,1
143,1,19.75,30,13.7511176879019,14.8736925572355,1
143,1,19.75,30,14.8736925572355,15.1563190485007,1
143,1,19.75,30,15.1563190485007,15.452260658836,1
143,1,19.75,30,15.452260658836,15.5812346146241,1
143,1,19.75,30,15.5812346146241,16.0878927420438,1
143,1,19.75,30,16.0878927420438,16.6398851306678,1
143,1,19.75,30,16.6398851306678,16.735788679176,1
143,1,19.75,30,16.735788679176,16.9596625600074,1
143,1,19.75,30,16.9596625600074,17.9219746164915,1
143,1,19.75,30,17.9219746164915,18.2179251500348,1
143,1,19.75,30,18.2179251500348,18.4992655716765,1
143,1,19.75,30,18.4992655716765,18.5907129178456,1
143,1,19.75,30,18.5907129178456,18.655868475811,1
143,1,19.75,30,18.655868475811,18.9697684456285,1
143,1,19.75,30,18.9697684456285,19.75,0
144,1,12.75,18,0,1.89114549961761,1
144,1,12.75,18,1.89114549961761,3.3823614029381,1
144,1,12.75,18,3.3823614029381,4.21810617372382,1
144,1,12.75,18,4.21810617372382,4.28366136031658,1
144,1,12.75,18,4.28366136031658,6.51989316373257,1
144,1,12.75,18,6.51989316373257,6.60168222141891,1
144,1,12.75,18,6.60168222141891,7.11669677666856,1
144,1,12.75,18,7.11669677666856,7.29098440966197,1
144,1,12.75,18,7.29098440966197,7.6092320744197,1
144,1,12.75,18,7.6092320744197,7.78870140800916,1
144,1,12.75,18,7.78870140800916,8.17825762267481,1
144,1,12.75,18,8.17825762267481,8.36644280408053,1
144,1,12.75,18,8.36644280408053,8.62714384924091,1
144,1,12.75,18,8.62714384924091,9.22037748127264,1
144,1,12.75,18,9.22037748127264,10.6224090078371,1
144,1,12.75,18,10.6224090078371,11.0766737060788,1
144,1,12.75,18,11.0766737060788,12.4405687136424,1
144,1,12.75,18,12.4405687136424,12.636625284277,1
144,1,12.75,18,12.636625284277,12.75,0
145,1,11.75,14,0,1.50094184645998,1
145,1,11.75,14,1.50094184645998,6.74900740814059,1
145,1,11.75,14,6.74900740814059,6.76599132014475,1
145,1,11.75,14,6.76599132014475,7.7658738846063,1
145,1,11.75,14,7.7658738846063,7.81100632134325,1
145,1,11.75,14,7.81100632134325,7.81692878078331,1
145,1,11.75,14,7.81692878078331,8.78108450048832,1
145,1,11.75,14,8.78108450048832,9.95206392966444,1
145,1,11.75,14,9.95206392966444,10.0555195413145,1
145,1,11.75,14,10.0555195413145,10.7242775308082,1
145,1,11.75,14,10.7242775308082,10.7671977898202,1
145,1,11.75,14,10.7671977898202,11.080254356036,1
145,1,11.75,14,11.080254356036,11.6298659471367,1
145,1,11.75,14,11.6298659471367,11.7350494632799,1
145,1,11.75,14,11.7350494632799,11.75,0
146,1,17.75,14,0,4.33212345306591,1
146,1,17.75,14,4.33212345306591,5.04141292841644,1
146,1,17.75,14,5.04141292841644,7.93921890793179,1
146,1,17.75,14,7.93921890793179,9.64869346270836,1
146,1,17.75,14,9.64869346270836,10.2811729587371,1
146,1,17.75,14,10.2811729587371,10.4487877103291,1
146,1,17.75,14,10.4487877103291,10.5037111780641,1
146,1,17.75,14,10.5037111780641,12.2640993103858,1
146,1,17.75,14,12.2640993103858,13.0319363273171,1
146,1,17.75,14,13.0319363273171,13.1643076761922,1
146,1,17.75,14,13.1643076761922,13.2745602608018,1
146,1,17.75,14,13.2745602608018,14.8759285075211,1
146,1,17.75,14,14.8759285075211,15.5441917272294,1
146,1,17.75,14,15.5441917272294,17.0557590060879,1
146,1,17.75,14,17.0557590060879,17.75,0
147,1,19.75,9,0,10.0394728092968,1
147,1,19.75,9,10.0394728092968,13.9976303440638,1
147,1,19.75,9,13.9976303440638,15.3301111593233,1
147,1,19.75,9,15.3301111593233,15.446513391862,1
147,1,19.75,9,15.446513391862,16.3482359034388,1
147,1,19.75,9,16.3482359034388,16.5704735884976,1
147,1,19.75,9,16.5704735884976,17.1520025611322,1
147,1,19.75,9,17.1520025611322,18.5284041516145,1
147,1,19.75,9,18.5284041516145,18.629930407296,1
147,1,19.75,9,18.629930407296,19.75,0
148,1,19.75,10,0,5.25043704466471,1
148,1,19.75,10,5.25043704466471,5.60546586041878,1
148,1,19.75,10,5.60546586041878,8.6463630185968,1
148,1,19.75,10,8.6463630185968,9.37284149336519,1
148,1,19.75,10,9.37284149336519,10.0864167476581,1
148,1,19.75,10,10.0864167476581,11.8047319494428,1
148,1,19.75,10,11.8047319494428,14.0958002240898,1
148,1,19.75,10,14.0958002240898,15.5617648921557,1
148,1,19.75,10,15.5617648921557,15.785317538958,1
148,1,19.75,10,15.785317538958,17.6087305116425,1
148,1,19.75,10,17.6087305116425,19.75,0
149,1,18.75,27,0,3.38982886478641,1
149,1,18.75,27,3.38982886478641,4.31474029638727,1
149,1,18.75,27,4.31474029638727,4.67251998962302,1
149,1,18.75,27,4.67251998962302,4.7148644768601,1
149,1,18.75,27,4.7148644768601,5.08226149488987,1
149,1,18.75,27,5.08226149488987,6.14230189120797,1
149,1,18.75,27,6.14230189120797,6.87783874780326,1
149,1,18.75,27,6.87783874780326,8.89188169335085,1
149,1,18.75,27,8.89188169335085,9.11622905254911,1
149,1,18.75,27,9.11622905254911,10.4402305241688,1
149,1,18.75,27,10.4402305241688,12.0103262750289,1
149,1,18.75,27,12.0103262750289,12.8189533699797,1
149,1,18.75,27,12.8189533699797,12.9486554699366,1
149,1,18.75,27,12.9486554699366,13.1735681154111,1
149,1,18.75,27,13.1735681154111,13.4050396862948,1
149,1,18.75,27,13.4050396862948,13.5561796625291,1
149,1,18.75,27,13.5561796625291,13.9824265406071,1
149,1,18.75,27,13.9824265406071,14.2402086871873,1
149,1,18.75,27,14.2402086871873,14.6917323552843,1
149,1,18.75,27,14.6917323552843,14.9451406662358,1
149,1,18.75,27,14.9451406662358,15.3323368924891,1
149,1,18.75,27,15.3323368924891,15.3898336315062,1
149,1,18.75,27,15.3898336315062,16.9702729006841,1
149,1,18.75,27,16.9702729006841,16.9999800786501,1
149,1,18.75,27,16.9999800786501,17.1010723404641,1
149,1,18.75,27,17.1010723404641,17.1191387661162,1
149,1,18.75,27,17.1191387661162,18.510986332523,1
149,1,18.75,27,18.510986332523,18.75,0
150,1,18.75,39,0,0.944723944208317,1
150,1,18.75,39,0.944723944208317,3.0509100123807,1
150,1,18.75,39,3.0509100123807,3.06991132733704,1
150,1,18.75,39,3.06991132733704,4.83724616317507,1
150,1,18.75,39,4.83724616317507,5.1056418126687,1
150,1,18.75,39,5.1056418126687,7.26088646255146,1
150,1,18.75,39,7.26088646255146,7.85205611894772,1
150,1,18.75,39,7.85205611894772,7.86094451023483,1
150,1,18.75,39,7.86094451023483,8.04034985158143,1
150,1,18.75,39,8.04034985158143,9.10006098360767,1
150,1,18.75,39,9.10006098360767,9.37238164294468,1
150,1,18.75,39,9.37238164294468,9.37686829285108,1
150,1,18.75,39,9.37686829285108,10.0375760145926,1
150,1,18.75,39,10.0375760145926,10.8525037046613,1
150,1,18.75,39,10.8525037046613,11.6147175289613,1
150,1,18.75,39,11.6147175289613,12.221030648583,1
150,1,18.75,39,12.221030648583,12.2703562652724,1
150,1,18.75,39,12.2703562652724,12.7611178096014,1
150,1,18.75,39,12.7611178096014,13.0923745462558,1
150,1,18.75,39,13.0923745462558,13.1409332635634,1
150,1,18.75,39,13.1409332635634,13.9442096381201,1
150,1,18.75,39,13.9442096381201,14.3720284651528,1
150,1,18.75,39,14.3720284651528,14.7042177669561,1
150,1,18.75,39,14.7042177669561,14.7594668555029,1
150,1,18.75,39,14.7594668555029,15.1621688694148,1
150,1,18.75,39,15.1621688694148,15.1927015566445,1
150,1,18.75,39,15.1927015566445,15.8322329504319,1
150,1,18.75,39,15.8322329504319,15.9966086040569,1
150,1,18.75,39,15.9966086040569,16.1866630796573,1
150,1,18.75,39,16.1866630796573,16.6951848713733,1
150,1,18.75,39,16.6951848713733,16.8117236193862,1
150,1,18.75,39,16.8117236193862,17.2468283644593,1
150,1,18.75,39,17.2468283644593,17.6695274906553,1
150,1,18.75,39,17.6695274906553,17.7433578606751,1
150,1,18.75,39,17.7433578606751,17.9430208337043,1
150,1,18.75,39,17.9430208337043,17.9914341711207,1
150,1,18.75,39,17.9914341711207,18.095547886773,1
150,1,18.75,39,18.095547886773,18.4637031787869,1
150,1,18.75,39,18.4637031787869,18.5491501720518,1
150,1,18.75,39,18.5491501720518,18.75,0
151,1,12.75,12,0,2.40662534832278,1
151,1,12.75,12,2.40662534832278,3.7979945876581,1
151,1,12.75,12,3.7979945876581,4.76272803293452,1
151,1,12.75,12,4.76272803293452,5.72048106632951,1
151,1,12.75,12,5.72048106632951,6.55001576544907,1
151,1,12.75,12,6.55001576544907,7.94587135094329,1
151,1,12.75,12,7.94587135094329,8.44943143957692,1
151,1,12.75,12,8.44943143957692,8.80935807064047,1
151,1,12.75,12,8.80935807064047,9.2600379688235,1
151,1,12.75,12,9.2600379688235,9.44665120929438,1
151,1,12.75,12,9.44665120929438,10.4360945084562,1
151,1,12.75,12,10.4360945084562,11.3994763940994,1
151,1,12.75,12,11.3994763940994,12.75,0
152,1,16.75,16,0,2.32221677313466,1
152,1,16.75,16,2.32221677313466,2.87238826833167,1
152,1,16.75,16,2.87238826833167,7.14913742430889,1
152,1,16.75,16,7.14913742430889,8.96817674607847,1
152,1,16.75,16,8.96817674607847,9.0832353473415,1
152,1,16.75,16,9.0832353473415,9.66387679602543,1
152,1,16.75,16,9.66387679602543,10.2156109284505,1
152,1,16.75,16,10.2156109284505,10.6543057153042,1
152,1,16.75,16,10.6543057153042,11.573327567545,1
152,1,16.75,16,11.573327567545,12.6047690978119,1
152,1,16.75,16,12.6047690978119,13.7697089166505,1
152,1,16.75,16,13.7697089166505,13.84444774085,1
152,1,16.75,16,13.84444774085,15.5356511411081,1
152,1,16.75,16,15.5356511411081,15.6446072483554,1
152,1,16.75,16,15.6446072483554,15.6776046930638,1
152,1,16.75,16,15.6776046930638,16.5709655051721,1
152,1,16.75,16,16.5709655051721,16.75,0
153,1,18.75,6,0,1.97997936044138,1
153,1,18.75,6,1.97997936044138,5.01017141064693,1
153,1,18.75,6,5.01017141064693,6.07762599341697,1
153,1,18.75,6,6.07762599341697,7.05324708622047,1
153,1,18.75,6,7.05324708622047,14.0047641534793,1
153,1,18.75,6,14.0047641534793,17.1895862621654,1
153,1,18.75,6,17.1895862621654,18.75,0
154,1,8.75,4,0,7.24183068971108,1
154,1,8.75,4,7.24183068971108,7.44074425147649,1
154,1,8.75,4,7.44074425147649,8.1679738896599,1
154,1,8.75,4,8.1679738896599,8.5073916441538,1
154,1,8.75,4,8.5073916441538,8.75,0
155,1,14.75,5,0,5.59366742995833,1
155,1,14.75,5,5.59366742995833,6.65858318792911,1
155,1,14.75,5,6.65858318792911,9.37377394996038,1
155,1,14.75,5,9.37377394996038,11.9408277025035,1
155,1,14.75,5,11.9408277025035,11.9423948563407,1
155,1,14.75,5,11.9423948563407,14.75,0
156,1,8.75,1,0,2.76292613976323,1
156,1,8.75,1,2.76292613976323,8.75,0
157,1,8.75,3,0,4.84150078113726,1
157,1,8.75,3,4.84150078113726,6.57137322113412,1
157,1,8.75,3,6.57137322113412,8.25192615087833,1
157,1,8.75,3,8.25192615087833,8.75,0
158,1,16.75,44,0,1.3103889247931,1
158,1,16.75,44,1.3103889247931,3.3504293252524,1
158,1,16.75,44,3.3504293252524,3.77787721280666,1
158,1,16.75,44,3.77787721280666,4.82858993448847,1
158,1,16.75,44,4.82858993448847,5.01760100196282,1
158,1,16.75,44,5.01760100196282,5.06453756751715,1
158,1,16.75,44,5.06453756751715,5.38305869644014,1
158,1,16.75,44,5.38305869644014,5.43100847989072,1
158,1,16.75,44,5.43100847989072,5.7201047139288,1
158,1,16.75,44,5.7201047139288,5.87547630703468,1
158,1,16.75,44,5.87547630703468,6.34049773713267,1
158,1,16.75,44,6.34049773713267,7.10638159624973,1
158,1,16.75,44,7.10638159624973,7.11168471977193,1
158,1,16.75,44,7.11168471977193,7.49382830783042,1
158,1,16.75,44,7.49382830783042,8.63885845860009,1
158,1,16.75,44,8.63885845860009,8.68558709221528,1
158,1,16.75,44,8.68558709221528,9.91033586820492,1
158,1,16.75,44,9.91033586820492,10.1193368627251,1
158,1,16.75,44,10.1193368627251,10.44135228232,1
158,1,16.75,44,10.44135228232,11.1428777699494,1
158,1,16.75,44,11.1428777699494,11.3429991363718,1
158,1,16.75,44,11.3429991363718,11.7511814703184,1
158,1,16.75,44,11.7511814703184,11.8150613870873,1
158,1,16.75,44,11.8150613870873,12.8948755628851,1
158,1,16.75,44,12.8948755628851,13.1949496980917,1
158,1,16.75,44,13.1949496980917,13.7120124457511,1
158,1,16.75,44,13.7120124457511,13.9232336444926,1
158,1,16.75,44,13.9232336444926,14.0781141991125,1
158,1,16.75,44,14.0781141991125,14.2633843370055,1
158,1,16.75,44,14.2633843370055,14.3770872226343,1
158,1,16.75,44,14.3770872226343,14.3971399880888,1
158,1,16.75,44,14.3971399880888,14.4670512594365,1
158,1,16.75,44,14.4670512594365,15.0676025394645,1
158,1,16.75,44,15.0676025394645,15.0940721031481,1
158,1,16.75,44,15.0940721031481,15.1154931875496,1
158,1,16.75,44,15.1154931875496,15.644150378744,1
158,1,16.75,44,15.644150378744,15.6618344018512,1
158,1,16.75,44,15.6618344018512,16.0425571053651,1
158,1,16.75,44,16.0425571053651,16.2501043246262,1
158,1,16.75,44,16.2501043246262,16.2608270977532,1
158,1,16.75,44,16.2608270977532,16.2991221141535,1
158,1,16.75,44,16.2991221141535,16.5449988127865,1
158,1,16.75,44,16.5449988127865,16.5734765475544,1
158,1,16.75,44,16.5734765475544,16.6018038393897,1
158,1,16.75,44,16.6018038393897,16.75,0
159,1,15.75,7,0,6.44912406060375,1
159,1,15.75,7,6.44912406060375,9.35519943684558,1
159,1,15.75,7,9.35519943684558,10.6452998159784,1
159,1,15.75,7,10.6452998159784,11.0155184525064,1
159,1,15.75,7,11.0155184525064,11.8286510970593,1
159,1,15.75,7,11.8286510970593,12.1934965388445,1
159,1,15.75,7,12.1934965388445,13.688630300992,1
159,1,15.75,7,13.688630300992,15.75,0
160,1,12.75,4,0,4.66896161787159,1
160,1,12.75,4,4.66896161787159,10.3804367017236,1
160,1,12.75,4,10.3804367017236,10.9403577221619,1
160,1,12.75,4,10.9403577221619,11.5199395216304,1
160,1,12.75,4,11.5199395216304,12.75,0
161,1,11.75,19,0,1.36275162536636,1
161,1,11.75,19,1.36275162536636,3.41579457977824,1
161,1,11.75,19,3.41579457977824,3.56560605881801,1
161,1,11.75,19,3.56560605881801,4.134067679041,1
161,1,11.75,19,4.134067679041,5.45080945779344,1
161,1,11.75,19,5.45080945779344,5.98967187717195,1
161,1,11.75,19,5.98967187717195,6.30432907523858,1
161,1,11.75,19,6.30432907523858,6.32955774690651,1
161,1,11.75,19,6.32955774690651,6.83528840280071,1
161,1,11.75,19,6.83528840280071,7.09385570667243,1
161,1,11.75,19,7.09385570667243,7.45706408673614,1
161,1,11.75,19,7.45706408673614,7.87524477879676,1
161,1,11.75,19,7.87524477879676,8.20527897487579,1
161,1,11.75,19,8.20527897487579,8.8364520441251,1
161,1,11.75,19,8.8364520441251,9.15511469960644,1
161,1,11.75,19,9.15511469960644,9.70149328851527,1
161,1,11.75,19,9.70149328851527,10.4615304930614,1
161,1,11.75,19,10.4615304930614,10.5755850796643,1
161,1,11.75,19,10.5755850796643,11.2702663118983,1
161,1,11.75,19,11.2702663118983,11.75,0
162,1,18.75,21,0,1.72610282832086,1
162,1,18.75,21,1.72610282832086,2.13326997699861,1
162,1,18.75,21,2.13326997699861,3.61232302106633,1
162,1,18.75,21,3.61232302106633,4.45121778176735,1
162,1,18.75,21,4.45121778176735,5.7845415528564,1
162,1,18.75,21,5.7845415528564,5.91827975718603,1
162,1,18.75,21,5.91827975718603,8.8290439835719,1
162,1,18.75,21,8.8290439835719,9.44708594691727,1
162,1,18.75,21,9.44708594691727,11.1988072239882,1
162,1,18.75,21,11.1988072239882,12.5655515889465,1
162,1,18.75,21,12.5655515889465,12.9276508692252,1
162,1,18.75,21,12.9276508692252,12.9879519826822,1
162,1,18.75,21,12.9879519826822,13.2666047358656,1
162,1,18.75,21,13.2666047358656,14.6902326678684,1
162,1,18.75,21,14.6902326678684,15.0463666367925,1
162,1,18.75,21,15.0463666367925,15.2292846767747,1
162,1,18.75,21,15.2292846767747,15.7034847323598,1
162,1,18.75,21,15.7034847323598,16.9089887821406,1
162,1,18.75,21,16.9089887821406,17.4325513102522,1
162,1,18.75,21,17.4325513102522,18.4069743456494,1
162,1,18.75,21,18.4069743456494,18.7232146046212,1
162,1,18.75,21,18.7232146046212,18.75,0
163,1,18.75,20,0,4.26340686382564,1
163,1,18.75,20,4.26340686382564,5.49277216288209,1
163,1,18.75,20,5.49277216288209,5.51924814243529,1
163,1,18.75,20,5.51924814243529,6.91119707141229,1
163,1,18.75,20,6.91119707141229,8.24758402250224,1
163,1,18.75,20,8.24758402250224,8.58545453771542,1
163,1,18.75,20,8.58545453771542,10.7655983216904,1
163,1,18.75,20,10.7655983216904,12.5113083430176,1
163,1,18.75,20,12.5113083430176,12.8701913649275,1
163,1,18.75,20,12.8701913649275,13.3934518146461,1
163,1,18.75,20,13.3934518146461,13.7824673313048,1
163,1,18.75,20,13.7824673313048,14.5912244656488,1
163,1,18.75,20,14.5912244656488,15.1950400682395,1
163,1,18.75,20,15.1950400682395,15.4452504446481,1
163,1,18.75,20,15.4452504446481,15.4654300242058,1
163,1,18.75,20,15.4654300242058,15.6042583686447,1
163,1,18.75,20,15.6042583686447,17.0023802236975,1
163,1,18.75,20,17.0023802236975,17.7391262527239,1
163,1,18.75,20,17.7391262527239,17.898239858661,1
163,1,18.75,20,17.898239858661,17.9374518223411,1
163,1,18.75,20,17.9374518223411,18.75,0
164,1,10.75,6,0,7.6508941995963,1
164,1,10.75,6,7.6508941995963,7.80349677880874,1
164,1,10.75,6,7.80349677880874,8.28062525225796,1
164,1,10.75,6,8.28062525225796,8.5933687376179,1
164,1,10.75,6,8.5933687376179,9.63436894409348,1
164,1,10.75,6,9.63436894409348,9.93052320086011,1
164,1,10.75,6,9.93052320086011,10.75,0
165,1,14.75,15,0,3.74869352668293,1
165,1,14.75,15,3.74869352668293,4.11978984012821,1
165,1,14.75,15,4.11978984012821,7.23189386296583,1
165,1,14.75,15,7.23189386296583,8.87410088977057,1
165,1,14.75,15,8.87410088977057,9.05102225879613,1
165,1,14.75,15,9.05102225879613,9.73152246374953,1
165,1,14.75,15,9.73152246374953,11.8808353971371,1
165,1,14.75,15,11.8808353971371,11.8836630687476,1
165,1,14.75,15,11.8836630687476,12.2226384177474,1
165,1,14.75,15,12.2226384177474,12.973513914557,1
165,1,14.75,15,12.973513914557,13.339381956132,1
165,1,14.75,15,13.339381956132,13.924096896704,1
165,1,14.75,15,13.924096896704,14.2461769265405,1
165,1,14.75,15,14.2461769265405,14.6482794708698,1
165,1,14.75,15,14.6482794708698,14.6880536230066,1
165,1,14.75,15,14.6880536230066,14.75,0
166,1,17.75,17,0,1.52140232357478,1
166,1,17.75,17,1.52140232357478,6.3526191700671,1
166,1,17.75,17,6.3526191700671,7.15132653580497,1
166,1,17.75,17,7.15132653580497,8.80071865101195,1
166,1,17.75,17,8.80071865101195,11.3315666753798,1
166,1,17.75,17,11.3315666753798,11.7464630932034,1
166,1,17.75,17,11.7464630932034,11.8779491191392,1
166,1,17.75,17,11.8779491191392,12.1866065678877,1
166,1,17.75,17,12.1866065678877,12.6133862805929,1
166,1,17.75,17,12.6133862805929,13.3055394026955,1
166,1,17.75,17,13.3055394026955,13.5082198635598,1
166,1,17.75,17,13.5082198635598,15.0392256032859,1
166,1,17.75,17,15.0392256032859,15.4954322007264,1
166,1,17.75,17,15.4954322007264,15.5449586378764,1
166,1,17.75,17,15.5449586378764,15.5715295494073,1
166,1,17.75,17,15.5715295494073,15.937604977404,1
166,1,17.75,17,15.937604977404,17.4523429555363,1
166,1,17.75,17,17.4523429555363,17.75,0
167,1,11.75,6,0,1.02835478817127,1
167,1,11.75,6,1.02835478817127,5.53500743449835,1
167,1,11.75,6,5.53500743449835,6.25661015143173,1
167,1,11.75,6,6.25661015143173,6.7301450684168,1
167,1,11.75,6,6.7301450684168,10.0051320929876,1
167,1,11.75,6,10.0051320929876,10.0195310244987,1
167,1,11.75,6,10.0195310244987,11.75,0
168,1,10.75,4,0,2.70190984905246,1
168,1,10.75,4,2.70190984905246,7.1490822863179,1
168,1,10.75,4,7.1490822863179,9.20024925713065,1
168,1,10.75,4,9.20024925713065,10.5535738907644,1
168,1,10.75,4,10.5535738907644,10.75,0
169,1,17.75,17,0,5.33363486518333,1
169,1,17.75,17,5.33363486518333,6.73067720338817,1
169,1,17.75,17,6.73067720338817,8.42707108583443,1
169,1,17.75,17,8.42707108583443,8.81596704930625,1
169,1,17.75,17,8.81596704930625,9.33246716752764,1
169,1,17.75,17,9.33246716752764,9.48863935548449,1
169,1,17.75,17,9.48863935548449,10.3982752561045,1
169,1,17.75,17,10.3982752561045,11.8554870355635,1
169,1,17.75,17,11.8554870355635,11.9261347492963,1
169,1,17.75,17,11.9261347492963,12.2420730120834,1
169,1,17.75,17,12.2420730120834,12.9189577992959,1
169,1,17.75,17,12.9189577992959,12.976000720734,1
169,1,17.75,17,12.976000720734,13.0051445083986,1
169,1,17.75,17,13.0051445083986,14.4784192474045,1
169,1,17.75,17,14.4784192474045,14.6491118451245,1
169,1,17.75,17,14.6491118451245,15.0456793482176,1
169,1,17.75,17,15.0456793482176,17.1988165455794,1
169,1,17.75,17,17.1988165455794,17.75,0
170,1,15.75,11,0,1.80434800378266,1
170,1,15.75,11,1.80434800378266,4.95361241611157,1
170,1,15.75,11,4.95361241611157,5.458464077135,1
170,1,15.75,11,5.458464077135,6.44631650731493,1
170,1,15.75,11,6.44631650731493,7.88111612299898,1
170,1,15.75,11,7.88111612299898,8.27292394120579,1
170,1,15.75,11,8.27292394120579,11.3876962577883,1
170,1,15.75,11,11.3876962577883,11.8069726871021,1
170,1,15.75,11,11.8069726871021,12.6107606546009,1
170,1,15.75,11,12.6107606546009,12.8100072924663,1
170,1,15.75,11,12.8100072924663,15.0367574789874,1
170,1,15.75,11,15.0367574789874,15.75,0
171,1,17.75,15,0,3.10596045307806,1
171,1,17.75,15,3.10596045307806,3.74460970307297,1
171,1,17.75,15,3.74460970307297,6.63343842882177,1
171,1,17.75,15,6.63343842882177,7.67574587395799,1
171,1,17.75,15,7.67574587395799,9.57997258182171,1
171,1,17.75,15,9.57997258182171,9.83521552237348,1
171,1,17.75,15,9.83521552237348,10.3349095332674,1
171,1,17.75,15,10.3349095332674,11.761876030479,1
171,1,17.75,15,11.761876030479,12.30927661693,1
171,1,17.75,15,12.30927661693,13.1722968709145,1
171,1,17.75,15,13.1722968709145,13.8143281642177,1
171,1,17.75,15,13.8143281642177,14.2013453886578,1
171,1,17.75,15,14.2013453886578,15.1433449657248,1
171,1,17.75,15,15.1433449657248,15.1617910624733,1
171,1,17.75,15,15.1617910624733,15.8001245244265,1
171,1,17.75,15,15.8001245244265,17.75,0
172,1,18.75,21,0,4.6008290450067,1
172,1,18.75,21,4.6008290450067,4.78317836971412,1
172,1,18.75,21,4.78317836971412,4.84012452047198,1
172,1,18.75,21,4.84012452047198,6.09690811382216,1
172,1,18.75,21,6.09690811382216,6.18892433273865,1
172,1,18.75,21,6.18892433273865,6.82149205582788,1
172,1,18.75,21,6.82149205582788,7.97499864794216,1
172,1,18.75,21,7.97499864794216,8.39953987154461,1
172,1,18.75,21,8.39953987154461,8.93397107566451,1
172,1,18.75,21,8.93397107566451,10.1004468870199,1
172,1,18.75,21,10.1004468870199,11.321238009639,1
172,1,18.75,21,11.321238009639,13.2156409480635,1
172,1,18.75,21,13.2156409480635,13.6956102728855,1
172,1,18.75,21,13.6956102728855,13.8802855675146,1
172,1,18.75,21,13.8802855675146,14.4081623189743,1
172,1,18.75,21,14.4081623189743,15.0792600478757,1
172,1,18.75,21,15.0792600478757,15.2359412231685,1
172,1,18.75,21,15.2359412231685,16.4087564341479,1
172,1,18.75,21,16.4087564341479,17.326424247699,1
172,1,18.75,21,17.326424247699,17.8691508039613,1
172,1,18.75,21,17.8691508039613,18.2761574641573,1
172,1,18.75,21,18.2761574641573,18.75,0
173,1,17.75,18,0,5.4138330288283,1
173,1,17.75,18,5.4138330288283,6.41565967778541,1
173,1,17.75,18,6.41565967778541,6.90237704027231,1
173,1,17.75,18,6.90237704027231,9.80406938691151,1
173,1,17.75,18,9.80406938691151,10.9801731506489,1
173,1,17.75,18,10.9801731506489,11.2127172917343,1
173,1,17.75,18,11.2127172917343,11.4694483877963,1
173,1,17.75,18,11.4694483877963,12.0540026912451,1
173,1,17.75,18,12.0540026912451,12.4504971839694,1
173,1,17.75,18,12.4504971839694,12.6380975924456,1
173,1,17.75,18,12.6380975924456,13.8984443364714,1
173,1,17.75,18,13.8984443364714,14.532364092865,1
173,1,17.75,18,14.532364092865,14.7411506238571,1
173,1,17.75,18,14.7411506238571,15.3512115805581,1
173,1,17.75,18,15.3512115805581,15.6885468207324,1
173,1,17.75,18,15.6885468207324,15.8492428021854,1
173,1,17.75,18,15.8492428021854,16.7580470163382,1
173,1,17.75,18,16.7580470163382,16.9201898795307,1
173,1,17.75,18,16.9201898795307,17.75,0
174,1,10.75,3,0,2.28442711946538,1
174,1,10.75,3,2.28442711946538,5.71069542095866,1
174,1,10.75,3,5.71069542095866,9.23048318784471,1
174,1,10.75,3,9.23048318784471,10.75,0
175,1,13.75,16,0,1.54959897698385,1
175,1,13.75,16,1.54959897698385,5.96239218500924,1
175,1,13.75,16,5.96239218500924,6.23686501707589,1
175,1,13.75,16,6.23686501707589,7.23736085209703,1
175,1,13.75,16,7.23736085209703,7.58195315512335,1
175,1,13.75,16,7.58195315512335,9.61205386940616,1
175,1,13.75,16,9.61205386940616,10.1654329685879,1
175,1,13.75,16,10.1654329685879,10.365163936375,1
175,1,13.75,16,10.365163936375,11.4454861448575,1
175,1,13.75,16,11.4454861448575,12.3412024096967,1
175,1,13.75,16,12.3412024096967,12.6280627441971,1
175,1,13.75,16,12.6280627441971,12.83010857881,1
175,1,13.75,16,12.83010857881,13.3331232378957,1
175,1,13.75,16,13.3331232378957,13.36618665726,1
175,1,13.75,16,13.36618665726,13.5144081168533,1
175,1,13.75,16,13.5144081168533,13.6418304751234,1
175,1,13.75,16,13.6418304751234,13.75,0
176,1,16.75,21,0,4.95041436246165,1
176,1,16.75,21,4.95041436246165,5.56197691157318,1
176,1,16.75,21,5.56197691157318,7.90474146692057,1
176,1,16.75,21,7.90474146692057,9.0660554828689,1
176,1,16.75,21,9.0660554828689,9.65619597946099,1
176,1,16.75,21,9.65619597946099,9.67325942701164,1
176,1,16.75,21,9.67325942701164,9.83144008282782,1
176,1,16.75,21,9.83144008282782,10.0308387084233,1
176,1,16.75,21,10.0308387084233,10.9946127823976,1
176,1,16.75,21,10.9946127823976,11.4678765467989,1
176,1,16.75,21,11.4678765467989,12.6504525226169,1
176,1,16.75,21,12.6504525226169,12.8972876332895,1
176,1,16.75,21,12.8972876332895,13.0658429443465,1
176,1,16.75,21,13.0658429443465,13.2479379624765,1
176,1,16.75,21,13.2479379624765,13.332423228511,1
176,1,16.75,21,13.332423228511,14.1425247515709,1
176,1,16.75,21,14.1425247515709,15.0634586098577,1
176,1,16.75,21,15.0634586098577,15.7616331757596,1
176,1,16.75,21,15.7616331757596,16.4395899609289,1
176,1,16.75,21,16.4395899609289,16.5476516266555,1
176,1,16.75,21,16.5476516266555,16.5575507602545,1
176,1,16.75,21,16.5575507602545,16.75,0
177,1,14.75,8,0,5.51329726161974,1
177,1,14.75,8,5.51329726161974,7.59393660872676,1
177,1,14.75,8,7.59393660872676,9.10589665281833,1
177,1,14.75,8,9.10589665281833,10.4521232921626,1
177,1,14.75,8,10.4521232921626,11.1693899655825,1
177,1,14.75,8,11.1693899655825,11.3192464179278,1
177,1,14.75,8,11.3192464179278,12.7840816444155,1
177,1,14.75,8,12.7840816444155,14.0208149503364,1
177,1,14.75,8,14.0208149503364,14.75,0
178,1,14.75,3,0,2.39647927641108,1
178,1,14.75,3,2.39647927641108,3.74850295806227,1
178,1,14.75,3,3.74850295806227,13.4208979431724,1
178,1,14.75,3,13.4208979431724,14.75,0
179,1,13.75,9,0,6.18438121656301,1
179,1,13.75,9,6.18438121656301,7.91816275297812,1
179,1,13.75,9,7.91816275297812,9.03180778478041,1
179,1,13.75,9,9.03180778478041,9.09929046705995,1
179,1,13.75,9,9.09929046705995,9.30084134797256,1
179,1,13.75,9,9.30084134797256,9.99345595988448,1
179,1,13.75,9,9.99345595988448,11.1284099494242,1
179,1,13.75,9,11.1284099494242,12.630969440235,1
179,1,13.75,9,12.630969440235,13.5052041107633,1
179,1,13.75,9,13.5052041107633,13.75,0
180,1,11.75,14,0,2.14275363656854,1
180,1,11.75,14,2.14275363656854,3.50192684089646,1
180,1,11.75,14,3.50192684089646,6.51075800062122,1
180,1,11.75,14,6.51075800062122,6.97712469389567,1
180,1,11.75,14,6.97712469389567,7.32085935612567,1
180,1,11.75,14,7.32085935612567,8.23380603368762,1
180,1,11.75,14,8.23380603368762,9.03509784609987,1
180,1,11.75,14,9.03509784609987,9.25832211486213,1
180,1,11.75,14,9.25832211486213,9.66787364284228,1
180,1,11.75,14,9.66787364284228,10.7589795118299,1
180,1,11.75,14,10.7589795118299,11.0392511409256,1
180,1,11.75,14,11.0392511409256,11.2776797085955,1
180,1,11.75,14,11.2776797085955,11.4199757626471,1
180,1,11.75,14,11.4199757626471,11.6517985712312,1
180,1,11.75,14,11.6517985712312,11.75,0
181,1,20.75,35,0,4.86881450785202,1
181,1,20.75,35,4.86881450785202,5.28995661081257,1
181,1,20.75,35,5.28995661081257,5.91739978258029,1
181,1,20.75,35,5.91739978258029,6.08077728957716,1
181,1,20.75,35,6.08077728957716,6.79824208147199,1
181,1,20.75,35,6.79824208147199,8.30074172848083,1
181,1,20.75,35,8.30074172848083,9.32539205421038,1
181,1,20.75,35,9.32539205421038,9.70498243118953,1
181,1,20.75,35,9.70498243118953,10.4263573729377,1
181,1,20.75,35,10.4263573729377,10.8691798715573,1
181,1,20.75,35,10.8691798715573,11.0850895547437,1
181,1,20.75,35,11.0850895547437,11.0902495360108,1
181,1,20.75,35,11.0902495360108,11.7691917515981,1
181,1,20.75,35,11.7691917515981,11.8785103342355,1
181,1,20.75,35,11.8785103342355,11.9938841184037,1
181,1,20.75,35,11.9938841184037,12.0013846176646,1
181,1,20.75,35,12.0013846176646,13.5298784324345,1
181,1,20.75,35,13.5298784324345,13.7237817416687,1
181,1,20.75,35,13.7237817416687,14.4704255695166,1
181,1,20.75,35,14.4704255695166,14.6653873788648,1
181,1,20.75,35,14.6653873788648,14.6964533962635,1
181,1,20.75,35,14.6964533962635,15.3021456269081,1
181,1,20.75,35,15.3021456269081,15.5941340197908,1
181,1,20.75,35,15.5941340197908,15.8043356112508,1
181,1,20.75,35,15.8043356112508,16.0161766762888,1
181,1,20.75,35,16.0161766762888,16.6153268941631,1
181,1,20.75,35,16.6153268941631,17.1727361509896,1
181,1,20.75,35,17.1727361509896,17.4770655664067,1
181,1,20.75,35,17.4770655664067,18.3436869919809,1
181,1,20.75,35,18.3436869919809,18.361006975864,1
181,1,20.75,35,18.361006975864,18.9192305516313,1
181,1,20.75,35,18.9192305516313,19.0210205117647,1
181,1,20.75,35,19.0210205117647,19.4931325712137,1
181,1,20.75,35,19.4931325712137,19.9528007341452,1
181,1,20.75,35,19.9528007341452,20.0004057881307,1
181,1,20.75,35,20.0004057881307,20.75,0
182,1,16.75,24,0,1.36630770408851,1
182,1,16.75,24,1.36630770408851,1.86081024076448,1
182,1,16.75,24,1.86081024076448,6.72920455423417,1
182,1,16.75,24,6.72920455423417,7.60038396996208,1
182,1,16.75,24,7.60038396996208,7.73531150366352,1
182,1,16.75,24,7.73531150366352,9.40793478987195,1
182,1,16.75,24,9.40793478987195,9.57096110317527,1
182,1,16.75,24,9.57096110317527,10.1872099325371,1
182,1,16.75,24,10.1872099325371,10.880701379773,1
182,1,16.75,24,10.880701379773,10.8814798077299,1
182,1,16.75,24,10.8814798077299,11.2803026177434,1
182,1,16.75,24,11.2803026177434,11.6528157177995,1
182,1,16.75,24,11.6528157177995,11.9325769542823,1
182,1,16.75,24,11.9325769542823,12.0166270749018,1
182,1,16.75,24,12.0166270749018,12.8742451706496,1
182,1,16.75,24,12.8742451706496,13.1884448025698,1
182,1,16.75,24,13.1884448025698,13.6574166067161,1
182,1,16.75,24,13.6574166067161,14.3896585299296,1
182,1,16.75,24,14.3896585299296,14.5420034788618,1
182,1,16.75,24,14.5420034788618,14.6311053809353,1
182,1,16.75,24,14.6311053809353,15.2698013468843,1
182,1,16.75,24,15.2698013468843,15.4883697960729,1
182,1,16.75,24,15.4883697960729,15.5197216841443,1
182,1,16.75,24,15.5197216841443,16.216898974713,1
182,1,16.75,24,16.216898974713,16.75,0
183,1,17.75,6,0,1.70178583009364,1
183,1,17.75,6,1.70178583009364,9.55188322417522,1
183,1,17.75,6,9.55188322417522,11.2471869542297,1
183,1,17.75,6,11.2471869542297,12.7874867028621,1
183,1,17.75,6,12.7874867028621,13.3248596940223,1
183,1,17.75,6,13.3248596940223,16.8697894207589,1
183,1,17.75,6,16.8697894207589,17.75,0
184,1,19.75,20,0,1.62248542383823,1
184,1,19.75,20,1.62248542383823,5.5091857760944,1
184,1,19.75,20,5.5091857760944,6.221328282279,1
184,1,19.75,20,6.221328282279,6.70880665977867,1
184,1,19.75,20,6.70880665977867,11.1035894804641,1
184,1,19.75,20,11.1035894804641,13.2650447066089,1
184,1,19.75,20,13.2650447066089,13.4495057584517,1
184,1,19.75,20,13.4495057584517,13.4562327320518,1
184,1,19.75,20,13.4562327320518,15.5832278769126,1
184,1,19.75,20,15.5832278769126,15.5890103014691,1
184,1,19.75,20,15.5890103014691,15.8660686529405,1
184,1,19.75,20,15.8660686529405,16.2756075131104,1
184,1,19.75,20,16.2756075131104,17.7209349426082,1
184,1,19.75,20,17.7209349426082,17.7964178086823,1
184,1,19.75,20,17.7964178086823,18.0920769774145,1
184,1,19.75,20,18.0920769774145,18.5059621415664,1
184,1,19.75,20,18.5059621415664,18.6339822127506,1
184,1,19.75,20,18.6339822127506,18.6662027996686,1
184,1,19.75,20,18.6662027996686,18.9677496078247,1
184,1,19.75,20,18.9677496078247,19.1922607636739,1
184,1,19.75,20,19.1922607636739,19.75,0
185,1,15.75,7,0,2.58606220687064,1
185,1,15.75,7,2.58606220687064,4.99052156137815,1
185,1,15.75,7,4.99052156137815,5.83140441837563,1
185,1,15.75,7,5.83140441837563,6.90142380372895,1
185,1,15.75,7,6.90142380372895,9.33211856907219,1
185,1,15.75,7,9.33211856907219,9.79239975817358,1
185,1,15.75,7,9.79239975817358,12.8633185226203,1
185,1,15.75,7,12.8633185226203,15.75,0
186,1,15.75,14,0,8.64817438737563,1
186,1,15.75,14,8.64817438737563,8.64952663125304,1
186,1,15.75,14,8.64952663125304,10.7617823406892,1
186,1,15.75,14,10.7617823406892,10.9000921629712,1
186,1,15.75,14,10.9000921629712,11.24490531179,1
186,1,15.75,14,11.24490531179,11.7315197010465,1
186,1,15.75,14,11.7315197010465,12.727557448724,1
186,1,15.75,14,12.727557448724,12.9435155687881,1
186,1,15.75,14,12.9435155687881,13.5886692976281,1
186,1,15.75,14,13.5886692976281,14.8498909121553,1
186,1,15.75,14,14.8498909121553,15.1682613493406,1
186,1,15.75,14,15.1682613493406,15.1879914250502,1
186,1,15.75,14,15.1879914250502,15.619072676486,1
186,1,15.75,14,15.619072676486,15.7441214715837,1
186,1,15.75,14,15.7441214715837,15.75,0
187,1,11.75,17,0,1.3065589334231,1
187,1,11.75,17,1.3065589334231,2.03722095896096,1
187,1,11.75,17,2.03722095896096,2.42184986612906,1
187,1,11.75,17,2.42184986612906,2.67555416444271,1
187,1,11.75,17,2.67555416444271,4.20398965140521,1
187,1,11.75,17,4.20398965140521,4.90573610585922,1
187,1,11.75,17,4.90573610585922,5.62285832322658,1
187,1,11.75,17,5.62285832322658,6.84218281179567,1
187,1,11.75,17,6.84218281179567,6.92839579478371,1
187,1,11.75,17,6.92839579478371,7.37485228008163,1
187,1,11.75,17,7.37485228008163,7.72579151423325,1
187,1,11.75,17,7.72579151423325,7.73290112821199,1
187,1,11.75,17,7.73290112821199,8.31954961137726,1
187,1,11.75,17,8.31954961137726,9.24735378421905,1
187,1,11.75,17,9.24735378421905,9.59448079022823,1
187,1,11.75,17,9.59448079022823,10.0292148312425,1
187,1,11.75,17,10.0292148312425,10.4062644234191,1
187,1,11.75,17,10.4062644234191,11.75,0
188,1,10.75,2,0,2.53884693231905,1
188,1,10.75,2,2.53884693231905,10.2224781191842,1
188,1,10.75,2,10.2224781191842,10.75,0
189,1,13.75,6,0,5.20229216011795,1
189,1,13.75,6,5.20229216011795,5.80684454979838,1
189,1,13.75,6,5.80684454979838,7.99799853013784,1
189,1,13.75,6,7.99799853013784,9.0915691796648,1
189,1,13.75,6,9.0915691796648,10.0685472092861,1
189,1,13.75,6,10.0685472092861,13.3282515790782,1
189,1,13.75,6,13.3282515790782,13.75,0
190,1,17.75,9,0,7.52608176450205,1
190,1,17.75,9,7.52608176450205,8.23235188538279,1
190,1,17.75,9,8.23235188538279,9.83836413086602,1
190,1,17.75,9,9.83836413086602,12.3575072853493,1
190,1,17.75,9,12.3575072853493,13.1086414751399,1
190,1,17.75,9,13.1086414751399,15.7136813280072,1
190,1,17.75,9,15.7136813280072,16.1217079511437,1
190,1,17.75,9,16.1217079511437,16.3219766125611,1
190,1,17.75,9,16.3219766125611,16.8121261027864,1
190,1,17.75,9,16.8121261027864,17.75,0
191,1,15.75,18,0,3.83376389690185,1
191,1,15.75,18,3.83376389690185,5.50022591725978,1
191,1,15.75,18,5.50022591725978,6.97806203824246,1
191,1,15.75,18,6.97806203824246,7.80360560297564,1
191,1,15.75,18,7.80360560297564,7.83821798227442,1
191,1,15.75,18,7.83821798227442,8.66938665059341,1
191,1,15.75,18,8.66938665059341,8.91097714205776,1
191,1,15.75,18,8.91097714205776,10.1897682382094,1
191,1,15.75,18,10.1897682382094,10.1969650785749,1
191,1,15.75,18,10.1969650785749,10.3849596623669,1
191,1,15.75,18,10.3849596623669,10.6662127026096,1
191,1,15.75,18,10.6662127026096,11.6841404009628,1
191,1,15.75,18,11.6841404009628,13.1269806609313,1
191,1,15.75,18,13.1269806609313,13.2031771919788,1
191,1,15.75,18,13.2031771919788,13.7619947117802,1
191,1,15.75,18,13.7619947117802,13.9786182309775,1
191,1,15.75,18,13.9786182309775,15.2589338819989,1
191,1,15.75,18,15.2589338819989,15.3885402152176,1
191,1,15.75,18,15.3885402152176,15.75,0
192,1,14.75,9,0,2.84845036501823,1
192,1,14.75,9,2.84845036501823,8.32534649120696,1
192,1,14.75,9,8.32534649120696,9.20370935299352,1
192,1,14.75,9,9.20370935299352,9.39756113261762,1
192,1,14.75,9,9.39756113261762,10.0472589166849,1
192,1,14.75,9,10.0472589166849,11.6645547479404,1
192,1,14.75,9,11.6645547479404,11.8863233982907,1
192,1,14.75,9,11.8863233982907,12.3228885017529,1
192,1,14.75,9,12.3228885017529,13.4309286577142,1
192,1,14.75,9,13.4309286577142,14.75,0
193,1,12.75,5,0,5.77037611414364,1
193,1,12.75,5,5.77037611414364,7.21464396709253,1
193,1,12.75,5,7.21464396709253,9.5372768647264,1
193,1,12.75,5,9.5372768647264,9.87949055086055,1
193,1,12.75,5,9.87949055086055,11.9191667081083,1
193,1,12.75,5,11.9191667081083,12.75,0
194,1,9.75,4,0,3.66938821566814,1
194,1,9.75,4,3.66938821566814,8.55150693778631,1
194,1,9.75,4,8.55150693778631,9.31533496661102,1
194,1,9.75,4,9.31533496661102,9.70464133381454,1
194,1,9.75,4,9.70464133381454,9.75,0
195,1,14.75,12,0,4.65274392272696,1
195,1,14.75,12,4.65274392272696,5.3240614260917,1
195,1,14.75,12,5.3240614260917,5.6584610109095,1
195,1,14.75,12,5.6584610109095,10.8572682349041,1
195,1,14.75,12,10.8572682349041,11.160749823067,1
195,1,14.75,12,11.160749823067,12.0625462153761,1
195,1,14.75,12,12.0625462153761,12.292316218121,1
195,1,14.75,12,12.292316218121,12.5225500251779,1
195,1,14.75,12,12.5225500251779,12.8923034205777,1
195,1,14.75,12,12.8923034205777,12.9400708725294,1
195,1,14.75,12,12.9400708725294,14.2296097768095,1
195,1,14.75,12,14.2296097768095,14.3096649306257,1
195,1,14.75,12,14.3096649306257,14.75,0
196,1,18.75,40,0,2.00294548491718,1
196,1,18.75,40,2.00294548491718,3.12823462969355,1
196,1,18.75,40,3.12823462969355,3.80541837148472,1
196,1,18.75,40,3.80541837148472,5.30264754240308,1
196,1,18.75,40,5.30264754240308,6.20582570758947,1
196,1,18.75,40,6.20582570758947,7.0832851176979,1
196,1,18.75,40,7.0832851176979,7.10778714742455,1
196,1,18.75,40,7.10778714742455,8.65698192074228,1
196,1,18.75,40,8.65698192074228,8.6631373007055,1
196,1,18.75,40,8.6631373007055,8.99561332021718,1
196,1,18.75,40,8.99561332021718,9.77703510895076,1
196,1,18.75,40,9.77703510895076,10.5971027636063,1
196,1,18.75,40,10.5971027636063,10.7023288960119,1
196,1,18.75,40,10.7023288960119,10.7404279495459,1
196,1,18.75,40,10.7404279495459,10.9165937271395,1
196,1,18.75,40,10.9165937271395,10.9594775671923,1
196,1,18.75,40,10.9594775671923,11.9190994808182,1
196,1,18.75,40,11.9190994808182,11.9347916005561,1
196,1,18.75,40,11.9347916005561,12.8392397433285,1
196,1,18.75,40,12.8392397433285,13.5084634201838,1
196,1,18.75,40,13.5084634201838,13.554913133346,1
196,1,18.75,40,13.554913133346,13.7604467732546,1
196,1,18.75,40,13.7604467732546,13.8136087922116,1
196,1,18.75,40,13.8136087922116,13.9016883710177,1
196,1,18.75,40,13.9016883710177,14.2007716249313,1
196,1,18.75,40,14.2007716249313,14.3027105752558,1
196,1,18.75,40,14.3027105752558,15.134235792085,1
196,1,18.75,40,15.134235792085,15.5188317160301,1
196,1,18.75,40,15.5188317160301,15.7109288334372,1
196,1,18.75,40,15.7109288334372,16.1400914422486,1
196,1,18.75,40,16.1400914422486,16.5014229844303,1
196,1,18.75,40,16.5014229844303,16.7248237277302,1
196,1,18.75,40,16.7248237277302,17.3183350106764,1
196,1,18.75,40,17.3183350106764,17.6037773230094,1
196,1,18.75,40,17.6037773230094,17.6749765586879,1
196,1,18.75,40,17.6749765586879,17.7586720147222,1
196,1,18.75,40,17.7586720147222,17.992780627224,1
196,1,18.75,40,17.992780627224,18.3019612412051,1
196,1,18.75,40,18.3019612412051,18.4535714504139,1
196,1,18.75,40,18.4535714504139,18.6486930546457,1
196,1,18.75,40,18.6486930546457,18.75,0
197,1,9.75,6,0,3.63693876347542,1
197,1,9.75,6,3.63693876347542,3.73182204038939,1
197,1,9.75,6,3.73182204038939,4.25229808457422,1
197,1,9.75,6,4.25229808457422,6.79795000454687,1
197,1,9.75,6,6.79795000454687,7.40181813137388,1
197,1,9.75,6,7.40181813137388,8.92838891858247,1
197,1,9.75,6,8.92838891858247,9.75,0
198,1,9.75,6,0,1.27364610926595,1
198,1,9.75,6,1.27364610926595,5.15903022385775,1
198,1,9.75,6,5.15903022385775,5.8999509935321,1
198,1,9.75,6,5.8999509935321,8.37572991480931,1
198,1,9.75,6,8.37572991480931,8.41049905536454,1
198,1,9.75,6,8.41049905536454,9.34470894105752,1
198,1,9.75,6,9.34470894105752,9.75,0
199,1,16.75,41,0,2.26603642591874,1
199,1,16.75,41,2.26603642591874,4.43583475255073,1
199,1,16.75,41,4.43583475255073,5.97033140947614,1
199,1,16.75,41,5.97033140947614,7.40137728781533,1
199,1,16.75,41,7.40137728781533,7.61853377726457,1
199,1,16.75,41,7.61853377726457,7.62246067068384,1
199,1,16.75,41,7.62246067068384,7.67584522327921,1
199,1,16.75,41,7.67584522327921,8.19325729722022,1
199,1,16.75,41,8.19325729722022,8.56691910061115,1
199,1,16.75,41,8.56691910061115,8.72897246249353,1
199,1,16.75,41,8.72897246249353,9.04853760017018,1
199,1,16.75,41,9.04853760017018,9.44108195371925,1
199,1,16.75,41,9.44108195371925,9.53238932457292,1
199,1,16.75,41,9.53238932457292,9.8061881684964,1
199,1,16.75,41,9.8061881684964,10.4138372644099,1
199,1,16.75,41,10.4138372644099,10.5080786250976,1
199,1,16.75,41,10.5080786250976,10.5532328122666,1
199,1,16.75,41,10.5532328122666,10.7834679246778,1
199,1,16.75,41,10.7834679246778,11.0692340490097,1
199,1,16.75,41,11.0692340490097,11.8958874576022,1
199,1,16.75,41,11.8958874576022,12.3120628995228,1
199,1,16.75,41,12.3120628995228,13.5924817162115,1
199,1,16.75,41,13.5924817162115,13.6075513287616,1
199,1,16.75,41,13.6075513287616,14.1051750984503,1
199,1,16.75,41,14.1051750984503,14.1259394681326,1
199,1,16.75,41,14.1259394681326,14.1523705253105,1
199,1,16.75,41,14.1523705253105,14.1524629988883,1
199,1,16.75,41,14.1524629988883,14.3140231937013,1
199,1,16.75,41,14.3140231937013,14.3337904721731,1
199,1,16.75,41,14.3337904721731,14.3734365389801,1
199,1,16.75,41,14.3734365389801,14.4630930696131,1
199,1,16.75,41,14.4630930696131,14.4903566074559,1
199,1,16.75,41,14.4903566074559,14.7202724422295,1
199,1,16.75,41,14.7202724422295,14.9586916264164,1
199,1,16.75,41,14.9586916264164,15.1624132035609,1
199,1,16.75,41,15.1624132035609,15.5761468719572,1
199,1,16.75,41,15.5761468719572,15.7804638947102,1
199,1,16.75,41,15.7804638947102,15.8571309645443,1
199,1,16.75,41,15.8571309645443,15.9802422119564,1
199,1,16.75,41,15.9802422119564,16.0443438861022,1
199,1,16.75,41,16.0443438861022,16.5902955718823,1
199,1,16.75,41,16.5902955718823,16.75,0
200,1,14.75,18,0,2.86998305577656,1
200,1,14.75,18,2.86998305577656,4.326087613668,1
200,1,14.75,18,4.326087613668,5.35642657238384,1
200,1,14.75,18,5.35642657238384,5.57181027381252,1
200,1,14.75,18,5.57181027381252,6.48840979526793,1
200,1,14.75,18,6.48840979526793,8.1138903500469,1
200,1,14.75,18,8.1138903500469,10.7801175502522,1
200,1,14.75,18,10.7801175502522,11.2113605066944,1
200,1,14.75,18,11.2113605066944,11.2457537285249,1
200,1,14.75,18,11.2457537285249,11.5229392820182,1
200,1,14.75,18,11.5229392820182,11.5417710395969,1
200,1,14.75,18,11.5417710395969,12.2523627485973,1
200,1,14.75,18,12.2523627485973,13.079667591472,1
200,1,14.75,18,13.079667591472,13.7167914820182,1
200,1,14.75,18,13.7167914820182,13.9374570195441,1
200,1,14.75,18,13.9374570195441,14.2091977004823,1
200,1,14.75,18,14.2091977004823,14.316918291035,1
200,1,14.75,18,14.316918291035,14.7175875613703,1
200,1,14.75,18,14.7175875613703,14.75,0
201,1,14.75,4,0,7.08300224478566,1
201,1,14.75,4,7.08300224478566,8.817238514678,1
201,1,14.75,4,8.817238514678,10.3434008221374,1
201,1,14.75,4,10.3434008221374,12.9832602235106,1
201,1,14.75,4,12.9832602235106,14.75,0
202,1,14.75,44,0,1.00912766440755,1
202,1,14.75,44,1.00912766440755,2.10840724828836,1
202,1,14.75,44,2.10840724828836,3.03774276833498,1
202,1,14.75,44,3.03774276833498,3.32057009435123,1
202,1,14.75,44,3.32057009435123,3.91304269098048,1
202,1,14.75,44,3.91304269098048,4.83892275428768,1
202,1,14.75,44,4.83892275428768,5.16920415517682,1
202,1,14.75,44,5.16920415517682,5.81723478937298,1
202,1,14.75,44,5.81723478937298,6.56983770400796,1
202,1,14.75,44,6.56983770400796,7.39307642709549,1
202,1,14.75,44,7.39307642709549,7.82620724088498,1
202,1,14.75,44,7.82620724088498,8.63699785275993,1
202,1,14.75,44,8.63699785275993,9.41533687240297,1
202,1,14.75,44,9.41533687240297,9.81812222211041,1
202,1,14.75,44,9.81812222211041,9.90676451985836,1
202,1,14.75,44,9.90676451985836,10.0936705855197,1
202,1,14.75,44,10.0936705855197,10.2740081016391,1
202,1,14.75,44,10.2740081016391,10.7568378983844,1
202,1,14.75,44,10.7568378983844,10.9574778617544,1
202,1,14.75,44,10.9574778617544,11.0053652122755,1
202,1,14.75,44,11.0053652122755,11.1430211054193,1
202,1,14.75,44,11.1430211054193,11.3458082398809,1
202,1,14.75,44,11.3458082398809,11.4309063698731,1
202,1,14.75,44,11.4309063698731,11.4507230152362,1
202,1,14.75,44,11.4507230152362,11.5107195426507,1
202,1,14.75,44,11.5107195426507,11.6333167592241,1
202,1,14.75,44,11.6333167592241,11.7096145428864,1
202,1,14.75,44,11.7096145428864,11.8910884277478,1
202,1,14.75,44,11.8910884277478,12.2743955212174,1
202,1,14.75,44,12.2743955212174,12.4161846334265,1
202,1,14.75,44,12.4161846334265,12.5893568086269,1
202,1,14.75,44,12.5893568086269,12.7065970701129,1
202,1,14.75,44,12.7065970701129,12.7410009854884,1
202,1,14.75,44,12.7410009854884,12.7807740748837,1
202,1,14.75,44,12.7807740748837,13.1515914071331,1
202,1,14.75,44,13.1515914071331,13.8123590395967,1
202,1,14.75,44,13.8123590395967,13.8424504770437,1
202,1,14.75,44,13.8424504770437,13.9647236501357,1
202,1,14.75,44,13.9647236501357,14.0562218865684,1
202,1,14.75,44,14.0562218865684,14.0730743318589,1
202,1,14.75,44,14.0730743318589,14.2691835299887,1
202,1,14.75,44,14.2691835299887,14.3677245345525,1
202,1,14.75,44,14.3677245345525,14.6465848813168,1
202,1,14.75,44,14.6465848813168,14.6996394822067,1
202,1,14.75,44,14.6996394822067,14.75,0
203,1,15.75,8,0,6.94573464275077,1
203,1,15.75,8,6.94573464275077,8.73182590131405,1
203,1,15.75,8,8.73182590131405,9.38569492926538,1
203,1,15.75,8,9.38569492926538,11.51562291663,1
203,1,15.75,8,11.51562291663,12.7177267215633,1
203,1,15.75,8,12.7177267215633,13.0279085968577,1
203,1,15.75,8,13.0279085968577,13.1089540535776,1
203,1,15.75,8,13.1089540535776,15.1318661562631,1
203,1,15.75,8,15.1318661562631,15.75,0
204,1,12.75,14,0,4.27996338213871,1
204,1,12.75,14,4.27996338213871,5.05045472039093,1
204,1,12.75,14,5.05045472039093,6.86819471978463,1
204,1,12.75,14,6.86819471978463,6.92642027227642,1
204,1,12.75,14,6.92642027227642,7.23278828056123,1
204,1,12.75,14,7.23278828056123,7.56684633743733,1
204,1,12.75,14,7.56684633743733,8.36971485575687,1
204,1,12.75,14,8.36971485575687,8.42441100800655,1
204,1,12.75,14,8.42441100800655,8.8796903423457,1
204,1,12.75,14,8.8796903423457,9.89870406274235,1
204,1,12.75,14,9.89870406274235,9.94137765605113,1
204,1,12.75,14,9.94137765605113,11.0874410650319,1
204,1,12.75,14,11.0874410650319,11.2563284517363,1
204,1,12.75,14,11.2563284517363,12.1933074610627,1
204,1,12.75,14,12.1933074610627,12.75,0
205,1,13.75,1,0,9.1016120297382,1
205,1,13.75,1,9.1016120297382,13.75,0
206,1,17.75,6,0,6.54166917993271,1
206,1,17.75,6,6.54166917993271,9.36464195586872,1
206,1,17.75,6,9.36464195586872,10.4304966236912,1
206,1,17.75,6,10.4304966236912,12.6690544176461,1
206,1,17.75,6,12.6690544176461,13.3950516979792,1
206,1,17.75,6,13.3950516979792,15.1370380519983,1
206,1,17.75,6,15.1370380519983,17.75,0
207,1,10.75,10,0,3.18054997202125,1
207,1,10.75,10,3.18054997202125,4.2495027703493,1
207,1,10.75,10,4.2495027703493,7.49388594202056,1
207,1,10.75,10,7.49388594202056,7.86559985914284,1
207,1,10.75,10,7.86559985914284,8.48673657575877,1
207,1,10.75,10,8.48673657575877,8.80414176454927,1
207,1,10.75,10,8.80414176454927,9.4375163060156,1
207,1,10.75,10,9.4375163060156,10.0168781041787,1
207,1,10.75,10,10.0168781041787,10.1243616432535,1
207,1,10.75,10,10.1243616432535,10.6944778845439,1
207,1,10.75,10,10.6944778845439,10.75,0
208,1,15.75,42,0,3.88777579742562,1
208,1,15.75,42,3.88777579742562,4.05990712181624,1
208,1,15.75,42,4.05990712181624,5.05307616021757,1
208,1,15.75,42,5.05307616021757,5.44146722365622,1
208,1,15.75,42,5.44146722365622,5.73556927926941,1
208,1,15.75,42,5.73556927926941,5.99837000692881,1
208,1,15.75,42,5.99837000692881,6.28717968150034,1
208,1,15.75,42,6.28717968150034,6.69589214017087,1
208,1,15.75,42,6.69589214017087,7.21311517874148,1
208,1,15.75,42,7.21311517874148,7.29883232050407,1
208,1,15.75,42,7.29883232050407,7.42275792383091,1
208,1,15.75,42,7.42275792383091,7.65510414520381,1
208,1,15.75,42,7.65510414520381,7.82330148030985,1
208,1,15.75,42,7.82330148030985,8.01012927336247,1
208,1,15.75,42,8.01012927336247,8.06842059940245,1
208,1,15.75,42,8.06842059940245,8.86966654572811,1
208,1,15.75,42,8.86966654572811,8.98346223582081,1
208,1,15.75,42,8.98346223582081,9.0340065617834,1
208,1,15.75,42,9.0340065617834,9.4442776443188,1
208,1,15.75,42,9.4442776443188,9.49394803441038,1
208,1,15.75,42,9.49394803441038,9.91407479089418,1
208,1,15.75,42,9.91407479089418,10.2175187685624,1
208,1,15.75,42,10.2175187685624,10.7768745538455,1
208,1,15.75,42,10.7768745538455,10.988434743064,1
208,1,15.75,42,10.988434743064,11.1092846506739,1
208,1,15.75,42,11.1092846506739,11.4394827132634,1
208,1,15.75,42,11.4394827132634,11.5186694721115,1
208,1,15.75,42,11.5186694721115,11.6153509479994,1
208,1,15.75,42,11.6153509479994,12.2380967641276,1
208,1,15.75,42,12.2380967641276,12.5063663916463,1
208,1,15.75,42,12.5063663916463,12.7819606063475,1
208,1,15.75,42,12.7819606063475,12.7971669370679,1
208,1,15.75,42,12.7971669370679,12.8463643102065,1
208,1,15.75,42,12.8463643102065,13.4617791257789,1
208,1,15.75,42,13.4617791257789,13.6371212523975,1
208,1,15.75,42,13.6371212523975,13.9695868469239,1
208,1,15.75,42,13.9695868469239,13.9754261566085,1
208,1,15.75,42,13.9754261566085,13.9930063322556,1
208,1,15.75,42,13.9930063322556,14.1347691761417,1
208,1,15.75,42,14.1347691761417,14.4005496957482,1
208,1,15.75,42,14.4005496957482,14.4590553215561,1
208,1,15.75,42,14.4590553215561,15.7114583135776,1
208,1,15.75,42,15.7114583135776,15.75,0
209,1,17.75,32,0,2.28625759042564,1
209,1,17.75,32,2.28625759042564,2.34782814159978,1
209,1,17.75,32,2.34782814159978,4.76546494763013,1
209,1,17.75,32,4.76546494763013,7.80103896117013,1
209,1,17.75,32,7.80103896117013,8.02250311156795,1
209,1,17.75,32,8.02250311156795,8.2104557590784,1
209,1,17.75,32,8.2104557590784,8.93241952539861,1
209,1,17.75,32,8.93241952539861,8.9395143263672,1
209,1,17.75,32,8.9395143263672,9.11115742181526,1
209,1,17.75,32,9.11115742181526,9.12586774805665,1
209,1,17.75,32,9.12586774805665,9.26367731753364,1
209,1,17.75,32,9.26367731753364,10.7176098782378,1
209,1,17.75,32,10.7176098782378,11.0238761285154,1
209,1,17.75,32,11.0238761285154,11.1276204455301,1
209,1,17.75,32,11.1276204455301,11.6535374333328,1
209,1,17.75,32,11.6535374333328,12.9655946575908,1
209,1,17.75,32,12.9655946575908,14.5414005306912,1
209,1,17.75,32,14.5414005306912,14.7165601090965,1
209,1,17.75,32,14.7165601090965,15.0211009730608,1
209,1,17.75,32,15.0211009730608,15.1682875876887,1
209,1,17.75,32,15.1682875876887,15.2352807380957,1
209,1,17.75,32,15.2352807380957,15.3922971470797,1
209,1,17.75,32,15.3922971470797,15.4260502514509,1
209,1,17.75,32,15.4260502514509,15.5223047423488,1
209,1,17.75,32,15.5223047423488,16.4358923836863,1
209,1,17.75,32,16.4358923836863,16.5465773311329,1
209,1,17.75,32,16.5465773311329,16.898410870422,1
209,1,17.75,32,16.898410870422,16.9873276629767,1
209,1,17.75,32,16.9873276629767,17.1354117579459,1
209,1,17.75,32,17.1354117579459,17.2163481299351,1
209,1,17.75,32,17.2163481299351,17.4153278368654,1
209,1,17.75,32,17.4153278368654,17.4767313750597,1
209,1,17.75,32,17.4767313750597,17.75,0
210,1,8.75,4,0,5.6968469039165,1
210,1,8.75,4,5.6968469039165,5.71768561420429,1
210,1,8.75,4,5.71768561420429,6.74096375952645,1
210,1,8.75,4,6.74096375952645,7.16997910173642,1
210,1,8.75,4,7.16997910173642,8.75,0
211,1,20.75,17,0,6.92443896057952,1
211,1,20.75,17,6.92443896057952,8.00373665745321,1
211,1,20.75,17,8.00373665745321,9.02311802954723,1
211,1,20.75,17,9.02311802954723,9.75819517269843,1
211,1,20.75,17,9.75819517269843,12.7620257686947,1
211,1,20.75,17,12.7620257686947,12.8947702260926,1
211,1,20.75,17,12.8947702260926,13.4117366771661,1
211,1,20.75,17,13.4117366771661,14.4821825787616,1
211,1,20.75,17,14.4821825787616,16.723322098111,1
211,1,20.75,17,16.723322098111,17.0896779774983,1
211,1,20.75,17,17.0896779774983,17.4994086017118,1
211,1,20.75,17,17.4994086017118,17.7602474515839,1
211,1,20.75,17,17.7602474515839,18.3240754595116,1
211,1,20.75,17,18.3240754595116,18.4685214248547,1
211,1,20.75,17,18.4685214248547,18.5873007847135,1
211,1,20.75,17,18.5873007847135,18.8930135405559,1
211,1,20.75,17,18.8930135405559,20.4567254935442,1
211,1,20.75,17,20.4567254935442,20.75,0
212,1,11.75,7,0,8.87637866024654,1
212,1,11.75,7,8.87637866024654,9.52540507343313,1
212,1,11.75,7,9.52540507343313,9.68260378272773,1
212,1,11.75,7,9.68260378272773,9.69588089993241,1
212,1,11.75,7,9.69588089993241,10.2721427184559,1
212,1,11.75,7,10.2721427184559,11.3807529379884,1
212,1,11.75,7,11.3807529379884,11.4280981797296,1
212,1,11.75,7,11.4280981797296,11.75,0
213,1,8.75,1,0,3.85934045146543,1
213,1,8.75,1,3.85934045146543,8.75,0
214,1,9.75,2,0,2.04586060394833,1
214,1,9.75,2,2.04586060394833,9.42892039379185,1
214,1,9.75,2,9.42892039379185,9.75,0
215,1,14.75,11,0,5.00600399688523,1
215,1,14.75,11,5.00600399688523,6.15717464554009,1
215,1,14.75,11,6.15717464554009,7.8093042921927,1
215,1,14.75,11,7.8093042921927,8.81579433377314,1
215,1,14.75,11,8.81579433377314,9.12259609924879,1
215,1,14.75,11,9.12259609924879,11.1028287202471,1
215,1,14.75,11,11.1028287202471,11.9178457451196,1
215,1,14.75,11,11.9178457451196,12.1291621025499,1
215,1,14.75,11,12.1291621025499,12.150280401055,1
215,1,14.75,11,12.150280401055,12.4382621581442,1
215,1,14.75,11,12.4382621581442,12.7530822172798,1
215,1,14.75,11,12.7530822172798,14.75,0
216,1,14.75,2,0,13.8307904992463,1
216,1,14.75,2,13.8307904992463,14.4631732291823,1
216,1,14.75,2,14.4631732291823,14.75,0
217,1,13.75,2,0,9.01040875370292,1
217,1,13.75,2,9.01040875370292,10.7969937351609,1
217,1,13.75,2,10.7969937351609,13.75,0
218,1,14.75,25,0,2.8218200792837,1
218,1,14.75,25,2.8218200792837,3.914695550655,1
218,1,14.75,25,3.914695550655,5.1331867714817,1
218,1,14.75,25,5.1331867714817,5.27769565132422,1
218,1,14.75,25,5.27769565132422,5.55429853228712,1
218,1,14.75,25,5.55429853228712,6.84035816157917,1
218,1,14.75,25,6.84035816157917,6.92280771083025,1
218,1,14.75,25,6.92280771083025,7.09261546060637,1
218,1,14.75,25,7.09261546060637,7.14492319951302,1
218,1,14.75,25,7.14492319951302,7.58683807280593,1
218,1,14.75,25,7.58683807280593,8.53096767292047,1
218,1,14.75,25,8.53096767292047,8.76606669210829,1
218,1,14.75,25,8.76606669210829,9.13697047686692,1
218,1,14.75,25,9.13697047686692,10.3966329132802,1
218,1,14.75,25,10.3966329132802,10.5445439972485,1
218,1,14.75,25,10.5445439972485,10.5600488346066,1
218,1,14.75,25,10.5600488346066,10.5938736982022,1
218,1,14.75,25,10.5938736982022,10.6287845169664,1
218,1,14.75,25,10.6287845169664,10.956956306428,1
218,1,14.75,25,10.956956306428,11.2362101279173,1
218,1,14.75,25,11.2362101279173,12.16378917373,1
218,1,14.75,25,12.16378917373,13.06837028756,1
218,1,14.75,25,13.06837028756,13.0788664099204,1
218,1,14.75,25,13.0788664099204,14.3513681343789,1
218,1,14.75,25,14.3513681343789,14.6237354335219,1
218,1,14.75,25,14.6237354335219,14.75,0
219,1,18.75,25,0,3.99568246488108,1
219,1,18.75,25,3.99568246488108,5.65010693884957,1
219,1,18.75,25,5.65010693884957,6.06425393855507,1
219,1,18.75,25,6.06425393855507,6.1800074744325,1
219,1,18.75,25,6.1800074744325,6.55638290141566,1
219,1,18.75,25,6.55638290141566,9.40005939851038,1
219,1,18.75,25,9.40005939851038,9.89113751073058,1
219,1,18.75,25,9.89113751073058,10.2982966166002,1
219,1,18.75,25,10.2982966166002,12.7033084255899,1
219,1,18.75,25,12.7033084255899,13.1252881963529,1
219,1,18.75,25,13.1252881963529,13.8720706843603,1
219,1,18.75,25,13.8720706843603,14.0953327831698,1
219,1,18.75,25,14.0953327831698,14.1452018030304,1
219,1,18.75,25,14.1452018030304,14.5596049771028,1
219,1,18.75,25,14.5596049771028,14.7497068324754,1
219,1,18.75,25,14.7497068324754,15.6403529239939,1
219,1,18.75,25,15.6403529239939,15.720904750014,1
219,1,18.75,25,15.720904750014,16.0629574747418,1
219,1,18.75,25,16.0629574747418,16.2294155232382,1
219,1,18.75,25,16.2294155232382,16.6411763414386,1
219,1,18.75,25,16.6411763414386,17.1047091611642,1
219,1,18.75,25,17.1047091611642,17.9458496225618,1
219,1,18.75,25,17.9458496225618,18.1440254684672,1
219,1,18.75,25,18.1440254684672,18.4634591103174,1
219,1,18.75,25,18.4634591103174,18.6730275412785,1
219,1,18.75,25,18.6730275412785,18.75,0
220,1,8.75,5,0,4.11987318683553,1
220,1,8.75,5,4.11987318683553,4.80797119998122,1
220,1,8.75,5,4.80797119998122,6.1841535178193,1
220,1,8.75,5,6.1841535178193,7.5848838584405,1
220,1,8.75,5,7.5848838584405,8.73793106557527,1
220,1,8.75,5,8.73793106557527,8.75,0
221,1,11.75,9,0,3.74335374507716,1
221,1,11.75,9,3.74335374507716,4.63692323011851,1
221,1,11.75,9,4.63692323011851,5.87353130419018,1
221,1,11.75,9,5.87353130419018,6.49464078999416,1
221,1,11.75,9,6.49464078999416,6.85307200920924,1
221,1,11.75,9,6.85307200920924,7.27106159948289,1
221,1,11.75,9,7.27106159948289,9.16055629409505,1
221,1,11.75,9,9.16055629409505,9.34910959098427,1
221,1,11.75,9,9.34910959098427,11.1239385431566,1
221,1,11.75,9,11.1239385431566,11.75,0
222,1,8.75,2,0,4.67173699746229,1
222,1,8.75,2,4.67173699746229,7.01391949766798,1
222,1,8.75,2,7.01391949766798,8.75,0
223,1,14.75,10,0,4.69001788485966,1
223,1,14.75,10,4.69001788485966,7.36306510550722,1
223,1,14.75,10,7.36306510550722,7.45063697541364,1
223,1,14.75,10,7.45063697541364,7.89582350178441,1
223,1,14.75,10,7.89582350178441,8.70367930993074,1
223,1,14.75,10,8.70367930993074,8.76417389184802,1
223,1,14.75,10,8.76417389184802,10.0683183566136,1
223,1,14.75,10,10.0683183566136,10.8999486886492,1
223,1,14.75,10,10.8999486886492,13.7198731226184,1
223,1,14.75,10,13.7198731226184,13.8752057731503,1
223,1,14.75,10,13.8752057731503,14.75,0
224,1,15.75,12,0,1.12470498066592,1
224,1,15.75,12,1.12470498066592,8.19607806792945,1
224,1,15.75,12,8.19607806792945,8.37871636847335,1
224,1,15.75,12,8.37871636847335,9.35362923394454,1
224,1,15.75,12,9.35362923394454,10.1608924040883,1
224,1,15.75,12,10.1608924040883,11.2039040974223,1
224,1,15.75,12,11.2039040974223,11.2334866387934,1
224,1,15.75,12,11.2334866387934,11.3108481286028,1
224,1,15.75,12,11.3108481286028,13.2943332397145,1
224,1,15.75,12,13.2943332397145,14.0245146323798,1
224,1,15.75,12,14.0245146323798,14.3300985834028,1
224,1,15.75,12,14.3300985834028,14.6665621527801,1
224,1,15.75,12,14.6665621527801,15.75,0
225,1,13.75,11,0,5.89871486588879,1
225,1,13.75,11,5.89871486588879,7.79802548559357,1
225,1,13.75,11,7.79802548559357,8.04564760645206,1
225,1,13.75,11,8.04564760645206,8.22060584955038,1
225,1,13.75,11,8.22060584955038,10.8694397119752,1
225,1,13.75,11,10.8694397119752,11.1052909459453,1
225,1,13.75,11,11.1052909459453,11.2357004417393,1
225,1,13.75,11,11.2357004417393,11.2966319842089,1
225,1,13.75,11,11.2966319842089,11.6096435391465,1
225,1,13.75,11,11.6096435391465,12.1596359939916,1
225,1,13.75,11,12.1596359939916,13.2178558959312,1
225,1,13.75,11,13.2178558959312,13.75,0
226,1,14.75,45,0,3.21578002289705,1
226,1,14.75,45,3.21578002289705,3.57565872422169,1
226,1,14.75,45,3.57565872422169,4.43220629232791,1
226,1,14.75,45,4.43220629232791,5.12535194480067,1
226,1,14.75,45,5.12535194480067,6.3932250559318,1
226,1,14.75,45,6.3932250559318,6.39889189811654,1
226,1,14.75,45,6.39889189811654,7.03102420727259,1
226,1,14.75,45,7.03102420727259,7.20507566718755,1
226,1,14.75,45,7.20507566718755,7.51071043981149,1
226,1,14.75,45,7.51071043981149,7.51353764810938,1
226,1,14.75,45,7.51353764810938,8.11388220601724,1
226,1,14.75,45,8.11388220601724,8.29227201781345,1
226,1,14.75,45,8.29227201781345,8.82230986061164,1
226,1,14.75,45,8.82230986061164,8.90958898869896,1
226,1,14.75,45,8.90958898869896,9.07689160252686,1
226,1,14.75,45,9.07689160252686,9.33730361737875,1
226,1,14.75,45,9.33730361737875,9.39623472183966,1
226,1,14.75,45,9.39623472183966,9.39947715010078,1
226,1,14.75,45,9.39947715010078,9.63789877026608,1
226,1,14.75,45,9.63789877026608,10.1465216970279,1
226,1,14.75,45,10.1465216970279,10.8751175163331,1
226,1,14.75,45,10.8751175163331,11.2327431567352,1
226,1,14.75,45,11.2327431567352,11.6208665788146,1
226,1,14.75,45,11.6208665788146,12.1597473418642,1
226,1,14.75,45,12.1597473418642,12.3778473236691,1
226,1,14.75,45,12.3778473236691,12.4514108316712,1
226,1,14.75,45,12.4514108316712,12.639572049618,1
226,1,14.75,45,12.639572049618,12.6697905348493,1
226,1,14.75,45,12.6697905348493,12.6750637322785,1
226,1,14.75,45,12.6750637322785,12.957579512109,1
226,1,14.75,45,12.957579512109,12.9818771980664,1
226,1,14.75,45,12.9818771980664,13.5680331652432,1
226,1,14.75,45,13.5680331652432,13.5930332729416,1
226,1,14.75,45,13.5930332729416,13.6785104057055,1
226,1,14.75,45,13.6785104057055,13.8837250113638,1
226,1,14.75,45,13.8837250113638,14.0235248740645,1
226,1,14.75,45,14.0235248740645,14.1391928890166,1
226,1,14.75,45,14.1391928890166,14.1394177927495,1
226,1,14.75,45,14.1394177927495,14.2259141431234,1
226,1,14.75,45,14.2259141431234,14.2691442583578,1
226,1,14.75,45,14.2691442583578,14.4334004065912,1
226,1,14.75,45,14.4334004065912,14.4550923669288,1
226,1,14.75,45,14.4550923669288,14.5124560573032,1
226,1,14.75,45,14.5124560573032,14.6189762559589,1
226,1,14.75,45,14.6189762559589,14.7208402955372,1
226,1,14.75,45,14.7208402955372,14.75,0
227,1,16.75,10,0,3.37181163216644,1
227,1,16.75,10,3.37181163216644,5.33644897862624,1
227,1,16.75,10,5.33644897862624,5.87683934918493,1
227,1,16.75,10,5.87683934918493,7.82497301997065,1
227,1,16.75,10,7.82497301997065,10.1077246048126,1
227,1,16.75,10,10.1077246048126,12.8730835518076,1
227,1,16.75,10,12.8730835518076,13.6992478319827,1
227,1,16.75,10,13.6992478319827,14.3495516357135,1
227,1,16.75,10,14.3495516357135,14.4438681839463,1
227,1,16.75,10,14.4438681839463,14.4822875813557,1
227,1,16.75,10,14.4822875813557,16.75,0
228,1,20.75,34,0,0.900966647800049,1
228,1,20.75,34,0.900966647800049,3.42860007352573,1
228,1,20.75,34,3.42860007352573,4.40009071964827,1
228,1,20.75,34,4.40009071964827,7.01130220972206,1
228,1,20.75,34,7.01130220972206,7.59980127522366,1
228,1,20.75,34,7.59980127522366,8.76481709863081,1
228,1,20.75,34,8.76481709863081,9.65144489960674,1
228,1,20.75,34,9.65144489960674,10.9017393426068,1
228,1,20.75,34,10.9017393426068,11.0269614472001,1
228,1,20.75,34,11.0269614472001,11.858477144566,1
228,1,20.75,34,11.858477144566,11.9820672859412,1
228,1,20.75,34,11.9820672859412,12.1365384350469,1
228,1,20.75,34,12.1365384350469,12.3275801153844,1
228,1,20.75,34,12.3275801153844,12.5993588958305,1
228,1,20.75,34,12.5993588958305,13.1820284281557,1
228,1,20.75,34,13.1820284281557,13.3338277653322,1
228,1,20.75,34,13.3338277653322,13.5933060621033,1
228,1,20.75,34,13.5933060621033,15.0904407450651,1
228,1,20.75,34,15.0904407450651,15.527676291267,1
228,1,20.75,34,15.527676291267,15.8787731827488,1
228,1,20.75,34,15.8787731827488,16.6654069401378,1
228,1,20.75,34,16.6654069401378,16.846674626364,1
228,1,20.75,34,16.846674626364,18.2722649799701,1
228,1,20.75,34,18.2722649799701,18.3487882182349,1
228,1,20.75,34,18.3487882182349,18.38017912279,1
228,1,20.75,34,18.38017912279,18.3890387716348,1
228,1,20.75,34,18.3890387716348,18.4469815083751,1
228,1,20.75,34,18.4469815083751,19.3126911450172,1
228,1,20.75,34,19.3126911450172,19.4084294889936,1
228,1,20.75,34,19.4084294889936,19.5969135435751,1
228,1,20.75,34,19.5969135435751,19.7468768543491,1
228,1,20.75,34,19.7468768543491,20.006300293006,1
228,1,20.75,34,20.006300293006,20.2015251064187,1
228,1,20.75,34,20.2015251064187,20.3485782741272,1
228,1,20.75,34,20.3485782741272,20.75,0
229,1,18.75,12,0,3.03157596307495,1
229,1,18.75,12,3.03157596307495,7.984048503241,1
229,1,18.75,12,7.984048503241,8.2962769287533,1
229,1,18.75,12,8.2962769287533,8.93247196003008,1
229,1,18.75,12,8.93247196003008,9.09291221574269,1
229,1,18.75,12,9.09291221574269,12.8226819504856,1
229,1,18.75,12,12.8226819504856,12.9452219576937,1
229,1,18.75,12,12.9452219576937,13.3685383405127,1
229,1,18.75,12,13.3685383405127,16.0791050752346,1
229,1,18.75,12,16.0791050752346,17.683616017831,1
229,1,18.75,12,17.683616017831,17.9159408065727,1
229,1,18.75,12,17.9159408065727,18.2244964006966,1
229,1,18.75,12,18.2244964006966,18.75,0
230,1,13.75,4,0,8.7268294626542,1
230,1,13.75,4,8.7268294626542,9.29836463409015,1
230,1,13.75,4,9.29836463409015,10.2194443859835,1
230,1,13.75,4,10.2194443859835,12.418989816821,1
230,1,13.75,4,12.418989816821,13.75,0
231,1,14.75,13,0,1.19561968487812,1
231,1,14.75,13,1.19561968487812,6.37396510410231,1
231,1,14.75,13,6.37396510410231,9.23158197653776,1
231,1,14.75,13,9.23158197653776,9.23959262393667,1
231,1,14.75,13,9.23959262393667,9.268142633342,1
231,1,14.75,13,9.268142633342,10.2695052112123,1
231,1,14.75,13,10.2695052112123,11.3802643562331,1
231,1,14.75,13,11.3802643562331,11.8883870498463,1
231,1,14.75,13,11.8883870498463,11.8943830961528,1
231,1,14.75,13,11.8943830961528,12.0063940261513,1
231,1,14.75,13,12.0063940261513,12.0163982976267,1
231,1,14.75,13,12.0163982976267,12.7598970083608,1
231,1,14.75,13,12.7598970083608,13.9517648784841,1
231,1,14.75,13,13.9517648784841,14.75,0
232,1,10.75,8,0,2.03864050921929,1
232,1,10.75,8,2.03864050921929,3.5230427942716,1
232,1,10.75,8,3.5230427942716,4.4055928971077,1
232,1,10.75,8,4.4055928971077,5.87396100861346,1
232,1,10.75,8,5.87396100861346,5.89501282084217,1
232,1,10.75,8,5.89501282084217,7.06000762583689,1
232,1,10.75,8,7.06000762583689,7.64826346514567,1
232,1,10.75,8,7.64826346514567,8.96133750009989,1
232,1,10.75,8,8.96133750009989,10.75,0
233,1,11.75,4,0,2.98452224644617,1
233,1,11.75,4,2.98452224644617,6.43351095164681,1
233,1,11.75,4,6.43351095164681,10.616485638701,1
233,1,11.75,4,10.616485638701,11.3613510595316,1
233,1,11.75,4,11.3613510595316,11.75,0
234,1,13.75,6,0,3.67549213283244,1
234,1,13.75,6,3.67549213283244,8.50678651864495,1
234,1,13.75,6,8.50678651864495,9.24248762592592,1
234,1,13.75,6,9.24248762592592,10.4930381755355,1
234,1,13.75,6,10.4930381755355,10.7133822860211,1
234,1,13.75,6,10.7133822860211,11.4389870429342,1
234,1,13.75,6,11.4389870429342,13.75,0
235,1,17.75,10,0,10.0598906873801,1
235,1,17.75,10,10.0598906873801,11.4757384624797,1
235,1,17.75,10,11.4757384624797,12.2501613787349,1
235,1,17.75,10,12.2501613787349,13.2009192605641,1
235,1,17.75,10,13.2009192605641,13.4905951069754,1
235,1,17.75,10,13.4905951069754,15.4180370862614,1
235,1,17.75,10,15.4180370862614,16.4155621305092,1
235,1,17.75,10,16.4155621305092,16.8237380382212,1
235,1,17.75,10,16.8237380382212,17.5082801688282,1
235,1,17.75,10,17.5082801688282,17.6868864891298,1
235,1,17.75,10,17.6868864891298,17.75,0
236,1,18.75,25,0,2.30099308808,1
236,1,18.75,25,2.30099308808,8.0615404554475,1
236,1,18.75,25,8.0615404554475,9.09324409593861,1
236,1,18.75,25,9.09324409593861,10.7419792199635,1
236,1,18.75,25,10.7419792199635,10.8023053510722,1
236,1,18.75,25,10.8023053510722,11.0851056565114,1
236,1,18.75,25,11.0851056565114,11.5972288775749,1
236,1,18.75,25,11.5972288775749,11.6296788854051,1
236,1,18.75,25,11.6296788854051,11.8336834588281,1
236,1,18.75,25,11.8336834588281,13.3295644026859,1
236,1,18.75,25,13.3295644026859,13.5950052646366,1
236,1,18.75,25,13.5950052646366,14.3345254942931,1
236,1,18.75,25,14.3345254942931,14.5727487567608,1
236,1,18.75,25,14.5727487567608,14.8832657383527,1
236,1,18.75,25,14.8832657383527,14.9710300977771,1
236,1,18.75,25,14.9710300977771,15.163988488776,1
236,1,18.75,25,15.163988488776,15.5150463422407,1
236,1,18.75,25,15.5150463422407,15.8332285159571,1
236,1,18.75,25,15.8332285159571,15.9159642756286,1
236,1,18.75,25,15.9159642756286,16.2037097260065,1
236,1,18.75,25,16.2037097260065,16.2765073559991,1
236,1,18.75,25,16.2765073559991,17.4124025383994,1
236,1,18.75,25,17.4124025383994,17.5052036155063,1
236,1,18.75,25,17.5052036155063,18.0368890990145,1
236,1,18.75,25,18.0368890990145,18.340452106833,1
236,1,18.75,25,18.340452106833,18.75,0
237,1,18.75,36,0,3.33546627580449,1
237,1,18.75,36,3.33546627580449,5.17683213556843,1
237,1,18.75,36,5.17683213556843,5.6031372241274,1
237,1,18.75,36,5.6031372241274,6.81891076805756,1
237,1,18.75,36,6.81891076805756,6.9090205098039,1
237,1,18.75,36,6.9090205098039,7.83042762877315,1
237,1,18.75,36,7.83042762877315,8.40532497979632,1
237,1,18.75,36,8.40532497979632,9.15675787961239,1
237,1,18.75,36,9.15675787961239,9.87464438359324,1
237,1,18.75,36,9.87464438359324,9.90373107089492,1
237,1,18.75,36,9.90373107089492,10.2481109570197,1
237,1,18.75,36,10.2481109570197,10.5043154190395,1
237,1,18.75,36,10.5043154190395,10.7123280018923,1
237,1,18.75,36,10.7123280018923,10.9146559106718,1
237,1,18.75,36,10.9146559106718,11.6687787421301,1
237,1,18.75,36,11.6687787421301,11.8054375496998,1
237,1,18.75,36,11.8054375496998,12.191375921348,1
237,1,18.75,36,12.191375921348,12.2304914481864,1
237,1,18.75,36,12.2304914481864,13.7378011547072,1
237,1,18.75,36,13.7378011547072,14.836804361287,1
237,1,18.75,36,14.836804361287,14.9186061672613,1
237,1,18.75,36,14.9186061672613,15.442952459197,1
237,1,18.75,36,15.442952459197,15.4605941529606,1
237,1,18.75,36,15.4605941529606,15.5762667878673,1
237,1,18.75,36,15.5762667878673,15.5883829956089,1
237,1,18.75,36,15.5883829956089,15.8150305950017,1
237,1,18.75,36,15.8150305950017,15.8446589136094,1
237,1,18.75,36,15.8446589136094,16.128058134795,1
237,1,18.75,36,16.128058134795,16.3526468398766,1
237,1,18.75,36,16.3526468398766,17.3417257474954,1
237,1,18.75,36,17.3417257474954,17.5407888505899,1
237,1,18.75,36,17.5407888505899,17.6302765889615,1
237,1,18.75,36,17.6302765889615,17.9907042168473,1
237,1,18.75,36,17.9907042168473,18.1726770108852,1
237,1,18.75,36,18.1726770108852,18.438689261944,1
237,1,18.75,36,18.438689261944,18.571301738599,1
237,1,18.75,36,18.571301738599,18.75,0
238,1,10.75,4,0,3.6880185220768,1
238,1,10.75,4,3.6880185220768,5.21950873811942,1
238,1,10.75,4,5.21950873811942,5.44434598945323,1
238,1,10.75,4,5.44434598945323,8.97156647770655,1
238,1,10.75,4,8.97156647770655,10.75,0
239,1,16.75,22,0,0.373771916980165,1
239,1,16.75,22,0.373771916980165,3.72630073342211,1
239,1,16.75,22,3.72630073342211,4.47832717544806,1
239,1,16.75,22,4.47832717544806,4.87396724411498,1
239,1,16.75,22,4.87396724411498,5.25112248385685,1
239,1,16.75,22,5.25112248385685,7.303415426892,1
239,1,16.75,22,7.303415426892,8.64373140926218,1
239,1,16.75,22,8.64373140926218,9.21812994579944,1
239,1,16.75,22,9.21812994579944,9.29447771977636,1
239,1,16.75,22,9.29447771977636,10.4288145840126,1
239,1,16.75,22,10.4288145840126,11.396819667574,1
239,1,16.75,22,11.396819667574,11.4592453482281,1
239,1,16.75,22,11.4592453482281,11.6642170295223,1
239,1,16.75,22,11.6642170295223,12.1503715117432,1
239,1,16.75,22,12.1503715117432,12.2512937481458,1
239,1,16.75,22,12.2512937481458,13.7804889507119,1
239,1,16.75,22,13.7804889507119,14.3924406493666,1
239,1,16.75,22,14.3924406493666,14.466998937926,1
239,1,16.75,22,14.466998937926,14.5287334680563,1
239,1,16.75,22,14.5287334680563,14.5890371567517,1
239,1,16.75,22,14.5890371567517,14.6271948719302,1
239,1,16.75,22,14.6271948719302,15.1875672838976,1
239,1,16.75,22,15.1875672838976,16.75,0
240,1,9.75,5,0,5.34238860865801,1
240,1,9.75,5,5.34238860865801,6.18264854639404,1
240,1,9.75,5,6.18264854639404,6.60260379539785,1
240,1,9.75,5,6.60260379539785,7.06063981582433,1
240,1,9.75,5,7.06063981582433,8.82301387081947,1
240,1,9.75,5,8.82301387081947,9.75,0
241,1,10.75,4,0,5.55700026498994,1
241,1,10.75,4,5.55700026498994,6.78671615649743,1
241,1,10.75,4,6.78671615649743,7.01162245006357,1
241,1,10.75,4,7.01162245006357,9.13232458559438,1
241,1,10.75,4,9.13232458559438,10.75,0
242,1,13.75,11,0,5.12490766219914,1
242,1,13.75,11,5.12490766219914,6.19886394621031,1
242,1,13.75,11,6.19886394621031,7.45807965807825,1
242,1,13.75,11,7.45807965807825,10.1171078194305,1
242,1,13.75,11,10.1171078194305,10.4685621475453,1
242,1,13.75,11,10.4685621475453,10.9390933961523,1
242,1,13.75,11,10.9390933961523,11.4149454325704,1
242,1,13.75,11,11.4149454325704,11.7157067168036,1
242,1,13.75,11,11.7157067168036,11.9481589967129,1
242,1,13.75,11,11.9481589967129,12.4028694163486,1
242,1,13.75,11,12.4028694163486,12.8536169767333,1
242,1,13.75,11,12.8536169767333,13.75,0
243,1,15.75,60,0,1.70119126257051,1
243,1,15.75,60,1.70119126257051,2.6147494181093,1
243,1,15.75,60,2.6147494181093,2.66909547964264,1
243,1,15.75,60,2.66909547964264,2.96354372511199,1
243,1,15.75,60,2.96354372511199,3.76379339815717,1
243,1,15.75,60,3.76379339815717,3.89879668184362,1
243,1,15.75,60,3.89879668184362,5.79602807058514,1
243,1,15.75,60,5.79602807058514,5.92875378022822,1
243,1,15.75,60,5.92875378022822,6.65251575554507,1
243,1,15.75,60,6.65251575554507,6.82995367432679,1
243,1,15.75,60,6.82995367432679,6.91858102496648,1
243,1,15.75,60,6.91858102496648,6.99271535812581,1
243,1,15.75,60,6.99271535812581,7.27799344264414,1
243,1,15.75,60,7.27799344264414,7.3987762930697,1
243,1,15.75,60,7.3987762930697,7.49338201198502,1
243,1,15.75,60,7.49338201198502,7.54492176829449,1
243,1,15.75,60,7.54492176829449,7.64515779550178,1
243,1,15.75,60,7.64515779550178,7.70735576621125,1
243,1,15.75,60,7.70735576621125,8.09122699308351,1
243,1,15.75,60,8.09122699308351,8.25653711155256,1
243,1,15.75,60,8.25653711155256,8.27553119317346,1
243,1,15.75,60,8.27553119317346,8.39390243059112,1
243,1,15.75,60,8.39390243059112,8.52708080438322,1
243,1,15.75,60,8.52708080438322,8.84349367710807,1
243,1,15.75,60,8.84349367710807,8.89615358611463,1
243,1,15.75,60,8.89615358611463,8.93151289075122,1
243,1,15.75,60,8.93151289075122,8.94604904740345,1
243,1,15.75,60,8.94604904740345,9.27219289691967,1
243,1,15.75,60,9.27219289691967,9.55060432777036,1
243,1,15.75,60,9.55060432777036,9.87341727086315,1
243,1,15.75,60,9.87341727086315,10.173811669002,1
243,1,15.75,60,10.173811669002,10.296672677068,1
243,1,15.75,60,10.296672677068,10.4589169018424,1
243,1,15.75,60,10.4589169018424,10.5991162829948,1
243,1,15.75,60,10.5991162829948,11.0412168625276,1
243,1,15.75,60,11.0412168625276,11.4329704198912,1
243,1,15.75,60,11.4329704198912,11.7408404644476,1
243,1,15.75,60,11.7408404644476,11.7607281019812,1
243,1,15.75,60,11.7607281019812,11.8260806217973,1
243,1,15.75,60,11.8260806217973,12.0888530283497,1
243,1,15.75,60,12.0888530283497,12.0983603219068,1
243,1,15.75,60,12.0983603219068,12.3638190180921,1
243,1,15.75,60,12.3638190180921,12.6894881462687,1
243,1,15.75,60,12.6894881462687,12.7504724866411,1
243,1,15.75,60,12.7504724866411,12.8844108165092,1
243,1,15.75,60,12.8844108165092,12.9294481688997,1
243,1,15.75,60,12.9294481688997,13.0432862285896,1
243,1,15.75,60,13.0432862285896,13.3250272947584,1
243,1,15.75,60,13.3250272947584,13.4108094276953,1
243,1,15.75,60,13.4108094276953,13.4649268653956,1
243,1,15.75,60,13.4649268653956,13.6549802092553,1
243,1,15.75,60,13.6549802092553,13.6886538615893,1
243,1,15.75,60,13.6886538615893,13.949500648381,1
243,1,15.75,60,13.949500648381,14.1946702599967,1
243,1,15.75,60,14.1946702599967,14.2132897578163,1
243,1,15.75,60,14.2132897578163,14.2633843829342,1
243,1,15.75,60,14.2633843829342,14.760985994553,1
243,1,15.75,60,14.760985994553,15.0591884302262,1
243,1,15.75,60,15.0591884302262,15.2803914236665,1
243,1,15.75,60,15.2803914236665,15.3319072029159,1
243,1,15.75,60,15.3319072029159,15.75,0
244,1,14.75,15,0,3.71041464269649,1
244,1,14.75,15,3.71041464269649,4.32055383338408,1
244,1,14.75,15,4.32055383338408,7.66107372922787,1
244,1,14.75,15,7.66107372922787,9.18259786160383,1
244,1,14.75,15,9.18259786160383,9.4833054013023,1
244,1,14.75,15,9.4833054013023,10.3861481478635,1
244,1,14.75,15,10.3861481478635,11.0326732890287,1
244,1,14.75,15,11.0326732890287,11.0398463826429,1
244,1,14.75,15,11.0398463826429,12.2148145549353,1
244,1,14.75,15,12.2148145549353,12.6960854677687,1
244,1,14.75,15,12.6960854677687,13.3824547548027,1
244,1,14.75,15,13.3824547548027,13.6587668267113,1
244,1,14.75,15,13.6587668267113,13.6937496271849,1
244,1,14.75,15,13.6937496271849,13.9092486670864,1
244,1,14.75,15,13.9092486670864,14.4054452975946,1
244,1,14.75,15,14.4054452975946,14.75,0
245,1,11.75,3,0,4.55387500230662,1
245,1,11.75,3,4.55387500230662,8.17384173989301,1
245,1,11.75,3,8.17384173989301,11.6328629705475,1
245,1,11.75,3,11.6328629705475,11.75,0
246,1,11.75,6,0,5.04034037463626,1
246,1,11.75,6,5.04034037463626,7.84636795062977,1
246,1,11.75,6,7.84636795062977,7.91236130059396,1
246,1,11.75,6,7.91236130059396,10.4643309657687,1
246,1,11.75,6,10.4643309657687,10.551228669794,1
246,1,11.75,6,10.551228669794,10.5935614972231,1
246,1,11.75,6,10.5935614972231,11.75,0
247,1,11.75,9,0,2.13753749698554,1
247,1,11.75,9,2.13753749698554,5.40546758708442,1
247,1,11.75,9,5.40546758708442,8.06098345606181,1
247,1,11.75,9,8.06098345606181,8.40302323604032,1
247,1,11.75,9,8.40302323604032,8.57485113720887,1
247,1,11.75,9,8.57485113720887,8.61894032970305,1
247,1,11.75,9,8.61894032970305,8.92568072344362,1
247,1,11.75,9,8.92568072344362,10.1871249545458,1
247,1,11.75,9,10.1871249545458,10.5815735465618,1
247,1,11.75,9,10.5815735465618,11.75,0
248,1,10.75,3,0,6.79753822633806,1
248,1,10.75,3,6.79753822633806,10.4182284118903,1
248,1,10.75,3,10.4182284118903,10.622825114362,1
248,1,10.75,3,10.622825114362,10.75,0
249,1,17.75,10,0,3.06326265739916,1
249,1,17.75,10,3.06326265739916,5.70548490828815,1
249,1,17.75,10,5.70548490828815,8.77223252462908,1
249,1,17.75,10,8.77223252462908,11.347165269544,1
249,1,17.75,10,11.347165269544,11.7130955139346,1
249,1,17.75,10,11.7130955139346,14.4194151132768,1
249,1,17.75,10,14.4194151132768,15.4221553002599,1
249,1,17.75,10,15.4221553002599,16.1717665749886,1
249,1,17.75,10,16.1717665749886,16.2648466268948,1
249,1,17.75,10,16.2648466268948,16.8388230363485,1
249,1,17.75,10,16.8388230363485,17.75,0
250,1,14.75,7,0,4.17125032406196,1
250,1,14.75,7,4.17125032406196,6.95590625037862,1
250,1,14.75,7,6.95590625037862,10.8950081927133,1
250,1,14.75,7,10.8950081927133,11.4955592382111,1
250,1,14.75,7,11.4955592382111,12.9874498395953,1
250,1,14.75,7,12.9874498395953,14.4063086360424,1
250,1,14.75,7,14.4063086360424,14.6885017793917,1
250,1,14.75,7,14.6885017793917,14.75,0
251,1,17.75,40,0,2.43253611723108,1
251,1,17.75,40,2.43253611723108,5.28846095140594,1
251,1,17.75,40,5.28846095140594,5.31830106737239,1
251,1,17.75,40,5.31830106737239,5.6811715178326,1
251,1,17.75,40,5.6811715178326,6.31834264344968,1
251,1,17.75,40,6.31834264344968,6.49238682035835,1
251,1,17.75,40,6.49238682035835,6.72793713791321,1
251,1,17.75,40,6.72793713791321,6.73595713602282,1
251,1,17.75,40,6.73595713602282,7.05087269180781,1
251,1,17.75,40,7.05087269180781,8.27576374146439,1
251,1,17.75,40,8.27576374146439,8.68179827333596,1
251,1,17.75,40,8.68179827333596,8.81320228055012,1
251,1,17.75,40,8.81320228055012,9.28208704370795,1
251,1,17.75,40,9.28208704370795,9.34063992818579,1
251,1,17.75,40,9.34063992818579,10.2126458097721,1
251,1,17.75,40,10.2126458097721,11.3018274703688,1
251,1,17.75,40,11.3018274703688,11.5862667015302,1
251,1,17.75,40,11.5862667015302,11.894816611662,1
251,1,17.75,40,11.894816611662,12.1137058099752,1
251,1,17.75,40,12.1137058099752,13.2636783645611,1
251,1,17.75,40,13.2636783645611,13.4045593913048,1
251,1,17.75,40,13.4045593913048,13.4675580126378,1
251,1,17.75,40,13.4675580126378,13.6346679433479,1
251,1,17.75,40,13.6346679433479,14.1590390644325,1
251,1,17.75,40,14.1590390644325,14.2338206911974,1
251,1,17.75,40,14.2338206911974,14.9272560034162,1
251,1,17.75,40,14.9272560034162,15.0759748757916,1
251,1,17.75,40,15.0759748757916,15.0819103343004,1
251,1,17.75,40,15.0819103343004,15.4230782710502,1
251,1,17.75,40,15.4230782710502,15.5608897819291,1
251,1,17.75,40,15.5608897819291,15.5631932723259,1
251,1,17.75,40,15.5631932723259,15.721104209807,1
251,1,17.75,40,15.721104209807,15.9636288344428,1
251,1,17.75,40,15.9636288344428,15.9668347963491,1
251,1,17.75,40,15.9668347963491,16.0597715458435,1
251,1,17.75,40,16.0597715458435,16.3280036383713,1
251,1,17.75,40,16.3280036383713,16.7107238571256,1
251,1,17.75,40,16.7107238571256,16.7526273299538,1
251,1,17.75,40,16.7526273299538,17.3215846091628,1
251,1,17.75,40,17.3215846091628,17.6654780422695,1
251,1,17.75,40,17.6654780422695,17.75,0
252,1,16.75,11,0,3.47762228461709,1
252,1,16.75,11,3.47762228461709,5.62916341859104,1
252,1,16.75,11,5.62916341859104,6.49241554268107,1
252,1,16.75,11,6.49241554268107,7.30102936510169,1
252,1,16.75,11,7.30102936510169,7.67010052352631,1
252,1,16.75,11,7.67010052352631,9.49010643110078,1
252,1,16.75,11,9.49010643110078,11.4416995626209,1
252,1,16.75,11,11.4416995626209,11.4549147357445,1
252,1,16.75,11,11.4549147357445,13.4166655939238,1
252,1,16.75,11,13.4166655939238,13.7632264011665,1
252,1,16.75,11,13.7632264011665,14.2142101861479,1
252,1,16.75,11,14.2142101861479,16.75,0
253,1,16.75,5,0,5.91479663742421,1
253,1,16.75,5,5.91479663742421,10.8643583472729,1
253,1,16.75,5,10.8643583472729,11.6520873985615,1
253,1,16.75,5,11.6520873985615,12.5266607070048,1
253,1,16.75,5,12.5266607070048,15.9453050583385,1
253,1,16.75,5,15.9453050583385,16.75,0
254,1,12.75,10,0,3.53279803750835,1
254,1,12.75,10,3.53279803750835,5.60761243969947,1
254,1,12.75,10,5.60761243969947,7.0084232366843,1
254,1,12.75,10,7.0084232366843,8.8754564377262,1
254,1,12.75,10,8.8754564377262,10.0422796425218,1
254,1,12.75,10,10.0422796425218,11.5778413119619,1
254,1,12.75,10,11.5778413119619,12.0315213396556,1
254,1,12.75,10,12.0315213396556,12.0967996373084,1
254,1,12.75,10,12.0967996373084,12.2838193292244,1
254,1,12.75,10,12.2838193292244,12.4839539667336,1
254,1,12.75,10,12.4839539667336,12.75,0
255,1,8.75,5,0,2.08064886908265,1
255,1,8.75,5,2.08064886908265,2.10438305103757,1
255,1,8.75,5,2.10438305103757,4.24731318525587,1
255,1,8.75,5,4.24731318525587,6.31068176609635,1
255,1,8.75,5,6.31068176609635,7.49725468202286,1
255,1,8.75,5,7.49725468202286,8.75,0
256,1,13.75,6,0,3.5399004145511,1
256,1,13.75,6,3.5399004145511,5.84812238775409,1
256,1,13.75,6,5.84812238775409,8.08231863779316,1
256,1,13.75,6,8.08231863779316,9.19084905461022,1
256,1,13.75,6,9.19084905461022,12.4638176056153,1
256,1,13.75,6,12.4638176056153,12.4716373958151,1
256,1,13.75,6,12.4716373958151,13.75,0
257,1,13.75,11,0,4.20629927616135,1
257,1,13.75,11,4.20629927616135,4.96317932056987,1
257,1,13.75,11,4.96317932056987,7.41472207312399,1
257,1,13.75,11,7.41472207312399,7.80514792544405,1
257,1,13.75,11,7.80514792544405,8.53374811847595,1
257,1,13.75,11,8.53374811847595,9.47301937466021,1
257,1,13.75,11,9.47301937466021,10.5336361659292,1
257,1,13.75,11,10.5336361659292,11.1348079751063,1
257,1,13.75,11,11.1348079751063,11.5309518181238,1
257,1,13.75,11,11.5309518181238,12.1517244353194,1
257,1,13.75,11,12.1517244353194,13.1328383718807,1
257,1,13.75,11,13.1328383718807,13.75,0
258,1,18.75,12,0,5.90949377787401,1
258,1,18.75,12,5.90949377787401,7.52568837698406,1
258,1,18.75,12,7.52568837698406,8.8661994862555,1
258,1,18.75,12,8.8661994862555,9.73593421156104,1
258,1,18.75,12,9.73593421156104,11.593058619572,1
258,1,18.75,12,11.593058619572,12.976620349534,1
258,1,18.75,12,12.976620349534,13.8807982528576,1
258,1,18.75,12,13.8807982528576,15.3925220410168,1
258,1,18.75,12,15.3925220410168,15.9693345341917,1
258,1,18.75,12,15.9693345341917,16.0037906733109,1
258,1,18.75,12,16.0037906733109,16.8410687357827,1
258,1,18.75,12,16.8410687357827,18.1958650199665,1
258,1,18.75,12,18.1958650199665,18.75,0
259,1,9.75,9,0,3.08938191756201,1
259,1,9.75,9,3.08938191756201,4.62551401796757,1
259,1,9.75,9,4.62551401796757,6.59987705608723,1
259,1,9.75,9,6.59987705608723,6.67505815283798,1
259,1,9.75,9,6.67505815283798,7.13212680600369,1
259,1,9.75,9,7.13212680600369,8.93641796772718,1
259,1,9.75,9,8.93641796772718,9.02653183647325,1
259,1,9.75,9,9.02653183647325,9.33095215155989,1
259,1,9.75,9,9.33095215155989,9.57415889684813,1
259,1,9.75,9,9.57415889684813,9.75,0
260,1,20.75,23,0,4.53043808734907,1
260,1,20.75,23,4.53043808734907,6.92736746748143,1
260,1,20.75,23,6.92736746748143,7.58013518165207,1
260,1,20.75,23,7.58013518165207,8.70217369523508,1
260,1,20.75,23,8.70217369523508,9.01434736860137,1
260,1,20.75,23,9.01434736860137,9.05269094005561,1
260,1,20.75,23,9.05269094005561,9.16130263777154,1
260,1,20.75,23,9.16130263777154,10.0999657233368,1
260,1,20.75,23,10.0999657233368,11.2860212991286,1
260,1,20.75,23,11.2860212991286,12.9827383104972,1
260,1,20.75,23,12.9827383104972,13.473525934693,1
260,1,20.75,23,13.473525934693,15.3988054879659,1
260,1,20.75,23,15.3988054879659,15.7572088095699,1
260,1,20.75,23,15.7572088095699,15.7883099312611,1
260,1,20.75,23,15.7883099312611,16.0194896716277,1
260,1,20.75,23,16.0194896716277,16.6437005888896,1
260,1,20.75,23,16.6437005888896,17.0706846568922,1
260,1,20.75,23,17.0706846568922,17.6843147739393,1
260,1,20.75,23,17.6843147739393,17.8877689320813,1
260,1,20.75,23,17.8877689320813,18.5160752177591,1
260,1,20.75,23,18.5160752177591,18.723102039968,1
260,1,20.75,23,18.723102039968,18.9024355578951,1
260,1,20.75,23,18.9024355578951,19.0619698685999,1
260,1,20.75,23,19.0619698685999,20.75,0
261,1,9.75,6,0,3.21686455196265,1
261,1,9.75,6,3.21686455196265,3.67813829288362,1
261,1,9.75,6,3.67813829288362,6.34305572082251,1
261,1,9.75,6,6.34305572082251,8.46496626423365,1
261,1,9.75,6,8.46496626423365,8.82513663593473,1
261,1,9.75,6,8.82513663593473,9.33931810724552,1
261,1,9.75,6,9.33931810724552,9.75,0
262,1,15.75,7,0,5.23313476689077,1
262,1,15.75,7,5.23313476689077,9.66416614103702,1
262,1,15.75,7,9.66416614103702,11.3383896690493,1
262,1,15.75,7,11.3383896690493,11.7523717325078,1
262,1,15.75,7,11.7523717325078,12.2951603171026,1
262,1,15.75,7,12.2951603171026,13.3304291938553,1
262,1,15.75,7,13.3304291938553,14.8409015909391,1
262,1,15.75,7,14.8409015909391,15.75,0
263,1,16.75,34,0,1.28974455282301,1
263,1,16.75,34,1.28974455282301,2.07231223271337,1
263,1,16.75,34,2.07231223271337,2.36226104339443,1
263,1,16.75,34,2.36226104339443,5.70004642316416,1
263,1,16.75,34,5.70004642316416,5.86801104711793,1
263,1,16.75,34,5.86801104711793,6.01521479492704,1
263,1,16.75,34,6.01521479492704,6.80075172127898,1
263,1,16.75,34,6.80075172127898,7.42288770423161,1
263,1,16.75,34,7.42288770423161,8.08532345245194,1
263,1,16.75,34,8.08532345245194,8.24235755128601,1
263,1,16.75,34,8.24235755128601,8.55267836215813,1
263,1,16.75,34,8.55267836215813,9.10700790593156,1
263,1,16.75,34,9.10700790593156,9.98928778158988,1
263,1,16.75,34,9.98928778158988,10.2338579940493,1
263,1,16.75,34,10.2338579940493,10.6573019824553,1
263,1,16.75,34,10.6573019824553,11.5724981701247,1
263,1,16.75,34,11.5724981701247,11.7376495732902,1
263,1,16.75,34,11.7376495732902,12.3011482890943,1
263,1,16.75,34,12.3011482890943,12.421205370042,1
263,1,16.75,34,12.421205370042,12.4427561524336,1
263,1,16.75,34,12.4427561524336,12.9244615746514,1
263,1,16.75,34,12.9244615746514,13.1153240644303,1
263,1,16.75,34,13.1153240644303,13.8501655899646,1
263,1,16.75,34,13.8501655899646,14.2179893515451,1
263,1,16.75,34,14.2179893515451,14.2699446658775,1
263,1,16.75,34,14.2699446658775,14.3300124279247,1
263,1,16.75,34,14.3300124279247,14.4012144823005,1
263,1,16.75,34,14.4012144823005,14.4266746390521,1
263,1,16.75,34,14.4266746390521,14.6052528380041,1
263,1,16.75,34,14.6052528380041,15.4692299686683,1
263,1,16.75,34,15.4692299686683,15.8846571888817,1
263,1,16.75,34,15.8846571888817,16.0196324490294,1
263,1,16.75,34,16.0196324490294,16.3163924783117,1
263,1,16.75,34,16.3163924783117,16.3901548629114,1
263,1,16.75,34,16.3901548629114,16.75,0
264,1,12.75,14,0,3.3700125785504,1
264,1,12.75,14,3.3700125785504,5.07372116792022,1
264,1,12.75,14,5.07372116792022,5.40416121032802,1
264,1,12.75,14,5.40416121032802,6.96493625959587,1
264,1,12.75,14,6.96493625959587,7.42245614196188,1
264,1,12.75,14,7.42245614196188,8.1411241348498,1
264,1,12.75,14,8.1411241348498,8.98344992138519,1
264,1,12.75,14,8.98344992138519,9.14421003608387,1
264,1,12.75,14,9.14421003608387,9.59070562732509,1
264,1,12.75,14,9.59070562732509,10.2978710151739,1
264,1,12.75,14,10.2978710151739,11.1766760343255,1
264,1,12.75,14,11.1766760343255,11.4734914382541,1
264,1,12.75,14,11.4734914382541,12.1117895178482,1
264,1,12.75,14,12.1117895178482,12.4217027992269,1
264,1,12.75,14,12.4217027992269,12.75,0
265,1,11.75,10,0,3.52430609899582,1
265,1,11.75,10,3.52430609899582,3.7185898229591,1
265,1,11.75,10,3.7185898229591,4.36211092215172,1
265,1,11.75,10,4.36211092215172,4.40498264285713,1
265,1,11.75,10,4.40498264285713,6.77175682631834,1
265,1,11.75,10,6.77175682631834,8.54108327672884,1
265,1,11.75,10,8.54108327672884,9.44228969690765,1
265,1,11.75,10,9.44228969690765,10.8287079316496,1
265,1,11.75,10,10.8287079316496,11.2031640594085,1
265,1,11.75,10,11.2031640594085,11.6037237264343,1
265,1,11.75,10,11.6037237264343,11.75,0
266,1,11.75,9,0,2.38238856333377,1
266,1,11.75,9,2.38238856333377,3.76779071681391,1
266,1,11.75,9,3.76779071681391,5.4358565029809,1
266,1,11.75,9,5.4358565029809,6.33453660842249,1
266,1,11.75,9,6.33453660842249,6.8218105395143,1
266,1,11.75,9,6.8218105395143,9.22227231160288,1
266,1,11.75,9,9.22227231160288,9.54105802048702,1
266,1,11.75,9,9.54105802048702,9.78900585982228,1
266,1,11.75,9,9.78900585982228,11.7058788684198,1
266,1,11.75,9,11.7058788684198,11.75,0
267,1,17.75,8,0,6.83187658266265,1
267,1,17.75,8,6.83187658266265,7.07379614216716,1
267,1,17.75,8,7.07379614216716,10.2911607724298,1
267,1,17.75,8,10.2911607724298,12.7550016686158,1
267,1,17.75,8,12.7550016686158,13.4200222781259,1
267,1,17.75,8,13.4200222781259,14.7116559108984,1
267,1,17.75,8,14.7116559108984,14.789149011831,1
267,1,17.75,8,14.789149011831,15.0732300040021,1
267,1,17.75,8,15.0732300040021,17.75,0
268,1,14.75,8,0,4.22745785577854,1
268,1,14.75,8,4.22745785577854,4.82745421795791,1
268,1,14.75,8,4.82745421795791,4.84783740421939,1
268,1,14.75,8,4.84783740421939,9.2837606448537,1
268,1,14.75,8,9.2837606448537,10.0258906042542,1
268,1,14.75,8,10.0258906042542,10.2654840556593,1
268,1,14.75,8,10.2654840556593,11.8758504480606,1
268,1,14.75,8,11.8758504480606,14.0770823986327,1
268,1,14.75,8,14.0770823986327,14.75,0
269,1,15.75,19,0,4.02920862946362,1
269,1,15.75,19,4.02920862946362,4.25539985781307,1
269,1,15.75,19,4.25539985781307,4.92694956259655,1
269,1,15.75,19,4.92694956259655,6.81018587534025,1
269,1,15.75,19,6.81018587534025,7.95764798272227,1
269,1,15.75,19,7.95764798272227,8.19520529699103,1
269,1,15.75,19,8.19520529699103,8.60573569049929,1
269,1,15.75,19,8.60573569049929,10.1309405240762,1
269,1,15.75,19,10.1309405240762,11.2902766597801,1
269,1,15.75,19,11.2902766597801,11.3179502262876,1
269,1,15.75,19,11.3179502262876,12.2208123381225,1
269,1,15.75,19,12.2208123381225,12.8177470442995,1
269,1,15.75,19,12.8177470442995,13.5745176641927,1
269,1,15.75,19,13.5745176641927,13.7692975349277,1
269,1,15.75,19,13.7692975349277,14.1175392164175,1
269,1,15.75,19,14.1175392164175,14.4182227168067,1
269,1,15.75,19,14.4182227168067,15.4369802957644,1
269,1,15.75,19,15.4369802957644,15.5057822243627,1
269,1,15.75,19,15.5057822243627,15.5817153440888,1
269,1,15.75,19,15.5817153440888,15.75,0
270,1,16.75,12,0,2.37078753515533,1
270,1,16.75,12,2.37078753515533,6.15900521782852,1
270,1,16.75,12,6.15900521782852,6.76589148828749,1
270,1,16.75,12,6.76589148828749,8.46546604007676,1
270,1,16.75,12,8.46546604007676,9.36846962687232,1
270,1,16.75,12,9.36846962687232,10.911288054577,1
270,1,16.75,12,10.911288054577,11.9218991827396,1
270,1,16.75,12,11.9218991827396,12.1259548930817,1
270,1,16.75,12,12.1259548930817,13.561788263258,1
270,1,16.75,12,13.561788263258,14.4214409912097,1
270,1,16.75,12,14.4214409912097,15.3596881933394,1
270,1,16.75,12,15.3596881933394,16.516752369912,1
270,1,16.75,12,16.516752369912,16.75,0
271,1,10.75,5,0,2.38475312082744,1
271,1,10.75,5,2.38475312082744,5.25606017301619,1
271,1,10.75,5,5.25606017301619,6.87053449908657,1
271,1,10.75,5,6.87053449908657,7.83761768437073,1
271,1,10.75,5,7.83761768437073,9.04921342332413,1
271,1,10.75,5,9.04921342332413,10.75,0
272,1,13.75,23,0,2.18746492186974,1
272,1,13.75,23,2.18746492186974,2.9141144221667,1
272,1,13.75,23,2.9141144221667,3.07321604140508,1
272,1,13.75,23,3.07321604140508,3.08196780929166,1
272,1,13.75,23,3.08196780929166,3.2508653021526,1
272,1,13.75,23,3.2508653021526,4.1009265549535,1
272,1,13.75,23,4.1009265549535,4.47706608745967,1
272,1,13.75,23,4.47706608745967,4.56848927051572,1
272,1,13.75,23,4.56848927051572,5.57170442965034,1
272,1,13.75,23,5.57170442965034,5.59737885277405,1
272,1,13.75,23,5.59737885277405,6.35057719128342,1
272,1,13.75,23,6.35057719128342,6.60952550492536,1
272,1,13.75,23,6.60952550492536,6.74516444360032,1
272,1,13.75,23,6.74516444360032,9.24277184744904,1
272,1,13.75,23,9.24277184744904,9.34336757071187,1
272,1,13.75,23,9.34336757071187,9.86754196424016,1
272,1,13.75,23,9.86754196424016,9.9415363223439,1
272,1,13.75,23,9.9415363223439,10.8388648936144,1
272,1,13.75,23,10.8388648936144,10.8917885705851,1
272,1,13.75,23,10.8917885705851,11.1119399578657,1
272,1,13.75,23,11.1119399578657,11.3124065532179,1
272,1,13.75,23,11.3124065532179,12.0452864786053,1
272,1,13.75,23,12.0452864786053,13.1771369148104,1
272,1,13.75,23,13.1771369148104,13.75,0
273,1,12.75,10,0,3.30363939108366,1
273,1,12.75,10,3.30363939108366,3.64172482260956,1
273,1,12.75,10,3.64172482260956,7.49589956467416,1
273,1,12.75,10,7.49589956467416,8.58558078375521,1
273,1,12.75,10,8.58558078375521,9.4223426090125,1
273,1,12.75,10,9.4223426090125,10.8395437878792,1
273,1,12.75,10,10.8395437878792,10.895122989559,1
273,1,12.75,10,10.895122989559,11.7430753927975,1
273,1,12.75,10,11.7430753927975,11.764447511058,1
273,1,12.75,10,11.764447511058,12.5611794754905,1
273,1,12.75,10,12.5611794754905,12.75,0
274,1,13.75,9,0,3.98635971370482,1
274,1,13.75,9,3.98635971370482,5.16554588576868,1
274,1,13.75,9,5.16554588576868,5.59198558982907,1
274,1,13.75,9,5.59198558982907,7.03300429214516,1
274,1,13.75,9,7.03300429214516,7.78798739138689,1
274,1,13.75,9,7.78798739138689,8.07013571606159,1
274,1,13.75,9,8.07013571606159,10.1872310654053,1
274,1,13.75,9,10.1872310654053,10.9560770492994,1
274,1,13.75,9,10.9560770492994,11.2566824974484,1
274,1,13.75,9,11.2566824974484,13.75,0
275,1,13.75,7,0,5.34351990789108,1
275,1,13.75,7,5.34351990789108,8.77030422497514,1
275,1,13.75,7,8.77030422497514,10.0444942343651,1
275,1,13.75,7,10.0444942343651,12.174915174469,1
275,1,13.75,7,12.174915174469,12.2673579761855,1
275,1,13.75,7,12.2673579761855,13.3060213258391,1
275,1,13.75,7,13.3060213258391,13.6255020825057,1
275,1,13.75,7,13.6255020825057,13.75,0
276,1,12.75,7,0,1.45494901791685,1
276,1,12.75,7,1.45494901791685,5.01348732817273,1
276,1,12.75,7,5.01348732817273,9.16730871451584,1
276,1,12.75,7,9.16730871451584,11.4869268161174,1
276,1,12.75,7,11.4869268161174,11.8406347559143,1
276,1,12.75,7,11.8406347559143,11.990661153821,1
276,1,12.75,7,11.990661153821,12.4534130179936,1
276,1,12.75,7,12.4534130179936,12.75,0
277,1,11.75,3,0,5.31803480130319,1
277,1,11.75,3,5.31803480130319,7.22337368437155,1
277,1,11.75,3,7.22337368437155,11.2553963387918,1
277,1,11.75,3,11.2553963387918,11.75,0
278,1,20.75,60,0,5.632446054518,1
278,1,20.75,60,5.632446054518,6.05002560770937,1
278,1,20.75,60,6.05002560770937,6.48427539074655,1
278,1,20.75,60,6.48427539074655,6.68462065381326,1
278,1,20.75,60,6.68462065381326,6.75258787053256,1
278,1,20.75,60,6.75258787053256,8.11412647488349,1
278,1,20.75,60,8.11412647488349,8.80064026957836,1
278,1,20.75,60,8.80064026957836,9.18550687374294,1
278,1,20.75,60,9.18550687374294,9.82599869327215,1
278,1,20.75,60,9.82599869327215,10.0686310530763,1
278,1,20.75,60,10.0686310530763,10.7572283984471,1
278,1,20.75,60,10.7572283984471,11.119066249479,1
278,1,20.75,60,11.119066249479,11.2757783733959,1
278,1,20.75,60,11.2757783733959,11.2766321606989,1
278,1,20.75,60,11.2766321606989,11.7933219009086,1
278,1,20.75,60,11.7933219009086,11.9101437380904,1
278,1,20.75,60,11.9101437380904,12.0431519347191,1
278,1,20.75,60,12.0431519347191,12.064297523931,1
278,1,20.75,60,12.064297523931,12.1623004398475,1
278,1,20.75,60,12.1623004398475,12.2795734091697,1
278,1,20.75,60,12.2795734091697,12.7863114125492,1
278,1,20.75,60,12.7863114125492,12.8121302998611,1
278,1,20.75,60,12.8121302998611,13.0466085679037,1
278,1,20.75,60,13.0466085679037,13.613948025935,1
278,1,20.75,60,13.613948025935,13.6882752152524,1
278,1,20.75,60,13.6882752152524,14.2151838403658,1
278,1,20.75,60,14.2151838403658,14.2250398226881,1
278,1,20.75,60,14.2250398226881,14.5631394866615,1
278,1,20.75,60,14.5631394866615,14.8603254003427,1
278,1,20.75,60,14.8603254003427,14.9608132745825,1
278,1,20.75,60,14.9608132745825,15.0575707551806,1
278,1,20.75,60,15.0575707551806,15.3975003121487,1
278,1,20.75,60,15.3975003121487,15.5506310957166,1
278,1,20.75,60,15.5506310957166,15.938608168302,1
278,1,20.75,60,15.938608168302,16.1995041802265,1
278,1,20.75,60,16.1995041802265,16.2365828885463,1
278,1,20.75,60,16.2365828885463,16.4458930481124,1
278,1,20.75,60,16.4458930481124,16.6893844024456,1
278,1,20.75,60,16.6893844024456,16.7488592789164,1
278,1,20.75,60,16.7488592789164,16.9728027315352,1
278,1,20.75,60,16.9728027315352,17.0119064439251,1
278,1,20.75,60,17.0119064439251,17.2574149876195,1
278,1,20.75,60,17.2574149876195,17.4367157544307,1
278,1,20.75,60,17.4367157544307,17.6850285273344,1
278,1,20.75,60,17.6850285273344,18.2872283607674,1
278,1,20.75,60,18.2872283607674,18.4517681200852,1
278,1,20.75,60,18.4517681200852,18.673552608285,1
278,1,20.75,60,18.673552608285,18.8150585949069,1
278,1,20.75,60,18.8150585949069,18.8307011732192,1
278,1,20.75,60,18.8307011732192,19.3001370426148,1
278,1,20.75,60,19.3001370426148,19.4769005609119,1
278,1,20.75,60,19.4769005609119,19.6193356536622,1
278,1,20.75,60,19.6193356536622,19.6455328498692,1
278,1,20.75,60,19.6455328498692,19.9934636052999,1
278,1,20.75,60,19.9934636052999,20.1099345886765,1
278,1,20.75,60,20.1099345886765,20.200734309414,1
278,1,20.75,60,20.200734309414,20.2657934015548,1
278,1,20.75,60,20.2657934015548,20.5164789685844,1
278,1,20.75,60,20.5164789685844,20.6598733869026,1
278,1,20.75,60,20.6598733869026,20.6705672103122,1
278,1,20.75,60,20.6705672103122,20.75,0
279,1,18.75,24,0,3.02648106014691,1
279,1,18.75,24,3.02648106014691,7.09231893128004,1
279,1,18.75,24,7.09231893128004,7.21494400468204,1
279,1,18.75,24,7.21494400468204,7.64985114657575,1
279,1,18.75,24,7.64985114657575,9.06826652607207,1
279,1,18.75,24,9.06826652607207,9.121396518263,1
279,1,18.75,24,9.121396518263,9.19038797608396,1
279,1,18.75,24,9.19038797608396,9.55702542894393,1
279,1,18.75,24,9.55702542894393,9.60867375734179,1
279,1,18.75,24,9.60867375734179,9.97089686185668,1
279,1,18.75,24,9.97089686185668,10.1365176745467,1
279,1,18.75,24,10.1365176745467,11.46989683926,1
279,1,18.75,24,11.46989683926,12.4189324197408,1
279,1,18.75,24,12.4189324197408,12.519534180818,1
279,1,18.75,24,12.519534180818,13.4917193389164,1
279,1,18.75,24,13.4917193389164,14.134786377914,1
279,1,18.75,24,14.134786377914,14.3990738732709,1
279,1,18.75,24,14.3990738732709,14.8453776144782,1
279,1,18.75,24,14.8453776144782,14.9498682940319,1
279,1,18.75,24,14.9498682940319,15.2010352697471,1
279,1,18.75,24,15.2010352697471,16.2463508357755,1
279,1,18.75,24,16.2463508357755,16.9600604876688,1
279,1,18.75,24,16.9600604876688,17.3789947483199,1
279,1,18.75,24,17.3789947483199,17.576537118752,1
279,1,18.75,24,17.576537118752,18.75,0
280,1,8.75,16,0,3.20545006079747,1
280,1,8.75,16,3.20545006079747,3.56087761693312,1
280,1,8.75,16,3.56087761693312,3.74483674331448,1
280,1,8.75,16,3.74483674331448,4.59523293848528,1
280,1,8.75,16,4.59523293848528,5.09295935284449,1
280,1,8.75,16,5.09295935284449,5.15480433355005,1
280,1,8.75,16,5.15480433355005,5.5558431138941,1
280,1,8.75,16,5.5558431138941,5.75604811888829,1
280,1,8.75,16,5.75604811888829,6.43406661255437,1
280,1,8.75,16,6.43406661255437,6.62260834384028,1
280,1,8.75,16,6.62260834384028,7.12717805428584,1
280,1,8.75,16,7.12717805428584,7.27406264762706,1
280,1,8.75,16,7.27406264762706,8.2334397348565,1
280,1,8.75,16,8.2334397348565,8.28294162739712,1
280,1,8.75,16,8.28294162739712,8.64910195166148,1
280,1,8.75,16,8.64910195166148,8.68054080578668,1
280,1,8.75,16,8.68054080578668,8.75,0
281,1,9.75,5,0,1.3534323172043,1
281,1,9.75,5,1.3534323172043,7.45835995003291,1
281,1,9.75,5,7.45835995003291,8.94857633518236,1
281,1,9.75,5,8.94857633518236,9.01434212040864,1
281,1,9.75,5,9.01434212040864,9.09320502749559,1
281,1,9.75,5,9.09320502749559,9.75,0
282,1,13.75,7,0,1.50540700074124,1
282,1,13.75,7,1.50540700074124,3.61448019187875,1
282,1,13.75,7,3.61448019187875,10.9952614771705,1
282,1,13.75,7,10.9952614771705,11.0527388931304,1
282,1,13.75,7,11.0527388931304,12.9638127814503,1
282,1,13.75,7,12.9638127814503,13.3687372887559,1
282,1,13.75,7,13.3687372887559,13.5617248699864,1
282,1,13.75,7,13.5617248699864,13.75,0
283,1,18.75,9,0,7.66652907797316,1
283,1,18.75,9,7.66652907797316,7.8541270048572,1
283,1,18.75,9,7.8541270048572,12.4514458879041,1
283,1,18.75,9,12.4514458879041,13.2456774598005,1
283,1,18.75,9,13.2456774598005,15.814674541328,1
283,1,18.75,9,15.814674541328,16.9700622998065,1
283,1,18.75,9,16.9700622998065,17.2608163477538,1
283,1,18.75,9,17.2608163477538,17.6767097032828,1
283,1,18.75,9,17.6767097032828,17.9825616257947,1
283,1,18.75,9,17.9825616257947,18.75,0
284,1,16.75,9,0,4.89323265471166,1
284,1,16.75,9,4.89323265471166,6.12928753396984,1
284,1,16.75,9,6.12928753396984,7.86940862593947,1
284,1,16.75,9,7.86940862593947,11.1153150786426,1
284,1,16.75,9,11.1153150786426,11.2507718010996,1
284,1,16.75,9,11.2507718010996,11.3777346532987,1
284,1,16.75,9,11.3777346532987,11.3792050900446,1
284,1,16.75,9,11.3792050900446,14.3372811322816,1
284,1,16.75,9,14.3372811322816,14.6414553430523,1
284,1,16.75,9,14.6414553430523,16.75,0
285,1,9.75,12,0,0.576072800291589,1
285,1,9.75,12,0.576072800291589,2.59003264096849,1
285,1,9.75,12,2.59003264096849,2.62884526979444,1
285,1,9.75,12,2.62884526979444,3.62864645087861,1
285,1,9.75,12,3.62864645087861,5.25465406359508,1
285,1,9.75,12,5.25465406359508,5.58640988818625,1
285,1,9.75,12,5.58640988818625,6.03961374332262,1
285,1,9.75,12,6.03961374332262,7.72222886533267,1
285,1,9.75,12,7.72222886533267,7.77381207592445,1
285,1,9.75,12,7.77381207592445,8.68996986222928,1
285,1,9.75,12,8.68996986222928,9.33207032237834,1
285,1,9.75,12,9.33207032237834,9.67042338610581,1
285,1,9.75,12,9.67042338610581,9.75,0
286,1,8.75,4,0,1.19120082726452,1
286,1,8.75,4,1.19120082726452,2.96956709358154,1
286,1,8.75,4,2.96956709358154,4.32612816526697,1
286,1,8.75,4,4.32612816526697,4.50266797456538,1
286,1,8.75,4,4.50266797456538,8.75,0
287,1,8.75,4,0,2.16122361118865,1
287,1,8.75,4,2.16122361118865,4.28644677811605,1
287,1,8.75,4,4.28644677811605,5.5763993417076,1
287,1,8.75,4,5.5763993417076,6.74226999983571,1
287,1,8.75,4,6.74226999983571,8.75,0
288,1,16.75,28,0,1.22076590619173,1
288,1,16.75,28,1.22076590619173,1.83188751361456,1
288,1,16.75,28,1.83188751361456,3.14942965494175,1
288,1,16.75,28,3.14942965494175,3.38371513954118,1
288,1,16.75,28,3.38371513954118,5.03492751285438,1
288,1,16.75,28,5.03492751285438,5.38341115274649,1
288,1,16.75,28,5.38341115274649,6.56506345870915,1
288,1,16.75,28,6.56506345870915,7.70585832804923,1
288,1,16.75,28,7.70585832804923,7.88318555653153,1
288,1,16.75,28,7.88318555653153,8.46388071184121,1
288,1,16.75,28,8.46388071184121,8.57913031320088,1
288,1,16.75,28,8.57913031320088,9.22144699506263,1
288,1,16.75,28,9.22144699506263,9.36627354706439,1
288,1,16.75,28,9.36627354706439,10.1987750512004,1
288,1,16.75,28,10.1987750512004,11.3136206457528,1
288,1,16.75,28,11.3136206457528,11.4614224884173,1
288,1,16.75,28,11.4614224884173,12.5606446352429,1
288,1,16.75,28,12.5606446352429,12.9145307112869,1
288,1,16.75,28,12.9145307112869,12.9451665859939,1
288,1,16.75,28,12.9451665859939,13.2247499444555,1
288,1,16.75,28,13.2247499444555,13.9144226825889,1
288,1,16.75,28,13.9144226825889,13.9506904361575,1
288,1,16.75,28,13.9506904361575,14.2458551283038,1
288,1,16.75,28,14.2458551283038,14.7911991632739,1
288,1,16.75,28,14.7911991632739,14.9976154219997,1
288,1,16.75,28,14.9976154219997,15.392286259508,1
288,1,16.75,28,15.392286259508,15.9222512440948,1
288,1,16.75,28,15.9222512440948,15.9394260677307,1
288,1,16.75,28,15.9394260677307,16.75,0
289,1,13.75,9,0,1.41341684484861,1
289,1,13.75,9,1.41341684484861,3.93164741752154,1
289,1,13.75,9,3.93164741752154,6.94867662913193,1
289,1,13.75,9,6.94867662913193,7.03283531287897,1
289,1,13.75,9,7.03283531287897,8.06671270816156,1
289,1,13.75,9,8.06671270816156,8.27590421698926,1
289,1,13.75,9,8.27590421698926,8.80955898343438,1
289,1,13.75,9,8.80955898343438,8.82200330675406,1
289,1,13.75,9,8.82200330675406,11.3106829292076,1
289,1,13.75,9,11.3106829292076,13.75,0
290,1,16.75,9,0,1.39986964577663,1
290,1,16.75,9,1.39986964577663,11.5857668871055,1
290,1,16.75,9,11.5857668871055,12.1107479227331,1
290,1,16.75,9,12.1107479227331,13.4259851584673,1
290,1,16.75,9,13.4259851584673,13.4346910724818,1
290,1,16.75,9,13.4346910724818,13.4419860652575,1
290,1,16.75,9,13.4419860652575,14.7070780752503,1
290,1,16.75,9,14.7070780752503,15.4941101208903,1
290,1,16.75,9,15.4941101208903,15.897061283033,1
290,1,16.75,9,15.897061283033,16.75,0
291,1,8.75,2,0,8.26208551375222,1
291,1,8.75,2,8.26208551375222,8.74191972025195,1
291,1,8.75,2,8.74191972025195,8.75,0
292,1,11.75,5,0,2.24924660370392,1
292,1,11.75,5,2.24924660370392,4.21644938240399,1
292,1,11.75,5,4.21644938240399,5.86359456222376,1
292,1,11.75,5,5.86359456222376,6.15817215308424,1
292,1,11.75,5,6.15817215308424,8.3622230879003,1
292,1,11.75,5,8.3622230879003,11.75,0
293,1,8.75,7,0,4.25803943513419,1
293,1,8.75,7,4.25803943513419,4.81144638175357,1
293,1,8.75,7,4.81144638175357,4.81281545129719,1
293,1,8.75,7,4.81281545129719,5.24046615982998,1
293,1,8.75,7,5.24046615982998,5.28592915534694,1
293,1,8.75,7,5.28592915534694,6.16872804616535,1
293,1,8.75,7,6.16872804616535,8.40410642698884,1
293,1,8.75,7,8.40410642698884,8.75,0
294,1,8.75,8,0,4.06328106012902,1
294,1,8.75,8,4.06328106012902,5.5282233582474,1
294,1,8.75,8,5.5282233582474,5.77047618257282,1
294,1,8.75,8,5.77047618257282,6.38548011574787,1
294,1,8.75,8,6.38548011574787,6.54784390689895,1
294,1,8.75,8,6.54784390689895,7.01401552114742,1
294,1,8.75,8,7.01401552114742,7.20015634752137,1
294,1,8.75,8,7.20015634752137,7.79584542953368,1
294,1,8.75,8,7.79584542953368,8.75,0
295,1,15.75,18,0,5.4805703316618,1
295,1,15.75,18,5.4805703316618,5.49988216939448,1
295,1,15.75,18,5.49988216939448,6.34768418604178,1
295,1,15.75,18,6.34768418604178,7.22882971579109,1
295,1,15.75,18,7.22882971579109,7.50993366045903,1
295,1,15.75,18,7.50993366045903,7.7414667572045,1
295,1,15.75,18,7.7414667572045,9.51164518952672,1
295,1,15.75,18,9.51164518952672,9.81307643135906,1
295,1,15.75,18,9.81307643135906,10.8522519643037,1
295,1,15.75,18,10.8522519643037,11.1688202529831,1
295,1,15.75,18,11.1688202529831,11.2121095962969,1
295,1,15.75,18,11.2121095962969,11.7022950492844,1
295,1,15.75,18,11.7022950492844,13.0758296156822,1
295,1,15.75,18,13.0758296156822,13.1315667364208,1
295,1,15.75,18,13.1315667364208,13.5199326123203,1
295,1,15.75,18,13.5199326123203,14.5878174155161,1
295,1,15.75,18,14.5878174155161,14.7223486812422,1
295,1,15.75,18,14.7223486812422,15.1865058658309,1
295,1,15.75,18,15.1865058658309,15.75,0
296,1,14.75,11,0,1.18370166868256,1
296,1,14.75,11,1.18370166868256,3.80086007197986,1
296,1,14.75,11,3.80086007197986,3.8044003740643,1
296,1,14.75,11,3.8044003740643,5.0785711519195,1
296,1,14.75,11,5.0785711519195,9.04116971086006,1
296,1,14.75,11,9.04116971086006,9.74519601210047,1
296,1,14.75,11,9.74519601210047,10.18871645302,1
296,1,14.75,11,10.18871645302,10.4715095392812,1
296,1,14.75,11,10.4715095392812,10.6401612851708,1
296,1,14.75,11,10.6401612851708,13.1312645847109,1
296,1,14.75,11,13.1312645847109,13.8933720382257,1
296,1,14.75,11,13.8933720382257,14.75,0
297,1,12.75,15,0,0.905450689207196,1
297,1,12.75,15,0.905450689207196,2.14454402960083,1
297,1,12.75,15,2.14454402960083,3.5322169881655,1
297,1,12.75,15,3.5322169881655,3.75111657500131,1
297,1,12.75,15,3.75111657500131,4.13669913523948,1
297,1,12.75,15,4.13669913523948,6.54843313826453,1
297,1,12.75,15,6.54843313826453,7.19918191057466,1
297,1,12.75,15,7.19918191057466,7.79244283636431,1
297,1,12.75,15,7.79244283636431,7.92486501999246,1
297,1,12.75,15,7.92486501999246,8.64719628693852,1
297,1,12.75,15,8.64719628693852,8.81442984433421,1
297,1,12.75,15,8.81442984433421,10.2581548553705,1
297,1,12.75,15,10.2581548553705,10.7125106209328,1
297,1,12.75,15,10.7125106209328,10.8047574853557,1
297,1,12.75,15,10.8047574853557,11.66557697448,1
297,1,12.75,15,11.66557697448,12.75,0
298,1,12.75,14,0,2.69353310821059,1
298,1,12.75,14,2.69353310821059,5.29462784131716,1
298,1,12.75,14,5.29462784131716,5.92050962432524,1
298,1,12.75,14,5.92050962432524,6.32334391252977,1
298,1,12.75,14,6.32334391252977,6.53477710325182,1
298,1,12.75,14,6.53477710325182,8.42267728523138,1
298,1,12.75,14,8.42267728523138,8.51620027013402,1
298,1,12.75,14,8.51620027013402,8.66694088491935,1
298,1,12.75,14,8.66694088491935,10.4120292881559,1
298,1,12.75,14,10.4120292881559,10.9375476409309,1
298,1,12.75,14,10.9375476409309,11.4236879827657,1
298,1,12.75,14,11.4236879827657,12.0785480932726,1
298,1,12.75,14,12.0785480932726,12.0847747929336,1
298,1,12.75,14,12.0847747929336,12.1942668271696,1
298,1,12.75,14,12.1942668271696,12.75,0
299,1,18.75,32,0,2.32212530256623,1
299,1,18.75,32,2.32212530256623,2.64173091222318,1
299,1,18.75,32,2.64173091222318,3.52747689395406,1
299,1,18.75,32,3.52747689395406,3.86365461542981,1
299,1,18.75,32,3.86365461542981,4.20910242511463,1
299,1,18.75,32,4.20910242511463,4.37350664062819,1
299,1,18.75,32,4.37350664062819,7.45787334615254,1
299,1,18.75,32,7.45787334615254,9.84571228834229,1
299,1,18.75,32,9.84571228834229,10.2190365655359,1
299,1,18.75,32,10.2190365655359,10.5558736782605,1
299,1,18.75,32,10.5558736782605,10.5889751640308,1
299,1,18.75,32,10.5889751640308,11.3690449103448,1
299,1,18.75,32,11.3690449103448,11.5535575503406,1
299,1,18.75,32,11.5535575503406,11.5611123473454,1
299,1,18.75,32,11.5611123473454,11.9658183616407,1
299,1,18.75,32,11.9658183616407,13.1418437272872,1
299,1,18.75,32,13.1418437272872,13.2474356391299,1
299,1,18.75,32,13.2474356391299,13.6518908152568,1
299,1,18.75,32,13.6518908152568,13.7929817334978,1
299,1,18.75,32,13.7929817334978,14.334571987527,1
299,1,18.75,32,14.334571987527,14.3375100260716,1
299,1,18.75,32,14.3375100260716,15.2528881011464,1
299,1,18.75,32,15.2528881011464,15.7686328996921,1
299,1,18.75,32,15.7686328996921,15.7958238635761,1
299,1,18.75,32,15.7958238635761,16.4438642128773,1
299,1,18.75,32,16.4438642128773,16.585787389318,1
299,1,18.75,32,16.585787389318,16.936595972358,1
299,1,18.75,32,16.936595972358,16.9581308236602,1
299,1,18.75,32,16.9581308236602,17.4824291614998,1
299,1,18.75,32,17.4824291614998,17.91503719888,1
299,1,18.75,32,17.91503719888,18.3650494106534,1
299,1,18.75,32,18.3650494106534,18.5368530086915,1
299,1,18.75,32,18.5368530086915,18.75,0
300,1,17.75,8,0,7.11296493544454,1
300,1,17.75,8,7.11296493544454,7.32418976739076,1
300,1,17.75,8,7.32418976739076,10.0642000533561,1
300,1,17.75,8,10.0642000533561,13.2517464877843,1
300,1,17.75,8,13.2517464877843,14.0476702442423,1
300,1,17.75,8,14.0476702442423,16.9774668944878,1
300,1,17.75,8,16.9774668944878,17.1602355659345,1
300,1,17.75,8,17.1602355659345,17.2958361420103,1
300,1,17.75,8,17.2958361420103,17.75,0
301,0,14.75,9,0,3.77947540161489,1
301,0,14.75,9,3.77947540161489,8.12441995152747,1
301,0,14.75,9,8.12441995152747,9.48130744557597,1
301,0,14.75,9,9.48130744557597,11.8630455259904,1
301,0,14.75,9,11.8630455259904,12.1002709312185,1
301,0,14.75,9,12.1002709312185,12.8528632505313,1
301,0,14.75,9,12.8528632505313,13.2131329093891,1
301,0,14.75,9,13.2131329093891,13.2944304789023,1
301,0,14.75,9,13.2944304789023,14.2470667852919,1
301,0,14.75,9,14.2470667852919,14.75,0
302,0,13.75,6,0,2.62078589298421,1
302,0,13.75,6,2.62078589298421,5.85362139628391,1
302,0,13.75,6,5.85362139628391,6.91054872363052,1
302,0,13.75,6,6.91054872363052,7.52506940375948,1
302,0,13.75,6,7.52506940375948,11.6390423475272,1
302,0,13.75,6,11.6390423475272,13.5871868659272,1
302,0,13.75,6,13.5871868659272,13.75,0
303,0,11.75,11,0,1.84027575464994,1
303,0,11.75,11,1.84027575464994,4.13128879065223,1
303,0,11.75,11,4.13128879065223,5.00118681820465,1
303,0,11.75,11,5.00118681820465,6.00554839990784,1
303,0,11.75,11,6.00554839990784,6.20895562048047,1
303,0,11.75,11,6.20895562048047,7.52275687482984,1
303,0,11.75,11,7.52275687482984,7.8721484507098,1
303,0,11.75,11,7.8721484507098,10.1393755761738,1
303,0,11.75,11,10.1393755761738,10.5377550684016,1
303,0,11.75,11,10.5377550684016,11.5059129218579,1
303,0,11.75,11,11.5059129218579,11.6337308834724,1
303,0,11.75,11,11.6337308834724,11.75,0
304,0,14.75,7,0,5.05041343480654,1
304,0,14.75,7,5.05041343480654,6.30704089403324,1
304,0,14.75,7,6.30704089403324,8.00334525730137,1
304,0,14.75,7,8.00334525730137,9.59943450815716,1
304,0,14.75,7,9.59943450815716,9.8012475288238,1
304,0,14.75,7,9.8012475288238,10.7601911717498,1
304,0,14.75,7,10.7601911717498,14.3205878187278,1
304,0,14.75,7,14.3205878187278,14.75,0
305,0,13.75,12,0,5.27757206992188,1
305,0,13.75,12,5.27757206992188,6.48236333185585,1
305,0,13.75,12,6.48236333185585,7.52250738432345,1
305,0,13.75,12,7.52250738432345,7.78236682856356,1
305,0,13.75,12,7.78236682856356,7.97295814978512,1
305,0,13.75,12,7.97295814978512,9.03255169636354,1
305,0,13.75,12,9.03255169636354,9.39821396876736,1
305,0,13.75,12,9.39821396876736,9.92544968378012,1
305,0,13.75,12,9.92544968378012,11.1093504892191,1
305,0,13.75,12,11.1093504892191,12.2670711400673,1
305,0,13.75,12,12.2670711400673,12.726764369391,1
305,0,13.75,12,12.726764369391,12.8634277771332,1
305,0,13.75,12,12.8634277771332,13.75,0
306,0,10.75,17,0,1.36012704624442,1
306,0,10.75,17,1.36012704624442,2.30796764278,1
306,0,10.75,17,2.30796764278,3.37812900295723,1
306,0,10.75,17,3.37812900295723,3.67883316886192,1
306,0,10.75,17,3.67883316886192,4.04339450208961,1
306,0,10.75,17,4.04339450208961,4.24863456085673,1
306,0,10.75,17,4.24863456085673,5.16747362758618,1
306,0,10.75,17,5.16747362758618,6.87093332465178,1
306,0,10.75,17,6.87093332465178,7.02271832444963,1
306,0,10.75,17,7.02271832444963,7.60239765971762,1
306,0,10.75,17,7.60239765971762,7.77001576300453,1
306,0,10.75,17,7.77001576300453,8.68668020060406,1
306,0,10.75,17,8.68668020060406,9.26024792441439,1
306,0,10.75,17,9.26024792441439,10.0004354120006,1
306,0,10.75,17,10.0004354120006,10.2953976762744,1
306,0,10.75,17,10.2953976762744,10.4041489364234,1
306,0,10.75,17,10.4041489364234,10.4791116630678,1
306,0,10.75,17,10.4791116630678,10.75,0
307,0,11.75,10,0,3.54319086296043,1
307,0,11.75,10,3.54319086296043,4.36334402804044,1
307,0,11.75,10,4.36334402804044,5.38626134211682,1
307,0,11.75,10,5.38626134211682,5.94267634247786,1
307,0,11.75,10,5.94267634247786,6.9039023736506,1
307,0,11.75,10,6.9039023736506,9.22219502848766,1
307,0,11.75,10,9.22219502848766,9.51867723636417,1
307,0,11.75,10,9.51867723636417,9.61509121990136,1
307,0,11.75,10,9.61509121990136,10.9709813341987,1
307,0,11.75,10,10.9709813341987,11.0989186656097,1
307,0,11.75,10,11.0989186656097,11.75,0
308,0,11.75,0,0,11.75,0
309,0,16.75,7,0,5.2876156568152,1
309,0,16.75,7,5.2876156568152,6.7972705699044,1
309,0,16.75,7,6.7972705699044,12.0112891888901,1
309,0,16.75,7,12.0112891888901,14.1588455182369,1
309,0,16.75,7,14.1588455182369,14.2333933878161,1
309,0,16.75,7,14.2333933878161,15.8404840687763,1
309,0,16.75,7,15.8404840687763,16.4748621855105,1
309,0,16.75,7,16.4748621855105,16.75,0
310,0,16.75,7,0,5.68347507525527,1
310,0,16.75,7,5.68347507525527,9.26207936404513,1
310,0,16.75,7,9.26207936404513,11.2013315211651,1
310,0,16.75,7,11.2013315211651,11.3685678993559,1
310,0,16.75,7,11.3685678993559,12.8814187261541,1
310,0,16.75,7,12.8814187261541,13.6220117520578,1
310,0,16.75,7,13.6220117520578,14.1013360513065,1
310,0,16.75,7,14.1013360513065,16.75,0
311,0,8.75,3,0,6.80870840414183,1
311,0,8.75,3,6.80870840414183,7.35718199392521,1
311,0,8.75,3,7.35718199392521,8.3982565319161,1
311,0,8.75,3,8.3982565319161,8.75,0
312,0,17.75,13,0,4.5780389132975,1
312,0,17.75,13,4.5780389132975,8.00436920987026,1
312,0,17.75,13,8.00436920987026,9.56470817510741,1
312,0,17.75,13,9.56470817510741,10.555912789431,1
312,0,17.75,13,10.555912789431,10.7822985551449,1
312,0,17.75,13,10.7822985551449,12.180679159825,1
312,0,17.75,13,12.180679159825,13.0420913737466,1
312,0,17.75,13,13.0420913737466,13.303875382182,1
312,0,17.75,13,13.303875382182,13.8235920142345,1
312,0,17.75,13,13.8235920142345,15.4044411023669,1
312,0,17.75,13,15.4044411023669,16.2925714688789,1
312,0,17.75,13,16.2925714688789,16.6024468576125,1
312,0,17.75,13,16.6024468576125,17.4214584839301,1
312,0,17.75,13,17.4214584839301,17.75,0
313,0,16.75,12,0,3.61947841359498,1
313,0,16.75,12,3.61947841359498,4.87864282347153,1
313,0,16.75,12,4.87864282347153,5.02989145379191,1
313,0,16.75,12,5.02989145379191,10.2018724065907,1
313,0,16.75,12,10.2018724065907,12.4706800209055,1
313,0,16.75,12,12.4706800209055,12.8767262201343,1
313,0,16.75,12,12.8767262201343,13.4174526206503,1
313,0,16.75,12,13.4174526206503,13.4609671330301,1
313,0,16.75,12,13.4609671330301,13.9610519248537,1
313,0,16.75,12,13.9610519248537,14.9176889498082,1
313,0,16.75,12,14.9176889498082,15.5036294420535,1
313,0,16.75,12,15.5036294420535,15.5974803844686,1
313,0,16.75,12,15.5974803844686,16.75,0
314,0,18.75,21,0,6.00838314686908,1
314,0,18.75,21,6.00838314686908,8.56374499373437,1
314,0,18.75,21,8.56374499373437,8.74737461880624,1
314,0,18.75,21,8.74737461880624,9.36534625416118,1
314,0,18.75,21,9.36534625416118,10.70281823394,1
314,0,18.75,21,10.70281823394,11.9010571959442,1
314,0,18.75,21,11.9010571959442,12.2770013405402,1
314,0,18.75,21,12.2770013405402,12.8218300758974,1
314,0,18.75,21,12.8218300758974,13.2047782568437,1
314,0,18.75,21,13.2047782568437,13.223559231957,1
314,0,18.75,21,13.223559231957,13.248579050045,1
314,0,18.75,21,13.248579050045,13.2563821121922,1
314,0,18.75,21,13.2563821121922,14.8874589772302,1
314,0,18.75,21,14.8874589772302,15.2249814494854,1
314,0,18.75,21,15.2249814494854,15.4952669601138,1
314,0,18.75,21,15.4952669601138,15.5887504874221,1
314,0,18.75,21,15.5887504874221,15.8303568927406,1
314,0,18.75,21,15.8303568927406,17.2044526726857,1
314,0,18.75,21,17.2044526726857,17.2481349486532,1
314,0,18.75,21,17.2481349486532,17.459006622875,1
314,0,18.75,21,17.459006622875,17.7249175100165,1
314,0,18.75,21,17.7249175100165,18.75,0
315,0,8.75,2,0,7.60025331865741,1
315,0,8.75,2,7.60025331865741,7.98148430370605,1
315,0,8.75,2,7.98148430370605,8.75,0
316,0,11.75,4,0,4.97054636741516,1
316,0,11.75,4,4.97054636741516,6.09884932651,1
316,0,11.75,4,6.09884932651,7.39073093238727,1
316,0,11.75,4,7.39073093238727,9.78629394670453,1
316,0,11.75,4,9.78629394670453,11.75,0
317,0,14.75,7,0,5.41197196054397,1
317,0,14.75,7,5.41197196054397,6.09663841880325,1
317,0,14.75,7,6.09663841880325,6.24890774330935,1
317,0,14.75,7,6.24890774330935,7.59135076304782,1
317,0,14.75,7,7.59135076304782,7.68005386420523,1
317,0,14.75,7,7.68005386420523,10.2502866194988,1
317,0,14.75,7,10.2502866194988,13.4937172034322,1
317,0,14.75,7,13.4937172034322,14.75,0
318,0,10.75,10,0,1.25785162857385,1
318,0,10.75,10,1.25785162857385,4.47479427531981,1
318,0,10.75,10,4.47479427531981,6.09915949834376,1
318,0,10.75,10,6.09915949834376,8.86464272040556,1
318,0,10.75,10,8.86464272040556,8.87558538447799,1
318,0,10.75,10,8.87558538447799,9.87393978263977,1
318,0,10.75,10,9.87393978263977,10.0706036163183,1
318,0,10.75,10,10.0706036163183,10.1153335698986,1
318,0,10.75,10,10.1153335698986,10.2517156640867,1
318,0,10.75,10,10.2517156640867,10.7140159102928,1
318,0,10.75,10,10.7140159102928,10.75,0
319,0,13.75,15,0,0.885071692273263,1
319,0,13.75,15,0.885071692273263,4.95552951207087,1
319,0,13.75,15,4.95552951207087,6.82742102905287,1
319,0,13.75,15,6.82742102905287,7.52097087223136,1
319,0,13.75,15,7.52097087223136,7.52758150322865,1
319,0,13.75,15,7.52758150322865,7.88950711917426,1
319,0,13.75,15,7.88950711917426,8.07773003913928,1
319,0,13.75,15,8.07773003913928,8.46661331242437,1
319,0,13.75,15,8.46661331242437,9.00651913491045,1
319,0,13.75,15,9.00651913491045,11.0946504146254,1
319,0,13.75,15,11.0946504146254,11.1041914465005,1
319,0,13.75,15,11.1041914465005,11.2252357900433,1
319,0,13.75,15,11.2252357900433,11.5953973754945,1
319,0,13.75,15,11.5953973754945,12.2703525657298,1
319,0,13.75,15,12.2703525657298,13.0149765548654,1
319,0,13.75,15,13.0149765548654,13.75,0
320,0,15.75,6,0,2.06126837914315,1
320,0,15.75,6,2.06126837914315,7.36466652297967,1
320,0,15.75,6,7.36466652297967,10.1901907885973,1
320,0,15.75,6,10.1901907885973,12.1980910303922,1
320,0,15.75,6,12.1980910303922,13.2955841605812,1
320,0,15.75,6,13.2955841605812,13.6083857818224,1
320,0,15.75,6,13.6083857818224,15.75,0
321,0,12.75,9,0,5.9603931371695,1
321,0,12.75,9,5.9603931371695,5.9849615446111,1
321,0,12.75,9,5.9849615446111,7.24220930377483,1
321,0,12.75,9,7.24220930377483,7.68801183575245,1
321,0,12.75,9,7.68801183575245,10.5184216078586,1
321,0,12.75,9,10.5184216078586,10.6660030669742,1
321,0,12.75,9,10.6660030669742,10.7419124601203,1
321,0,12.75,9,10.7419124601203,11.2866198406077,1
321,0,12.75,9,11.2866198406077,11.9120243836004,1
321,0,12.75,9,11.9120243836004,12.75,0
322,0,17.75,18,0,2.75373095025421,1
322,0,17.75,18,2.75373095025421,8.52351101115572,1
322,0,17.75,18,8.52351101115572,10.129328700327,1
322,0,17.75,18,10.129328700327,10.1374280688641,1
322,0,17.75,18,10.1374280688641,10.3876074158805,1
322,0,17.75,18,10.3876074158805,10.4165181402649,1
322,0,17.75,18,10.4165181402649,10.6015827511899,1
322,0,17.75,18,10.6015827511899,10.9212705274204,1
322,0,17.75,18,10.9212705274204,11.6156279071662,1
322,0,17.75,18,11.6156279071662,11.7201999100243,1
322,0,17.75,18,11.7201999100243,12.6527624870331,1
322,0,17.75,18,12.6527624870331,13.0419604077018,1
322,0,17.75,18,13.0419604077018,14.1130052276727,1
322,0,17.75,18,14.1130052276727,15.0925526043022,1
322,0,17.75,18,15.0925526043022,15.8332249813565,1
322,0,17.75,18,15.8332249813565,15.973200327981,1
322,0,17.75,18,15.973200327981,17.6591902548461,1
322,0,17.75,18,17.6591902548461,17.7254969805027,1
322,0,17.75,18,17.7254969805027,17.75,0
323,0,17.75,27,0,4.9630507739332,1
323,0,17.75,27,4.9630507739332,5.69798464652891,1
323,0,17.75,27,5.69798464652891,6.19592169604702,1
323,0,17.75,27,6.19592169604702,6.2886466568783,1
323,0,17.75,27,6.2886466568783,6.83775237559167,1
323,0,17.75,27,6.83775237559167,6.89344995251025,1
323,0,17.75,27,6.89344995251025,7.88580113103538,1
323,0,17.75,27,7.88580113103538,8.26372649543614,1
323,0,17.75,27,8.26372649543614,8.95257992745694,1
323,0,17.75,27,8.95257992745694,9.5928234645262,1
323,0,17.75,27,9.5928234645262,9.77506911443525,1
323,0,17.75,27,9.77506911443525,9.77908995386471,1
323,0,17.75,27,9.77908995386471,11.7090926187033,1
323,0,17.75,27,11.7090926187033,11.7710319823165,1
323,0,17.75,27,11.7710319823165,11.8632921385107,1
323,0,17.75,27,11.8632921385107,12.0982891453582,1
323,0,17.75,27,12.0982891453582,12.6167420060599,1
323,0,17.75,27,12.6167420060599,13.123788597939,1
323,0,17.75,27,13.123788597939,13.5836289869926,1
323,0,17.75,27,13.5836289869926,13.7093678846204,1
323,0,17.75,27,13.7093678846204,15.2990822917103,1
323,0,17.75,27,15.2990822917103,15.5730949654279,1
323,0,17.75,27,15.5730949654279,16.9834564558333,1
323,0,17.75,27,16.9834564558333,17.030355863415,1
323,0,17.75,27,17.030355863415,17.0577389087412,1
323,0,17.75,27,17.0577389087412,17.4334967292787,1
323,0,17.75,27,17.4334967292787,17.6949653689494,1
323,0,17.75,27,17.6949653689494,17.75,0
324,0,18.75,42,0,0.75231489283961,1
324,0,18.75,42,0.75231489283961,4.62946030980006,1
324,0,18.75,42,4.62946030980006,5.14806931527253,1
324,0,18.75,42,5.14806931527253,5.32835307960695,1
324,0,18.75,42,5.32835307960695,5.76112440610489,1
324,0,18.75,42,5.76112440610489,5.88309499225123,1
324,0,18.75,42,5.88309499225123,5.91376068624309,1
324,0,18.75,42,5.91376068624309,6.3695054156347,1
324,0,18.75,42,6.3695054156347,6.37100024862613,1
324,0,18.75,42,6.37100024862613,7.39028564674987,1
324,0,18.75,42,7.39028564674987,7.55190511476099,1
324,0,18.75,42,7.55190511476099,7.55429491982435,1
324,0,18.75,42,7.55429491982435,9.08957631262295,1
324,0,18.75,42,9.08957631262295,9.21321276709159,1
324,0,18.75,42,9.21321276709159,9.58730503394937,1
324,0,18.75,42,9.58730503394937,10.350895050552,1
324,0,18.75,42,10.350895050552,11.3469396554261,1
324,0,18.75,42,11.3469396554261,11.6628780956329,1
324,0,18.75,42,11.6628780956329,12.2275626939408,1
324,0,18.75,42,12.2275626939408,12.536907206564,1
324,0,18.75,42,12.536907206564,12.5827678066272,1
324,0,18.75,42,12.5827678066272,13.1562154013905,1
324,0,18.75,42,13.1562154013905,13.4168676874272,1
324,0,18.75,42,13.4168676874272,13.4199079905854,1
324,0,18.75,42,13.4199079905854,13.6908969163388,1
324,0,18.75,42,13.6908969163388,13.7664735637637,1
324,0,18.75,42,13.7664735637637,14.082632938814,1
324,0,18.75,42,14.082632938814,14.2770295763264,1
324,0,18.75,42,14.2770295763264,15.0157959238981,1
324,0,18.75,42,15.0157959238981,15.6088847106446,1
324,0,18.75,42,15.6088847106446,15.8050958616886,1
324,0,18.75,42,15.8050958616886,16.3886494814043,1
324,0,18.75,42,16.3886494814043,16.6896620231717,1
324,0,18.75,42,16.6896620231717,17.0532377454023,1
324,0,18.75,42,17.0532377454023,17.3651209381618,1
324,0,18.75,42,17.3651209381618,17.3801189673822,1
324,0,18.75,42,17.3801189673822,17.4874911321204,1
324,0,18.75,42,17.4874911321204,17.7421394460116,1
324,0,18.75,42,17.7421394460116,17.9001487737703,1
324,0,18.75,42,17.9001487737703,18.0023348648151,1
324,0,18.75,42,18.0023348648151,18.0685436536051,1
324,0,18.75,42,18.0685436536051,18.2792883889113,1
324,0,18.75,42,18.2792883889113,18.75,0
325,0,16.75,18,0,3.34777344462075,1
325,0,16.75,18,3.34777344462075,3.81018983814066,1
325,0,16.75,18,3.81018983814066,3.9329792531921,1
325,0,16.75,18,3.9329792531921,5.17028276983513,1
325,0,16.75,18,5.17028276983513,6.03443291019053,1
325,0,16.75,18,6.03443291019053,8.77211559497059,1
325,0,16.75,18,8.77211559497059,9.39985975537704,1
325,0,16.75,18,9.39985975537704,10.1681935063686,1
325,0,16.75,18,10.1681935063686,10.7405949741967,1
325,0,16.75,18,10.7405949741967,10.8230814011771,1
325,0,16.75,18,10.8230814011771,11.9902501639168,1
325,0,16.75,18,11.9902501639168,13.8295759984962,1
325,0,16.75,18,13.8295759984962,15.2395189665935,1
325,0,16.75,18,15.2395189665935,15.2440412389114,1
325,0,16.75,18,15.2440412389114,15.3852942524292,1
325,0,16.75,18,15.3852942524292,15.6916958295337,1
325,0,16.75,18,15.6916958295337,16.2380646872291,1
325,0,16.75,18,16.2380646872291,16.5724581714275,1
325,0,16.75,18,16.5724581714275,16.75,0
326,0,14.75,15,0,3.56053777751477,1
326,0,14.75,15,3.56053777751477,3.60359359706686,1
326,0,14.75,15,3.60359359706686,7.52334967117577,1
326,0,14.75,15,7.52334967117577,8.12580123970457,1
326,0,14.75,15,8.12580123970457,8.54842172685919,1
326,0,14.75,15,8.54842172685919,9.887269017187,1
326,0,14.75,15,9.887269017187,10.0199255098574,1
326,0,14.75,15,10.0199255098574,10.5916135399902,1
326,0,14.75,15,10.5916135399902,11.2002927740478,1
326,0,14.75,15,11.2002927740478,11.7787970495881,1
326,0,14.75,15,11.7787970495881,12.2874207305737,1
326,0,14.75,15,12.2874207305737,13.4479400852113,1
326,0,14.75,15,13.4479400852113,13.6085320728442,1
326,0,14.75,15,13.6085320728442,13.7370683150004,1
326,0,14.75,15,13.7370683150004,14.323217960681,1
326,0,14.75,15,14.323217960681,14.75,0
327,0,8.75,4,0,6.32751268341574,1
327,0,8.75,4,6.32751268341574,6.83134840208527,1
327,0,8.75,4,6.83134840208527,8.4838091233319,1
327,0,8.75,4,8.4838091233319,8.5686966040587,1
327,0,8.75,4,8.5686966040587,8.75,0
328,0,11.75,13,0,2.4596841346173,1
328,0,11.75,13,2.4596841346173,4.76681446031621,1
328,0,11.75,13,4.76681446031621,5.17403047138409,1
328,0,11.75,13,5.17403047138409,5.8935511425991,1
328,0,11.75,13,5.8935511425991,6.07674653445021,1
328,0,11.75,13,6.07674653445021,6.42254138086126,1
328,0,11.75,13,6.42254138086126,7.58595847158195,1
328,0,11.75,13,7.58595847158195,9.72611131780829,1
328,0,11.75,13,9.72611131780829,9.90779725583353,1
328,0,11.75,13,9.90779725583353,9.90809762247594,1
328,0,11.75,13,9.90809762247594,11.07328254249,1
328,0,11.75,13,11.07328254249,11.3311564684336,1
328,0,11.75,13,11.3311564684336,11.3379283630584,1
328,0,11.75,13,11.3379283630584,11.75,0
329,0,14.75,8,0,2.62147868343757,1
329,0,14.75,8,2.62147868343757,3.30024194058234,1
329,0,14.75,8,3.30024194058234,3.78526930180511,1
329,0,14.75,8,3.78526930180511,5.3649825361821,1
329,0,14.75,8,5.3649825361821,7.13112907441676,1
329,0,14.75,8,7.13112907441676,8.88143767953496,1
329,0,14.75,8,8.88143767953496,9.04810953366452,1
329,0,14.75,8,9.04810953366452,13.0047395384927,1
329,0,14.75,8,13.0047395384927,14.75,0
330,0,14.75,14,0,4.38448164945973,1
330,0,14.75,14,4.38448164945973,5.25659495987338,1
330,0,14.75,14,5.25659495987338,5.70719773093036,1
330,0,14.75,14,5.70719773093036,7.04444341348237,1
330,0,14.75,14,7.04444341348237,9.1538480536686,1
330,0,14.75,14,9.1538480536686,9.70423069119516,1
330,0,14.75,14,9.70423069119516,10.4374589513477,1
330,0,14.75,14,10.4374589513477,11.8869922500734,1
330,0,14.75,14,11.8869922500734,11.9141535255256,1
330,0,14.75,14,11.9141535255256,11.9678695831642,1
330,0,14.75,14,11.9678695831642,12.2332182596699,1
330,0,14.75,14,12.2332182596699,13.155432585243,1
330,0,14.75,14,13.155432585243,13.2825020093807,1
330,0,14.75,14,13.2825020093807,13.6979047684599,1
330,0,14.75,14,13.6979047684599,14.75,0
331,0,16.75,14,0,5.71995323144516,1
331,0,16.75,14,5.71995323144516,5.8028399493146,1
331,0,16.75,14,5.8028399493146,8.5619496486928,1
331,0,16.75,14,8.5619496486928,9.86544345710232,1
331,0,16.75,14,9.86544345710232,10.0604644848377,1
331,0,16.75,14,10.0604644848377,11.0475061014392,1
331,0,16.75,14,11.0475061014392,12.4301566186001,1
331,0,16.75,14,12.4301566186001,12.6490992942486,1
331,0,16.75,14,12.6490992942486,13.581372107609,1
331,0,16.75,14,13.581372107609,13.9482226036975,1
331,0,16.75,14,13.9482226036975,14.6333914385997,1
331,0,16.75,14,14.6333914385997,14.7423125003645,1
331,0,16.75,14,14.7423125003645,15.6012569481152,1
331,0,16.75,14,15.6012569481152,16.4581422416754,1
331,0,16.75,14,16.4581422416754,16.75,0
332,0,8.75,3,0,4.51664412472782,1
332,0,8.75,3,4.51664412472782,5.12883840161075,1
332,0,8.75,3,5.12883840161075,8.2832512206648,1
332,0,8.75,3,8.2832512206648,8.75,0
333,0,9.75,3,0,5.24582595997289,1
333,0,9.75,3,5.24582595997289,5.39810849025389,1
333,0,9.75,3,5.39810849025389,8.8954736222655,1
333,0,9.75,3,8.8954736222655,9.75,0
334,0,11.75,4,0,3.66432235644461,1
334,0,11.75,4,3.66432235644461,5.83856068247626,1
334,0,11.75,4,5.83856068247626,8.38302685807077,1
334,0,11.75,4,8.38302685807077,11.4485798099075,1
334,0,11.75,4,11.4485798099075,11.75,0
335,0,12.75,1,0,10.5862782892404,1
335,0,12.75,1,10.5862782892404,12.75,0
336,0,9.75,4,0,1.9451814778572,1
336,0,9.75,4,1.9451814778572,5.24054270276161,1
336,0,9.75,4,5.24054270276161,8.13609129390933,1
336,0,9.75,4,8.13609129390933,9.61864221579629,1
336,0,9.75,4,9.61864221579629,9.75,0
337,0,15.75,18,0,4.24367739592797,1
337,0,15.75,18,4.24367739592797,5.3941148430341,1
337,0,15.75,18,5.3941148430341,7.2898968253429,1
337,0,15.75,18,7.2898968253429,10.753845434219,1
337,0,15.75,18,10.753845434219,10.7824629398173,1
337,0,15.75,18,10.7824629398173,11.790540114527,1
337,0,15.75,18,11.790540114527,12.0771962284254,1
337,0,15.75,18,12.0771962284254,12.3759056425,1
337,0,15.75,18,12.3759056425,12.400243003739,1
337,0,15.75,18,12.400243003739,12.5444966818174,1
337,0,15.75,18,12.5444966818174,12.7455806374332,1
337,0,15.75,18,12.7455806374332,13.4822886948401,1
337,0,15.75,18,13.4822886948401,13.5732202928971,1
337,0,15.75,18,13.5732202928971,13.8272849268444,1
337,0,15.75,18,13.8272849268444,14.0964193766569,1
337,0,15.75,18,14.0964193766569,14.5139049157909,1
337,0,15.75,18,14.5139049157909,14.6404808285424,1
337,0,15.75,18,14.6404808285424,15.2974077208658,1
337,0,15.75,18,15.2974077208658,15.75,0
338,0,19.75,15,0,5.95920457835866,1
338,0,19.75,15,5.95920457835866,6.59531415420105,1
338,0,19.75,15,6.59531415420105,10.2254832781741,1
338,0,19.75,15,10.2254832781741,12.6113920818904,1
338,0,19.75,15,12.6113920818904,15.4749050257698,1
338,0,19.75,15,15.4749050257698,15.7421451672259,1
338,0,19.75,15,15.7421451672259,16.0009805604506,1
338,0,19.75,15,16.0009805604506,16.2462712009439,1
338,0,19.75,15,16.2462712009439,16.410422168014,1
338,0,19.75,15,16.410422168014,17.2113464202536,1
338,0,19.75,15,17.2113464202536,17.6862369564342,1
338,0,19.75,15,17.6862369564342,17.7184287630734,1
338,0,19.75,15,17.7184287630734,18.9968826381564,1
338,0,19.75,15,18.9968826381564,19.0546465008218,1
338,0,19.75,15,19.0546465008218,19.6943000709827,1
338,0,19.75,15,19.6943000709827,19.75,0
339,0,17.75,15,0,2.32243407350705,1
339,0,17.75,15,2.32243407350705,2.55297506697499,1
339,0,17.75,15,2.55297506697499,5.6104131137651,1
339,0,17.75,15,5.6104131137651,6.69441716665618,1
339,0,17.75,15,6.69441716665618,9.15003367840655,1
339,0,17.75,15,9.15003367840655,10.8608706350135,1
339,0,17.75,15,10.8608706350135,11.7599659059023,1
339,0,17.75,15,11.7599659059023,12.5516150191577,1
339,0,17.75,15,12.5516150191577,14.430994979483,1
339,0,17.75,15,14.430994979483,14.6076089294785,1
339,0,17.75,15,14.6076089294785,14.9905002476184,1
339,0,17.75,15,14.9905002476184,15.2902094171029,1
339,0,17.75,15,15.2902094171029,17.2006862836499,1
339,0,17.75,15,17.2006862836499,17.238519360011,1
339,0,17.75,15,17.238519360011,17.5458521024162,1
339,0,17.75,15,17.5458521024162,17.75,0
340,0,13.75,12,0,2.2739987837978,1
340,0,13.75,12,2.2739987837978,3.37417797555334,1
340,0,13.75,12,3.37417797555334,5.59636725332561,1
340,0,13.75,12,5.59636725332561,7.47388922519298,1
340,0,13.75,12,7.47388922519298,8.04679730211768,1
340,0,13.75,12,8.04679730211768,10.2606227757472,1
340,0,13.75,12,10.2606227757472,10.6197455772965,1
340,0,13.75,12,10.6197455772965,11.4362353969583,1
340,0,13.75,12,11.4362353969583,11.9165013689615,1
340,0,13.75,12,11.9165013689615,11.9347293513862,1
340,0,13.75,12,11.9347293513862,12.2205445277854,1
340,0,13.75,12,12.2205445277854,12.7600213407699,1
340,0,13.75,12,12.7600213407699,13.75,0
341,0,13.75,11,0,4.09087643975216,1
341,0,13.75,11,4.09087643975216,4.55742694575102,1
341,0,13.75,11,4.55742694575102,5.35256402994634,1
341,0,13.75,11,5.35256402994634,6.02910699692502,1
341,0,13.75,11,6.02910699692502,8.07598093539858,1
341,0,13.75,11,8.07598093539858,8.3877044191743,1
341,0,13.75,11,8.3877044191743,9.09027724768576,1
341,0,13.75,11,9.09027724768576,9.29549109013674,1
341,0,13.75,11,9.29549109013674,11.0351766244015,1
341,0,13.75,11,11.0351766244015,11.6928165938683,1
341,0,13.75,11,11.6928165938683,12.6753213187363,1
341,0,13.75,11,12.6753213187363,13.75,0
342,0,14.75,16,0,2.23535859540086,1
342,0,14.75,16,2.23535859540086,2.97225107703367,1
342,0,14.75,16,2.97225107703367,4.07824262417003,1
342,0,14.75,16,4.07824262417003,4.12191542551204,1
342,0,14.75,16,4.12191542551204,4.36924006679089,1
342,0,14.75,16,4.36924006679089,4.3860912077,1
342,0,14.75,16,4.3860912077,4.76592440320244,1
342,0,14.75,16,4.76592440320244,7.2604968261191,1
342,0,14.75,16,7.2604968261191,8.17780338048805,1
342,0,14.75,16,8.17780338048805,9.58975493794422,1
342,0,14.75,16,9.58975493794422,10.0480533833311,1
342,0,14.75,16,10.0480533833311,10.4679489152236,1
342,0,14.75,16,10.4679489152236,12.3919170084465,1
342,0,14.75,16,12.3919170084465,12.6610527528356,1
342,0,14.75,16,12.6610527528356,13.0466227916548,1
342,0,14.75,16,13.0466227916548,14.1620926052154,1
342,0,14.75,16,14.1620926052154,14.75,0
343,0,9.75,8,0,4.82857316280414,1
343,0,9.75,8,4.82857316280414,6.24069344039206,1
343,0,9.75,8,6.24069344039206,6.37330877377841,1
343,0,9.75,8,6.37330877377841,6.9184302864661,1
343,0,9.75,8,6.9184302864661,7.0734702123154,1
343,0,9.75,8,7.0734702123154,7.99573918635633,1
343,0,9.75,8,7.99573918635633,8.22357984858331,1
343,0,9.75,8,8.22357984858331,8.78874094894176,1
343,0,9.75,8,8.78874094894176,9.75,0
344,0,18.75,18,0,6.39266962651663,1
344,0,18.75,18,6.39266962651663,7.57852762624067,1
344,0,18.75,18,7.57852762624067,8.39511087707604,1
344,0,18.75,18,8.39511087707604,9.76087808629945,1
344,0,18.75,18,9.76087808629945,11.1535875550544,1
344,0,18.75,18,11.1535875550544,11.6223325335674,1
344,0,18.75,18,11.6223325335674,12.4763581834096,1
344,0,18.75,18,12.4763581834096,12.6051936761986,1
344,0,18.75,18,12.6051936761986,13.2537763966334,1
344,0,18.75,18,13.2537763966334,13.8639588052674,1
344,0,18.75,18,13.8639588052674,13.9910880780753,1
344,0,18.75,18,13.9910880780753,15.3735585292963,1
344,0,18.75,18,15.3735585292963,15.4463336405713,1
344,0,18.75,18,15.4463336405713,17.0868681832862,1
344,0,18.75,18,17.0868681832862,17.1251246846444,1
344,0,18.75,18,17.1251246846444,17.2697267208032,1
344,0,18.75,18,17.2697267208032,17.9624017550591,1
344,0,18.75,18,17.9624017550591,18.2509515115726,1
344,0,18.75,18,18.2509515115726,18.75,0
345,0,15.75,25,0,3.32353647209491,1
345,0,15.75,25,3.32353647209491,4.74299471006228,1
345,0,15.75,25,4.74299471006228,5.50339618583091,1
345,0,15.75,25,5.50339618583091,6.10962627453821,1
345,0,15.75,25,6.10962627453821,8.00835714790876,1
345,0,15.75,25,8.00835714790876,8.21841246487303,1
345,0,15.75,25,8.21841246487303,9.05069422099281,1
345,0,15.75,25,9.05069422099281,9.13527515864384,1
345,0,15.75,25,9.13527515864384,10.4458418363446,1
345,0,15.75,25,10.4458418363446,10.6761307301278,1
345,0,15.75,25,10.6761307301278,11.0868551824665,1
345,0,15.75,25,11.0868551824665,11.4638721279536,1
345,0,15.75,25,11.4638721279536,11.7365149093702,1
345,0,15.75,25,11.7365149093702,11.8324203054312,1
345,0,15.75,25,11.8324203054312,12.3358787222314,1
345,0,15.75,25,12.3358787222314,13.0092640174389,1
345,0,15.75,25,13.0092640174389,13.2053824447038,1
345,0,15.75,25,13.2053824447038,13.2062416020381,1
345,0,15.75,25,13.2062416020381,13.5322442720749,1
345,0,15.75,25,13.5322442720749,13.6755633578255,1
345,0,15.75,25,13.6755633578255,13.7464970046066,1
345,0,15.75,25,13.7464970046066,13.9321777669074,1
345,0,15.75,25,13.9321777669074,14.1281078138836,1
345,0,15.75,25,14.1281078138836,14.3057091869656,1
345,0,15.75,25,14.3057091869656,15.4638671639367,1
345,0,15.75,25,15.4638671639367,15.75,0
346,0,18.75,34,0,1.24818903075032,1
346,0,18.75,34,1.24818903075032,4.20994910235274,1
346,0,18.75,34,4.20994910235274,4.65889968849931,1
346,0,18.75,34,4.65889968849931,4.77605417674419,1
346,0,18.75,34,4.77605417674419,5.67335322089099,1
346,0,18.75,34,5.67335322089099,5.730228010102,1
346,0,18.75,34,5.730228010102,6.58314369144428,1
346,0,18.75,34,6.58314369144428,6.69856343140205,1
346,0,18.75,34,6.69856343140205,7.24697904251275,1
346,0,18.75,34,7.24697904251275,8.36061199080282,1
346,0,18.75,34,8.36061199080282,8.61218958352221,1
346,0,18.75,34,8.61218958352221,8.81024205994769,1
346,0,18.75,34,8.81024205994769,9.32728624851932,1
346,0,18.75,34,9.32728624851932,9.44170620079826,1
346,0,18.75,34,9.44170620079826,10.1421243542569,1
346,0,18.75,34,10.1421243542569,10.473262583741,1
346,0,18.75,34,10.473262583741,10.7276194607459,1
346,0,18.75,34,10.7276194607459,10.7825799102352,1
346,0,18.75,34,10.7825799102352,11.1039094231231,1
346,0,18.75,34,11.1039094231231,12.4651112009207,1
346,0,18.75,34,12.4651112009207,12.6964456017887,1
346,0,18.75,34,12.6964456017887,13.1098296295747,1
346,0,18.75,34,13.1098296295747,13.629350503476,1
346,0,18.75,34,13.629350503476,15.0837903271036,1
346,0,18.75,34,15.0837903271036,15.3052309931853,1
346,0,18.75,34,15.3052309931853,15.3279512452426,1
346,0,18.75,34,15.3279512452426,16.930084595954,1
346,0,18.75,34,16.930084595954,17.2009485334267,1
346,0,18.75,34,17.2009485334267,17.5541494821075,1
346,0,18.75,34,17.5541494821075,17.9768622812906,1
346,0,18.75,34,17.9768622812906,18.029121430222,1
346,0,18.75,34,18.029121430222,18.1085562003099,1
346,0,18.75,34,18.1085562003099,18.1921765902663,1
346,0,18.75,34,18.1921765902663,18.4671774536204,1
346,0,18.75,34,18.4671774536204,18.75,0
347,0,18.75,13,0,8.20562133466802,1
347,0,18.75,13,8.20562133466802,9.27299063675792,1
347,0,18.75,13,9.27299063675792,9.33730657465303,1
347,0,18.75,13,9.33730657465303,9.86216709613124,1
347,0,18.75,13,9.86216709613124,11.7308307672635,1
347,0,18.75,13,11.7308307672635,13.2493935216191,1
347,0,18.75,13,13.2493935216191,13.398584555557,1
347,0,18.75,13,13.398584555557,14.613087123143,1
347,0,18.75,13,14.613087123143,16.0108200846644,1
347,0,18.75,13,16.0108200846644,16.3407466078208,1
347,0,18.75,13,16.3407466078208,17.4455815065808,1
347,0,18.75,13,17.4455815065808,18.0759578122425,1
347,0,18.75,13,18.0759578122425,18.088739311257,1
347,0,18.75,13,18.088739311257,18.75,0
348,0,16.75,10,0,3.56881978675159,1
348,0,16.75,10,3.56881978675159,4.99810036333155,1
348,0,16.75,10,4.99810036333155,5.033266706026,1
348,0,16.75,10,5.033266706026,8.15707554057877,1
348,0,16.75,10,8.15707554057877,8.25686666857282,1
348,0,16.75,10,8.25686666857282,12.2550537705696,1
348,0,16.75,10,12.2550537705696,13.4705139706857,1
348,0,16.75,10,13.4705139706857,14.0845809152843,1
348,0,16.75,10,14.0845809152843,14.6887970330494,1
348,0,16.75,10,14.6887970330494,16.0368513120417,1
348,0,16.75,10,16.0368513120417,16.75,0
349,0,11.75,6,0,3.13423733945758,1
349,0,11.75,6,3.13423733945758,8.94451991732553,1
349,0,11.75,6,8.94451991732553,9.25894261196484,1
349,0,11.75,6,9.25894261196484,9.58370113233712,1
349,0,11.75,6,9.58370113233712,9.9969290414245,1
349,0,11.75,6,9.9969290414245,10.8612075695913,1
349,0,11.75,6,10.8612075695913,11.75,0
350,0,19.75,14,0,9.03013811207005,1
350,0,19.75,14,9.03013811207005,9.17665497788613,1
350,0,19.75,14,9.17665497788613,9.77687499292505,1
350,0,19.75,14,9.77687499292505,10.1215154663385,1
350,0,19.75,14,10.1215154663385,11.3857268230971,1
350,0,19.75,14,11.3857268230971,12.8306964216331,1
350,0,19.75,14,12.8306964216331,14.149023514011,1
350,0,19.75,14,14.149023514011,14.8008308467295,1
350,0,19.75,14,14.8008308467295,15.6780154167924,1
350,0,19.75,14,15.6780154167924,16.3907742129592,1
350,0,19.75,14,16.3907742129592,17.5952731994182,1
350,0,19.75,14,17.5952731994182,17.6653239946398,1
350,0,19.75,14,17.6653239946398,18.459127092467,1
350,0,19.75,14,18.459127092467,19.5030258436029,1
350,0,19.75,14,19.5030258436029,19.75,0
351,0,18.75,17,0,3.04839448367739,1
351,0,18.75,17,3.04839448367739,3.88240278689213,1
351,0,18.75,17,3.88240278689213,5.11577037489334,1
351,0,18.75,17,5.11577037489334,8.37104709454289,1
351,0,18.75,17,8.37104709454289,8.64479932804041,1
351,0,18.75,17,8.64479932804041,9.29755590195913,1
351,0,18.75,17,9.29755590195913,10.0426012998518,1
351,0,18.75,17,10.0426012998518,10.5408793541659,1
351,0,18.75,17,10.5408793541659,11.3119416728801,1
351,0,18.75,17,11.3119416728801,12.5306548262859,1
351,0,18.75,17,12.5306548262859,14.8737471840301,1
351,0,18.75,17,14.8737471840301,15.3825424196311,1
351,0,18.75,17,15.3825424196311,15.8654467697797,1
351,0,18.75,17,15.8654467697797,16.3520115840769,1
351,0,18.75,17,16.3520115840769,17.2418560144564,1
351,0,18.75,17,17.2418560144564,17.4377081138882,1
351,0,18.75,17,17.4377081138882,17.8594900976208,1
351,0,18.75,17,17.8594900976208,18.75,0
352,0,18.75,29,0,4.58162212331717,1
352,0,18.75,29,4.58162212331717,5.96373445230206,1
352,0,18.75,29,5.96373445230206,6.26536987975456,1
352,0,18.75,29,6.26536987975456,6.7810103692884,1
352,0,18.75,29,6.7810103692884,8.98017340501087,1
352,0,18.75,29,8.98017340501087,9.99496704827413,1
352,0,18.75,29,9.99496704827413,10.3163227686671,1
352,0,18.75,29,10.3163227686671,10.3804072683049,1
352,0,18.75,29,10.3804072683049,10.4598997106176,1
352,0,18.75,29,10.4598997106176,10.6816116591877,1
352,0,18.75,29,10.6816116591877,11.748827084576,1
352,0,18.75,29,11.748827084576,11.8951780106198,1
352,0,18.75,29,11.8951780106198,14.161084545857,1
352,0,18.75,29,14.161084545857,14.202455803635,1
352,0,18.75,29,14.202455803635,15.0312014167199,1
352,0,18.75,29,15.0312014167199,15.0605647463225,1
352,0,18.75,29,15.0605647463225,15.2298356037245,1
352,0,18.75,29,15.2298356037245,15.998259027812,1
352,0,18.75,29,15.998259027812,16.1491701758307,1
352,0,18.75,29,16.1491701758307,16.5185832217455,1
352,0,18.75,29,16.5185832217455,16.5832470094707,1
352,0,18.75,29,16.5832470094707,16.8175324812174,1
352,0,18.75,29,16.8175324812174,16.8639111472059,1
352,0,18.75,29,16.8639111472059,17.1274377777695,1
352,0,18.75,29,17.1274377777695,17.2285698668142,1
352,0,18.75,29,17.2285698668142,18.0116874531025,1
352,0,18.75,29,18.0116874531025,18.0324042410855,1
352,0,18.75,29,18.0324042410855,18.4245207472657,1
352,0,18.75,29,18.4245207472657,18.5308046349323,1
352,0,18.75,29,18.5308046349323,18.75,0
353,0,8.75,5,0,3.74380144913061,1
353,0,8.75,5,3.74380144913061,5.12602843523924,1
353,0,8.75,5,5.12602843523924,7.70234111685407,1
353,0,8.75,5,7.70234111685407,7.73849580829265,1
353,0,8.75,5,7.73849580829265,8.51317978643195,1
353,0,8.75,5,8.51317978643195,8.75,0
354,0,16.75,32,0,1.79541598213259,1
354,0,16.75,32,1.79541598213259,2.58880233044586,1
354,0,16.75,32,2.58880233044586,2.95531437640671,1
354,0,16.75,32,2.95531437640671,4.51390949787383,1
354,0,16.75,32,4.51390949787383,5.96717393737248,1
354,0,16.75,32,5.96717393737248,6.51121057287691,1
354,0,16.75,32,6.51121057287691,6.69550974214941,1
354,0,16.75,32,6.69550974214941,6.90272059530043,1
354,0,16.75,32,6.90272059530043,7.59460376638272,1
354,0,16.75,32,7.59460376638272,8.74298604923002,1
354,0,16.75,32,8.74298604923002,9.17837284384628,1
354,0,16.75,32,9.17837284384628,9.24942243083098,1
354,0,16.75,32,9.24942243083098,9.61435758478976,1
354,0,16.75,32,9.61435758478976,11.2240177663908,1
354,0,16.75,32,11.2240177663908,11.3267267892226,1
354,0,16.75,32,11.3267267892226,11.8601550681457,1
354,0,16.75,32,11.8601550681457,11.8702690866501,1
354,0,16.75,32,11.8702690866501,11.9100775661909,1
354,0,16.75,32,11.9100775661909,12.4105742260972,1
354,0,16.75,32,12.4105742260972,12.4541206247079,1
354,0,16.75,32,12.4541206247079,12.4982450761452,1
354,0,16.75,32,12.4982450761452,12.9851797902106,1
354,0,16.75,32,12.9851797902106,13.0575521054581,1
354,0,16.75,32,13.0575521054581,13.7705736501782,1
354,0,16.75,32,13.7705736501782,14.1192416029349,1
354,0,16.75,32,14.1192416029349,15.2771822274088,1
354,0,16.75,32,15.2771822274088,15.9740655818957,1
354,0,16.75,32,15.9740655818957,16.2391924824968,1
354,0,16.75,32,16.2391924824968,16.3118631242031,1
354,0,16.75,32,16.3118631242031,16.3955206777958,1
354,0,16.75,32,16.3955206777958,16.425452436995,1
354,0,16.75,32,16.425452436995,16.6815897867516,1
354,0,16.75,32,16.6815897867516,16.75,0
355,0,11.75,6,0,5.11412232718676,1
355,0,11.75,6,5.11412232718676,5.98618318365524,1
355,0,11.75,6,5.98618318365524,6.22451317207938,1
355,0,11.75,6,6.22451317207938,6.8363609489032,1
355,0,11.75,6,6.8363609489032,8.1364563026955,1
355,0,11.75,6,8.1364563026955,11.3579282022805,1
355,0,11.75,6,11.3579282022805,11.75,0
356,0,16.75,8,0,3.94046794478265,1
356,0,16.75,8,3.94046794478265,11.8653877844552,1
356,0,16.75,8,11.8653877844552,12.401315256516,1
356,0,16.75,8,12.401315256516,12.7473721326363,1
356,0,16.75,8,12.7473721326363,13.3838711511464,1
356,0,16.75,8,13.3838711511464,14.3023890768047,1
356,0,16.75,8,14.3023890768047,15.530258757674,1
356,0,16.75,8,15.530258757674,16.6257708933101,1
356,0,16.75,8,16.6257708933101,16.75,0
357,0,14.75,21,0,0.539938598728638,1
357,0,14.75,21,0.539938598728638,2.71758513033528,1
357,0,14.75,21,2.71758513033528,5.46806728951406,1
357,0,14.75,21,5.46806728951406,5.71990900847669,1
357,0,14.75,21,5.71990900847669,6.75300110120678,1
357,0,14.75,21,6.75300110120678,7.89627026711046,1
357,0,14.75,21,7.89627026711046,8.03521984695984,1
357,0,14.75,21,8.03521984695984,8.8224732712685,1
357,0,14.75,21,8.8224732712685,9.00497744578692,1
357,0,14.75,21,9.00497744578692,9.70635130395993,1
357,0,14.75,21,9.70635130395993,10.5889638373475,1
357,0,14.75,21,10.5889638373475,11.5453459826376,1
357,0,14.75,21,11.5453459826376,11.679359783123,1
357,0,14.75,21,11.679359783123,11.7719761366636,1
357,0,14.75,21,11.7719761366636,12.4603200361961,1
357,0,14.75,21,12.4603200361961,12.7825767718774,1
357,0,14.75,21,12.7825767718774,12.9480582376183,1
357,0,14.75,21,12.9480582376183,13.8189191678738,1
357,0,14.75,21,13.8189191678738,13.9083004132965,1
357,0,14.75,21,13.9083004132965,14.4684229824324,1
357,0,14.75,21,14.4684229824324,14.7434417874171,1
357,0,14.75,21,14.7434417874171,14.75,0
358,0,16.75,26,0,5.03021576941092,1
358,0,16.75,26,5.03021576941092,6.49848215225527,1
358,0,16.75,26,6.49848215225527,7.22701503542232,1
358,0,16.75,26,7.22701503542232,7.43054505629606,1
358,0,16.75,26,7.43054505629606,7.44600737726722,1
358,0,16.75,26,7.44600737726722,8.995696974807,1
358,0,16.75,26,8.995696974807,9.03647637226725,1
358,0,16.75,26,9.03647637226725,10.8778265018939,1
358,0,16.75,26,10.8778265018939,12.0330301220942,1
358,0,16.75,26,12.0330301220942,12.5226015204239,1
358,0,16.75,26,12.5226015204239,13.0000264238423,1
358,0,16.75,26,13.0000264238423,13.0225841774437,1
358,0,16.75,26,13.0225841774437,13.3734171036392,1
358,0,16.75,26,13.3734171036392,13.4276345199096,1
358,0,16.75,26,13.4276345199096,13.8722814838168,1
358,0,16.75,26,13.8722814838168,13.9023542500455,1
358,0,16.75,26,13.9023542500455,14.3417087009866,1
358,0,16.75,26,14.3417087009866,14.3627125485855,1
358,0,16.75,26,14.3627125485855,14.6034708764479,1
358,0,16.75,26,14.6034708764479,14.8199783956906,1
358,0,16.75,26,14.8199783956906,15.318503171548,1
358,0,16.75,26,15.318503171548,15.7927488285244,1
358,0,16.75,26,15.7927488285244,15.9290308683328,1
358,0,16.75,26,15.9290308683328,16.151587443995,1
358,0,16.75,26,16.151587443995,16.476661709516,1
358,0,16.75,26,16.476661709516,16.7443721836273,1
358,0,16.75,26,16.7443721836273,16.75,0
359,0,14.75,9,0,2.28502522498832,1
359,0,14.75,9,2.28502522498832,2.67940145768811,1
359,0,14.75,9,2.67940145768811,4.05384062645958,1
359,0,14.75,9,4.05384062645958,10.195128633637,1
359,0,14.75,9,10.195128633637,10.9820834742447,1
359,0,14.75,9,10.9820834742447,11.9373464895908,1
359,0,14.75,9,11.9373464895908,12.890893008784,1
359,0,14.75,9,12.890893008784,13.2707920046906,1
359,0,14.75,9,13.2707920046906,14.254655761371,1
359,0,14.75,9,14.254655761371,14.75,0
360,0,13.75,4,0,8.2430642664256,1
360,0,13.75,4,8.2430642664256,12.0711619778329,1
360,0,13.75,4,12.0711619778329,12.217489505827,1
360,0,13.75,4,12.217489505827,12.5286756478573,1
360,0,13.75,4,12.5286756478573,13.75,0
361,0,12.75,7,0,5.37883261437313,1
361,0,12.75,7,5.37883261437313,5.52449275712647,1
361,0,12.75,7,5.52449275712647,6.48910923097091,1
361,0,12.75,7,6.48910923097091,6.57081887553449,1
361,0,12.75,7,6.57081887553449,11.571752355041,1
361,0,12.75,7,11.571752355041,12.4967957970261,1
361,0,12.75,7,12.4967957970261,12.6908539899397,1
361,0,12.75,7,12.6908539899397,12.75,0
362,0,19.75,16,0,0.224062523267164,1
362,0,19.75,16,0.224062523267164,4.86414190321448,1
362,0,19.75,16,4.86414190321448,6.0315857746224,1
362,0,19.75,16,6.0315857746224,7.42312749309473,1
362,0,19.75,16,7.42312749309473,9.52329380090108,1
362,0,19.75,16,9.52329380090108,9.9899118791322,1
362,0,19.75,16,9.9899118791322,11.3038084647178,1
362,0,19.75,16,11.3038084647178,12.2350937367402,1
362,0,19.75,16,12.2350937367402,13.1803653984115,1
362,0,19.75,16,13.1803653984115,14.9608669045401,1
362,0,19.75,16,14.9608669045401,16.0760915658719,1
362,0,19.75,16,16.0760915658719,17.618090758458,1
362,0,19.75,16,17.618090758458,17.6574751570039,1
362,0,19.75,16,17.6574751570039,19.1705361113469,1
362,0,19.75,16,19.1705361113469,19.2634288504779,1
362,0,19.75,16,19.2634288504779,19.6823052452231,1
362,0,19.75,16,19.6823052452231,19.75,0
363,0,18.75,17,0,3.8973215548421,1
363,0,18.75,17,3.8973215548421,6.37604178224728,1
363,0,18.75,17,6.37604178224728,8.15729848046732,1
363,0,18.75,17,8.15729848046732,8.98302563192888,1
363,0,18.75,17,8.98302563192888,9.0941184416218,1
363,0,18.75,17,9.0941184416218,10.2270718499015,1
363,0,18.75,17,10.2270718499015,10.4065121225093,1
363,0,18.75,17,10.4065121225093,10.7853872309093,1
363,0,18.75,17,10.7853872309093,12.6327023321334,1
363,0,18.75,17,12.6327023321334,13.0170350116043,1
363,0,18.75,17,13.0170350116043,13.9105436456769,1
363,0,18.75,17,13.9105436456769,14.3336903377503,1
363,0,18.75,17,14.3336903377503,14.4140475828169,1
363,0,18.75,17,14.4140475828169,14.4305553772472,1
363,0,18.75,17,14.4305553772472,17.2461652627266,1
363,0,18.75,17,17.2461652627266,17.5626886542245,1
363,0,18.75,17,17.5626886542245,17.9461762376555,1
363,0,18.75,17,17.9461762376555,18.75,0
364,0,10.75,5,0,6.6553123135124,1
364,0,10.75,5,6.6553123135124,8.25344366779845,1
364,0,10.75,5,8.25344366779845,8.66345018683465,1
364,0,10.75,5,8.66345018683465,9.59958625120393,1
364,0,10.75,5,9.59958625120393,10.6536833629041,1
364,0,10.75,5,10.6536833629041,10.75,0
365,0,8.75,5,0,6.49804089070972,1
365,0,8.75,5,6.49804089070972,6.86562802057183,1
365,0,8.75,5,6.86562802057183,8.32626171871162,1
365,0,8.75,5,8.32626171871162,8.45387535509686,1
365,0,8.75,5,8.45387535509686,8.48508062735396,1
365,0,8.75,5,8.48508062735396,8.75,0
366,0,14.75,10,0,4.58435201236031,1
366,0,14.75,10,4.58435201236031,5.32927517767483,1
366,0,14.75,10,5.32927517767483,5.97462994010637,1
366,0,14.75,10,5.97462994010637,6.11467223357627,1
366,0,14.75,10,6.11467223357627,7.75580252161193,1
366,0,14.75,10,7.75580252161193,11.687559112945,1
366,0,14.75,10,11.687559112945,12.1751052681814,1
366,0,14.75,10,12.1751052681814,12.9159547579597,1
366,0,14.75,10,12.9159547579597,13.6798726746094,1
366,0,14.75,10,13.6798726746094,13.9891606205509,1
366,0,14.75,10,13.9891606205509,14.75,0
367,0,19.75,12,0,8.48468841674914,1
367,0,19.75,12,8.48468841674914,10.3279671564848,1
367,0,19.75,12,10.3279671564848,10.9371803748691,1
367,0,19.75,12,10.9371803748691,11.1098745104629,1
367,0,19.75,12,11.1098745104629,14.3115809503139,1
367,0,19.75,12,14.3115809503139,15.2660486931547,1
367,0,19.75,12,15.2660486931547,15.4142331096007,1
367,0,19.75,12,15.4142331096007,15.4340464549551,1
367,0,19.75,12,15.4340464549551,15.7172767883979,1
367,0,19.75,12,15.7172767883979,16.3097393046033,1
367,0,19.75,12,16.3097393046033,18.5667298082775,1
367,0,19.75,12,18.5667298082775,19.7069085471322,1
367,0,19.75,12,19.7069085471322,19.75,0
368,0,14.75,10,0,5.11144647994167,1
368,0,14.75,10,5.11144647994167,6.7777188728185,1
368,0,14.75,10,6.7777188728185,8.7715473270953,1
368,0,14.75,10,8.7715473270953,9.21760797178918,1
368,0,14.75,10,9.21760797178918,10.9196819899062,1
368,0,14.75,10,10.9196819899062,11.8904470352297,1
368,0,14.75,10,11.8904470352297,12.0009248018227,1
368,0,14.75,10,12.0009248018227,13.3684852053102,1
368,0,14.75,10,13.3684852053102,13.8291012089086,1
368,0,14.75,10,13.8291012089086,14.1471587034112,1
368,0,14.75,10,14.1471587034112,14.75,0
369,0,14.75,6,0,1.76802950182846,1
369,0,14.75,6,1.76802950182846,9.95756647737299,1
369,0,14.75,6,9.95756647737299,11.9013948326158,1
369,0,14.75,6,11.9013948326158,12.254356904856,1
369,0,14.75,6,12.254356904856,12.3343691934627,1
369,0,14.75,6,12.3343691934627,14.4630110463116,1
369,0,14.75,6,14.4630110463116,14.75,0
370,0,14.75,11,0,6.9216438716395,1
370,0,14.75,11,6.9216438716395,9.95834947969934,1
370,0,14.75,11,9.95834947969934,11.0309363197433,1
370,0,14.75,11,11.0309363197433,11.2624267680181,1
370,0,14.75,11,11.2624267680181,11.4941825003214,1
370,0,14.75,11,11.4941825003214,12.3711378663959,1
370,0,14.75,11,12.3711378663959,12.3932206357467,1
370,0,14.75,11,12.3932206357467,12.5918147859363,1
370,0,14.75,11,12.5918147859363,12.9227197994517,1
370,0,14.75,11,12.9227197994517,14.1703184125165,1
370,0,14.75,11,14.1703184125165,14.4715528070706,1
370,0,14.75,11,14.4715528070706,14.75,0
371,0,13.75,9,0,3.96213304835169,1
371,0,13.75,9,3.96213304835169,4.0190891941745,1
371,0,13.75,9,4.0190891941745,6.68957391193359,1
371,0,13.75,9,6.68957391193359,8.16360584187885,1
371,0,13.75,9,8.16360584187885,11.6294820811543,1
371,0,13.75,9,11.6294820811543,11.7069399880748,1
371,0,13.75,9,11.7069399880748,12.3043274584045,1
371,0,13.75,9,12.3043274584045,12.5669771798395,1
371,0,13.75,9,12.5669771798395,13.0452165646514,1
371,0,13.75,9,13.0452165646514,13.75,0
372,0,11.75,15,0,1.31842186545137,1
372,0,11.75,15,1.31842186545137,1.64058881812701,1
372,0,11.75,15,1.64058881812701,5.48406855272803,1
372,0,11.75,15,5.48406855272803,5.85195125864523,1
372,0,11.75,15,5.85195125864523,5.98274762309556,1
372,0,11.75,15,5.98274762309556,7.78047562977076,1
372,0,11.75,15,7.78047562977076,8.72691531334448,1
372,0,11.75,15,8.72691531334448,9.41472307434242,1
372,0,11.75,15,9.41472307434242,9.87228745231076,1
372,0,11.75,15,9.87228745231076,10.3437538710029,1
372,0,11.75,15,10.3437538710029,10.5275229765946,1
372,0,11.75,15,10.5275229765946,10.6452546146232,1
372,0,11.75,15,10.6452546146232,11.1773054658484,1
372,0,11.75,15,11.1773054658484,11.2351774444718,1
372,0,11.75,15,11.2351774444718,11.4902011844474,1
372,0,11.75,15,11.4902011844474,11.75,0
373,0,10.75,3,0,4.65738188288705,1
373,0,10.75,3,4.65738188288705,5.02745979662601,1
373,0,10.75,3,5.02745979662601,5.32798161387159,1
373,0,10.75,3,5.32798161387159,10.75,0
374,0,10.75,2,0,2.97531560788641,1
374,0,10.75,2,2.97531560788641,9.36703122405545,1
374,0,10.75,2,9.36703122405545,10.75,0
375,0,16.75,9,0,8.0523506430103,1
375,0,16.75,9,8.0523506430103,8.79898588750957,1
375,0,16.75,9,8.79898588750957,9.01197524763323,1
375,0,16.75,9,9.01197524763323,9.24183089364033,1
375,0,16.75,9,9.24183089364033,9.28392370123075,1
375,0,16.75,9,9.28392370123075,9.69846366346047,1
375,0,16.75,9,9.69846366346047,10.7857863608488,1
375,0,16.75,9,10.7857863608488,13.2600264944444,1
375,0,16.75,9,13.2600264944444,16.1274744559053,1
375,0,16.75,9,16.1274744559053,16.75,0
376,0,15.75,13,0,6.29578923868383,1
376,0,15.75,13,6.29578923868383,8.93950017871759,1
376,0,15.75,13,8.93950017871759,9.62000236162347,1
376,0,15.75,13,9.62000236162347,10.4028904447779,1
376,0,15.75,13,10.4028904447779,11.0757931536361,1
376,0,15.75,13,11.0757931536361,11.6503575936984,1
376,0,15.75,13,11.6503575936984,12.4224640724922,1
376,0,15.75,13,12.4224640724922,12.8190750306639,1
376,0,15.75,13,12.8190750306639,13.6348408523362,1
376,0,15.75,13,13.6348408523362,14.1646379188519,1
376,0,15.75,13,14.1646379188519,14.5195970475067,1
376,0,15.75,13,14.5195970475067,14.810435667215,1
376,0,15.75,13,14.810435667215,15.2886827628302,1
376,0,15.75,13,15.2886827628302,15.75,0
377,0,13.75,11,0,2.61415368148187,1
377,0,13.75,11,2.61415368148187,4.24239967253759,1
377,0,13.75,11,4.24239967253759,5.69522144819617,1
377,0,13.75,11,5.69522144819617,7.12520638419402,1
377,0,13.75,11,7.12520638419402,9.50273135855413,1
377,0,13.75,11,9.50273135855413,9.65362686569055,1
377,0,13.75,11,9.65362686569055,11.0971867956133,1
377,0,13.75,11,11.0971867956133,11.1152457332092,1
377,0,13.75,11,11.1152457332092,11.9321831396606,1
377,0,13.75,11,11.9321831396606,13.099802108307,1
377,0,13.75,11,13.099802108307,13.4293293482508,1
377,0,13.75,11,13.4293293482508,13.75,0
378,0,11.75,10,0,3.46966417496697,1
378,0,11.75,10,3.46966417496697,4.44922288222483,1
378,0,11.75,10,4.44922288222483,6.94533307952387,1
378,0,11.75,10,6.94533307952387,7.60044903961228,1
378,0,11.75,10,7.60044903961228,8.6582177066496,1
378,0,11.75,10,8.6582177066496,8.77713809154958,1
378,0,11.75,10,8.77713809154958,8.82411513271691,1
378,0,11.75,10,8.82411513271691,9.3407877771623,1
378,0,11.75,10,9.3407877771623,10.0952878474005,1
378,0,11.75,10,10.0952878474005,10.5248498968571,1
378,0,11.75,10,10.5248498968571,11.75,0
379,0,18.75,14,0,2.53791276733962,1
379,0,18.75,14,2.53791276733962,3.84540235964773,1
379,0,18.75,14,3.84540235964773,5.8333701689963,1
379,0,18.75,14,5.8333701689963,6.46531041479109,1
379,0,18.75,14,6.46531041479109,7.08853214577035,1
379,0,18.75,14,7.08853214577035,9.53117069041521,1
379,0,18.75,14,9.53117069041521,10.6980784895617,1
379,0,18.75,14,10.6980784895617,11.9325908270734,1
379,0,18.75,14,11.9325908270734,12.9176883781405,1
379,0,18.75,14,12.9176883781405,14.8992759769375,1
379,0,18.75,14,14.8992759769375,16.3582804109503,1
379,0,18.75,14,16.3582804109503,17.7723752352446,1
379,0,18.75,14,17.7723752352446,17.7959466299435,1
379,0,18.75,14,17.7959466299435,18.473671851351,1
379,0,18.75,14,18.473671851351,18.75,0
380,0,10.75,11,0,0.847564856285729,1
380,0,10.75,11,0.847564856285729,4.80308468972039,1
380,0,10.75,11,4.80308468972039,5.13756510312411,1
380,0,10.75,11,5.13756510312411,6.81779641124283,1
380,0,10.75,11,6.81779641124283,8.13976237424197,1
380,0,10.75,11,8.13976237424197,8.85664459074665,1
380,0,10.75,11,8.85664459074665,8.90048573643818,1
380,0,10.75,11,8.90048573643818,9.36998808744137,1
380,0,10.75,11,9.36998808744137,9.7431593076073,1
380,0,10.75,11,9.7431593076073,10.5037471009411,1
380,0,10.75,11,10.5037471009411,10.5241919286233,1
380,0,10.75,11,10.5241919286233,10.75,0
381,0,12.75,4,0,1.08179417407619,1
381,0,12.75,4,1.08179417407619,7.24013316153775,1
381,0,12.75,4,7.24013316153775,10.6046953769009,1
381,0,12.75,4,10.6046953769009,11.2601070162687,1
381,0,12.75,4,11.2601070162687,12.75,0
382,0,13.75,7,0,5.40936281428941,1
382,0,13.75,7,5.40936281428941,8.57351461722741,1
382,0,13.75,7,8.57351461722741,9.40337158936127,1
382,0,13.75,7,9.40337158936127,9.73997019570086,1
382,0,13.75,7,9.73997019570086,10.9738811359046,1
382,0,13.75,7,10.9738811359046,11.3508773421048,1
382,0,13.75,7,11.3508773421048,11.7523370910659,1
382,0,13.75,7,11.7523370910659,13.75,0
383,0,17.75,12,0,1.18287520630542,1
383,0,17.75,12,1.18287520630542,3.57955427590607,1
383,0,17.75,12,3.57955427590607,4.08032305411773,1
383,0,17.75,12,4.08032305411773,5.50711317370208,1
383,0,17.75,12,5.50711317370208,8.4207236765521,1
383,0,17.75,12,8.4207236765521,13.6160156755185,1
383,0,17.75,12,13.6160156755185,14.6422861093322,1
383,0,17.75,12,14.6422861093322,15.2891416706581,1
383,0,17.75,12,15.2891416706581,15.5449599639071,1
383,0,17.75,12,15.5449599639071,16.0882665891837,1
383,0,17.75,12,16.0882665891837,16.4619031508473,1
383,0,17.75,12,16.4619031508473,16.4971860143691,1
383,0,17.75,12,16.4971860143691,17.75,0
384,0,19.75,8,0,3.19012458178645,1
384,0,19.75,8,3.19012458178645,8.09432843385635,1
384,0,19.75,8,8.09432843385635,9.27768597427618,1
384,0,19.75,8,9.27768597427618,14.2726902366999,1
384,0,19.75,8,14.2726902366999,17.1725154059919,1
384,0,19.75,8,17.1725154059919,17.3318012387779,1
384,0,19.75,8,17.3318012387779,17.584701876882,1
384,0,19.75,8,17.584701876882,18.2505883013851,1
384,0,19.75,8,18.2505883013851,19.75,0
385,0,8.75,2,0,2.37861939749175,1
385,0,8.75,2,2.37861939749175,7.12314081781458,1
385,0,8.75,2,7.12314081781458,8.75,0
386,0,9.75,1,0,8.30438084959605,1
386,0,9.75,1,8.30438084959605,9.75,0
387,0,13.75,13,0,5.14504513147033,1
387,0,13.75,13,5.14504513147033,5.49423896090993,1
387,0,13.75,13,5.49423896090993,6.73579047641092,1
387,0,13.75,13,6.73579047641092,8.74063422182361,1
387,0,13.75,13,8.74063422182361,9.50959684405009,1
387,0,13.75,13,9.50959684405009,10.4230814673606,1
387,0,13.75,13,10.4230814673606,10.810344427436,1
387,0,13.75,13,10.810344427436,10.9921462638146,1
387,0,13.75,13,10.9921462638146,11.8022011817188,1
387,0,13.75,13,11.8022011817188,12.2240479620129,1
387,0,13.75,13,12.2240479620129,12.8904486542613,1
387,0,13.75,13,12.8904486542613,13.4612488634046,1
387,0,13.75,13,13.4612488634046,13.6485798181625,1
387,0,13.75,13,13.6485798181625,13.75,0
388,0,16.75,21,0,3.93448234559976,1
388,0,16.75,21,3.93448234559976,4.29355701506753,1
388,0,16.75,21,4.29355701506753,6.23114024701049,1
388,0,16.75,21,6.23114024701049,7.81168704868387,1
388,0,16.75,21,7.81168704868387,9.37445764079762,1
388,0,16.75,21,9.37445764079762,10.3648794510704,1
388,0,16.75,21,10.3648794510704,10.411810741652,1
388,0,16.75,21,10.411810741652,11.835878577675,1
388,0,16.75,21,11.835878577675,11.9931218278294,1
388,0,16.75,21,11.9931218278294,12.2416657086036,1
388,0,16.75,21,12.2416657086036,12.4084648070737,1
388,0,16.75,21,12.4084648070737,12.8576869175915,1
388,0,16.75,21,12.8576869175915,12.9027987928885,1
388,0,16.75,21,12.9027987928885,14.046519734219,1
388,0,16.75,21,14.046519734219,14.7845778133529,1
388,0,16.75,21,14.7845778133529,15.0961039067871,1
388,0,16.75,21,15.0961039067871,15.365305624102,1
388,0,16.75,21,15.365305624102,15.453440087115,1
388,0,16.75,21,15.453440087115,16.4816501115319,1
388,0,16.75,21,16.4816501115319,16.4873126722689,1
388,0,16.75,21,16.4873126722689,16.7398781370306,1
388,0,16.75,21,16.7398781370306,16.75,0
389,0,12.75,16,0,2.01676432038123,1
389,0,12.75,16,2.01676432038123,3.53444111324444,1
389,0,12.75,16,3.53444111324444,3.67467066046403,1
389,0,12.75,16,3.67467066046403,4.21769285201808,1
389,0,12.75,16,4.21769285201808,4.29600142781575,1
389,0,12.75,16,4.29600142781575,5.25325026823904,1
389,0,12.75,16,5.25325026823904,7.27966882667861,1
389,0,12.75,16,7.27966882667861,7.7736526896277,1
389,0,12.75,16,7.7736526896277,8.35723839611647,1
389,0,12.75,16,8.35723839611647,9.83047101621364,1
389,0,12.75,16,9.83047101621364,10.0956299150939,1
389,0,12.75,16,10.0956299150939,10.6508016542371,1
389,0,12.75,16,10.6508016542371,10.7904007751419,1
389,0,12.75,16,10.7904007751419,10.9626128963715,1
389,0,12.75,16,10.9626128963715,11.8054114273848,1
389,0,12.75,16,11.8054114273848,11.8317178976065,1
389,0,12.75,16,11.8317178976065,12.75,0
390,0,14.75,7,0,5.73628076337637,1
390,0,14.75,7,5.73628076337637,7.66424432963087,1
390,0,14.75,7,7.66424432963087,12.0534518135871,1
390,0,14.75,7,12.0534518135871,12.8371024058909,1
390,0,14.75,7,12.8371024058909,13.1631986013186,1
390,0,14.75,7,13.1631986013186,14.6109191310165,1
390,0,14.75,7,14.6109191310165,14.6279522638654,1
390,0,14.75,7,14.6279522638654,14.75,0
391,0,11.75,10,0,3.49577610613491,1
391,0,11.75,10,3.49577610613491,5.19826793456843,1
391,0,11.75,10,5.19826793456843,5.27963649527672,1
391,0,11.75,10,5.27963649527672,5.46739396281686,1
391,0,11.75,10,5.46739396281686,7.78326357489107,1
391,0,11.75,10,7.78326357489107,9.07677843258583,1
391,0,11.75,10,9.07677843258583,9.87736301064331,1
391,0,11.75,10,9.87736301064331,10.1711945943014,1
391,0,11.75,10,10.1711945943014,11.1163135817009,1
391,0,11.75,10,11.1163135817009,11.3770937824182,1
391,0,11.75,10,11.3770937824182,11.75,0
392,0,19.75,14,0,2.71895702635176,1
392,0,19.75,14,2.71895702635176,5.06831783072394,1
392,0,19.75,14,5.06831783072394,7.53617398541876,1
392,0,19.75,14,7.53617398541876,9.50808225755262,1
392,0,19.75,14,9.50808225755262,9.91789403845091,1
392,0,19.75,14,9.91789403845091,10.1684318806319,1
392,0,19.75,14,10.1684318806319,10.8840499931092,1
392,0,19.75,14,10.8840499931092,11.0119878040208,1
392,0,19.75,14,11.0119878040208,15.0595310993983,1
392,0,19.75,14,15.0595310993983,15.262317697377,1
392,0,19.75,14,15.262317697377,15.6786700163204,1
392,0,19.75,14,15.6786700163204,16.0886709602229,1
392,0,19.75,14,16.0886709602229,17.1753998973872,1
392,0,19.75,14,17.1753998973872,17.829827889434,1
392,0,19.75,14,17.829827889434,19.75,0
393,0,20.75,14,0,2.3324697097788,1
393,0,20.75,14,2.3324697097788,8.44893548449125,1
393,0,20.75,14,8.44893548449125,11.4422560456731,1
393,0,20.75,14,11.4422560456731,11.8850831796946,1
393,0,20.75,14,11.8850831796946,11.8948397249325,1
393,0,20.75,14,11.8948397249325,12.4446426431139,1
393,0,20.75,14,12.4446426431139,13.201683878578,1
393,0,20.75,14,13.201683878578,15.3376241827539,1
393,0,20.75,14,15.3376241827539,15.6809341164978,1
393,0,20.75,14,15.6809341164978,16.5674851715042,1
393,0,20.75,14,16.5674851715042,16.6359947073808,1
393,0,20.75,14,16.6359947073808,17.6692796851773,1
393,0,20.75,14,17.6692796851773,17.9008265789858,1
393,0,20.75,14,17.9008265789858,18.0345291246202,1
393,0,20.75,14,18.0345291246202,20.75,0
394,0,9.75,1,0,8.98343402977471,1
394,0,9.75,1,8.98343402977471,9.75,0
395,0,13.75,17,0,2.04793969818633,1
395,0,13.75,17,2.04793969818633,5.17315507916678,1
395,0,13.75,17,5.17315507916678,5.31898142953922,1
395,0,13.75,17,5.31898142953922,5.53287006571812,1
395,0,13.75,17,5.53287006571812,6.75097310173622,1
395,0,13.75,17,6.75097310173622,7.1371820190296,1
395,0,13.75,17,7.1371820190296,7.58807745099472,1
395,0,13.75,17,7.58807745099472,7.62639648807648,1
395,0,13.75,17,7.62639648807648,9.09851633363485,1
395,0,13.75,17,9.09851633363485,10.4690331434801,1
395,0,13.75,17,10.4690331434801,10.6704600759226,1
395,0,13.75,17,10.6704600759226,11.670499437478,1
395,0,13.75,17,11.670499437478,12.3060314871412,1
395,0,13.75,17,12.3060314871412,12.5779201924289,1
395,0,13.75,17,12.5779201924289,12.7228606708612,1
395,0,13.75,17,12.7228606708612,13.2011679118896,1
395,0,13.75,17,13.2011679118896,13.6266959755336,1
395,0,13.75,17,13.6266959755336,13.75,0
396,0,12.75,6,0,5.65128922736609,1
396,0,12.75,6,5.65128922736609,5.97742276892125,1
396,0,12.75,6,5.97742276892125,6.71206991918106,1
396,0,12.75,6,6.71206991918106,7.9887488731855,1
396,0,12.75,6,7.9887488731855,8.46490203545927,1
396,0,12.75,6,8.46490203545927,11.9994230781864,1
396,0,12.75,6,11.9994230781864,12.75,0
397,0,13.75,28,0,2.69988011224586,1
397,0,13.75,28,2.69988011224586,5.41018506211865,1
397,0,13.75,28,5.41018506211865,5.49447859297647,1
397,0,13.75,28,5.49447859297647,5.89182974325275,1
397,0,13.75,28,5.89182974325275,6.90311786751693,1
397,0,13.75,28,6.90311786751693,6.91553319900431,1
397,0,13.75,28,6.91553319900431,7.90960859584524,1
397,0,13.75,28,7.90960859584524,8.13062488064714,1
397,0,13.75,28,8.13062488064714,8.3363431598795,1
397,0,13.75,28,8.3363431598795,8.40748833891745,1
397,0,13.75,28,8.40748833891745,8.6144813632937,1
397,0,13.75,28,8.6144813632937,8.63779820044623,1
397,0,13.75,28,8.63779820044623,8.77766432190616,1
397,0,13.75,28,8.77766432190616,8.80329343258085,1
397,0,13.75,28,8.80329343258085,9.11887107946076,1
397,0,13.75,28,9.11887107946076,9.15962244313965,1
397,0,13.75,28,9.15962244313965,9.75193613234471,1
397,0,13.75,28,9.75193613234471,10.433036111466,1
397,0,13.75,28,10.433036111466,10.7553348928133,1
397,0,13.75,28,10.7553348928133,11.5594170920859,1
397,0,13.75,28,11.5594170920859,11.8663080129617,1
397,0,13.75,28,11.8663080129617,12.1797487027343,1
397,0,13.75,28,12.1797487027343,12.4368711208725,1
397,0,13.75,28,12.4368711208725,12.9010891990873,1
397,0,13.75,28,12.9010891990873,12.9418166114633,1
397,0,13.75,28,12.9418166114633,13.3378619160928,1
397,0,13.75,28,13.3378619160928,13.3670999315589,1
397,0,13.75,28,13.3670999315589,13.5000234314946,1
397,0,13.75,28,13.5000234314946,13.75,0
398,0,17.75,4,0,3.35945232774388,1
398,0,17.75,4,3.35945232774388,12.1428213967336,1
398,0,17.75,4,12.1428213967336,13.2456388593307,1
398,0,17.75,4,13.2456388593307,13.4405531066194,1
398,0,17.75,4,13.4405531066194,17.75,0
399,0,7.75,2,0,6.45286646488797,1
399,0,7.75,2,6.45286646488797,6.93797591191186,1
399,0,7.75,2,6.93797591191186,7.75,0
400,0,15.75,10,0,3.1242251643908,1
400,0,15.75,10,3.1242251643908,5.2539123657432,1
400,0,15.75,10,5.2539123657432,6.01673867385995,1
400,0,15.75,10,6.01673867385995,7.25648378749665,1
400,0,15.75,10,7.25648378749665,8.66088191521585,1
400,0,15.75,10,8.66088191521585,11.9839840071513,1
400,0,15.75,10,11.9839840071513,12.8479000423255,1
400,0,15.75,10,12.8479000423255,12.998875131079,1
400,0,15.75,10,12.998875131079,13.1409851851231,1
400,0,15.75,10,13.1409851851231,13.6605360709417,1
400,0,15.75,10,13.6605360709417,15.75,0
401,0,11.75,2,0,7.84010936823274,1
401,0,11.75,2,7.84010936823274,11.6571100656645,1
401,0,11.75,2,11.6571100656645,11.75,0
402,0,19.75,26,0,2.34543368643468,1
402,0,19.75,26,2.34543368643468,4.52625303007454,1
402,0,19.75,26,4.52625303007454,4.97979082206516,1
402,0,19.75,26,4.97979082206516,8.45504839961297,1
402,0,19.75,26,8.45504839961297,9.4312637039162,1
402,0,19.75,26,9.4312637039162,9.66027290292611,1
402,0,19.75,26,9.66027290292611,9.72001863397794,1
402,0,19.75,26,9.72001863397794,9.85297771730628,1
402,0,19.75,26,9.85297771730628,10.842105462917,1
402,0,19.75,26,10.842105462917,11.2382529899433,1
402,0,19.75,26,11.2382529899433,11.2826286092302,1
402,0,19.75,26,11.2826286092302,12.0576035260173,1
402,0,19.75,26,12.0576035260173,12.4589526546623,1
402,0,19.75,26,12.4589526546623,12.5601882888697,1
402,0,19.75,26,12.5601882888697,12.6507338019844,1
402,0,19.75,26,12.6507338019844,12.7960480393886,1
402,0,19.75,26,12.7960480393886,12.9504646218065,1
402,0,19.75,26,12.9504646218065,13.0977957145486,1
402,0,19.75,26,13.0977957145486,13.9142313535888,1
402,0,19.75,26,13.9142313535888,15.209136090859,1
402,0,19.75,26,15.209136090859,17.8275904087867,1
402,0,19.75,26,17.8275904087867,18.2663076146805,1
402,0,19.75,26,18.2663076146805,18.7069654197402,1
402,0,19.75,26,18.7069654197402,19.2501598529044,1
402,0,19.75,26,19.2501598529044,19.4083972601034,1
402,0,19.75,26,19.4083972601034,19.4411217061942,1
402,0,19.75,26,19.4411217061942,19.75,0
403,0,17.75,11,0,2.75988502519237,1
403,0,17.75,11,2.75988502519237,5.01126215979418,1
403,0,17.75,11,5.01126215979418,8.76258392198104,1
403,0,17.75,11,8.76258392198104,10.6803974415802,1
403,0,17.75,11,10.6803974415802,10.8303201327618,1
403,0,17.75,11,10.8303201327618,11.3615287558935,1
403,0,17.75,11,11.3615287558935,11.9296722591159,1
403,0,17.75,11,11.9296722591159,16.1508744695614,1
403,0,17.75,11,16.1508744695614,16.2426036828158,1
403,0,17.75,11,16.2426036828158,16.664749506327,1
403,0,17.75,11,16.664749506327,17.6338605058365,1
403,0,17.75,11,17.6338605058365,17.75,0
404,0,9.75,2,0,2.31717658714319,1
404,0,9.75,2,2.31717658714319,5.49449873744788,1
404,0,9.75,2,5.49449873744788,9.75,0
405,0,12.75,14,0,3.15876325238016,1
405,0,12.75,14,3.15876325238016,6.1526361086365,1
405,0,12.75,14,6.1526361086365,6.80635596952525,1
405,0,12.75,14,6.80635596952525,7.53191189882588,1
405,0,12.75,14,7.53191189882588,7.58766534698542,1
405,0,12.75,14,7.58766534698542,7.99467805006577,1
405,0,12.75,14,7.99467805006577,8.62215828937266,1
405,0,12.75,14,8.62215828937266,9.39335500825153,1
405,0,12.75,14,9.39335500825153,9.68886681647772,1
405,0,12.75,14,9.68886681647772,10.5340630682603,1
405,0,12.75,14,10.5340630682603,10.8440388204609,1
405,0,12.75,14,10.8440388204609,11.5446650432765,1
405,0,12.75,14,11.5446650432765,11.9104773884803,1
405,0,12.75,14,11.9104773884803,12.48919351708,1
405,0,12.75,14,12.48919351708,12.75,0
406,0,15.75,17,0,6.14034988242456,1
406,0,15.75,17,6.14034988242456,6.26335917797339,1
406,0,15.75,17,6.26335917797339,6.62122698845046,1
406,0,15.75,17,6.62122698845046,6.85143291507295,1
406,0,15.75,17,6.85143291507295,7.4952291675172,1
406,0,15.75,17,7.4952291675172,8.28278045620965,1
406,0,15.75,17,8.28278045620965,8.91298930581358,1
406,0,15.75,17,8.91298930581358,10.895254819405,1
406,0,15.75,17,10.895254819405,11.2603788190294,1
406,0,15.75,17,11.2603788190294,12.9569357810341,1
406,0,15.75,17,12.9569357810341,13.2898957176314,1
406,0,15.75,17,13.2898957176314,13.4773783354262,1
406,0,15.75,17,13.4773783354262,13.8472603776925,1
406,0,15.75,17,13.8472603776925,14.4700281721945,1
406,0,15.75,17,14.4700281721945,14.4846749350397,1
406,0,15.75,17,14.4846749350397,14.5059411526371,1
406,0,15.75,17,14.5059411526371,14.7587724976932,1
406,0,15.75,17,14.7587724976932,15.75,0
407,0,15.75,17,0,2.01381132296683,1
407,0,15.75,17,2.01381132296683,6.30237153105039,1
407,0,15.75,17,6.30237153105039,6.81903085666429,1
407,0,15.75,17,6.81903085666429,7.3312107453776,1
407,0,15.75,17,7.3312107453776,7.55159426601634,1
407,0,15.75,17,7.55159426601634,8.02812611262766,1
407,0,15.75,17,8.02812611262766,8.63378778776043,1
407,0,15.75,17,8.63378778776043,8.87367893499477,1
407,0,15.75,17,8.87367893499477,9.3574883048616,1
407,0,15.75,17,9.3574883048616,10.641212825735,1
407,0,15.75,17,10.641212825735,12.1632218772104,1
407,0,15.75,17,12.1632218772104,12.7219570011166,1
407,0,15.75,17,12.7219570011166,12.7439774314219,1
407,0,15.75,17,12.7439774314219,12.7807445596816,1
407,0,15.75,17,12.7807445596816,13.2075863584186,1
407,0,15.75,17,13.2075863584186,14.2585125145439,1
407,0,15.75,17,14.2585125145439,15.3477026534467,1
407,0,15.75,17,15.3477026534467,15.75,0
408,0,11.75,2,0,4.17388098501277,1
408,0,11.75,2,4.17388098501277,9.31776228482707,1
408,0,11.75,2,9.31776228482707,11.75,0
409,0,11.75,2,0,4.06543096176564,1
409,0,11.75,2,4.06543096176564,10.7898822451591,1
409,0,11.75,2,10.7898822451591,11.75,0
410,0,15.75,3,0,4.60662122011965,1
410,0,15.75,3,4.60662122011965,10.519998916518,1
410,0,15.75,3,10.519998916518,12.5826783395522,1
410,0,15.75,3,12.5826783395522,15.75,0
411,0,10.75,2,0,5.79409592662235,1
411,0,10.75,2,5.79409592662235,8.96359154047326,1
411,0,10.75,2,8.96359154047326,10.75,0
412,0,11.75,12,0,3.13083151161022,1
412,0,11.75,12,3.13083151161022,4.77239392831735,1
412,0,11.75,12,4.77239392831735,5.66807408314616,1
412,0,11.75,12,5.66807408314616,5.77791858910725,1
412,0,11.75,12,5.77791858910725,6.11599220931283,1
412,0,11.75,12,6.11599220931283,6.49785425036561,1
412,0,11.75,12,6.49785425036561,9.01146063338539,1
412,0,11.75,12,9.01146063338539,10.2247973049502,1
412,0,11.75,12,10.2247973049502,10.5033738564432,1
412,0,11.75,12,10.5033738564432,10.6104397036263,1
412,0,11.75,12,10.6104397036263,11.1822428971368,1
412,0,11.75,12,11.1822428971368,11.5659867883658,1
412,0,11.75,12,11.5659867883658,11.75,0
413,0,9.75,17,0,2.38716897869656,1
413,0,9.75,17,2.38716897869656,2.62723727958665,1
413,0,9.75,17,2.62723727958665,3.37280748709459,1
413,0,9.75,17,3.37280748709459,5.75341631830484,1
413,0,9.75,17,5.75341631830484,5.88083286358706,1
413,0,9.75,17,5.88083286358706,7.31959577511493,1
413,0,9.75,17,7.31959577511493,7.35614869770492,1
413,0,9.75,17,7.35614869770492,7.59642651524782,1
413,0,9.75,17,7.59642651524782,7.69517971233205,1
413,0,9.75,17,7.69517971233205,7.81581081129277,1
413,0,9.75,17,7.81581081129277,7.91188535183206,1
413,0,9.75,17,7.91188535183206,8.11065900087567,1
413,0,9.75,17,8.11065900087567,8.2841647429103,1
413,0,9.75,17,8.2841647429103,8.73897848294949,1
413,0,9.75,17,8.73897848294949,8.95580813441393,1
413,0,9.75,17,8.95580813441393,9.21432744157198,1
413,0,9.75,17,9.21432744157198,9.30285663182719,1
413,0,9.75,17,9.30285663182719,9.75,0
414,0,15.75,8,0,5.12120037508663,1
414,0,15.75,8,5.12120037508663,8.48660781704621,1
414,0,15.75,8,8.48660781704621,9.81404740741323,1
414,0,15.75,8,9.81404740741323,10.7927247722654,1
414,0,15.75,8,10.7927247722654,13.6999489370161,1
414,0,15.75,8,13.6999489370161,13.968048976517,1
414,0,15.75,8,13.968048976517,14.0900832643968,1
414,0,15.75,8,14.0900832643968,15.4413778268754,1
414,0,15.75,8,15.4413778268754,15.75,0
415,0,15.75,32,0,4.22412709529649,1
415,0,15.75,32,4.22412709529649,5.66942774548205,1
415,0,15.75,32,5.66942774548205,5.85907886989139,1
415,0,15.75,32,5.85907886989139,7.28438487074903,1
415,0,15.75,32,7.28438487074903,7.53143125172084,1
415,0,15.75,32,7.53143125172084,8.9983003955544,1
415,0,15.75,32,8.9983003955544,9.00671460548272,1
415,0,15.75,32,9.00671460548272,9.01592444909241,1
415,0,15.75,32,9.01592444909241,9.34584459615386,1
415,0,15.75,32,9.34584459615386,9.49813464239026,1
415,0,15.75,32,9.49813464239026,10.2077300161811,1
415,0,15.75,32,10.2077300161811,10.2804503433449,1
415,0,15.75,32,10.2804503433449,10.4911107443934,1
415,0,15.75,32,10.4911107443934,11.042869992164,1
415,0,15.75,32,11.042869992164,11.2878141501178,1
415,0,15.75,32,11.2878141501178,11.5550332292008,1
415,0,15.75,32,11.5550332292008,11.7004750990996,1
415,0,15.75,32,11.7004750990996,12.4326427594248,1
415,0,15.75,32,12.4326427594248,12.4434260792875,1
415,0,15.75,32,12.4434260792875,12.5562765729719,1
415,0,15.75,32,12.5562765729719,12.5756736523683,1
415,0,15.75,32,12.5756736523683,12.7264470432521,1
415,0,15.75,32,12.7264470432521,13.1897913725204,1
415,0,15.75,32,13.1897913725204,13.3419906902719,1
415,0,15.75,32,13.3419906902719,13.735819937475,1
415,0,15.75,32,13.735819937475,13.7389723843089,1
415,0,15.75,32,13.7389723843089,13.9875653613657,1
415,0,15.75,32,13.9875653613657,14.067645598266,1
415,0,15.75,32,14.067645598266,14.4900279986782,1
415,0,15.75,32,14.4900279986782,14.8907689096949,1
415,0,15.75,32,14.8907689096949,14.9055269615921,1
415,0,15.75,32,14.9055269615921,15.2937609106284,1
415,0,15.75,32,15.2937609106284,15.75,0
416,0,10.75,2,0,1.68349569317348,1
416,0,10.75,2,1.68349569317348,8.55505189980336,1
416,0,10.75,2,8.55505189980336,10.75,0
417,0,11.75,12,0,3.72964066006788,1
417,0,11.75,12,3.72964066006788,5.02933497195577,1
417,0,11.75,12,5.02933497195577,5.23640997107665,1
417,0,11.75,12,5.23640997107665,6.01014415743311,1
417,0,11.75,12,6.01014415743311,6.74808865125513,1
417,0,11.75,12,6.74808865125513,8.37092570394027,1
417,0,11.75,12,8.37092570394027,8.90757221181908,1
417,0,11.75,12,8.90757221181908,9.16599123522525,1
417,0,11.75,12,9.16599123522525,9.59958089800044,1
417,0,11.75,12,9.59958089800044,9.67958758450753,1
417,0,11.75,12,9.67958758450753,9.9427627831929,1
417,0,11.75,12,9.9427627831929,11.107126550071,1
417,0,11.75,12,11.107126550071,11.75,0
418,0,18.75,10,0,3.01384035878225,1
418,0,18.75,10,3.01384035878225,8.63633526870367,1
418,0,18.75,10,8.63633526870367,10.0379112817658,1
418,0,18.75,10,10.0379112817658,10.457119359543,1
418,0,18.75,10,10.457119359543,12.8998859623193,1
418,0,18.75,10,12.8998859623193,14.0168773231888,1
418,0,18.75,10,14.0168773231888,15.8892512735699,1
418,0,18.75,10,15.8892512735699,16.5747287561806,1
418,0,18.75,10,16.5747287561806,17.4249335022034,1
418,0,18.75,10,17.4249335022034,17.9793747473829,1
418,0,18.75,10,17.9793747473829,18.75,0
419,0,16.75,16,0,4.04399079482356,1
419,0,16.75,16,4.04399079482356,5.15379363779634,1
419,0,16.75,16,5.15379363779634,8.26169722706147,1
419,0,16.75,16,8.26169722706147,8.32108287826336,1
419,0,16.75,16,8.32108287826336,9.1210168921798,1
419,0,16.75,16,9.1210168921798,10.2744140525553,1
419,0,16.75,16,10.2744140525553,11.0919182723982,1
419,0,16.75,16,11.0919182723982,12.6586986904356,1
419,0,16.75,16,12.6586986904356,12.7649480175427,1
419,0,16.75,16,12.7649480175427,13.3973990040133,1
419,0,16.75,16,13.3973990040133,13.6901856873102,1
419,0,16.75,16,13.6901856873102,14.1258044081848,1
419,0,16.75,16,14.1258044081848,14.4243646076528,1
419,0,16.75,16,14.4243646076528,14.9667654782739,1
419,0,16.75,16,14.9667654782739,14.9837576159575,1
419,0,16.75,16,14.9837576159575,15.1289184776555,1
419,0,16.75,16,15.1289184776555,16.75,0
420,0,8.75,2,0,7.05105013462403,1
420,0,8.75,2,7.05105013462403,8.23372305407618,1
420,0,8.75,2,8.23372305407618,8.75,0
421,0,7.75,4,0,4.42060419197433,1
421,0,7.75,4,4.42060419197433,5.26261050826178,1
421,0,7.75,4,5.26261050826178,7.12000269619809,1
421,0,7.75,4,7.12000269619809,7.5063367367384,1
421,0,7.75,4,7.5063367367384,7.75,0
422,0,13.75,9,0,5.76386656222627,1
422,0,13.75,9,5.76386656222627,7.17726365000212,1
422,0,13.75,9,7.17726365000212,8.20923977604257,1
422,0,13.75,9,8.20923977604257,9.27765764619881,1
422,0,13.75,9,9.27765764619881,10.8411733613077,1
422,0,13.75,9,10.8411733613077,12.5978860031915,1
422,0,13.75,9,12.5978860031915,12.7775546464183,1
422,0,13.75,9,12.7775546464183,12.8787904898073,1
422,0,13.75,9,12.8787904898073,13.3032699715367,1
422,0,13.75,9,13.3032699715367,13.75,0
423,0,14.75,20,0,1.75833662835689,1
423,0,14.75,20,1.75833662835689,2.98565460180544,1
423,0,14.75,20,2.98565460180544,3.71147903857468,1
423,0,14.75,20,3.71147903857468,5.83240315455742,1
423,0,14.75,20,5.83240315455742,5.8663916994636,1
423,0,14.75,20,5.8663916994636,7.73892658572252,1
423,0,14.75,20,7.73892658572252,7.97668565841348,1
423,0,14.75,20,7.97668565841348,9.57321735101779,1
423,0,14.75,20,9.57321735101779,9.93017017478635,1
423,0,14.75,20,9.93017017478635,10.6395418308296,1
423,0,14.75,20,10.6395418308296,10.8448199678435,1
423,0,14.75,20,10.8448199678435,11.4007596453068,1
423,0,14.75,20,11.4007596453068,11.8018470763941,1
423,0,14.75,20,11.8018470763941,12.0456084154729,1
423,0,14.75,20,12.0456084154729,12.153415673882,1
423,0,14.75,20,12.153415673882,12.4158842503738,1
423,0,14.75,20,12.4158842503738,12.7441083601371,1
423,0,14.75,20,12.7441083601371,12.7823151528733,1
423,0,14.75,20,12.7823151528733,13.7686175385166,1
423,0,14.75,20,13.7686175385166,14.3652875406462,1
423,0,14.75,20,14.3652875406462,14.75,0
424,0,12.75,7,0,3.0206088182673,1
424,0,12.75,7,3.0206088182673,5.66251125267949,1
424,0,12.75,7,5.66251125267949,5.82420255859161,1
424,0,12.75,7,5.82420255859161,6.66577500036372,1
424,0,12.75,7,6.66577500036372,9.68059471112075,1
424,0,12.75,7,9.68059471112075,11.4891857166892,1
424,0,12.75,7,11.4891857166892,12.3515868677007,1
424,0,12.75,7,12.3515868677007,12.75,0
425,0,13.75,8,0,2.88547793167204,1
425,0,13.75,8,2.88547793167204,3.41070349416584,1
425,0,13.75,8,3.41070349416584,7.99603401406994,1
425,0,13.75,8,7.99603401406994,8.32174206984196,1
425,0,13.75,8,8.32174206984196,9.65823349226445,1
425,0,13.75,8,9.65823349226445,12.6433461447952,1
425,0,13.75,8,12.6433461447952,12.9713068573416,1
425,0,13.75,8,12.9713068573416,13.2187115911136,1
425,0,13.75,8,13.2187115911136,13.75,0
426,0,12.75,17,0,0.475135833818883,1
426,0,12.75,17,0.475135833818883,3.60479445420889,1
426,0,12.75,17,3.60479445420889,4.3786324235624,1
426,0,12.75,17,4.3786324235624,5.90014218220158,1
426,0,12.75,17,5.90014218220158,7.06594877908818,1
426,0,12.75,17,7.06594877908818,7.46718660188893,1
426,0,12.75,17,7.46718660188893,7.48309689886959,1
426,0,12.75,17,7.48309689886959,7.74283868992547,1
426,0,12.75,17,7.74283868992547,7.87367825493407,1
426,0,12.75,17,7.87367825493407,8.91834766974353,1
426,0,12.75,17,8.91834766974353,9.97431734434686,1
426,0,12.75,17,9.97431734434686,9.97432672483825,1
426,0,12.75,17,9.97432672483825,10.9646277183883,1
426,0,12.75,17,10.9646277183883,11.0134596678551,1
426,0,12.75,17,11.0134596678551,11.2609640136125,1
426,0,12.75,17,11.2609640136125,11.8859008102629,1
426,0,12.75,17,11.8859008102629,12.1588806654145,1
426,0,12.75,17,12.1588806654145,12.75,0
427,0,13.75,20,0,3.80641052963063,1
427,0,13.75,20,3.80641052963063,4.28212144286263,1
427,0,13.75,20,4.28212144286263,5.12471777427482,1
427,0,13.75,20,5.12471777427482,5.33468906688011,1
427,0,13.75,20,5.33468906688011,5.82239530532371,1
427,0,13.75,20,5.82239530532371,7.9766327692202,1
427,0,13.75,20,7.9766327692202,8.60496101836145,1
427,0,13.75,20,8.60496101836145,8.77148257387131,1
427,0,13.75,20,8.77148257387131,9.19922035772758,1
427,0,13.75,20,9.19922035772758,9.73724022924655,1
427,0,13.75,20,9.73724022924655,10.2735023967954,1
427,0,13.75,20,10.2735023967954,10.814897603358,1
427,0,13.75,20,10.814897603358,11.3147079328033,1
427,0,13.75,20,11.3147079328033,11.8972477471737,1
427,0,13.75,20,11.8972477471737,12.2499045478126,1
427,0,13.75,20,12.2499045478126,12.2647287544152,1
427,0,13.75,20,12.2647287544152,12.3533146431436,1
427,0,13.75,20,12.3533146431436,13.4444912354757,1
427,0,13.75,20,13.4444912354757,13.6764328351676,1
427,0,13.75,20,13.6764328351676,13.7277912955479,1
427,0,13.75,20,13.7277912955479,13.75,0
428,0,11.75,11,0,5.62653668691167,1
428,0,11.75,11,5.62653668691167,5.73811462121381,1
428,0,11.75,11,5.73811462121381,7.18211025413059,1
428,0,11.75,11,7.18211025413059,7.30354783168564,1
428,0,11.75,11,7.30354783168564,7.98309291632214,1
428,0,11.75,11,7.98309291632214,8.6078688111745,1
428,0,11.75,11,8.6078688111745,9.22187260012198,1
428,0,11.75,11,9.22187260012198,10.2182655762118,1
428,0,11.75,11,10.2182655762118,10.8381782154429,1
428,0,11.75,11,10.8381782154429,11.0915545065966,1
428,0,11.75,11,11.0915545065966,11.5438232510128,1
428,0,11.75,11,11.5438232510128,11.75,0
429,0,11.75,5,0,4.07996226172819,1
429,0,11.75,5,4.07996226172819,4.31800633386333,1
429,0,11.75,5,4.31800633386333,9.34665674858445,1
429,0,11.75,5,9.34665674858445,9.3678441927524,1
429,0,11.75,5,9.3678441927524,9.57386100384701,1
429,0,11.75,5,9.57386100384701,11.75,0
430,0,10.75,7,0,1.56282225987122,1
430,0,10.75,7,1.56282225987122,2.73641337925106,1
430,0,10.75,7,2.73641337925106,3.13632284312372,1
430,0,10.75,7,3.13632284312372,3.62499927620171,1
430,0,10.75,7,3.62499927620171,7.98614244803946,1
430,0,10.75,7,7.98614244803946,8.24673391989654,1
430,0,10.75,7,8.24673391989654,9.92977973002897,1
430,0,10.75,7,9.92977973002897,10.75,0
431,0,12.75,15,0,4.42496385791524,1
431,0,12.75,15,4.42496385791524,4.86374223541153,1
431,0,12.75,15,4.86374223541153,5.04159586291756,1
431,0,12.75,15,5.04159586291756,8.47351379020182,1
431,0,12.75,15,8.47351379020182,8.62540299270999,1
431,0,12.75,15,8.62540299270999,8.91733551208649,1
431,0,12.75,15,8.91733551208649,9.22871387675331,1
431,0,12.75,15,9.22871387675331,9.45362170866372,1
431,0,12.75,15,9.45362170866372,10.8652947586586,1
431,0,12.75,15,10.8652947586586,11.3014410324153,1
431,0,12.75,15,11.3014410324153,11.3698803394173,1
431,0,12.75,15,11.3698803394173,11.4937669933581,1
431,0,12.75,15,11.4937669933581,11.5944711349806,1
431,0,12.75,15,11.5944711349806,11.6994748344402,1
431,0,12.75,15,11.6994748344402,11.7843193418901,1
431,0,12.75,15,11.7843193418901,12.75,0
432,0,17.75,21,0,3.1018441045452,1
432,0,17.75,21,3.1018441045452,3.95461640399538,1
432,0,17.75,21,3.95461640399538,5.55410825912696,1
432,0,17.75,21,5.55410825912696,5.88024055402478,1
432,0,17.75,21,5.88024055402478,8.40250080475092,1
432,0,17.75,21,8.40250080475092,9.1082059996923,1
432,0,17.75,21,9.1082059996923,10.3675966019177,1
432,0,17.75,21,10.3675966019177,10.7151638903477,1
432,0,17.75,21,10.7151638903477,10.8927242767407,1
432,0,17.75,21,10.8927242767407,11.1324676633041,1
432,0,17.75,21,11.1324676633041,11.1619172821464,1
432,0,17.75,21,11.1619172821464,13.826260496381,1
432,0,17.75,21,13.826260496381,13.9663471910602,1
432,0,17.75,21,13.9663471910602,14.0312568716722,1
432,0,17.75,21,14.0312568716722,15.0888017378565,1
432,0,17.75,21,15.0888017378565,15.1857558539073,1
432,0,17.75,21,15.1857558539073,15.681026615454,1
432,0,17.75,21,15.681026615454,16.0601238212083,1
432,0,17.75,21,16.0601238212083,16.21959978492,1
432,0,17.75,21,16.21959978492,16.5611026758237,1
432,0,17.75,21,16.5611026758237,16.8590618424657,1
432,0,17.75,21,16.8590618424657,17.75,0
433,0,8.75,5,0,2.21078731672842,1
433,0,8.75,5,2.21078731672842,3.70597926756789,1
433,0,8.75,5,3.70597926756789,6.50446800936131,1
433,0,8.75,5,6.50446800936131,8.20253694510816,1
433,0,8.75,5,8.20253694510816,8.36944785239787,1
433,0,8.75,5,8.36944785239787,8.75,0
434,0,17.75,8,0,8.12549990992843,1
434,0,17.75,8,8.12549990992843,8.79942017307208,1
434,0,17.75,8,8.79942017307208,9.37999867612319,1
434,0,17.75,8,9.37999867612319,13.9740010594763,1
434,0,17.75,8,13.9740010594763,16.1222728515868,1
434,0,17.75,8,16.1222728515868,16.3427325385522,1
434,0,17.75,8,16.3427325385522,16.3531619259992,1
434,0,17.75,8,16.3531619259992,16.7244796776392,1
434,0,17.75,8,16.7244796776392,17.75,0
435,0,8.75,0,0,8.75,0
436,0,8.75,5,0,3.31767872465362,1
436,0,8.75,5,3.31767872465362,5.3492000190961,1
436,0,8.75,5,5.3492000190961,5.87127551237355,1
436,0,8.75,5,5.87127551237355,6.27465506960036,1
436,0,8.75,5,6.27465506960036,7.21030043915487,1
436,0,8.75,5,7.21030043915487,8.75,0
437,0,10.75,4,0,7.67479716236156,1
437,0,10.75,4,7.67479716236156,7.73151613599161,1
437,0,10.75,4,7.73151613599161,8.02565023019774,1
437,0,10.75,4,8.02565023019774,8.76543520789219,1
437,0,10.75,4,8.76543520789219,10.75,0
438,0,14.75,10,0,2.52726781613182,1
438,0,14.75,10,2.52726781613182,7.20513012867733,1
438,0,14.75,10,7.20513012867733,9.23753156235704,1
438,0,14.75,10,9.23753156235704,9.59057202594113,1
438,0,14.75,10,9.59057202594113,10.0306824745927,1
438,0,14.75,10,10.0306824745927,10.4311705803643,1
438,0,14.75,10,10.4311705803643,10.4326924586574,1
438,0,14.75,10,10.4326924586574,12.9652834115392,1
438,0,14.75,10,12.9652834115392,13.6890731342251,1
438,0,14.75,10,13.6890731342251,14.650239669237,1
438,0,14.75,10,14.650239669237,14.75,0
439,0,14.75,15,0,5.74300241995523,1
439,0,14.75,15,5.74300241995523,6.49552769119352,1
439,0,14.75,15,6.49552769119352,7.03891402055984,1
439,0,14.75,15,7.03891402055984,9.59031082554346,1
439,0,14.75,15,9.59031082554346,9.76060185254548,1
439,0,14.75,15,9.76060185254548,10.3335601880159,1
439,0,14.75,15,10.3335601880159,11.0200035429144,1
439,0,14.75,15,11.0200035429144,11.9011501983346,1
439,0,14.75,15,11.9011501983346,12.5218791786746,1
439,0,14.75,15,12.5218791786746,12.8532841420118,1
439,0,14.75,15,12.8532841420118,12.8696762903368,1
439,0,14.75,15,12.8696762903368,13.4723560451498,1
439,0,14.75,15,13.4723560451498,13.5883408168389,1
439,0,14.75,15,13.5883408168389,14.2355523215244,1
439,0,14.75,15,14.2355523215244,14.502276778969,1
439,0,14.75,15,14.502276778969,14.75,0
440,0,13.75,6,0,7.22209086759464,1
440,0,13.75,6,7.22209086759464,8.78378785902252,1
440,0,13.75,6,8.78378785902252,9.92238347323855,1
440,0,13.75,6,9.92238347323855,11.9977850486191,1
440,0,13.75,6,11.9977850486191,13.3421301747254,1
440,0,13.75,6,13.3421301747254,13.351978093602,1
440,0,13.75,6,13.351978093602,13.75,0
441,0,12.75,13,0,1.38543725242182,1
441,0,12.75,13,1.38543725242182,2.04479879924361,1
441,0,12.75,13,2.04479879924361,5.84236494367701,1
441,0,12.75,13,5.84236494367701,7.79183504939923,1
441,0,12.75,13,7.79183504939923,8.24869786078957,1
441,0,12.75,13,8.24869786078957,8.54216053452143,1
441,0,12.75,13,8.54216053452143,9.04169446833282,1
441,0,12.75,13,9.04169446833282,10.015413238174,1
441,0,12.75,13,10.015413238174,10.4403378106817,1
441,0,12.75,13,10.4403378106817,11.065738213712,1
441,0,12.75,13,11.065738213712,11.5452017671544,1
441,0,12.75,13,11.5452017671544,11.8386809971109,1
441,0,12.75,13,11.8386809971109,11.9076776060749,1
441,0,12.75,13,11.9076776060749,12.75,0
442,0,10.75,10,0,2.51124313885698,1
442,0,10.75,10,2.51124313885698,3.82836080247879,1
442,0,10.75,10,3.82836080247879,6.22383823443592,1
442,0,10.75,10,6.22383823443592,6.78666590721956,1
442,0,10.75,10,6.78666590721956,8.06659090633489,1
442,0,10.75,10,8.06659090633489,8.52052200223549,1
442,0,10.75,10,8.52052200223549,8.95402008680616,1
442,0,10.75,10,8.95402008680616,9.17443538679351,1
442,0,10.75,10,9.17443538679351,9.29349011800015,1
442,0,10.75,10,9.29349011800015,9.62594470916382,1
442,0,10.75,10,9.62594470916382,10.75,0
443,0,9.75,6,0,1.3999094092942,1
443,0,9.75,6,1.3999094092942,3.80931232937877,1
443,0,9.75,6,3.80931232937877,5.24405670001878,1
443,0,9.75,6,5.24405670001878,5.55245588034036,1
443,0,9.75,6,5.55245588034036,6.77194434818126,1
443,0,9.75,6,6.77194434818126,7.84931655955949,1
443,0,9.75,6,7.84931655955949,9.75,0
444,0,15.75,21,0,5.62922406182768,1
444,0,15.75,21,5.62922406182768,5.76773804579282,1
444,0,15.75,21,5.76773804579282,5.93663660622293,1
444,0,15.75,21,5.93663660622293,6.93497824137625,1
444,0,15.75,21,6.93497824137625,7.79512944162121,1
444,0,15.75,21,7.79512944162121,8.17667790942178,1
444,0,15.75,21,8.17667790942178,8.61195354808505,1
444,0,15.75,21,8.61195354808505,9.13921057484066,1
444,0,15.75,21,9.13921057484066,9.14335827098123,1
444,0,15.75,21,9.14335827098123,9.35293960044006,1
444,0,15.75,21,9.35293960044006,9.3839263861306,1
444,0,15.75,21,9.3839263861306,10.176514217964,1
444,0,15.75,21,10.176514217964,11.1716561736222,1
444,0,15.75,21,11.1716561736222,12.3751608157686,1
444,0,15.75,21,12.3751608157686,12.3907334976801,1
444,0,15.75,21,12.3907334976801,12.959360458752,1
444,0,15.75,21,12.959360458752,14.267415786483,1
444,0,15.75,21,14.267415786483,14.3833008942175,1
444,0,15.75,21,14.3833008942175,14.5001824471645,1
444,0,15.75,21,14.5001824471645,15.2757565603498,1
444,0,15.75,21,15.2757565603498,15.6848245141757,1
444,0,15.75,21,15.6848245141757,15.75,0
445,0,11.75,8,0,3.5966410165495,1
445,0,11.75,8,3.5966410165495,7.5755068189472,1
445,0,11.75,8,7.5755068189472,8.027862724355,1
445,0,11.75,8,8.027862724355,10.3298954075276,1
445,0,11.75,8,10.3298954075276,10.6702554852394,1
445,0,11.75,8,10.6702554852394,10.8277381797947,1
445,0,11.75,8,10.8277381797947,10.9783452082579,1
445,0,11.75,8,10.9783452082579,11.1990585958462,1
445,0,11.75,8,11.1990585958462,11.75,0
446,0,11.75,15,0,2.52545370942467,1
446,0,11.75,15,2.52545370942467,3.42484074218236,1
446,0,11.75,15,3.42484074218236,3.67784704818283,1
446,0,11.75,15,3.67784704818283,4.0724901048152,1
446,0,11.75,15,4.0724901048152,5.63921104566252,1
446,0,11.75,15,5.63921104566252,6.02225131715392,1
446,0,11.75,15,6.02225131715392,7.6937635940499,1
446,0,11.75,15,7.6937635940499,8.3063222083463,1
446,0,11.75,15,8.3063222083463,9.24086801542868,1
446,0,11.75,15,9.24086801542868,9.37012987986644,1
446,0,11.75,15,9.37012987986644,9.60173465668014,1
446,0,11.75,15,9.60173465668014,10.0653301173703,1
446,0,11.75,15,10.0653301173703,10.2428583145541,1
446,0,11.75,15,10.2428583145541,11.3471858776778,1
446,0,11.75,15,11.3471858776778,11.4697405780035,1
446,0,11.75,15,11.4697405780035,11.75,0
447,0,7.75,0,0,7.75,0
448,0,9.75,11,0,2.54261594654385,1
448,0,9.75,11,2.54261594654385,2.66153583873271,1
448,0,9.75,11,2.66153583873271,4.41735402585559,1
448,0,9.75,11,4.41735402585559,5.61688006016798,1
448,0,9.75,11,5.61688006016798,5.82079788481779,1
448,0,9.75,11,5.82079788481779,5.8899191415205,1
448,0,9.75,11,5.8899191415205,7.02975495876308,1
448,0,9.75,11,7.02975495876308,7.63732362043972,1
448,0,9.75,11,7.63732362043972,8.28928696215705,1
448,0,9.75,11,8.28928696215705,8.46038188604367,1
448,0,9.75,11,8.46038188604367,9.2508354128534,1
448,0,9.75,11,9.2508354128534,9.75,0
449,0,15.75,32,0,1.98322139455893,1
449,0,15.75,32,1.98322139455893,4.73309266734172,1
449,0,15.75,32,4.73309266734172,4.95422557943505,1
449,0,15.75,32,4.95422557943505,5.35700838967368,1
449,0,15.75,32,5.35700838967368,5.63103293419331,1
449,0,15.75,32,5.63103293419331,8.36938739135863,1
449,0,15.75,32,8.36938739135863,8.47685147325731,1
449,0,15.75,32,8.47685147325731,8.90616689687302,1
449,0,15.75,32,8.90616689687302,9.04783094117849,1
449,0,15.75,32,9.04783094117849,9.16530278199068,1
449,0,15.75,32,9.16530278199068,9.18807527146927,1
449,0,15.75,32,9.18807527146927,9.4021139423519,1
449,0,15.75,32,9.4021139423519,9.8944626087512,1
449,0,15.75,32,9.8944626087512,10.0930156549952,1
449,0,15.75,32,10.0930156549952,10.3369931412086,1
449,0,15.75,32,10.3369931412086,10.8159755746399,1
449,0,15.75,32,10.8159755746399,10.9495396725019,1
449,0,15.75,32,10.9495396725019,12.5902624192142,1
449,0,15.75,32,12.5902624192142,12.7956670014496,1
449,0,15.75,32,12.7956670014496,12.7958048757191,1
449,0,15.75,32,12.7958048757191,13.2090684191634,1
449,0,15.75,32,13.2090684191634,13.2312683327583,1
449,0,15.75,32,13.2312683327583,13.4874041397262,1
449,0,15.75,32,13.4874041397262,13.8501320160235,1
449,0,15.75,32,13.8501320160235,14.0178790349167,1
449,0,15.75,32,14.0178790349167,14.4191494093887,1
449,0,15.75,32,14.4191494093887,14.4788253780447,1
449,0,15.75,32,14.4788253780447,14.7202723689691,1
449,0,15.75,32,14.7202723689691,14.9260856626183,1
449,0,15.75,32,14.9260856626183,15.2587870857514,1
449,0,15.75,32,15.2587870857514,15.3001895891918,1
449,0,15.75,32,15.3001895891918,15.3037656976314,1
449,0,15.75,32,15.3037656976314,15.75,0
450,0,10.75,8,0,1.63008555924468,1
450,0,10.75,8,1.63008555924468,4.21092379032191,1
450,0,10.75,8,4.21092379032191,4.22271734599891,1
450,0,10.75,8,4.22271734599891,5.19071627703321,1
450,0,10.75,8,5.19071627703321,9.07913667970712,1
450,0,10.75,8,9.07913667970712,9.12084748841609,1
450,0,10.75,8,9.12084748841609,9.23723165946381,1
450,0,10.75,8,9.23723165946381,10.6387062912874,1
450,0,10.75,8,10.6387062912874,10.75,0
451,0,13.75,5,0,4.28041099768283,1
451,0,13.75,5,4.28041099768283,4.69759631613106,1
451,0,13.75,5,4.69759631613106,7.03299601148899,1
451,0,13.75,5,7.03299601148899,10.632297778805,1
451,0,13.75,5,10.632297778805,11.2882216338619,1
451,0,13.75,5,11.2882216338619,13.75,0
452,0,15.75,10,0,5.18969082305626,1
452,0,15.75,10,5.18969082305626,6.44909478876538,1
452,0,15.75,10,6.44909478876538,7.70314830720288,1
452,0,15.75,10,7.70314830720288,9.7318428848086,1
452,0,15.75,10,9.7318428848086,9.77359874465776,1
452,0,15.75,10,9.77359874465776,10.0169021577132,1
452,0,15.75,10,10.0169021577132,10.1971451667998,1
452,0,15.75,10,10.1971451667998,13.7787606370064,1
452,0,15.75,10,13.7787606370064,14.1470853472638,1
452,0,15.75,10,14.1470853472638,15.3378034567216,1
452,0,15.75,10,15.3378034567216,15.75,0
453,0,13.75,20,0,1.81309602112546,1
453,0,13.75,20,1.81309602112546,2.39854214736776,1
453,0,13.75,20,2.39854214736776,4.13163565581647,1
453,0,13.75,20,4.13163565581647,4.3862483942297,1
453,0,13.75,20,4.3862483942297,4.4707948382994,1
453,0,13.75,20,4.4707948382994,4.6329573151837,1
453,0,13.75,20,4.6329573151837,6.29208855947963,1
453,0,13.75,20,6.29208855947963,8.65970731896398,1
453,0,13.75,20,8.65970731896398,9.93117681016127,1
453,0,13.75,20,9.93117681016127,10.3078442979828,1
453,0,13.75,20,10.3078442979828,11.5735439527412,1
453,0,13.75,20,11.5735439527412,11.734666535352,1
453,0,13.75,20,11.734666535352,12.3286557362907,1
453,0,13.75,20,12.3286557362907,12.4033347835265,1
453,0,13.75,20,12.4033347835265,12.7958946118489,1
453,0,13.75,20,12.7958946118489,13.0441143217687,1
453,0,13.75,20,13.0441143217687,13.3867205711722,1
453,0,13.75,20,13.3867205711722,13.4582596496232,1
453,0,13.75,20,13.4582596496232,13.5699056936088,1
453,0,13.75,20,13.5699056936088,13.694725878593,1
453,0,13.75,20,13.694725878593,13.75,0
454,0,9.75,3,0,4.12283991140008,1
454,0,9.75,3,4.12283991140008,9.14006567776705,1
454,0,9.75,3,9.14006567776705,9.14289896021557,1
454,0,9.75,3,9.14289896021557,9.75,0
455,0,13.75,15,0,3.34752331106294,1
455,0,13.75,15,3.34752331106294,5.84061883077444,1
455,0,13.75,15,5.84061883077444,9.1288149610067,1
455,0,13.75,15,9.1288149610067,9.14855323306685,1
455,0,13.75,15,9.14855323306685,9.18247967147822,1
455,0,13.75,15,9.18247967147822,9.34948841377228,1
455,0,13.75,15,9.34948841377228,9.38791499873563,1
455,0,13.75,15,9.38791499873563,10.5112676743709,1
455,0,13.75,15,10.5112676743709,10.5267004730664,1
455,0,13.75,15,10.5267004730664,11.9044324076545,1
455,0,13.75,15,11.9044324076545,11.9887306088865,1
455,0,13.75,15,11.9887306088865,12.1981659461934,1
455,0,13.75,15,12.1981659461934,12.3710260907803,1
455,0,13.75,15,12.3710260907803,12.5319916856202,1
455,0,13.75,15,12.5319916856202,13.5721118510883,1
455,0,13.75,15,13.5721118510883,13.75,0
456,0,14.75,2,0,2.06227433642869,1
456,0,14.75,2,2.06227433642869,8.44287942684993,1
456,0,14.75,2,8.44287942684993,14.75,0
457,0,17.75,14,0,5.16388498739749,1
457,0,17.75,14,5.16388498739749,6.8961671704996,1
457,0,17.75,14,6.8961671704996,7.13704596243663,1
457,0,17.75,14,7.13704596243663,7.49386587323303,1
457,0,17.75,14,7.49386587323303,7.71122242259918,1
457,0,17.75,14,7.71122242259918,10.2639630465047,1
457,0,17.75,14,10.2639630465047,10.6700367429082,1
457,0,17.75,14,10.6700367429082,11.4903711635603,1
457,0,17.75,14,11.4903711635603,13.11361556845,1
457,0,17.75,14,13.11361556845,13.8243658108776,1
457,0,17.75,14,13.8243658108776,14.9837924053145,1
457,0,17.75,14,14.9837924053145,15.1723094135847,1
457,0,17.75,14,15.1723094135847,17.3497656768856,1
457,0,17.75,14,17.3497656768856,17.6073814978231,1
457,0,17.75,14,17.6073814978231,17.75,0
458,0,9.75,1,0,9.74430223395043,1
458,0,9.75,1,9.74430223395043,9.75,0
459,0,11.75,11,0,2.99879797756177,1
459,0,11.75,11,2.99879797756177,4.30425114250076,1
459,0,11.75,11,4.30425114250076,6.21966399439466,1
459,0,11.75,11,6.21966399439466,7.76087484820822,1
459,0,11.75,11,7.76087484820822,8.01201100932276,1
459,0,11.75,11,8.01201100932276,9.06933615988142,1
459,0,11.75,11,9.06933615988142,9.14952555346106,1
459,0,11.75,11,9.14952555346106,10.0342009784922,1
459,0,11.75,11,10.0342009784922,10.599524612579,1
459,0,11.75,11,10.599524612579,10.7424031721052,1
459,0,11.75,11,10.7424031721052,11.4160108093656,1
459,0,11.75,11,11.4160108093656,11.75,0
460,0,12.75,13,0,3.08501185685232,1
460,0,12.75,13,3.08501185685232,4.34854420330286,1
460,0,12.75,13,4.34854420330286,4.59502612508076,1
460,0,12.75,13,4.59502612508076,6.42826692708526,1
460,0,12.75,13,6.42826692708526,7.10563066090013,1
460,0,12.75,13,7.10563066090013,8.06311374474837,1
460,0,12.75,13,8.06311374474837,10.6326760354828,1
460,0,12.75,13,10.6326760354828,11.0928402714657,1
460,0,12.75,13,11.0928402714657,11.1202016398637,1
460,0,12.75,13,11.1202016398637,11.3403716954906,1
460,0,12.75,13,11.3403716954906,11.7122051273756,1
460,0,12.75,13,11.7122051273756,11.8091061877211,1
460,0,12.75,13,11.8091061877211,12.3876490644515,1
460,0,12.75,13,12.3876490644515,12.75,0
461,0,13.75,15,0,2.03873105225707,1
461,0,13.75,15,2.03873105225707,2.26747465479013,1
461,0,13.75,15,2.26747465479013,2.59039847195105,1
461,0,13.75,15,2.59039847195105,7.47198030482183,1
461,0,13.75,15,7.47198030482183,7.79067007126078,1
461,0,13.75,15,7.79067007126078,9.78933052729884,1
461,0,13.75,15,9.78933052729884,11.1678781054093,1
461,0,13.75,15,11.1678781054093,11.1695634390594,1
461,0,13.75,15,11.1695634390594,11.2716990820696,1
461,0,13.75,15,11.2716990820696,11.8943645570014,1
461,0,13.75,15,11.8943645570014,12.1532336281879,1
461,0,13.75,15,12.1532336281879,12.5040123629333,1
461,0,13.75,15,12.5040123629333,12.5374510415864,1
461,0,13.75,15,12.5374510415864,12.6643109121819,1
461,0,13.75,15,12.6643109121819,12.9641477077343,1
461,0,13.75,15,12.9641477077343,13.75,0
462,0,12.75,10,0,4.11429058370845,1
462,0,12.75,10,4.11429058370845,4.51543249664284,1
462,0,12.75,10,4.51543249664284,6.80280447435048,1
462,0,12.75,10,6.80280447435048,8.96292162818254,1
462,0,12.75,10,8.96292162818254,9.33076353075498,1
462,0,12.75,10,9.33076353075498,9.77502647939743,1
462,0,12.75,10,9.77502647939743,10.4553721771222,1
462,0,12.75,10,10.4553721771222,11.5658863859848,1
462,0,12.75,10,11.5658863859848,12.1853436808485,1
462,0,12.75,10,12.1853436808485,12.4705724936386,1
462,0,12.75,10,12.4705724936386,12.75,0
463,0,10.75,10,0,0.869507004283159,1
463,0,10.75,10,0.869507004283159,2.14936806237028,1
463,0,10.75,10,2.14936806237028,4.68005773113762,1
463,0,10.75,10,4.68005773113762,6.41830971781464,1
463,0,10.75,10,6.41830971781464,7.38802884237869,1
463,0,10.75,10,7.38802884237869,7.59483329183157,1
463,0,10.75,10,7.59483329183157,8.78563786680023,1
463,0,10.75,10,8.78563786680023,9.08149505533905,1
463,0,10.75,10,9.08149505533905,9.55815695334048,1
463,0,10.75,10,9.55815695334048,10.0463473827854,1
463,0,10.75,10,10.0463473827854,10.75,0
464,0,17.75,65,0,0.665925313306323,1
464,0,17.75,65,0.665925313306323,2.88903142316965,1
464,0,17.75,65,2.88903142316965,3.94623657596899,1
464,0,17.75,65,3.94623657596899,4.46393801901283,1
464,0,17.75,65,4.46393801901283,6.61510386574188,1
464,0,17.75,65,6.61510386574188,6.7755293665173,1
464,0,17.75,65,6.7755293665173,8.00487557942637,1
464,0,17.75,65,8.00487557942637,8.28843638643204,1
464,0,17.75,65,8.28843638643204,8.31808185937901,1
464,0,17.75,65,8.31808185937901,8.83072708729931,1
464,0,17.75,65,8.83072708729931,8.87420285708349,1
464,0,17.75,65,8.87420285708349,9.4627179384245,1
464,0,17.75,65,9.4627179384245,9.46506787491473,1
464,0,17.75,65,9.46506787491473,9.50433390531831,1
464,0,17.75,65,9.50433390531831,9.77733507347059,1
464,0,17.75,65,9.77733507347059,10.0997048748378,1
464,0,17.75,65,10.0997048748378,10.1758383912373,1
464,0,17.75,65,10.1758383912373,10.3300525981644,1
464,0,17.75,65,10.3300525981644,10.3777061911378,1
464,0,17.75,65,10.3777061911378,10.4359575167394,1
464,0,17.75,65,10.4359575167394,10.99275847447,1
464,0,17.75,65,10.99275847447,11.228680281412,1
464,0,17.75,65,11.228680281412,11.230438528131,1
464,0,17.75,65,11.230438528131,11.2561041505505,1
464,0,17.75,65,11.2561041505505,11.3022593239958,1
464,0,17.75,65,11.3022593239958,11.6367098309238,1
464,0,17.75,65,11.6367098309238,12.0947473586239,1
464,0,17.75,65,12.0947473586239,12.1522052860455,1
464,0,17.75,65,12.1522052860455,12.1838572284567,1
464,0,17.75,65,12.1838572284567,12.3084659267393,1
464,0,17.75,65,12.3084659267393,12.3275862899397,1
464,0,17.75,65,12.3275862899397,12.6714141365859,1
464,0,17.75,65,12.6714141365859,12.692210540796,1
464,0,17.75,65,12.692210540796,12.7166825467543,1
464,0,17.75,65,12.7166825467543,12.9639971985383,1
464,0,17.75,65,12.9639971985383,13.1633487280101,1
464,0,17.75,65,13.1633487280101,13.2966089260657,1
464,0,17.75,65,13.2966089260657,13.5934318448171,1
464,0,17.75,65,13.5934318448171,13.884081116304,1
464,0,17.75,65,13.884081116304,14.4811447146137,1
464,0,17.75,65,14.4811447146137,14.6196290389913,1
464,0,17.75,65,14.6196290389913,14.7004872686158,1
464,0,17.75,65,14.7004872686158,14.7059344163075,1
464,0,17.75,65,14.7059344163075,15.0804320078306,1
464,0,17.75,65,15.0804320078306,15.1155751409952,1
464,0,17.75,65,15.1155751409952,15.1588379268096,1
464,0,17.75,65,15.1588379268096,15.3806523233155,1
464,0,17.75,65,15.3806523233155,15.3894045915816,1
464,0,17.75,65,15.3894045915816,15.4870497285248,1
464,0,17.75,65,15.4870497285248,15.6130697623853,1
464,0,17.75,65,15.6130697623853,15.6380256144604,1
464,0,17.75,65,15.6380256144604,15.7557675941913,1
464,0,17.75,65,15.7557675941913,15.7680381588331,1
464,0,17.75,65,15.7680381588331,15.7719419998787,1
464,0,17.75,65,15.7719419998787,16.183012637425,1
464,0,17.75,65,16.183012637425,16.2214159159765,1
464,0,17.75,65,16.2214159159765,16.2228547247459,1
464,0,17.75,65,16.2228547247459,16.3070660892584,1
464,0,17.75,65,16.3070660892584,16.6000778488873,1
464,0,17.75,65,16.6000778488873,17.0749779639999,1
464,0,17.75,65,17.0749779639999,17.1347318299038,1
464,0,17.75,65,17.1347318299038,17.3296688098342,1
464,0,17.75,65,17.3296688098342,17.3862514503863,1
464,0,17.75,65,17.3862514503863,17.409788140081,1
464,0,17.75,65,17.409788140081,17.5586194358234,1
464,0,17.75,65,17.5586194358234,17.75,0
465,0,11.75,9,0,5.41774932454802,1
465,0,11.75,9,5.41774932454802,6.03983735733939,1
465,0,11.75,9,6.03983735733939,6.45144619846344,1
465,0,11.75,9,6.45144619846344,8.0995515643249,1
465,0,11.75,9,8.0995515643249,8.83119628251435,1
465,0,11.75,9,8.83119628251435,9.427432588977,1
465,0,11.75,9,9.427432588977,9.77490729789022,1
465,0,11.75,9,9.77490729789022,10.2748563306648,1
465,0,11.75,9,10.2748563306648,10.4138004284211,1
465,0,11.75,9,10.4138004284211,11.75,0
466,0,12.75,14,0,1.53762715028171,1
466,0,12.75,14,1.53762715028171,3.62542150817055,1
466,0,12.75,14,3.62542150817055,5.29442291366211,1
466,0,12.75,14,5.29442291366211,6.87406815402775,1
466,0,12.75,14,6.87406815402775,7.04352734341599,1
466,0,12.75,14,7.04352734341599,8.60719220717281,1
466,0,12.75,14,8.60719220717281,9.16058617953547,1
466,0,12.75,14,9.16058617953547,9.20150214873258,1
466,0,12.75,14,9.20150214873258,10.4715008254517,1
466,0,12.75,14,10.4715008254517,10.5311768214524,1
466,0,12.75,14,10.5311768214524,10.9559792311262,1
466,0,12.75,14,10.9559792311262,12.2865704905347,1
466,0,12.75,14,12.2865704905347,12.5011176491929,1
466,0,12.75,14,12.5011176491929,12.7246749051801,1
466,0,12.75,14,12.7246749051801,12.75,0
467,0,12.75,5,0,6.68353104785344,1
467,0,12.75,5,6.68353104785344,7.62715205170762,1
467,0,12.75,5,7.62715205170762,8.78186396803118,1
467,0,12.75,5,8.78186396803118,9.65985886385767,1
467,0,12.75,5,9.65985886385767,11.8930619833904,1
467,0,12.75,5,11.8930619833904,12.75,0
468,0,11.75,4,0,2.80679279584148,1
468,0,11.75,4,2.80679279584148,2.84668844932073,1
468,0,11.75,4,2.84668844932073,6.12882726959487,1
468,0,11.75,4,6.12882726959487,7.39583702408463,1
468,0,11.75,4,7.39583702408463,11.75,0
469,0,9.75,4,0,3.22639338038619,1
469,0,9.75,4,3.22639338038619,7.08526564699253,1
469,0,9.75,4,7.08526564699253,8.46238948091447,1
469,0,9.75,4,8.46238948091447,9.60904520868082,1
469,0,9.75,4,9.60904520868082,9.75,0
470,0,20.75,14,0,4.9668442861566,1
470,0,20.75,14,4.9668442861566,5.3981386543937,1
470,0,20.75,14,5.3981386543937,6.56463198935542,1
470,0,20.75,14,6.56463198935542,11.0478692560111,1
470,0,20.75,14,11.0478692560111,11.5759724199984,1
470,0,20.75,14,11.5759724199984,12.2778558799092,1
470,0,20.75,14,12.2778558799092,12.7157816089099,1
470,0,20.75,14,12.7157816089099,13.323583121007,1
470,0,20.75,14,13.323583121007,13.6358751633168,1
470,0,20.75,14,13.6358751633168,16.3572554266084,1
470,0,20.75,14,16.3572554266084,16.5925425822541,1
470,0,20.75,14,16.5925425822541,19.660105428698,1
470,0,20.75,14,19.660105428698,19.7374544939802,1
470,0,20.75,14,19.7374544939802,20.5440467038762,1
470,0,20.75,14,20.5440467038762,20.75,0
471,0,16.75,12,0,4.01494413162003,1
471,0,16.75,12,4.01494413162003,4.07759243607343,1
471,0,16.75,12,4.07759243607343,6.94023676550116,1
471,0,16.75,12,6.94023676550116,7.66816805275992,1
471,0,16.75,12,7.66816805275992,10.029727936647,1
471,0,16.75,12,10.029727936647,11.0924705211346,1
471,0,16.75,12,11.0924705211346,12.1935692624971,1
471,0,16.75,12,12.1935692624971,14.0043586962801,1
471,0,16.75,12,14.0043586962801,14.0597396818475,1
471,0,16.75,12,14.0597396818475,14.6720982648492,1
471,0,16.75,12,14.6720982648492,15.1027818614621,1
471,0,16.75,12,15.1027818614621,16.4459185140312,1
471,0,16.75,12,16.4459185140312,16.75,0
472,0,11.75,7,0,7.17067716403743,1
472,0,11.75,7,7.17067716403743,8.5327890464153,1
472,0,11.75,7,8.5327890464153,8.53790841958532,1
472,0,11.75,7,8.53790841958532,8.80697590530246,1
472,0,11.75,7,8.80697590530246,10.0938818940735,1
472,0,11.75,7,10.0938818940735,10.1079425954702,1
472,0,11.75,7,10.1079425954702,10.607833650527,1
472,0,11.75,7,10.607833650527,11.75,0
473,0,11.75,7,0,4.95890895352545,1
473,0,11.75,7,4.95890895352545,5.2743179190503,1
473,0,11.75,7,5.2743179190503,6.29599642540748,1
473,0,11.75,7,6.29599642540748,8.2069238684146,1
473,0,11.75,7,8.2069238684146,9.93879980734094,1
473,0,11.75,7,9.93879980734094,10.2585762519181,1
473,0,11.75,7,10.2585762519181,11.0446514037398,1
473,0,11.75,7,11.0446514037398,11.75,0
474,0,12.75,10,0,3.24457996755461,1
474,0,12.75,10,3.24457996755461,5.75288245848804,1
474,0,12.75,10,5.75288245848804,6.35229141071512,1
474,0,12.75,10,6.35229141071512,6.59993046377733,1
474,0,12.75,10,6.59993046377733,6.69080812486022,1
474,0,12.75,10,6.69080812486022,8.06288241566092,1
474,0,12.75,10,8.06288241566092,9.42542932104186,1
474,0,12.75,10,9.42542932104186,9.60999423223329,1
474,0,12.75,10,9.60999423223329,10.3010786343794,1
474,0,12.75,10,10.3010786343794,11.7572614885872,1
474,0,12.75,10,11.7572614885872,12.75,0
475,0,20.75,18,0,1.30007250562786,1
475,0,20.75,18,1.30007250562786,4.7265854230857,1
475,0,20.75,18,4.7265854230857,5.36007193271085,1
475,0,20.75,18,5.36007193271085,7.36416804548064,1
475,0,20.75,18,7.36416804548064,7.38876655390483,1
475,0,20.75,18,7.38876655390483,10.1662114880455,1
475,0,20.75,18,10.1662114880455,10.926920700921,1
475,0,20.75,18,10.926920700921,11.0369265467743,1
475,0,20.75,18,11.0369265467743,12.0414083552005,1
475,0,20.75,18,12.0414083552005,14.3082965497348,1
475,0,20.75,18,14.3082965497348,14.7487798437487,1
475,0,20.75,18,14.7487798437487,16.2066449637855,1
475,0,20.75,18,16.2066449637855,16.5299455818738,1
475,0,20.75,18,16.5299455818738,17.4594596474943,1
475,0,20.75,18,17.4594596474943,17.6921212072317,1
475,0,20.75,18,17.6921212072317,17.747530324065,1
475,0,20.75,18,17.747530324065,20.04310688757,1
475,0,20.75,18,20.04310688757,20.5053158070785,1
475,0,20.75,18,20.5053158070785,20.75,0
476,0,7.75,1,0,4.31959060960237,1
476,0,7.75,1,4.31959060960237,7.75,0
477,0,15.75,24,0,1.99085535811472,1
477,0,15.75,24,1.99085535811472,2.45473764822187,1
477,0,15.75,24,2.45473764822187,2.56201922363344,1
477,0,15.75,24,2.56201922363344,5.23314522415593,1
477,0,15.75,24,5.23314522415593,7.36701788286715,1
477,0,15.75,24,7.36701788286715,7.41315529205292,1
477,0,15.75,24,7.41315529205292,8.226531307727,1
477,0,15.75,24,8.226531307727,8.44873698461716,1
477,0,15.75,24,8.44873698461716,8.44876390178358,1
477,0,15.75,24,8.44876390178358,9.59601206462497,1
477,0,15.75,24,9.59601206462497,10.088375748309,1
477,0,15.75,24,10.088375748309,10.8269521821215,1
477,0,15.75,24,10.8269521821215,11.1150034886768,1
477,0,15.75,24,11.1150034886768,11.385543434345,1
477,0,15.75,24,11.385543434345,11.4760459810268,1
477,0,15.75,24,11.4760459810268,12.5322360792084,1
477,0,15.75,24,12.5322360792084,12.7587425102859,1
477,0,15.75,24,12.7587425102859,13.3652316967545,1
477,0,15.75,24,13.3652316967545,13.8837059826761,1
477,0,15.75,24,13.8837059826761,14.1882091622071,1
477,0,15.75,24,14.1882091622071,14.2883551193556,1
477,0,15.75,24,14.2883551193556,14.7238861552085,1
477,0,15.75,24,14.7238861552085,14.8250815531758,1
477,0,15.75,24,14.8250815531758,15.5903196765346,1
477,0,15.75,24,15.5903196765346,15.75,0
478,0,14.75,29,0,1.9658696236695,1
478,0,14.75,29,1.9658696236695,2.58545163121451,1
478,0,14.75,29,2.58545163121451,2.59566017256325,1
478,0,14.75,29,2.59566017256325,2.69292737368588,1
478,0,14.75,29,2.69292737368588,5.81519081815885,1
478,0,14.75,29,5.81519081815885,6.12394006443897,1
478,0,14.75,29,6.12394006443897,7.59357668100368,1
478,0,14.75,29,7.59357668100368,7.64804477821804,1
478,0,14.75,29,7.64804477821804,8.87850946557466,1
478,0,14.75,29,8.87850946557466,9.04052200947316,1
478,0,14.75,29,9.04052200947316,9.45337038403236,1
478,0,14.75,29,9.45337038403236,9.7885435872888,1
478,0,14.75,29,9.7885435872888,10.9328342163415,1
478,0,14.75,29,10.9328342163415,11.0212292087975,1
478,0,14.75,29,11.0212292087975,11.2457566473667,1
478,0,14.75,29,11.2457566473667,11.3077745610448,1
478,0,14.75,29,11.3077745610448,11.6035985297897,1
478,0,14.75,29,11.6035985297897,11.7353224230261,1
478,0,14.75,29,11.7353224230261,11.8857918321979,1
478,0,14.75,29,11.8857918321979,11.8967165925795,1
478,0,14.75,29,11.8967165925795,12.3790175480248,1
478,0,14.75,29,12.3790175480248,12.5084631650571,1
478,0,14.75,29,12.5084631650571,12.516739201112,1
478,0,14.75,29,12.516739201112,13.270321543585,1
478,0,14.75,29,13.270321543585,13.4145315705592,1
478,0,14.75,29,13.4145315705592,13.5757173956326,1
478,0,14.75,29,13.5757173956326,14.2179628834403,1
478,0,14.75,29,14.2179628834403,14.3945006528466,1
478,0,14.75,29,14.3945006528466,14.540959399368,1
478,0,14.75,29,14.540959399368,14.75,0
479,0,10.75,10,0,0.7460440909396,1
479,0,10.75,10,0.7460440909396,1.55525796803997,1
479,0,10.75,10,1.55525796803997,3.18605970018578,1
479,0,10.75,10,3.18605970018578,5.27012936893923,1
479,0,10.75,10,5.27012936893923,6.09512868170715,1
479,0,10.75,10,6.09512868170715,7.46098419189549,1
479,0,10.75,10,7.46098419189549,8.53504151150747,1
479,0,10.75,10,8.53504151150747,8.56136660426543,1
479,0,10.75,10,8.56136660426543,9.73198588012666,1
479,0,10.75,10,9.73198588012666,9.84832300236021,1
479,0,10.75,10,9.84832300236021,10.75,0
480,0,11.75,11,0,2.708098584054,1
480,0,11.75,11,2.708098584054,4.11764479151906,1
480,0,11.75,11,4.11764479151906,4.76357115293299,1
480,0,11.75,11,4.76357115293299,5.98817476961047,1
480,0,11.75,11,5.98817476961047,7.88618361231953,1
480,0,11.75,11,7.88618361231953,9.02827416787642,1
480,0,11.75,11,9.02827416787642,9.72439440323214,1
480,0,11.75,11,9.72439440323214,11.0945969490885,1
480,0,11.75,11,11.0945969490885,11.1672874006581,1
480,0,11.75,11,11.1672874006581,11.5951087197482,1
480,0,11.75,11,11.5951087197482,11.7144173919837,1
480,0,11.75,11,11.7144173919837,11.75,0
481,0,19.75,19,0,7.7337941634676,1
481,0,19.75,19,7.7337941634676,8.26644769438842,1
481,0,19.75,19,8.26644769438842,9.12849231636067,1
481,0,19.75,19,9.12849231636067,9.20345189853201,1
481,0,19.75,19,9.20345189853201,9.96159057982502,1
481,0,19.75,19,9.96159057982502,10.2141180939388,1
481,0,19.75,19,10.2141180939388,10.5322604531498,1
481,0,19.75,19,10.5322604531498,11.5741933003383,1
481,0,19.75,19,11.5741933003383,12.0946418584554,1
481,0,19.75,19,12.0946418584554,12.7114631355105,1
481,0,19.75,19,12.7114631355105,12.9396169207447,1
481,0,19.75,19,12.9396169207447,13.4821603990621,1
481,0,19.75,19,13.4821603990621,13.7822374457187,1
481,0,19.75,19,13.7822374457187,15.6315235077261,1
481,0,19.75,19,15.6315235077261,15.8622873189514,1
481,0,19.75,19,15.8622873189514,17.4215888573239,1
481,0,19.75,19,17.4215888573239,17.7312493266194,1
481,0,19.75,19,17.7312493266194,18.7235073680008,1
481,0,19.75,19,18.7235073680008,19.4033716245665,1
481,0,19.75,19,19.4033716245665,19.75,0
482,0,15.75,15,0,1.82593237836709,1
482,0,15.75,15,1.82593237836709,4.39211646042498,1
482,0,15.75,15,4.39211646042498,4.68175373344805,1
482,0,15.75,15,4.68175373344805,5.22723225995565,1
482,0,15.75,15,5.22723225995565,8.33546476162864,1
482,0,15.75,15,8.33546476162864,8.7117704945453,1
482,0,15.75,15,8.7117704945453,9.7147163738346,1
482,0,15.75,15,9.7147163738346,10.0871509291507,1
482,0,15.75,15,10.0871509291507,10.9513509102348,1
482,0,15.75,15,10.9513509102348,11.3228453531471,1
482,0,15.75,15,11.3228453531471,11.635461158787,1
482,0,15.75,15,11.635461158787,11.697897064681,1
482,0,15.75,15,11.697897064681,13.2980306162081,1
482,0,15.75,15,13.2980306162081,14.5978654588402,1
482,0,15.75,15,14.5978654588402,14.7874044475813,1
482,0,15.75,15,14.7874044475813,15.75,0
483,0,15.75,16,0,1.63257920477712,1
483,0,15.75,16,1.63257920477712,5.32885918068416,1
483,0,15.75,16,5.32885918068416,5.3305793979215,1
483,0,15.75,16,5.3305793979215,5.8242400337776,1
483,0,15.75,16,5.8242400337776,6.6167970628876,1
483,0,15.75,16,6.6167970628876,7.67412540733939,1
483,0,15.75,16,7.67412540733939,8.03281303804215,1
483,0,15.75,16,8.03281303804215,8.70225335290008,1
483,0,15.75,16,8.70225335290008,9.91716725519644,1
483,0,15.75,16,9.91716725519644,11.5562496631016,1
483,0,15.75,16,11.5562496631016,11.6696143941226,1
483,0,15.75,16,11.6696143941226,11.7272620145865,1
483,0,15.75,16,11.7272620145865,13.0439746221481,1
483,0,15.75,16,13.0439746221481,13.092774923153,1
483,0,15.75,16,13.092774923153,13.2905103374707,1
483,0,15.75,16,13.2905103374707,14.4432759557148,1
483,0,15.75,16,14.4432759557148,15.75,0
484,0,19.75,33,0,3.50958219588468,1
484,0,19.75,33,3.50958219588468,6.20884894578549,1
484,0,19.75,33,6.20884894578549,6.67534466077068,1
484,0,19.75,33,6.67534466077068,7.4690547359714,1
484,0,19.75,33,7.4690547359714,8.6801363435772,1
484,0,19.75,33,8.6801363435772,8.98556034689436,1
484,0,19.75,33,8.98556034689436,9.85887119775662,1
484,0,19.75,33,9.85887119775662,10.2764951308313,1
484,0,19.75,33,10.2764951308313,10.3395318118727,1
484,0,19.75,33,10.3395318118727,11.2593682033601,1
484,0,19.75,33,11.2593682033601,11.8786364761723,1
484,0,19.75,33,11.8786364761723,11.9326099820004,1
484,0,19.75,33,11.9326099820004,13.0358549264901,1
484,0,19.75,33,13.0358549264901,13.1398070040068,1
484,0,19.75,33,13.1398070040068,13.5527736621665,1
484,0,19.75,33,13.5527736621665,13.7686130140662,1
484,0,19.75,33,13.7686130140662,14.1682686596839,1
484,0,19.75,33,14.1682686596839,15.0104995564707,1
484,0,19.75,33,15.0104995564707,15.1638158489282,1
484,0,19.75,33,15.1638158489282,15.9299180688355,1
484,0,19.75,33,15.9299180688355,16.3051141479379,1
484,0,19.75,33,16.3051141479379,16.7493865585556,1
484,0,19.75,33,16.7493865585556,16.8860602258204,1
484,0,19.75,33,16.8860602258204,16.9266666901134,1
484,0,19.75,33,16.9266666901134,17.1847556779948,1
484,0,19.75,33,17.1847556779948,17.9456562077262,1
484,0,19.75,33,17.9456562077262,18.5109903997953,1
484,0,19.75,33,18.5109903997953,18.6371633967207,1
484,0,19.75,33,18.6371633967207,18.7243610232152,1
484,0,19.75,33,18.7243610232152,18.7883262098337,1
484,0,19.75,33,18.7883262098337,19.2688492467203,1
484,0,19.75,33,19.2688492467203,19.3484189338017,1
484,0,19.75,33,19.3484189338017,19.731747312403,1
484,0,19.75,33,19.731747312403,19.75,0
485,0,19.75,27,0,1.47512335019071,1
485,0,19.75,27,1.47512335019071,3.78783206444591,1
485,0,19.75,27,3.78783206444591,4.60314567537706,1
485,0,19.75,27,4.60314567537706,5.44821984047065,1
485,0,19.75,27,5.44821984047065,7.12422594611271,1
485,0,19.75,27,7.12422594611271,9.43318076974942,1
485,0,19.75,27,9.43318076974942,9.85842225233288,1
485,0,19.75,27,9.85842225233288,10.2748639969773,1
485,0,19.75,27,10.2748639969773,10.6745355268223,1
485,0,19.75,27,10.6745355268223,11.348945402315,1
485,0,19.75,27,11.348945402315,11.5103792776554,1
485,0,19.75,27,11.5103792776554,12.4174203287283,1
485,0,19.75,27,12.4174203287283,13.2069821932826,1
485,0,19.75,27,13.2069821932826,13.2211324848851,1
485,0,19.75,27,13.2211324848851,13.6356531005351,1
485,0,19.75,27,13.6356531005351,14.1868399714771,1
485,0,19.75,27,14.1868399714771,14.8223324709287,1
485,0,19.75,27,14.8223324709287,15.9086454618753,1
485,0,19.75,27,15.9086454618753,16.9280629321327,1
485,0,19.75,27,16.9280629321327,18.0433911168453,1
485,0,19.75,27,18.0433911168453,18.3962158169353,1
485,0,19.75,27,18.3962158169353,18.5309456733437,1
485,0,19.75,27,18.5309456733437,18.5942831490289,1
485,0,19.75,27,18.5942831490289,19.0576997924823,1
485,0,19.75,27,19.0576997924823,19.0675491204783,1
485,0,19.75,27,19.0675491204783,19.3682384359957,1
485,0,19.75,27,19.3682384359957,19.5547474765215,1
485,0,19.75,27,19.5547474765215,19.75,0
486,0,17.75,18,0,2.24572332552174,1
486,0,17.75,18,2.24572332552174,4.97703822308722,1
486,0,17.75,18,4.97703822308722,5.14888252647077,1
486,0,17.75,18,5.14888252647077,5.66315845058037,1
486,0,17.75,18,5.66315845058037,7.65242520708835,1
486,0,17.75,18,7.65242520708835,10.2077150415525,1
486,0,17.75,18,10.2077150415525,10.3284667868285,1
486,0,17.75,18,10.3284667868285,11.7364290191329,1
486,0,17.75,18,11.7364290191329,12.4200021737436,1
486,0,17.75,18,12.4200021737436,13.4141499512524,1
486,0,17.75,18,13.4141499512524,13.9730628544793,1
486,0,17.75,18,13.9730628544793,14.3019780652934,1
486,0,17.75,18,14.3019780652934,14.4776309963765,1
486,0,17.75,18,14.4776309963765,14.8436573824132,1
486,0,17.75,18,14.8436573824132,15.3717733064274,1
486,0,17.75,18,15.3717733064274,15.8834363443595,1
486,0,17.75,18,15.8834363443595,16.0194850768301,1
486,0,17.75,18,16.0194850768301,17.3758354419124,1
486,0,17.75,18,17.3758354419124,17.75,0
487,0,8.75,8,0,2.91270623166846,1
487,0,8.75,8,2.91270623166846,5.13261791142024,1
487,0,8.75,8,5.13261791142024,5.48407202842993,1
487,0,8.75,8,5.48407202842993,6.27848814634635,1
487,0,8.75,8,6.27848814634635,7.31915963006117,1
487,0,8.75,8,7.31915963006117,7.35130197543722,1
487,0,8.75,8,7.35130197543722,7.88409889891246,1
487,0,8.75,8,7.88409889891246,8.28091929878408,1
487,0,8.75,8,8.28091929878408,8.75,0
488,0,9.75,7,0,1.22361663720045,1
488,0,9.75,7,1.22361663720045,3.292661531023,1
488,0,9.75,7,3.292661531023,4.98916939778102,1
488,0,9.75,7,4.98916939778102,6.64753017355594,1
488,0,9.75,7,6.64753017355594,6.93922719666533,1
488,0,9.75,7,6.93922719666533,7.55193104052013,1
488,0,9.75,7,7.55193104052013,9.44369550760902,1
488,0,9.75,7,9.44369550760902,9.75,0
489,0,20.75,44,0,3.40163158083362,1
489,0,20.75,44,3.40163158083362,4.18835945833842,1
489,0,20.75,44,4.18835945833842,5.41024393130468,1
489,0,20.75,44,5.41024393130468,5.8022192350326,1
489,0,20.75,44,5.8022192350326,7.43372293950188,1
489,0,20.75,44,7.43372293950188,7.62547941822176,1
489,0,20.75,44,7.62547941822176,7.77409862976299,1
489,0,20.75,44,7.77409862976299,8.01881990022837,1
489,0,20.75,44,8.01881990022837,8.09834417617746,1
489,0,20.75,44,8.09834417617746,8.38434020694353,1
489,0,20.75,44,8.38434020694353,10.4011653920485,1
489,0,20.75,44,10.4011653920485,11.3227135876439,1
489,0,20.75,44,11.3227135876439,11.9428220783672,1
489,0,20.75,44,11.9428220783672,13.1397999799481,1
489,0,20.75,44,13.1397999799481,13.4667165719658,1
489,0,20.75,44,13.4667165719658,13.5205691435643,1
489,0,20.75,44,13.5205691435643,14.221757980942,1
489,0,20.75,44,14.221757980942,14.3776076546207,1
489,0,20.75,44,14.3776076546207,16.2003346535964,1
489,0,20.75,44,16.2003346535964,16.2210538609113,1
489,0,20.75,44,16.2210538609113,16.4551833521219,1
489,0,20.75,44,16.4551833521219,16.5850124642109,1
489,0,20.75,44,16.5850124642109,17.0124689398843,1
489,0,20.75,44,17.0124689398843,17.4405517650628,1
489,0,20.75,44,17.4405517650628,17.5185067008712,1
489,0,20.75,44,17.5185067008712,17.6927951874228,1
489,0,20.75,44,17.6927951874228,17.8751209568124,1
489,0,20.75,44,17.8751209568124,17.9429259272801,1
489,0,20.75,44,17.9429259272801,18.0418528748052,1
489,0,20.75,44,18.0418528748052,18.5134124272371,1
489,0,20.75,44,18.5134124272371,18.8525161454449,1
489,0,20.75,44,18.8525161454449,18.9815502167219,1
489,0,20.75,44,18.9815502167219,19.0267323165065,1
489,0,20.75,44,19.0267323165065,19.0739724017913,1
489,0,20.75,44,19.0739724017913,19.2925811352303,1
489,0,20.75,44,19.2925811352303,19.2968872329121,1
489,0,20.75,44,19.2968872329121,19.3097998708103,1
489,0,20.75,44,19.3097998708103,19.3600405385892,1
489,0,20.75,44,19.3600405385892,19.372886526579,1
489,0,20.75,44,19.372886526579,19.4823816030913,1
489,0,20.75,44,19.4823816030913,19.7097545336923,1
489,0,20.75,44,19.7097545336923,19.7403647786227,1
489,0,20.75,44,19.7403647786227,20.0507324229478,1
489,0,20.75,44,20.0507324229478,20.5037617474436,1
489,0,20.75,44,20.5037617474436,20.75,0
490,0,10.75,1,0,9.63625023801307,1
490,0,10.75,1,9.63625023801307,10.75,0
491,0,14.75,22,0,6.38858627025068,1
491,0,14.75,22,6.38858627025068,6.60012572694639,1
491,0,14.75,22,6.60012572694639,7.24315542245523,1
491,0,14.75,22,7.24315542245523,8.05305330397039,1
491,0,14.75,22,8.05305330397039,9.9763464131624,1
491,0,14.75,22,9.9763464131624,10.2400054430481,1
491,0,14.75,22,10.2400054430481,10.8463646036987,1
491,0,14.75,22,10.8463646036987,10.9105901090333,1
491,0,14.75,22,10.9105901090333,11.0951559648211,1
491,0,14.75,22,11.0951559648211,11.3926449471652,1
491,0,14.75,22,11.3926449471652,11.8474031213929,1
491,0,14.75,22,11.8474031213929,12.3937358088116,1
491,0,14.75,22,12.3937358088116,12.5017806627456,1
491,0,14.75,22,12.5017806627456,12.5069256618791,1
491,0,14.75,22,12.5069256618791,12.7001100970811,1
491,0,14.75,22,12.7001100970811,13.3398891543985,1
491,0,14.75,22,13.3398891543985,13.6127055082213,1
491,0,14.75,22,13.6127055082213,13.8940236777672,1
491,0,14.75,22,13.8940236777672,13.9072174571561,1
491,0,14.75,22,13.9072174571561,14.0780239038309,1
491,0,14.75,22,14.0780239038309,14.136923132219,1
491,0,14.75,22,14.136923132219,14.561402455498,1
491,0,14.75,22,14.561402455498,14.75,0
492,0,12.75,2,0,10.0123446903549,1
492,0,12.75,2,10.0123446903549,10.4027299371004,1
492,0,12.75,2,10.4027299371004,12.75,0
493,0,12.75,6,0,1.3487046519603,1
493,0,12.75,6,1.3487046519603,1.88922007589613,1
493,0,12.75,6,1.88922007589613,3.66158208713085,1
493,0,12.75,6,3.66158208713085,10.3199800430349,1
493,0,12.75,6,10.3199800430349,11.7941628472961,1
493,0,12.75,6,11.7941628472961,12.094653938767,1
493,0,12.75,6,12.094653938767,12.75,0
494,0,7.75,6,0,2.89868801364621,1
494,0,7.75,6,2.89868801364621,4.9670090506659,1
494,0,7.75,6,4.9670090506659,5.00265661324496,1
494,0,7.75,6,5.00265661324496,5.70299034456987,1
494,0,7.75,6,5.70299034456987,5.97771698480468,1
494,0,7.75,6,5.97771698480468,6.84074089877655,1
494,0,7.75,6,6.84074089877655,7.75,0
495,0,13.75,16,0,3.2415532874129,1
495,0,13.75,16,3.2415532874129,3.70426515940779,1
495,0,13.75,16,3.70426515940779,6.30664615596458,1
495,0,13.75,16,6.30664615596458,6.80592569572088,1
495,0,13.75,16,6.80592569572088,7.25534287976293,1
495,0,13.75,16,7.25534287976293,7.32326663735462,1
495,0,13.75,16,7.32326663735462,7.43745051134845,1
495,0,13.75,16,7.43745051134845,7.76032520057559,1
495,0,13.75,16,7.76032520057559,7.81046329081426,1
495,0,13.75,16,7.81046329081426,7.86022201747213,1
495,0,13.75,16,7.86022201747213,8.92380515394989,1
495,0,13.75,16,8.92380515394989,11.4589177018302,1
495,0,13.75,16,11.4589177018302,12.5785116428341,1
495,0,13.75,16,12.5785116428341,13.2861622226281,1
495,0,13.75,16,13.2861622226281,13.3519911244173,1
495,0,13.75,16,13.3519911244173,13.4116939677137,1
495,0,13.75,16,13.4116939677137,13.75,0
496,0,11.75,11,0,4.69083950286141,1
496,0,11.75,11,4.69083950286141,4.72328920599497,1
496,0,11.75,11,4.72328920599497,6.28373201529614,1
496,0,11.75,11,6.28373201529614,6.40371930144973,1
496,0,11.75,11,6.40371930144973,7.59452754548259,1
496,0,11.75,11,7.59452754548259,7.79116114393685,1
496,0,11.75,11,7.79116114393685,8.1473226583293,1
496,0,11.75,11,8.1473226583293,9.16113257142396,1
496,0,11.75,11,9.16113257142396,9.22533886407978,1
496,0,11.75,11,9.22533886407978,9.9711524513162,1
496,0,11.75,11,9.9711524513162,9.99553295150302,1
496,0,11.75,11,9.99553295150302,11.75,0
497,0,11.75,10,0,5.08138950982183,1
497,0,11.75,10,5.08138950982183,6.97340272455055,1
497,0,11.75,10,6.97340272455055,7.31120544888485,1
497,0,11.75,10,7.31120544888485,7.84901851204271,1
497,0,11.75,10,7.84901851204271,7.94097458109882,1
497,0,11.75,10,7.94097458109882,7.96135083894012,1
497,0,11.75,10,7.96135083894012,9.45864723173577,1
497,0,11.75,10,9.45864723173577,10.0909159574586,1
497,0,11.75,10,10.0909159574586,10.3322934795633,1
497,0,11.75,10,10.3322934795633,11.1119988358633,1
497,0,11.75,10,11.1119988358633,11.75,0
498,0,19.75,59,0,3.64124834525996,1
498,0,19.75,59,3.64124834525996,3.91166736928998,1
498,0,19.75,59,3.91166736928998,4.44336382590912,1
498,0,19.75,59,4.44336382590912,5.85261820891561,1
498,0,19.75,59,5.85261820891561,6.61237501226389,1
498,0,19.75,59,6.61237501226389,7.39492222169604,1
498,0,19.75,59,7.39492222169604,7.97025012162195,1
498,0,19.75,59,7.97025012162195,8.59231692451598,1
498,0,19.75,59,8.59231692451598,8.70516600486,1
498,0,19.75,59,8.70516600486,9.38564919622585,1
498,0,19.75,59,9.38564919622585,9.47812182047636,1
498,0,19.75,59,9.47812182047636,10.1052534793729,1
498,0,19.75,59,10.1052534793729,10.1909703894188,1
498,0,19.75,59,10.1909703894188,10.1910933117135,1
498,0,19.75,59,10.1910933117135,10.1917854799847,1
498,0,19.75,59,10.1917854799847,10.3251665321503,1
498,0,19.75,59,10.3251665321503,10.6937138391655,1
498,0,19.75,59,10.6937138391655,10.8281420743318,1
498,0,19.75,59,10.8281420743318,10.9680163400459,1
498,0,19.75,59,10.9680163400459,11.1935968906875,1
498,0,19.75,59,11.1935968906875,12.0992753634576,1
498,0,19.75,59,12.0992753634576,12.1983758299245,1
498,0,19.75,59,12.1983758299245,12.2366924673508,1
498,0,19.75,59,12.2366924673508,12.4283941011231,1
498,0,19.75,59,12.4283941011231,12.7372554865372,1
498,0,19.75,59,12.7372554865372,12.7775267477216,1
498,0,19.75,59,12.7775267477216,12.7970390375282,1
498,0,19.75,59,12.7970390375282,12.8955134073008,1
498,0,19.75,59,12.8955134073008,12.9265658224686,1
498,0,19.75,59,12.9265658224686,13.09433216993,1
498,0,19.75,59,13.09433216993,13.1476883067853,1
498,0,19.75,59,13.1476883067853,13.487601627047,1
498,0,19.75,59,13.487601627047,13.6093762375341,1
498,0,19.75,59,13.6093762375341,14.1953429949912,1
498,0,19.75,59,14.1953429949912,14.3432924078826,1
498,0,19.75,59,14.3432924078826,14.9833899396809,1
498,0,19.75,59,14.9833899396809,15.5002901488318,1
498,0,19.75,59,15.5002901488318,15.8992556251984,1
498,0,19.75,59,15.8992556251984,16.7231018038958,1
498,0,19.75,59,16.7231018038958,16.9173231796954,1
498,0,19.75,59,16.9173231796954,16.9740181821151,1
498,0,19.75,59,16.9740181821151,16.9932755835394,1
498,0,19.75,59,16.9932755835394,17.0667910739699,1
498,0,19.75,59,17.0667910739699,17.0996389204169,1
498,0,19.75,59,17.0996389204169,17.1019000427169,1
498,0,19.75,59,17.1019000427169,17.1777850248795,1
498,0,19.75,59,17.1777850248795,17.3273438033428,1
498,0,19.75,59,17.3273438033428,17.5122602310323,1
498,0,19.75,59,17.5122602310323,17.5658468237787,1
498,0,19.75,59,17.5658468237787,17.8883378364017,1
498,0,19.75,59,17.8883378364017,17.9205880154154,1
498,0,19.75,59,17.9205880154154,17.9568483545662,1
498,0,19.75,59,17.9568483545662,18.7604350072576,1
498,0,19.75,59,18.7604350072576,18.8600372360399,1
498,0,19.75,59,18.8600372360399,19.2476149406963,1
498,0,19.75,59,19.2476149406963,19.2967073433103,1
498,0,19.75,59,19.2967073433103,19.5936982440587,1
498,0,19.75,59,19.5936982440587,19.6368093291624,1
498,0,19.75,59,19.6368093291624,19.7203718113076,1
498,0,19.75,59,19.7203718113076,19.75,0
499,0,15.75,16,0,5.98190770793827,1
499,0,15.75,16,5.98190770793827,6.65389585830339,1
499,0,15.75,16,6.65389585830339,8.05118709759795,1
499,0,15.75,16,8.05118709759795,8.0567013984252,1
499,0,15.75,16,8.0567013984252,8.36180122235844,1
499,0,15.75,16,8.36180122235844,9.49398470575291,1
499,0,15.75,16,9.49398470575291,9.74303719658546,1
499,0,15.75,16,9.74303719658546,11.131239945659,1
499,0,15.75,16,11.131239945659,11.4515730443365,1
499,0,15.75,16,11.4515730443365,11.4728674610853,1
499,0,15.75,16,11.4728674610853,11.4935070315395,1
499,0,15.75,16,11.4935070315395,12.0304680479071,1
499,0,15.75,16,12.0304680479071,13.2186185741367,1
499,0,15.75,16,13.2186185741367,14.6294718200387,1
499,0,15.75,16,14.6294718200387,15.2883728987491,1
499,0,15.75,16,15.2883728987491,15.6527551504289,1
499,0,15.75,16,15.6527551504289,15.75,0
500,0,11.75,5,0,4.39681690536159,1
500,0,11.75,5,4.39681690536159,5.34641439123564,1
500,0,11.75,5,5.34641439123564,7.3948270109088,1
500,0,11.75,5,7.3948270109088,7.83992566344541,1
500,0,11.75,5,7.83992566344541,11.3914121473127,1
500,0,11.75,5,11.3914121473127,11.75,0
501,0,8.75,1,0,1.91752041332692,1
501,0,8.75,1,1.91752041332692,8.75,0
502,0,9.75,6,0,2.58755445725822,1
502,0,9.75,6,2.58755445725822,6.29066777155266,1
502,0,9.75,6,6.29066777155266,6.61308957421297,1
502,0,9.75,6,6.61308957421297,7.47038017456707,1
502,0,9.75,6,7.47038017456707,8.62788140570521,1
502,0,9.75,6,8.62788140570521,8.64833017671899,1
502,0,9.75,6,8.64833017671899,9.75,0
503,0,11.75,5,0,5.32428968155973,1
503,0,11.75,5,5.32428968155973,7.10042474146655,1
503,0,11.75,5,7.10042474146655,7.29939893760361,1
503,0,11.75,5,7.29939893760361,9.03536491999377,1
503,0,11.75,5,9.03536491999377,10.8012943743375,1
503,0,11.75,5,10.8012943743375,11.75,0
504,0,11.75,6,0,3.91418873095986,1
504,0,11.75,6,3.91418873095986,7.26206979362003,1
504,0,11.75,6,7.26206979362003,7.45116124653609,1
504,0,11.75,6,7.45116124653609,10.0722246512577,1
504,0,11.75,6,10.0722246512577,10.7646555055207,1
504,0,11.75,6,10.7646555055207,11.3300790990263,1
504,0,11.75,6,11.3300790990263,11.75,0
505,0,13.75,4,0,1.13595018613984,1
505,0,13.75,4,1.13595018613984,7.39557081465403,1
505,0,13.75,4,7.39557081465403,7.56352667549703,1
505,0,13.75,4,7.56352667549703,9.92403213098525,1
505,0,13.75,4,9.92403213098525,13.75,0
506,0,10.75,8,0,2.04836066894934,1
506,0,10.75,8,2.04836066894934,2.69997012287597,1
506,0,10.75,8,2.69997012287597,4.15758894580567,1
506,0,10.75,8,4.15758894580567,6.20169154600806,1
506,0,10.75,8,6.20169154600806,8.68998007057877,1
506,0,10.75,8,8.68998007057877,10.0727743188525,1
506,0,10.75,8,10.0727743188525,10.1422322620749,1
506,0,10.75,8,10.1422322620749,10.5156081533111,1
506,0,10.75,8,10.5156081533111,10.75,0
507,0,17.75,20,0,2.95046214607715,1
507,0,17.75,20,2.95046214607715,4.35710610628981,1
507,0,17.75,20,4.35710610628981,7.57477753971345,1
507,0,17.75,20,7.57477753971345,9.39827407891777,1
507,0,17.75,20,9.39827407891777,10.5541536916383,1
507,0,17.75,20,10.5541536916383,10.721650069609,1
507,0,17.75,20,10.721650069609,11.6734208368898,1
507,0,17.75,20,11.6734208368898,11.8955154315343,1
507,0,17.75,20,11.8955154315343,11.9007712064998,1
507,0,17.75,20,11.9007712064998,12.5299207118621,1
507,0,17.75,20,12.5299207118621,13.2227006006968,1
507,0,17.75,20,13.2227006006968,14.0053119945644,1
507,0,17.75,20,14.0053119945644,14.7057676896233,1
507,0,17.75,20,14.7057676896233,14.9272863832526,1
507,0,17.75,20,14.9272863832526,15.5876465903073,1
507,0,17.75,20,15.5876465903073,16.5002862806039,1
507,0,17.75,20,16.5002862806039,16.7664235628907,1
507,0,17.75,20,16.7664235628907,16.8302379379331,1
507,0,17.75,20,16.8302379379331,16.8582543574169,1
507,0,17.75,20,16.8582543574169,17.0435118763761,1
507,0,17.75,20,17.0435118763761,17.75,0
508,0,9.75,16,0,1.92254539791606,1
508,0,9.75,16,1.92254539791606,3.76935331097651,1
508,0,9.75,16,3.76935331097651,3.8789332141427,1
508,0,9.75,16,3.8789332141427,5.0463201059025,1
508,0,9.75,16,5.0463201059025,5.35733101358697,1
508,0,9.75,16,5.35733101358697,5.41625075722781,1
508,0,9.75,16,5.41625075722781,5.56870283833019,1
508,0,9.75,16,5.56870283833019,6.19252081042112,1
508,0,9.75,16,6.19252081042112,6.46890698234465,1
508,0,9.75,16,6.46890698234465,7.0231197447572,1
508,0,9.75,16,7.0231197447572,7.17210357700187,1
508,0,9.75,16,7.17210357700187,7.21350325714763,1
508,0,9.75,16,7.21350325714763,8.19974464855462,1
508,0,9.75,16,8.19974464855462,9.16595335115377,1
508,0,9.75,16,9.16595335115377,9.29673564313719,1
508,0,9.75,16,9.29673564313719,9.66334544379295,1
508,0,9.75,16,9.66334544379295,9.75,0
509,0,8.75,4,0,5.66189268570167,1
509,0,8.75,4,5.66189268570167,7.38707214230804,1
509,0,8.75,4,7.38707214230804,8.0717847541028,1
509,0,8.75,4,8.0717847541028,8.70512141726154,1
509,0,8.75,4,8.70512141726154,8.75,0
510,0,12.75,7,0,5.56473147031852,1
510,0,12.75,7,5.56473147031852,5.64977150983511,1
510,0,12.75,7,5.64977150983511,6.72745719069183,1
510,0,12.75,7,6.72745719069183,6.90003981040011,1
510,0,12.75,7,6.90003981040011,7.92610791514949,1
510,0,12.75,7,7.92610791514949,10.0216355975841,1
510,0,12.75,7,10.0216355975841,12.2487073942602,1
510,0,12.75,7,12.2487073942602,12.75,0
511,0,13.75,16,0,1.65957477509119,1
511,0,13.75,16,1.65957477509119,3.73231836654144,1
511,0,13.75,16,3.73231836654144,4.59838530742338,1
511,0,13.75,16,4.59838530742338,4.80256981814122,1
511,0,13.75,16,4.80256981814122,4.96224278418103,1
511,0,13.75,16,4.96224278418103,6.44232817659837,1
511,0,13.75,16,6.44232817659837,8.51891865558173,1
511,0,13.75,16,8.51891865558173,10.7828942878687,1
511,0,13.75,16,10.7828942878687,11.7145824174266,1
511,0,13.75,16,11.7145824174266,11.753380499371,1
511,0,13.75,16,11.753380499371,12.410696007936,1
511,0,13.75,16,12.410696007936,12.4321902578219,1
511,0,13.75,16,12.4321902578219,12.8514880081603,1
511,0,13.75,16,12.8514880081603,13.0736568146489,1
511,0,13.75,16,13.0736568146489,13.3296581649628,1
511,0,13.75,16,13.3296581649628,13.6595229745685,1
511,0,13.75,16,13.6595229745685,13.75,0
512,0,12.75,10,0,3.80040186262242,1
512,0,12.75,10,3.80040186262242,4.19655657099868,1
512,0,12.75,10,4.19655657099868,4.50730220087217,1
512,0,12.75,10,4.50730220087217,6.58323296939294,1
512,0,12.75,10,6.58323296939294,7.36093290081558,1
512,0,12.75,10,7.36093290081558,10.5756554886159,1
512,0,12.75,10,10.5756554886159,11.5110238202963,1
512,0,12.75,10,11.5110238202963,12.4740576245717,1
512,0,12.75,10,12.4740576245717,12.5384533267548,1
512,0,12.75,10,12.5384533267548,12.6354909747407,1
512,0,12.75,10,12.6354909747407,12.75,0
513,0,19.75,19,0,3.15062506567581,1
513,0,19.75,19,3.15062506567581,4.15977682953491,1
513,0,19.75,19,4.15977682953491,7.1276388221151,1
513,0,19.75,19,7.1276388221151,9.4949426013563,1
513,0,19.75,19,9.4949426013563,10.2171586434311,1
513,0,19.75,19,10.2171586434311,12.0090589648594,1
513,0,19.75,19,12.0090589648594,12.283242111547,1
513,0,19.75,19,12.283242111547,12.9605636346293,1
513,0,19.75,19,12.9605636346293,13.9705147418283,1
513,0,19.75,19,13.9705147418283,14.6245205743829,1
513,0,19.75,19,14.6245205743829,14.6544007610134,1
513,0,19.75,19,14.6544007610134,15.1968667619645,1
513,0,19.75,19,15.1968667619645,15.5910688848979,1
513,0,19.75,19,15.5910688848979,15.5911496050945,1
513,0,19.75,19,15.5911496050945,16.1865778417715,1
513,0,19.75,19,16.1865778417715,17.935415563078,1
513,0,19.75,19,17.935415563078,19.1548395909114,1
513,0,19.75,19,19.1548395909114,19.2603059280559,1
513,0,19.75,19,19.2603059280559,19.4061626456774,1
513,0,19.75,19,19.4061626456774,19.75,0
514,0,9.75,3,0,3.10483967674609,1
514,0,9.75,3,3.10483967674609,7.33682906405964,1
514,0,9.75,3,7.33682906405964,8.76624815964287,1
514,0,9.75,3,8.76624815964287,9.75,0
515,0,10.75,11,0,3.51822328284537,1
515,0,10.75,11,3.51822328284537,3.90649598647809,1
515,0,10.75,11,3.90649598647809,5.4475150868883,1
515,0,10.75,11,5.4475150868883,5.5481598498263,1
515,0,10.75,11,5.5481598498263,5.5929775489929,1
515,0,10.75,11,5.5929775489929,6.46549656072117,1
515,0,10.75,11,6.46549656072117,7.03886469560065,1
515,0,10.75,11,7.03886469560065,7.70671444508779,1
515,0,10.75,11,7.70671444508779,8.35553015235154,1
515,0,10.75,11,8.35553015235154,9.9693739547864,1
515,0,10.75,11,9.9693739547864,10.2198576408245,1
515,0,10.75,11,10.2198576408245,10.75,0
516,0,14.75,10,0,4.8919313056539,1
516,0,14.75,10,4.8919313056539,6.38587799991273,1
516,0,14.75,10,6.38587799991273,8.2194379824158,1
516,0,14.75,10,8.2194379824158,9.04705860514535,1
516,0,14.75,10,9.04705860514535,9.93879579222348,1
516,0,14.75,10,9.93879579222348,10.6596030011083,1
516,0,14.75,10,10.6596030011083,11.050233819741,1
516,0,14.75,10,11.050233819741,12.1931249741649,1
516,0,14.75,10,12.1931249741649,13.7834440788586,1
516,0,14.75,10,13.7834440788586,14.4398141027484,1
516,0,14.75,10,14.4398141027484,14.75,0
517,0,10.75,18,0,1.93459772080671,1
517,0,10.75,18,1.93459772080671,2.14201680986237,1
517,0,10.75,18,2.14201680986237,2.21339577989836,1
517,0,10.75,18,2.21339577989836,3.07183870704503,1
517,0,10.75,18,3.07183870704503,3.80022480438217,1
517,0,10.75,18,3.80022480438217,4.50275801457106,1
517,0,10.75,18,4.50275801457106,4.96467504940413,1
517,0,10.75,18,4.96467504940413,5.34228034313327,1
517,0,10.75,18,5.34228034313327,5.75795958080511,1
517,0,10.75,18,5.75795958080511,5.95582374191528,1
517,0,10.75,18,5.95582374191528,5.9717432606862,1
517,0,10.75,18,5.9717432606862,6.63624043093023,1
517,0,10.75,18,6.63624043093023,7.05231360838237,1
517,0,10.75,18,7.05231360838237,8.67373960873337,1
517,0,10.75,18,8.67373960873337,8.88322949242295,1
517,0,10.75,18,8.88322949242295,9.09136462886057,1
517,0,10.75,18,9.09136462886057,10.1419295518718,1
517,0,10.75,18,10.1419295518718,10.4474809760732,1
517,0,10.75,18,10.4474809760732,10.75,0
518,0,14.75,6,0,3.23392291839299,1
518,0,14.75,6,3.23392291839299,6.72331985074869,1
518,0,14.75,6,6.72331985074869,11.2453563715883,1
518,0,14.75,6,11.2453563715883,13.0252826478723,1
518,0,14.75,6,13.0252826478723,13.388796936093,1
518,0,14.75,6,13.388796936093,13.9166420731492,1
518,0,14.75,6,13.9166420731492,14.75,0
519,0,9.75,9,0,3.00485081840581,1
519,0,9.75,9,3.00485081840581,3.1636361793564,1
519,0,9.75,9,3.1636361793564,5.82255569186986,1
519,0,9.75,9,5.82255569186986,6.16905082380922,1
519,0,9.75,9,6.16905082380922,7.26322942718602,1
519,0,9.75,9,7.26322942718602,7.88410234131197,1
519,0,9.75,9,7.88410234131197,8.20640557677649,1
519,0,9.75,9,8.20640557677649,9.6338382581744,1
519,0,9.75,9,9.6338382581744,9.65779020580635,1
519,0,9.75,9,9.65779020580635,9.75,0
520,0,7.75,6,0,4.50627686022054,1
520,0,7.75,6,4.50627686022054,5.20764838677726,1
520,0,7.75,6,5.20764838677726,5.95189802679753,1
520,0,7.75,6,5.95189802679753,6.3298147062685,1
520,0,7.75,6,6.3298147062685,6.95711767512298,1
520,0,7.75,6,6.95711767512298,7.46045776054733,1
520,0,7.75,6,7.46045776054733,7.75,0
521,0,14.75,12,0,3.9474931722767,1
521,0,14.75,12,3.9474931722767,4.46579360489427,1
521,0,14.75,12,4.46579360489427,8.364422605755,1
521,0,14.75,12,8.364422605755,8.86155795582928,1
521,0,14.75,12,8.86155795582928,11.5218509949505,1
521,0,14.75,12,11.5218509949505,11.6200173188605,1
521,0,14.75,12,11.6200173188605,11.7456529635689,1
521,0,14.75,12,11.7456529635689,11.7697446254587,1
521,0,14.75,12,11.7697446254587,12.068258535225,1
521,0,14.75,12,12.068258535225,12.5045919388031,1
521,0,14.75,12,12.5045919388031,12.7638671744589,1
521,0,14.75,12,12.7638671744589,13.5917761930135,1
521,0,14.75,12,13.5917761930135,14.75,0
522,0,17.75,14,0,3.93339509311826,1
522,0,17.75,14,3.93339509311826,7.20875363595832,1
522,0,17.75,14,7.20875363595832,7.87079936259613,1
522,0,17.75,14,7.87079936259613,7.91531350941089,1
522,0,17.75,14,7.91531350941089,8.75100806079754,1
522,0,17.75,14,8.75100806079754,10.3927293469066,1
522,0,17.75,14,10.3927293469066,10.7775769537268,1
522,0,17.75,14,10.7775769537268,10.7932284782463,1
522,0,17.75,14,10.7932284782463,10.8777633966009,1
522,0,17.75,14,10.8777633966009,10.9250554140447,1
522,0,17.75,14,10.9250554140447,12.9866083859794,1
522,0,17.75,14,12.9866083859794,13.6691547771626,1
522,0,17.75,14,13.6691547771626,15.7264251778207,1
522,0,17.75,14,15.7264251778207,15.9882071897476,1
522,0,17.75,14,15.9882071897476,17.75,0
523,0,12.75,17,0,2.75427531504036,1
523,0,12.75,17,2.75427531504036,2.91260953439227,1
523,0,12.75,17,2.91260953439227,5.38830498627686,1
523,0,12.75,17,5.38830498627686,5.9659300029175,1
523,0,12.75,17,5.9659300029175,6.7287007312312,1
523,0,12.75,17,6.7287007312312,7.76087460839962,1
523,0,12.75,17,7.76087460839962,8.06565355793679,1
523,0,12.75,17,8.06565355793679,8.57174189239752,1
523,0,12.75,17,8.57174189239752,9.12664664262327,1
523,0,12.75,17,9.12664664262327,9.18866495153354,1
523,0,12.75,17,9.18866495153354,10.4134751470397,1
523,0,12.75,17,10.4134751470397,10.7259674853433,1
523,0,12.75,17,10.7259674853433,10.8324452978295,1
523,0,12.75,17,10.8324452978295,11.2020840431991,1
523,0,12.75,17,11.2020840431991,11.9020910229335,1
523,0,12.75,17,11.9020910229335,12.1388350117806,1
523,0,12.75,17,12.1388350117806,12.3692669032154,1
523,0,12.75,17,12.3692669032154,12.75,0
524,0,16.75,16,0,3.47198451531417,1
524,0,16.75,16,3.47198451531417,4.03528209930507,1
524,0,16.75,16,4.03528209930507,5.40507619269688,1
524,0,16.75,16,5.40507619269688,6.1975990368614,1
524,0,16.75,16,6.1975990368614,9.45242534782654,1
524,0,16.75,16,9.45242534782654,9.63049522787225,1
524,0,16.75,16,9.63049522787225,9.96391701194252,1
524,0,16.75,16,9.96391701194252,9.99301531576668,1
524,0,16.75,16,9.99301531576668,10.2275789232818,1
524,0,16.75,16,10.2275789232818,12.1608829871915,1
524,0,16.75,16,12.1608829871915,13.5314320647325,1
524,0,16.75,16,13.5314320647325,13.9333905836276,1
524,0,16.75,16,13.9333905836276,14.0401678759775,1
524,0,16.75,16,14.0401678759775,14.6419142015537,1
524,0,16.75,16,14.6419142015537,16.0685748358502,1
524,0,16.75,16,16.0685748358502,16.682018490781,1
524,0,16.75,16,16.682018490781,16.75,0
525,0,12.75,2,0,5.69737238434226,1
525,0,12.75,2,5.69737238434226,6.89386802905734,1
525,0,12.75,2,6.89386802905734,12.75,0
526,0,16.75,22,0,3.87847135669736,1
526,0,16.75,22,3.87847135669736,4.7770468156072,1
526,0,16.75,22,4.7770468156072,6.43546702488674,1
526,0,16.75,22,6.43546702488674,6.46976275472032,1
526,0,16.75,22,6.46976275472032,7.8307195646664,1
526,0,16.75,22,7.8307195646664,9.45313275280083,1
526,0,16.75,22,9.45313275280083,9.80176212713718,1
526,0,16.75,22,9.80176212713718,10.8504454069373,1
526,0,16.75,22,10.8504454069373,11.2065973102126,1
526,0,16.75,22,11.2065973102126,12.5317415581151,1
526,0,16.75,22,12.5317415581151,12.7505755446964,1
526,0,16.75,22,12.7505755446964,12.809583978837,1
526,0,16.75,22,12.809583978837,12.8648088704215,1
526,0,16.75,22,12.8648088704215,13.5904582558043,1
526,0,16.75,22,13.5904582558043,13.5946723624907,1
526,0,16.75,22,13.5946723624907,13.7047388933304,1
526,0,16.75,22,13.7047388933304,14.2914318112206,1
526,0,16.75,22,14.2914318112206,14.6537077424935,1
526,0,16.75,22,14.6537077424935,15.3354327693789,1
526,0,16.75,22,15.3354327693789,15.6950073986134,1
526,0,16.75,22,15.6950073986134,16.6182218817407,1
526,0,16.75,22,16.6182218817407,16.6802270895799,1
526,0,16.75,22,16.6802270895799,16.75,0
527,0,19.75,25,0,3.01616264947133,1
527,0,19.75,25,3.01616264947133,3.01784528804942,1
527,0,19.75,25,3.01784528804942,4.04267408116267,1
527,0,19.75,25,4.04267408116267,5.35678755783171,1
527,0,19.75,25,5.35678755783171,6.17420629694326,1
527,0,19.75,25,6.17420629694326,6.49737361112521,1
527,0,19.75,25,6.49737361112521,8.98850630347638,1
527,0,19.75,25,8.98850630347638,11.0519385169311,1
527,0,19.75,25,11.0519385169311,11.2672555634652,1
527,0,19.75,25,11.2672555634652,11.8963737022846,1
527,0,19.75,25,11.8963737022846,12.1553257732973,1
527,0,19.75,25,12.1553257732973,12.3655919795319,1
527,0,19.75,25,12.3655919795319,12.7947850893411,1
527,0,19.75,25,12.7947850893411,13.1454882188848,1
527,0,19.75,25,13.1454882188848,13.4499076171458,1
527,0,19.75,25,13.4499076171458,14.8539142448358,1
527,0,19.75,25,14.8539142448358,15.0944933394865,1
527,0,19.75,25,15.0944933394865,16.1506939995704,1
527,0,19.75,25,16.1506939995704,16.8404775502576,1
527,0,19.75,25,16.8404775502576,17.2069404006519,1
527,0,19.75,25,17.2069404006519,17.6552250903983,1
527,0,19.75,25,17.6552250903983,18.5538692007584,1
527,0,19.75,25,18.5538692007584,18.6221838019301,1
527,0,19.75,25,18.6221838019301,19.6261659990318,1
527,0,19.75,25,19.6261659990318,19.7027490373842,1
527,0,19.75,25,19.7027490373842,19.75,0
528,0,10.75,9,0,1.6885862664171,1
528,0,10.75,9,1.6885862664171,5.93212529548131,1
528,0,10.75,9,5.93212529548131,6.69433223507017,1
528,0,10.75,9,6.69433223507017,6.86383448866499,1
528,0,10.75,9,6.86383448866499,6.97683221622996,1
528,0,10.75,9,6.97683221622996,8.5299102312376,1
528,0,10.75,9,8.5299102312376,9.7329263204934,1
528,0,10.75,9,9.7329263204934,9.91786139620475,1
528,0,10.75,9,9.91786139620475,10.5990752927241,1
528,0,10.75,9,10.5990752927241,10.75,0
529,0,14.75,6,0,6.48573669100941,1
529,0,14.75,6,6.48573669100941,8.43948933404742,1
529,0,14.75,6,8.43948933404742,13.1073999986499,1
529,0,14.75,6,13.1073999986499,13.2321968549718,1
529,0,14.75,6,13.2321968549718,13.5998823664526,1
529,0,14.75,6,13.5998823664526,13.7593511581829,1
529,0,14.75,6,13.7593511581829,14.75,0
530,0,16.75,17,0,2.51002145948583,1
530,0,16.75,17,2.51002145948583,2.66042755230437,1
530,0,16.75,17,2.66042755230437,4.67563473863656,1
530,0,16.75,17,4.67563473863656,5.0846706904284,1
530,0,16.75,17,5.0846706904284,9.26664793012109,1
530,0,16.75,17,9.26664793012109,9.3784243200119,1
530,0,16.75,17,9.3784243200119,9.38034602029867,1
530,0,16.75,17,9.38034602029867,9.44732812294966,1
530,0,16.75,17,9.44732812294966,10.4373081386243,1
530,0,16.75,17,10.4373081386243,10.7618629714637,1
530,0,16.75,17,10.7618629714637,11.0500072461071,1
530,0,16.75,17,11.0500072461071,12.1064548364424,1
530,0,16.75,17,12.1064548364424,13.1501717421485,1
530,0,16.75,17,13.1501717421485,14.5360002370807,1
530,0,16.75,17,14.5360002370807,14.5549036757809,1
530,0,16.75,17,14.5549036757809,15.5526398721451,1
530,0,16.75,17,15.5526398721451,15.9288203363923,1
530,0,16.75,17,15.9288203363923,16.75,0
531,0,9.75,3,0,7.13822844814695,1
531,0,9.75,3,7.13822844814695,7.58141288482597,1
531,0,9.75,3,7.58141288482597,9.42535690112577,1
531,0,9.75,3,9.42535690112577,9.75,0
532,0,17.75,7,0,4.04434349651919,1
532,0,17.75,7,4.04434349651919,4.33260004232899,1
532,0,17.75,7,4.33260004232899,4.41025811194895,1
532,0,17.75,7,4.41025811194895,7.2599531773877,1
532,0,17.75,7,7.2599531773877,7.3807222431266,1
532,0,17.75,7,7.3807222431266,15.6955604366896,1
532,0,17.75,7,15.6955604366896,17.2179346424218,1
532,0,17.75,7,17.2179346424218,17.75,0
533,0,9.75,3,0,1.45764112742572,1
533,0,9.75,3,1.45764112742572,4.29582200126961,1
533,0,9.75,3,4.29582200126961,8.49534664454224,1
533,0,9.75,3,8.49534664454224,9.75,0
534,0,15.75,24,0,2.30103977369625,1
534,0,15.75,24,2.30103977369625,2.44198610570511,1
534,0,15.75,24,2.44198610570511,5.35301198904846,1
534,0,15.75,24,5.35301198904846,5.53783412824457,1
534,0,15.75,24,5.53783412824457,7.29549721417957,1
534,0,15.75,24,7.29549721417957,8.10476725397733,1
534,0,15.75,24,8.10476725397733,8.45740936356968,1
534,0,15.75,24,8.45740936356968,9.9212555068284,1
534,0,15.75,24,9.9212555068284,10.5028343728623,1
534,0,15.75,24,10.5028343728623,11.007801420716,1
534,0,15.75,24,11.007801420716,11.0822423407771,1
534,0,15.75,24,11.0822423407771,11.4492368240057,1
534,0,15.75,24,11.4492368240057,11.5731835673232,1
534,0,15.75,24,11.5731835673232,12.1694113399249,1
534,0,15.75,24,12.1694113399249,13.4125753644252,1
534,0,15.75,24,13.4125753644252,13.5705670475432,1
534,0,15.75,24,13.5705670475432,13.8577526899431,1
534,0,15.75,24,13.8577526899431,13.9174460740561,1
534,0,15.75,24,13.9174460740561,14.5697117238318,1
534,0,15.75,24,14.5697117238318,14.8219848079897,1
534,0,15.75,24,14.8219848079897,15.053211571581,1
534,0,15.75,24,15.053211571581,15.2800301005644,1
534,0,15.75,24,15.2800301005644,15.3998659083437,1
534,0,15.75,24,15.3998659083437,15.5740982241234,1
534,0,15.75,24,15.5740982241234,15.75,0
535,0,16.75,17,0,6.37569771124672,1
535,0,16.75,17,6.37569771124672,6.53255690987865,1
535,0,16.75,17,6.53255690987865,8.8896130255025,1
535,0,16.75,17,8.8896130255025,9.56816726802303,1
535,0,16.75,17,9.56816726802303,10.0798647715057,1
535,0,16.75,17,10.0798647715057,10.4464303903376,1
535,0,16.75,17,10.4464303903376,10.464645675486,1
535,0,16.75,17,10.464645675486,11.4087105367981,1
535,0,16.75,17,11.4087105367981,11.7603782711663,1
535,0,16.75,17,11.7603782711663,13.0412700896917,1
535,0,16.75,17,13.0412700896917,13.2195557103777,1
535,0,16.75,17,13.2195557103777,13.7314228170974,1
535,0,16.75,17,13.7314228170974,14.7882726823461,1
535,0,16.75,17,14.7882726823461,15.5211618569077,1
535,0,16.75,17,15.5211618569077,15.9705675552204,1
535,0,16.75,17,15.9705675552204,16.1492851140547,1
535,0,16.75,17,16.1492851140547,16.6173264165205,1
535,0,16.75,17,16.6173264165205,16.75,0
536,0,13.75,5,0,4.515220884821,1
536,0,13.75,5,4.515220884821,5.3169298227398,1
536,0,13.75,5,5.3169298227398,9.57211523497118,1
536,0,13.75,5,9.57211523497118,10.4372018124568,1
536,0,13.75,5,10.4372018124568,11.2654720857055,1
536,0,13.75,5,11.2654720857055,13.75,0
537,0,11.75,6,0,3.91940141817749,1
537,0,11.75,6,3.91940141817749,6.43516100391238,1
537,0,11.75,6,6.43516100391238,8.05083431246249,1
537,0,11.75,6,8.05083431246249,10.8756522816577,1
537,0,11.75,6,10.8756522816577,11.0309711690491,1
537,0,11.75,6,11.0309711690491,11.6095875502644,1
537,0,11.75,6,11.6095875502644,11.75,0
538,0,11.75,17,0,1.20607361458322,1
538,0,11.75,17,1.20607361458322,1.48922245430207,1
538,0,11.75,17,1.48922245430207,3.13190885352732,1
538,0,11.75,17,3.13190885352732,4.74212368746365,1
538,0,11.75,17,4.74212368746365,5.1341111554329,1
538,0,11.75,17,5.1341111554329,5.38513792595875,1
538,0,11.75,17,5.38513792595875,7.12201708840182,1
538,0,11.75,17,7.12201708840182,8.02440600779994,1
538,0,11.75,17,8.02440600779994,8.46322463710859,1
538,0,11.75,17,8.46322463710859,8.67810481421406,1
538,0,11.75,17,8.67810481421406,8.69345534270564,1
538,0,11.75,17,8.69345534270564,9.54723847710569,1
538,0,11.75,17,9.54723847710569,10.0555260003857,1
538,0,11.75,17,10.0555260003857,10.8236223586642,1
538,0,11.75,17,10.8236223586642,10.8640523078561,1
538,0,11.75,17,10.8640523078561,11.6201567543317,1
538,0,11.75,17,11.6201567543317,11.6592041010295,1
538,0,11.75,17,11.6592041010295,11.75,0
539,0,11.75,6,0,5.5601606877018,1
539,0,11.75,6,5.5601606877018,7.47675727925355,1
539,0,11.75,6,7.47675727925355,7.86672676833317,1
539,0,11.75,6,7.86672676833317,10.9703102632063,1
539,0,11.75,6,10.9703102632063,11.1834016899588,1
539,0,11.75,6,11.1834016899588,11.4631809608917,1
539,0,11.75,6,11.4631809608917,11.75,0
540,0,16.75,22,0,2.89553775591197,1
540,0,16.75,22,2.89553775591197,6.68721859869757,1
540,0,16.75,22,6.68721859869757,7.18248850905143,1
540,0,16.75,22,7.18248850905143,7.3623173744729,1
540,0,16.75,22,7.3623173744729,7.6739436392956,1
540,0,16.75,22,7.6739436392956,9.18533014538984,1
540,0,16.75,22,9.18533014538984,9.40216729369023,1
540,0,16.75,22,9.40216729369023,9.77960011332674,1
540,0,16.75,22,9.77960011332674,11.043097769642,1
540,0,16.75,22,11.043097769642,12.0404439992668,1
540,0,16.75,22,12.0404439992668,12.07451206427,1
540,0,16.75,22,12.07451206427,12.2904337462798,1
540,0,16.75,22,12.2904337462798,12.6814217882662,1
540,0,16.75,22,12.6814217882662,12.988624319251,1
540,0,16.75,22,12.988624319251,14.0236369324997,1
540,0,16.75,22,14.0236369324997,14.2819304407494,1
540,0,16.75,22,14.2819304407494,14.3453926814626,1
540,0,16.75,22,14.3453926814626,14.4385265449728,1
540,0,16.75,22,14.4385265449728,14.8953579090154,1
540,0,16.75,22,14.8953579090154,15.4796296579884,1
540,0,16.75,22,15.4796296579884,16.2141964396838,1
540,0,16.75,22,16.2141964396838,16.6407419375115,1
540,0,16.75,22,16.6407419375115,16.75,0
541,0,15.75,30,0,2.88046697805467,1
541,0,15.75,30,2.88046697805467,3.6602458070539,1
541,0,15.75,30,3.6602458070539,4.11063455432647,1
541,0,15.75,30,4.11063455432647,4.8427507142441,1
541,0,15.75,30,4.8427507142441,5.14373620360561,1
541,0,15.75,30,5.14373620360561,5.89368793781034,1
541,0,15.75,30,5.89368793781034,6.34805126350695,1
541,0,15.75,30,6.34805126350695,6.609437748591,1
541,0,15.75,30,6.609437748591,8.82458146169126,1
541,0,15.75,30,8.82458146169126,9.15100352884552,1
541,0,15.75,30,9.15100352884552,9.17850383842107,1
541,0,15.75,30,9.17850383842107,9.47350523418586,1
541,0,15.75,30,9.47350523418586,10.1898330186356,1
541,0,15.75,30,10.1898330186356,10.2872643714864,1
541,0,15.75,30,10.2872643714864,10.5405039388994,1
541,0,15.75,30,10.5405039388994,11.1294720679369,1
541,0,15.75,30,11.1294720679369,11.6496069085928,1
541,0,15.75,30,11.6496069085928,12.3345109787958,1
541,0,15.75,30,12.3345109787958,12.6017950685096,1
541,0,15.75,30,12.6017950685096,13.3509089797107,1
541,0,15.75,30,13.3509089797107,13.6141015794651,1
541,0,15.75,30,13.6141015794651,13.8676627615751,1
541,0,15.75,30,13.8676627615751,13.9846056266802,1
541,0,15.75,30,13.9846056266802,14.1880663638988,1
541,0,15.75,30,14.1880663638988,14.6764972299233,1
541,0,15.75,30,14.6764972299233,15.0146858706197,1
541,0,15.75,30,15.0146858706197,15.1754543438885,1
541,0,15.75,30,15.1754543438885,15.3109457583208,1
541,0,15.75,30,15.3109457583208,15.3760284763786,1
541,0,15.75,30,15.3760284763786,15.7164440474173,1
541,0,15.75,30,15.7164440474173,15.75,0
542,0,17.75,13,0,4.73951786571159,1
542,0,17.75,13,4.73951786571159,4.79916410097951,1
542,0,17.75,13,4.79916410097951,6.00229843912434,1
542,0,17.75,13,6.00229843912434,9.10945216049453,1
542,0,17.75,13,9.10945216049453,10.0979708178873,1
542,0,17.75,13,10.0979708178873,11.2314002485281,1
542,0,17.75,13,11.2314002485281,11.8927317300256,1
542,0,17.75,13,11.8927317300256,12.4624243373874,1
542,0,17.75,13,12.4624243373874,12.7638701273287,1
542,0,17.75,13,12.7638701273287,14.0541562941323,1
542,0,17.75,13,14.0541562941323,15.0099314642141,1
542,0,17.75,13,15.0099314642141,15.5386909351182,1
542,0,17.75,13,15.5386909351182,17.6973086806877,1
542,0,17.75,13,17.6973086806877,17.75,0
543,0,19.75,23,0,1.83332227175509,1
543,0,19.75,23,1.83332227175509,2.99773615008247,1
543,0,19.75,23,2.99773615008247,4.04358738072106,1
543,0,19.75,23,4.04358738072106,6.5995210753417,1
543,0,19.75,23,6.5995210753417,8.51353120026392,1
543,0,19.75,23,8.51353120026392,8.66656147641423,1
543,0,19.75,23,8.66656147641423,9.5335782064285,1
543,0,19.75,23,9.5335782064285,10.7950054751237,1
543,0,19.75,23,10.7950054751237,11.0921286216698,1
543,0,19.75,23,11.0921286216698,13.3528331581188,1
543,0,19.75,23,13.3528331581188,13.5638001970673,1
543,0,19.75,23,13.5638001970673,13.9049932188285,1
543,0,19.75,23,13.9049932188285,14.4722052294711,1
543,0,19.75,23,14.4722052294711,14.9037327490943,1
543,0,19.75,23,14.9037327490943,15.2215891328081,1
543,0,19.75,23,15.2215891328081,15.6520542329187,1
543,0,19.75,23,15.6520542329187,15.8478244044578,1
543,0,19.75,23,15.8478244044578,17.2222854905661,1
543,0,19.75,23,17.2222854905661,18.0857191593794,1
543,0,19.75,23,18.0857191593794,18.2002546893077,1
543,0,19.75,23,18.2002546893077,18.2386268615046,1
543,0,19.75,23,18.2386268615046,18.941763402832,1
543,0,19.75,23,18.941763402832,19.2305332186489,1
543,0,19.75,23,19.2305332186489,19.75,0
544,0,11.75,9,0,3.86127944032698,1
544,0,11.75,9,3.86127944032698,6.107634851619,1
544,0,11.75,9,6.107634851619,7.20128857238921,1
544,0,11.75,9,7.20128857238921,7.22194889357052,1
544,0,11.75,9,7.22194889357052,8.56041717904806,1
544,0,11.75,9,8.56041717904806,9.27233061433973,1
544,0,11.75,9,9.27233061433973,11.3085100424378,1
544,0,11.75,9,11.3085100424378,11.4348467366461,1
544,0,11.75,9,11.4348467366461,11.6026150164657,1
544,0,11.75,9,11.6026150164657,11.75,0
545,0,8.75,3,0,0.772661688868533,1
545,0,8.75,3,0.772661688868533,3.82543545032047,1
545,0,8.75,3,3.82543545032047,7.06444308013328,1
545,0,8.75,3,7.06444308013328,8.75,0
546,0,15.75,10,0,2.43354998004052,1
546,0,15.75,10,2.43354998004052,3.5238976360527,1
546,0,15.75,10,3.5238976360527,4.26001621548898,1
546,0,15.75,10,4.26001621548898,7.37369726072237,1
546,0,15.75,10,7.37369726072237,8.23429095842075,1
546,0,15.75,10,8.23429095842075,11.1038527446928,1
546,0,15.75,10,11.1038527446928,11.5066363949659,1
546,0,15.75,10,11.5066363949659,13.3217135077445,1
546,0,15.75,10,13.3217135077445,13.3768380789742,1
546,0,15.75,10,13.3768380789742,14.2495179603229,1
546,0,15.75,10,14.2495179603229,15.75,0
547,0,15.75,17,0,5.46082906482022,1
547,0,15.75,17,5.46082906482022,6.33132761328533,1
547,0,15.75,17,6.33132761328533,8.88336656094699,1
547,0,15.75,17,8.88336656094699,9.75610345653122,1
547,0,15.75,17,9.75610345653122,9.9096298446736,1
547,0,15.75,17,9.9096298446736,10.1359022769515,1
547,0,15.75,17,10.1359022769515,10.8028328438659,1
547,0,15.75,17,10.8028328438659,11.4286849667061,1
547,0,15.75,17,11.4286849667061,11.5311098713091,1
547,0,15.75,17,11.5311098713091,11.7429966821813,1
547,0,15.75,17,11.7429966821813,12.6194186938736,1
547,0,15.75,17,12.6194186938736,13.1998756601516,1
547,0,15.75,17,13.1998756601516,13.4644763049803,1
547,0,15.75,17,13.4644763049803,13.8828586992732,1
547,0,15.75,17,13.8828586992732,14.701693512339,1
547,0,15.75,17,14.701693512339,15.2236475227258,1
547,0,15.75,17,15.2236475227258,15.2267166653737,1
547,0,15.75,17,15.2267166653737,15.75,0
548,0,19.75,3,0,6.57249264966213,1
548,0,19.75,3,6.57249264966213,17.8704518475139,1
548,0,19.75,3,17.8704518475139,17.9410907230363,1
548,0,19.75,3,17.9410907230363,19.75,0
549,0,15.75,7,0,9.05946068160929,1
549,0,15.75,7,9.05946068160929,9.40153707564776,1
549,0,15.75,7,9.40153707564776,12.2767189017817,1
549,0,15.75,7,12.2767189017817,14.6569931372156,1
549,0,15.75,7,14.6569931372156,15.0982776027331,1
549,0,15.75,7,15.0982776027331,15.5056713913645,1
549,0,15.75,7,15.5056713913645,15.6712113606537,1
549,0,15.75,7,15.6712113606537,15.75,0
550,0,12.75,9,0,3.52892867090521,1
550,0,12.75,9,3.52892867090521,4.03933967243299,1
550,0,12.75,9,4.03933967243299,4.82471419043754,1
550,0,12.75,9,4.82471419043754,7.20209717212531,1
550,0,12.75,9,7.20209717212531,8.71048172709233,1
550,0,12.75,9,8.71048172709233,8.96250132142798,1
550,0,12.75,9,8.96250132142798,10.6528267407648,1
550,0,12.75,9,10.6528267407648,10.932548087565,1
550,0,12.75,9,10.932548087565,11.5247813984375,1
550,0,12.75,9,11.5247813984375,12.75,0
551,0,17.75,49,0,2.22838954738086,1
551,0,17.75,49,2.22838954738086,3.81917438880421,1
551,0,17.75,49,3.81917438880421,4.14507349212852,1
551,0,17.75,49,4.14507349212852,5.67308753064693,1
551,0,17.75,49,5.67308753064693,6.7893457900791,1
551,0,17.75,49,6.7893457900791,6.8893613858444,1
551,0,17.75,49,6.8893613858444,8.2824001617237,1
551,0,17.75,49,8.2824001617237,8.829331051875,1
551,0,17.75,49,8.829331051875,9.17103323569331,1
551,0,17.75,49,9.17103323569331,9.58167929879244,1
551,0,17.75,49,9.58167929879244,10.3078847891668,1
551,0,17.75,49,10.3078847891668,10.6977944995669,1
551,0,17.75,49,10.6977944995669,11.384033125636,1
551,0,17.75,49,11.384033125636,11.3955563146491,1
551,0,17.75,49,11.3955563146491,12.0138661041865,1
551,0,17.75,49,12.0138661041865,12.0713032886764,1
551,0,17.75,49,12.0713032886764,12.5195679897644,1
551,0,17.75,49,12.5195679897644,12.68030559022,1
551,0,17.75,49,12.68030559022,12.9170004807602,1
551,0,17.75,49,12.9170004807602,13.1511130447162,1
551,0,17.75,49,13.1511130447162,13.3004798106038,1
551,0,17.75,49,13.3004798106038,13.501327189748,1
551,0,17.75,49,13.501327189748,13.6539359241403,1
551,0,17.75,49,13.6539359241403,13.7699776285736,1
551,0,17.75,49,13.7699776285736,13.9206022794278,1
551,0,17.75,49,13.9206022794278,14.0167348993457,1
551,0,17.75,49,14.0167348993457,14.1501654635701,1
551,0,17.75,49,14.1501654635701,14.3858744623179,1
551,0,17.75,49,14.3858744623179,14.5861138598273,1
551,0,17.75,49,14.5861138598273,14.6351684480349,1
551,0,17.75,49,14.6351684480349,14.6484083496539,1
551,0,17.75,49,14.6484083496539,14.699380972248,1
551,0,17.75,49,14.699380972248,14.7913867323325,1
551,0,17.75,49,14.7913867323325,14.9072307255373,1
551,0,17.75,49,14.9072307255373,15.046348017254,1
551,0,17.75,49,15.046348017254,15.1285803647023,1
551,0,17.75,49,15.1285803647023,15.2984403993232,1
551,0,17.75,49,15.2984403993232,15.4329854368151,1
551,0,17.75,49,15.4329854368151,15.7787675028875,1
551,0,17.75,49,15.7787675028875,16.3342453925723,1
551,0,17.75,49,16.3342453925723,16.5010946099255,1
551,0,17.75,49,16.5010946099255,16.7004564348535,1
551,0,17.75,49,16.7004564348535,16.7165469521877,1
551,0,17.75,49,16.7165469521877,16.8608152209576,1
551,0,17.75,49,16.8608152209576,17.0827596743571,1
551,0,17.75,49,17.0827596743571,17.0841491841773,1
551,0,17.75,49,17.0841491841773,17.1726078632128,1
551,0,17.75,49,17.1726078632128,17.366652876244,1
551,0,17.75,49,17.366652876244,17.4507059730249,1
551,0,17.75,49,17.4507059730249,17.75,0
552,0,7.75,5,0,3.5182873179943,1
552,0,7.75,5,3.5182873179943,3.82109354812475,1
552,0,7.75,5,3.82109354812475,4.41891121117793,1
552,0,7.75,5,4.41891121117793,5.51544684382064,1
552,0,7.75,5,5.51544684382064,5.53056784793375,1
552,0,7.75,5,5.53056784793375,7.75,0
553,0,12.75,8,0,5.7971974451579,1
553,0,12.75,8,5.7971974451579,6.6836584353327,1
553,0,12.75,8,6.6836584353327,8.50593248073985,1
553,0,12.75,8,8.50593248073985,8.7497251932421,1
553,0,12.75,8,8.7497251932421,9.8959145587568,1
553,0,12.75,8,9.8959145587568,10.591690949893,1
553,0,12.75,8,10.591690949893,11.9013927090547,1
553,0,12.75,8,11.9013927090547,12.4079285175823,1
553,0,12.75,8,12.4079285175823,12.75,0
554,0,16.75,12,0,4.18820154343336,1
554,0,16.75,12,4.18820154343336,6.89355137845666,1
554,0,16.75,12,6.89355137845666,7.88327799951888,1
554,0,16.75,12,7.88327799951888,10.0559506221355,1
554,0,16.75,12,10.0559506221355,11.2593439273289,1
554,0,16.75,12,11.2593439273289,11.6733641025734,1
554,0,16.75,12,11.6733641025734,11.9740751975332,1
554,0,16.75,12,11.9740751975332,12.8707982473495,1
554,0,16.75,12,12.8707982473495,14.2355663137968,1
554,0,16.75,12,14.2355663137968,14.4967438432338,1
554,0,16.75,12,14.4967438432338,14.7976941629172,1
554,0,16.75,12,14.7976941629172,16.0889101088614,1
554,0,16.75,12,16.0889101088614,16.75,0
555,0,13.75,6,0,4.50974233398768,1
555,0,13.75,6,4.50974233398768,5.81025237369674,1
555,0,13.75,6,5.81025237369674,9.42926840579367,1
555,0,13.75,6,9.42926840579367,10.9724617735143,1
555,0,13.75,6,10.9724617735143,11.7394263879731,1
555,0,13.75,6,11.7394263879731,13.4874483049539,1
555,0,13.75,6,13.4874483049539,13.75,0
556,0,17.75,20,0,2.09954051203203,1
556,0,17.75,20,2.09954051203203,4.23573065434255,1
556,0,17.75,20,4.23573065434255,4.61216745240664,1
556,0,17.75,20,4.61216745240664,5.91008665436074,1
556,0,17.75,20,5.91008665436074,9.4307028012062,1
556,0,17.75,20,9.4307028012062,10.0088011021447,1
556,0,17.75,20,10.0088011021447,10.6897018245279,1
556,0,17.75,20,10.6897018245279,11.8236012547597,1
556,0,17.75,20,11.8236012547597,13.1807092832326,1
556,0,17.75,20,13.1807092832326,13.2823569693545,1
556,0,17.75,20,13.2823569693545,13.8763060457571,1
556,0,17.75,20,13.8763060457571,14.0017600149144,1
556,0,17.75,20,14.0017600149144,14.2357039132356,1
556,0,17.75,20,14.2357039132356,14.5849436205659,1
556,0,17.75,20,14.5849436205659,14.7012325589891,1
556,0,17.75,20,14.7012325589891,15.6657300489926,1
556,0,17.75,20,15.6657300489926,16.2086723854864,1
556,0,17.75,20,16.2086723854864,16.3302531188684,1
556,0,17.75,20,16.3302531188684,16.884044391841,1
556,0,17.75,20,16.884044391841,17.2970246941612,1
556,0,17.75,20,17.2970246941612,17.75,0
557,0,15.75,8,0,8.62300158580632,1
557,0,15.75,8,8.62300158580632,10.2242838376925,1
557,0,15.75,8,10.2242838376925,11.0481729488795,1
557,0,15.75,8,11.0481729488795,11.2490178701233,1
557,0,15.75,8,11.2490178701233,12.6033838562108,1
557,0,15.75,8,12.6033838562108,13.0245579410733,1
557,0,15.75,8,13.0245579410733,13.0817558060266,1
557,0,15.75,8,13.0817558060266,13.5305517680599,1
557,0,15.75,8,13.5305517680599,15.75,0
558,0,12.75,5,0,4.35831021081981,1
558,0,12.75,5,4.35831021081981,4.97454428902698,1
558,0,12.75,5,4.97454428902698,7.6445990988613,1
558,0,12.75,5,7.6445990988613,11.9665561153746,1
558,0,12.75,5,11.9665561153746,12.3807189759744,1
558,0,12.75,5,12.3807189759744,12.75,0
559,0,8.75,4,0,3.48596500898383,1
559,0,8.75,4,3.48596500898383,4.69939234774609,1
559,0,8.75,4,4.69939234774609,6.20069391066404,1
559,0,8.75,4,6.20069391066404,8.32916123220683,1
559,0,8.75,4,8.32916123220683,8.75,0
560,0,9.75,7,0,5.22048971195213,1
560,0,9.75,7,5.22048971195213,5.7541035133042,1
560,0,9.75,7,5.7541035133042,5.93050854535832,1
560,0,9.75,7,5.93050854535832,5.96960950901265,1
560,0,9.75,7,5.96960950901265,7.44718133258748,1
560,0,9.75,7,7.44718133258748,8.4080848782053,1
560,0,9.75,7,8.4080848782053,9.70943283973585,1
560,0,9.75,7,9.70943283973585,9.75,0
561,0,18.75,19,0,1.47300699419437,1
561,0,18.75,19,1.47300699419437,1.71117942840598,1
561,0,18.75,19,1.71117942840598,5.57734996318504,1
561,0,18.75,19,5.57734996318504,9.27257565648715,1
561,0,18.75,19,9.27257565648715,10.7931940446449,1
561,0,18.75,19,10.7931940446449,11.2864243352073,1
561,0,18.75,19,11.2864243352073,11.7418118827922,1
561,0,18.75,19,11.7418118827922,13.2030129804175,1
561,0,18.75,19,13.2030129804175,13.4488175615077,1
561,0,18.75,19,13.4488175615077,13.4870215438099,1
561,0,18.75,19,13.4870215438099,13.9257646132903,1
561,0,18.75,19,13.9257646132903,14.7926333388474,1
561,0,18.75,19,14.7926333388474,15.3217847370378,1
561,0,18.75,19,15.3217847370378,15.8992756676967,1
561,0,18.75,19,15.8992756676967,16.0268719906481,1
561,0,18.75,19,16.0268719906481,16.3325406268511,1
561,0,18.75,19,16.3325406268511,16.3676162656951,1
561,0,18.75,19,16.3676162656951,16.9369224961763,1
561,0,18.75,19,16.9369224961763,17.5961472931026,1
561,0,18.75,19,17.5961472931026,18.75,0
562,0,15.75,23,0,2.27126259387777,1
562,0,15.75,23,2.27126259387777,4.80841729521596,1
562,0,15.75,23,4.80841729521596,6.2240391410463,1
562,0,15.75,23,6.2240391410463,7.46232784811211,1
562,0,15.75,23,7.46232784811211,7.54488762681356,1
562,0,15.75,23,7.54488762681356,8.1733871767629,1
562,0,15.75,23,8.1733871767629,8.53112280055476,1
562,0,15.75,23,8.53112280055476,8.83810371377576,1
562,0,15.75,23,8.83810371377576,9.21681255226106,1
562,0,15.75,23,9.21681255226106,9.47288514901794,1
562,0,15.75,23,9.47288514901794,10.0621349291006,1
562,0,15.75,23,10.0621349291006,10.3120289705117,1
562,0,15.75,23,10.3120289705117,10.7043816837316,1
562,0,15.75,23,10.7043816837316,10.8896918729092,1
562,0,15.75,23,10.8896918729092,10.9658741054684,1
562,0,15.75,23,10.9658741054684,12.6046000118216,1
562,0,15.75,23,12.6046000118216,12.9481122774102,1
562,0,15.75,23,12.9481122774102,13.1022796627822,1
562,0,15.75,23,13.1022796627822,14.1485482382531,1
562,0,15.75,23,14.1485482382531,14.9324840777851,1
562,0,15.75,23,14.9324840777851,15.3255468458098,1
562,0,15.75,23,15.3255468458098,15.434674393158,1
562,0,15.75,23,15.434674393158,15.6503376133319,1
562,0,15.75,23,15.6503376133319,15.75,0
563,0,18.75,26,0,3.95548449190324,1
563,0,18.75,26,3.95548449190324,4.2152461768237,1
563,0,18.75,26,4.2152461768237,5.82981830997729,1
563,0,18.75,26,5.82981830997729,5.98568079920742,1
563,0,18.75,26,5.98568079920742,6.57766636869315,1
563,0,18.75,26,6.57766636869315,7.57394165144496,1
563,0,18.75,26,7.57394165144496,12.0405385677902,1
563,0,18.75,26,12.0405385677902,12.0965550629001,1
563,0,18.75,26,12.0965550629001,12.311938543637,1
563,0,18.75,26,12.311938543637,12.7201906998196,1
563,0,18.75,26,12.7201906998196,13.0680821593152,1
563,0,18.75,26,13.0680821593152,13.7872043567704,1
563,0,18.75,26,13.7872043567704,14.3302516383774,1
563,0,18.75,26,14.3302516383774,14.6947665784623,1
563,0,18.75,26,14.6947665784623,15.3886299509216,1
563,0,18.75,26,15.3886299509216,15.5776013843,1
563,0,18.75,26,15.5776013843,16.1290529897755,1
563,0,18.75,26,16.1290529897755,16.1703884774797,1
563,0,18.75,26,16.1703884774797,16.3664999359006,1
563,0,18.75,26,16.3664999359006,16.5552630144087,1
563,0,18.75,26,16.5552630144087,17.6337004913339,1
563,0,18.75,26,17.6337004913339,17.7530401349333,1
563,0,18.75,26,17.7530401349333,17.8133737698252,1
563,0,18.75,26,17.8133737698252,18.4216137937705,1
563,0,18.75,26,18.4216137937705,18.4338640799226,1
563,0,18.75,26,18.4338640799226,18.6481602772017,1
563,0,18.75,26,18.6481602772017,18.75,0
564,0,15.75,18,0,1.25817880940342,1
564,0,15.75,18,1.25817880940342,4.06583844196025,1
564,0,15.75,18,4.06583844196025,5.09904922147138,1
564,0,15.75,18,5.09904922147138,6.64813674270632,1
564,0,15.75,18,6.64813674270632,7.16618037161764,1
564,0,15.75,18,7.16618037161764,8.26091800203776,1
564,0,15.75,18,8.26091800203776,8.43955400162708,1
564,0,15.75,18,8.43955400162708,8.84604241094936,1
564,0,15.75,18,8.84604241094936,10.3925487020086,1
564,0,15.75,18,10.3925487020086,10.7556161182711,1
564,0,15.75,18,10.7556161182711,10.9197325234735,1
564,0,15.75,18,10.9197325234735,11.3775667357386,1
564,0,15.75,18,11.3775667357386,12.4134350352248,1
564,0,15.75,18,12.4134350352248,12.7499419775557,1
564,0,15.75,18,12.7499419775557,13.5911337522657,1
564,0,15.75,18,13.5911337522657,13.9642580011275,1
564,0,15.75,18,13.9642580011275,14.3478442095018,1
564,0,15.75,18,14.3478442095018,14.4245284417945,1
564,0,15.75,18,14.4245284417945,15.75,0
565,0,15.75,10,0,4.57824806917531,1
565,0,15.75,10,4.57824806917531,5.06181434427299,1
565,0,15.75,10,5.06181434427299,5.21033897542506,1
565,0,15.75,10,5.21033897542506,10.2431470119674,1
565,0,15.75,10,10.2431470119674,11.1725879065883,1
565,0,15.75,10,11.1725879065883,13.1190833971287,1
565,0,15.75,10,13.1190833971287,13.3846185680037,1
565,0,15.75,10,13.3846185680037,13.4670366229545,1
565,0,15.75,10,13.4670366229545,13.7908134654003,1
565,0,15.75,10,13.7908134654003,15.5709002541859,1
565,0,15.75,10,15.5709002541859,15.75,0
566,0,15.75,10,0,4.88419619748354,1
566,0,15.75,10,4.88419619748354,5.25005475598122,1
566,0,15.75,10,5.25005475598122,5.95101984615564,1
566,0,15.75,10,5.95101984615564,7.78705472858373,1
566,0,15.75,10,7.78705472858373,8.24615104981629,1
566,0,15.75,10,8.24615104981629,11.6530280421264,1
566,0,15.75,10,11.6530280421264,13.6298401419887,1
566,0,15.75,10,13.6298401419887,14.1490227786463,1
566,0,15.75,10,14.1490227786463,14.7312361875455,1
566,0,15.75,10,14.7312361875455,15.0478223163375,1
566,0,15.75,10,15.0478223163375,15.75,0
567,0,15.75,16,0,5.38768189432796,1
567,0,15.75,16,5.38768189432796,5.8884169763582,1
567,0,15.75,16,5.8884169763582,7.69945858068369,1
567,0,15.75,16,7.69945858068369,7.91886206646082,1
567,0,15.75,16,7.91886206646082,8.49342776643005,1
567,0,15.75,16,8.49342776643005,8.66037666547135,1
567,0,15.75,16,8.66037666547135,8.67773213380369,1
567,0,15.75,16,8.67773213380369,8.91619295890706,1
567,0,15.75,16,8.91619295890706,9.99593909332882,1
567,0,15.75,16,9.99593909332882,10.4584183567823,1
567,0,15.75,16,10.4584183567823,10.5936068688139,1
567,0,15.75,16,10.5936068688139,11.2141737089169,1
567,0,15.75,16,11.2141737089169,11.4592650456944,1
567,0,15.75,16,11.4592650456944,11.5944768388145,1
567,0,15.75,16,11.5944768388145,13.1264466574713,1
567,0,15.75,16,13.1264466574713,13.5033668734165,1
567,0,15.75,16,13.5033668734165,15.75,0
568,0,12.75,9,0,2.37448122007818,1
568,0,12.75,9,2.37448122007818,3.70242545726295,1
568,0,12.75,9,3.70242545726295,3.74688879343549,1
568,0,12.75,9,3.74688879343549,5.31251186089197,1
568,0,12.75,9,5.31251186089197,6.78569528808339,1
568,0,12.75,9,6.78569528808339,7.22508066330712,1
568,0,12.75,9,7.22508066330712,7.49663050285857,1
568,0,12.75,9,7.49663050285857,7.55223272701699,1
568,0,12.75,9,7.55223272701699,12.5965846861321,1
568,0,12.75,9,12.5965846861321,12.75,0
569,0,15.75,4,0,7.00855892265197,1
569,0,15.75,4,7.00855892265197,11.4122473493156,1
569,0,15.75,4,11.4122473493156,13.7593970932388,1
569,0,15.75,4,13.7593970932388,15.0799840195537,1
569,0,15.75,4,15.0799840195537,15.75,0
570,0,14.75,5,0,2.69530762319646,1
570,0,14.75,5,2.69530762319646,5.17093511468425,1
570,0,14.75,5,5.17093511468425,10.7644403052851,1
570,0,14.75,5,10.7644403052851,12.3199070342408,1
570,0,14.75,5,12.3199070342408,14.2770823909466,1
570,0,14.75,5,14.2770823909466,14.75,0
571,0,11.75,5,0,2.15930347003434,1
571,0,11.75,5,2.15930347003434,3.65684140366302,1
571,0,11.75,5,3.65684140366302,7.22691893459423,1
571,0,11.75,5,7.22691893459423,10.3256203126151,1
571,0,11.75,5,10.3256203126151,11.0855544743775,1
571,0,11.75,5,11.0855544743775,11.75,0
572,0,17.75,14,0,2.31232415904301,1
572,0,17.75,14,2.31232415904301,3.49793502830127,1
572,0,17.75,14,3.49793502830127,4.23553537588411,1
572,0,17.75,14,4.23553537588411,5.51634162638279,1
572,0,17.75,14,5.51634162638279,5.95465541567448,1
572,0,17.75,14,5.95465541567448,6.47634569519446,1
572,0,17.75,14,6.47634569519446,8.68360759256778,1
572,0,17.75,14,8.68360759256778,10.1843133548686,1
572,0,17.75,14,10.1843133548686,11.3890212100254,1
572,0,17.75,14,11.3890212100254,11.7416217448465,1
572,0,17.75,14,11.7416217448465,13.0055991064492,1
572,0,17.75,14,13.0055991064492,14.2032294846528,1
572,0,17.75,14,14.2032294846528,14.6772832623575,1
572,0,17.75,14,14.6772832623575,16.2747764037122,1
572,0,17.75,14,16.2747764037122,17.75,0
573,0,10.75,3,0,4.2513091376163,1
573,0,10.75,3,4.2513091376163,4.79693896797265,1
573,0,10.75,3,4.79693896797265,5.29209061790012,1
573,0,10.75,3,5.29209061790012,10.75,0
574,0,8.75,3,0,2.67304272285168,1
574,0,8.75,3,2.67304272285168,4.61139412547854,1
574,0,8.75,3,4.61139412547854,7.98797559979537,1
574,0,8.75,3,7.98797559979537,8.75,0
575,0,9.75,1,0,2.57187204789936,1
575,0,9.75,1,2.57187204789936,9.75,0
576,0,19.75,28,0,7.58160513049955,1
576,0,19.75,28,7.58160513049955,7.7872557447913,1
576,0,19.75,28,7.7872557447913,8.73020724240293,1
576,0,19.75,28,8.73020724240293,11.9456259955924,1
576,0,19.75,28,11.9456259955924,12.1442369335289,1
576,0,19.75,28,12.1442369335289,12.2252360446767,1
576,0,19.75,28,12.2252360446767,13.3065094217931,1
576,0,19.75,28,13.3065094217931,13.3377929256087,1
576,0,19.75,28,13.3377929256087,14.1037641668839,1
576,0,19.75,28,14.1037641668839,14.9966544834206,1
576,0,19.75,28,14.9966544834206,15.1218015169631,1
576,0,19.75,28,15.1218015169631,15.4415495421642,1
576,0,19.75,28,15.4415495421642,15.4623003396399,1
576,0,19.75,28,15.4623003396399,15.5415264544312,1
576,0,19.75,28,15.5415264544312,15.7315627541682,1
576,0,19.75,28,15.7315627541682,15.7977930239526,1
576,0,19.75,28,15.7977930239526,16.1829598244684,1
576,0,19.75,28,16.1829598244684,16.2335992038438,1
576,0,19.75,28,16.2335992038438,16.7400601577663,1
576,0,19.75,28,16.7400601577663,16.853734022384,1
576,0,19.75,28,16.853734022384,17.433524217267,1
576,0,19.75,28,17.433524217267,17.6558192485726,1
576,0,19.75,28,17.6558192485726,17.7687684473141,1
576,0,19.75,28,17.7687684473141,17.7710949891592,1
576,0,19.75,28,17.7710949891592,18.1278392227156,1
576,0,19.75,28,18.1278392227156,18.5250732636161,1
576,0,19.75,28,18.5250732636161,19.1850055191211,1
576,0,19.75,28,19.1850055191211,19.5654402685205,1
576,0,19.75,28,19.5654402685205,19.75,0
577,0,10.75,16,0,0.689017899303404,1
577,0,10.75,16,0.689017899303404,3.07747099472963,1
577,0,10.75,16,3.07747099472963,3.09215454447963,1
577,0,10.75,16,3.09215454447963,3.11788218859516,1
577,0,10.75,16,3.11788218859516,3.1365113308013,1
577,0,10.75,16,3.1365113308013,3.6401483340577,1
577,0,10.75,16,3.6401483340577,4.54632417302662,1
577,0,10.75,16,4.54632417302662,5.48317912368997,1
577,0,10.75,16,5.48317912368997,6.42493340156453,1
577,0,10.75,16,6.42493340156453,7.44836768236949,1
577,0,10.75,16,7.44836768236949,8.72742884222061,1
577,0,10.75,16,8.72742884222061,8.83946793410621,1
577,0,10.75,16,8.83946793410621,9.01635054060886,1
577,0,10.75,16,9.01635054060886,9.61393215234446,1
577,0,10.75,16,9.61393215234446,9.6907961998191,1
577,0,10.75,16,9.6907961998191,10.0790316577471,1
577,0,10.75,16,10.0790316577471,10.75,0
578,0,13.75,11,0,2.43587278847349,1
578,0,13.75,11,2.43587278847349,4.57271036410184,1
578,0,13.75,11,4.57271036410184,7.44287389670746,1
578,0,13.75,11,7.44287389670746,10.6095615713109,1
578,0,13.75,11,10.6095615713109,11.1330826191564,1
578,0,13.75,11,11.1330826191564,11.7510672643597,1
578,0,13.75,11,11.7510672643597,11.8591032156258,1
578,0,13.75,11,11.8591032156258,12.0077205463733,1
578,0,13.75,11,12.0077205463733,12.5995621384389,1
578,0,13.75,11,12.5995621384389,13.2861849229113,1
578,0,13.75,11,13.2861849229113,13.6996914465682,1
578,0,13.75,11,13.6996914465682,13.75,0
579,0,10.75,4,0,7.07994757590809,1
579,0,10.75,4,7.07994757590809,8.96202280845164,1
579,0,10.75,4,8.96202280845164,9.57641877488506,1
579,0,10.75,4,9.57641877488506,10.6014218226078,1
579,0,10.75,4,10.6014218226078,10.75,0
580,0,9.75,7,0,2.51306302516025,1
580,0,9.75,7,2.51306302516025,2.83680428222107,1
580,0,9.75,7,2.83680428222107,6.56097847960328,1
580,0,9.75,7,6.56097847960328,8.62281653248736,1
580,0,9.75,7,8.62281653248736,8.88760593385915,1
580,0,9.75,7,8.88760593385915,9.09964528682356,1
580,0,9.75,7,9.09964528682356,9.42784806322627,1
580,0,9.75,7,9.42784806322627,9.75,0
581,0,9.75,11,0,0.571817911759286,1
581,0,9.75,11,0.571817911759286,5.15159873046271,1
581,0,9.75,11,5.15159873046271,6.32906370333577,1
581,0,9.75,11,6.32906370333577,6.86808542249369,1
581,0,9.75,11,6.86808542249369,7.04703083217578,1
581,0,9.75,11,7.04703083217578,7.63306739780596,1
581,0,9.75,11,7.63306739780596,7.72914356726102,1
581,0,9.75,11,7.72914356726102,9.17475064384272,1
581,0,9.75,11,9.17475064384272,9.42918522627147,1
581,0,9.75,11,9.42918522627147,9.52502287601061,1
581,0,9.75,11,9.52502287601061,9.60952722770317,1
581,0,9.75,11,9.60952722770317,9.75,0
582,0,9.75,4,0,3.408157317863,1
582,0,9.75,4,3.408157317863,4.18319915614021,1
582,0,9.75,4,4.18319915614021,6.21276447375481,1
582,0,9.75,4,6.21276447375481,7.16433794574476,1
582,0,9.75,4,7.16433794574476,9.75,0
583,0,15.75,0,0,15.75,0
584,0,12.75,15,0,0.486077901415002,1
584,0,12.75,15,0.486077901415002,2.45931188352975,1
584,0,12.75,15,2.45931188352975,5.63224869768996,1
584,0,12.75,15,5.63224869768996,7.20272765498051,1
584,0,12.75,15,7.20272765498051,7.28371297285337,1
584,0,12.75,15,7.28371297285337,8.41249648686339,1
584,0,12.75,15,8.41249648686339,8.7810755170967,1
584,0,12.75,15,8.7810755170967,9.57818040065702,1
584,0,12.75,15,9.57818040065702,9.92231137632791,1
584,0,12.75,15,9.92231137632791,9.95186310512855,1
584,0,12.75,15,9.95186310512855,10.4419189381104,1
584,0,12.75,15,10.4419189381104,11.2980091218484,1
584,0,12.75,15,11.2980091218484,11.7303924615602,1
584,0,12.75,15,11.7303924615602,11.9166241582888,1
584,0,12.75,15,11.9166241582888,12.0565891055113,1
584,0,12.75,15,12.0565891055113,12.75,0
585,0,10.75,2,0,4.71138867466901,1
585,0,10.75,2,4.71138867466901,7.85683494321058,1
585,0,10.75,2,7.85683494321058,10.75,0
586,0,12.75,9,0,2.87652332862714,1
586,0,12.75,9,2.87652332862714,4.44156578555208,1
586,0,12.75,9,4.44156578555208,7.34559478569689,1
586,0,12.75,9,7.34559478569689,9.70900469379117,1
586,0,12.75,9,9.70900469379117,9.73647246712178,1
586,0,12.75,9,9.73647246712178,11.0164726424224,1
586,0,12.75,9,11.0164726424224,11.1272276955109,1
586,0,12.75,9,11.1272276955109,11.7068141505867,1
586,0,12.75,9,11.7068141505867,12.7402908328384,1
586,0,12.75,9,12.7402908328384,12.75,0
587,0,8.75,3,0,1.70474428848846,1
587,0,8.75,3,1.70474428848846,4.08535535678368,1
587,0,8.75,3,4.08535535678368,7.78126946310828,1
587,0,8.75,3,7.78126946310828,8.75,0
588,0,10.75,2,0,4.12448059136989,1
588,0,10.75,2,4.12448059136989,7.34296243191044,1
588,0,10.75,2,7.34296243191044,10.75,0
589,0,16.75,5,0,3.32627829798789,1
589,0,16.75,5,3.32627829798789,6.24270499922348,1
589,0,16.75,5,6.24270499922348,11.5738557762205,1
589,0,16.75,5,11.5738557762205,14.2646243940807,1
589,0,16.75,5,14.2646243940807,16.3970702653744,1
589,0,16.75,5,16.3970702653744,16.75,0
590,0,11.75,4,0,4.47076197013481,1
590,0,11.75,4,4.47076197013481,5.20111117555047,1
590,0,11.75,4,5.20111117555047,6.26791263769238,1
590,0,11.75,4,6.26791263769238,10.212482102021,1
590,0,11.75,4,10.212482102021,11.75,0
591,0,17.75,28,0,1.43123106211157,1
591,0,17.75,28,1.43123106211157,2.64651237564861,1
591,0,17.75,28,2.64651237564861,3.57679889000795,1
591,0,17.75,28,3.57679889000795,4.48041742109241,1
591,0,17.75,28,4.48041742109241,5.58757066078333,1
591,0,17.75,28,5.58757066078333,6.40062022708826,1
591,0,17.75,28,6.40062022708826,6.49150766305571,1
591,0,17.75,28,6.49150766305571,6.74065261339401,1
591,0,17.75,28,6.74065261339401,6.78628887328469,1
591,0,17.75,28,6.78628887328469,7.12541969735088,1
591,0,17.75,28,7.12541969735088,9.18792541083197,1
591,0,17.75,28,9.18792541083197,10.6520552612753,1
591,0,17.75,28,10.6520552612753,11.0924953271802,1
591,0,17.75,28,11.0924953271802,11.801156233405,1
591,0,17.75,28,11.801156233405,12.315675610979,1
591,0,17.75,28,12.315675610979,12.5876985791909,1
591,0,17.75,28,12.5876985791909,13.3809269297712,1
591,0,17.75,28,13.3809269297712,13.8373233162394,1
591,0,17.75,28,13.8373233162394,14.1462596517415,1
591,0,17.75,28,14.1462596517415,14.2358588854929,1
591,0,17.75,28,14.2358588854929,14.4513777850633,1
591,0,17.75,28,14.4513777850633,15.0685380474164,1
591,0,17.75,28,15.0685380474164,15.9894322049241,1
591,0,17.75,28,15.9894322049241,15.9953471754158,1
591,0,17.75,28,15.9953471754158,16.0405681298823,1
591,0,17.75,28,16.0405681298823,16.6091530101472,1
591,0,17.75,28,16.6091530101472,16.9450171065523,1
591,0,17.75,28,16.9450171065523,17.7445655004075,1
591,0,17.75,28,17.7445655004075,17.75,0
592,0,20.75,26,0,4.61863378096962,1
592,0,20.75,26,4.61863378096962,4.92178462796794,1
592,0,20.75,26,4.92178462796794,6.35347305846167,1
592,0,20.75,26,6.35347305846167,8.36495727419403,1
592,0,20.75,26,8.36495727419403,9.25986928912972,1
592,0,20.75,26,9.25986928912972,10.4643575189253,1
592,0,20.75,26,10.4643575189253,10.7172440870653,1
592,0,20.75,26,10.7172440870653,11.5283057520752,1
592,0,20.75,26,11.5283057520752,11.6554846575259,1
592,0,20.75,26,11.6554846575259,11.8209000741996,1
592,0,20.75,26,11.8209000741996,11.8866774499271,1
592,0,20.75,26,11.8866774499271,11.9748724748323,1
592,0,20.75,26,11.9748724748323,12.0492992503293,1
592,0,20.75,26,12.0492992503293,13.835660755314,1
592,0,20.75,26,13.835660755314,14.559966713146,1
592,0,20.75,26,14.559966713146,15.336063584918,1
592,0,20.75,26,15.336063584918,15.9347095850607,1
592,0,20.75,26,15.9347095850607,16.0018793616104,1
592,0,20.75,26,16.0018793616104,16.7228908953619,1
592,0,20.75,26,16.7228908953619,17.4451695068752,1
592,0,20.75,26,17.4451695068752,17.6660408327776,1
592,0,20.75,26,17.6660408327776,17.7663128511672,1
592,0,20.75,26,17.7663128511672,18.1895172476777,1
592,0,20.75,26,18.1895172476777,18.3485305070455,1
592,0,20.75,26,18.3485305070455,19.4330138777833,1
592,0,20.75,26,19.4330138777833,20.4940680041091,1
592,0,20.75,26,20.4940680041091,20.75,0
593,0,7.75,2,0,2.71813123349175,1
593,0,7.75,2,2.71813123349175,5.14208648062997,1
593,0,7.75,2,5.14208648062997,7.75,0
594,0,10.75,17,0,0.886617810853819,1
594,0,10.75,17,0.886617810853819,0.981263942530709,1
594,0,10.75,17,0.981263942530709,1.34349042114715,1
594,0,10.75,17,1.34349042114715,3.05004405813469,1
594,0,10.75,17,3.05004405813469,3.51380684151626,1
594,0,10.75,17,3.51380684151626,4.23118849749457,1
594,0,10.75,17,4.23118849749457,5.15351241409096,1
594,0,10.75,17,5.15351241409096,5.24880006732122,1
594,0,10.75,17,5.24880006732122,5.76004870552638,1
594,0,10.75,17,5.76004870552638,6.04175715129036,1
594,0,10.75,17,6.04175715129036,6.49390315685822,1
594,0,10.75,17,6.49390315685822,7.42136375317699,1
594,0,10.75,17,7.42136375317699,7.45821034177213,1
594,0,10.75,17,7.45821034177213,8.6979402071331,1
594,0,10.75,17,8.6979402071331,9.25479913618173,1
594,0,10.75,17,9.25479913618173,9.65674469172109,1
594,0,10.75,17,9.65674469172109,10.6169755553301,1
594,0,10.75,17,10.6169755553301,10.75,0
595,0,16.75,18,0,4.52548273981252,1
595,0,16.75,18,4.52548273981252,6.09359453258659,1
595,0,16.75,18,6.09359453258659,6.5217502854996,1
595,0,16.75,18,6.5217502854996,6.88707531255208,1
595,0,16.75,18,6.88707531255208,7.46513107892196,1
595,0,16.75,18,7.46513107892196,7.96948493194446,1
595,0,16.75,18,7.96948493194446,10.9648527231696,1
595,0,16.75,18,10.9648527231696,10.9895282754073,1
595,0,16.75,18,10.9895282754073,11.4334605232985,1
595,0,16.75,18,11.4334605232985,12.5778958109782,1
595,0,16.75,18,12.5778958109782,13.1699433586543,1
595,0,16.75,18,13.1699433586543,13.1819159928338,1
595,0,16.75,18,13.1819159928338,13.6263532453112,1
595,0,16.75,18,13.6263532453112,14.1112449561104,1
595,0,16.75,18,14.1112449561104,14.5143947124042,1
595,0,16.75,18,14.5143947124042,15.7756682750348,1
595,0,16.75,18,15.7756682750348,15.9684381498946,1
595,0,16.75,18,15.9684381498946,16.249511820993,1
595,0,16.75,18,16.249511820993,16.75,0
596,0,14.75,20,0,2.74014613322002,1
596,0,14.75,20,2.74014613322002,3.98880276757789,1
596,0,14.75,20,3.98880276757789,4.82448725379689,1
596,0,14.75,20,4.82448725379689,4.97875019526629,1
596,0,14.75,20,4.97875019526629,6.544166920726,1
596,0,14.75,20,6.544166920726,7.29865680514459,1
596,0,14.75,20,7.29865680514459,7.4076205149645,1
596,0,14.75,20,7.4076205149645,8.24426701848602,1
596,0,14.75,20,8.24426701848602,8.3370149327224,1
596,0,14.75,20,8.3370149327224,10.3892530466656,1
596,0,14.75,20,10.3892530466656,10.5026514846399,1
596,0,14.75,20,10.5026514846399,10.6067779211747,1
596,0,14.75,20,10.6067779211747,10.9887871395001,1
596,0,14.75,20,10.9887871395001,11.2694887009794,1
596,0,14.75,20,11.2694887009794,12.7420074223989,1
596,0,14.75,20,12.7420074223989,13.2218483818005,1
596,0,14.75,20,13.2218483818005,13.7670527507698,1
596,0,14.75,20,13.7670527507698,13.8845567769812,1
596,0,14.75,20,13.8845567769812,14.2074811007899,1
596,0,14.75,20,14.2074811007899,14.6928733320725,1
596,0,14.75,20,14.6928733320725,14.75,0
597,0,13.75,7,0,3.04042674390623,1
597,0,13.75,7,3.04042674390623,4.85236820504493,1
597,0,13.75,7,4.85236820504493,6.72650667446086,1
597,0,13.75,7,6.72650667446086,10.0148197505656,1
597,0,13.75,7,10.0148197505656,11.0174132594865,1
597,0,13.75,7,11.0174132594865,11.0257352655714,1
597,0,13.75,7,11.0257352655714,12.0052741294044,1
597,0,13.75,7,12.0052741294044,13.75,0
598,0,17.75,17,0,5.90204147502796,1
598,0,17.75,17,5.90204147502796,5.94293214152638,1
598,0,17.75,17,5.94293214152638,8.42313301548347,1
598,0,17.75,17,8.42313301548347,8.69184577968962,1
598,0,17.75,17,8.69184577968962,9.38871512389254,1
598,0,17.75,17,9.38871512389254,9.77807327918679,1
598,0,17.75,17,9.77807327918679,10.850257006393,1
598,0,17.75,17,10.850257006393,10.9741714282348,1
598,0,17.75,17,10.9741714282348,11.190720906414,1
598,0,17.75,17,11.190720906414,13.17916322417,1
598,0,17.75,17,13.17916322417,13.237336193894,1
598,0,17.75,17,13.237336193894,14.3462735904288,1
598,0,17.75,17,14.3462735904288,14.5538360295585,1
598,0,17.75,17,14.5538360295585,14.7424914608854,1
598,0,17.75,17,14.7424914608854,15.9609564441056,1
598,0,17.75,17,15.9609564441056,16.3546387657584,1
598,0,17.75,17,16.3546387657584,16.8845460588711,1
598,0,17.75,17,16.8845460588711,17.75,0
599,0,13.75,7,0,8.5484990159485,1
599,0,13.75,7,8.5484990159485,9.1984356907463,1
599,0,13.75,7,9.1984356907463,9.3040687165657,1
599,0,13.75,7,9.3040687165657,9.44240408468041,1
599,0,13.75,7,9.44240408468041,9.64160314883737,1
599,0,13.75,7,9.64160314883737,11.1357490091608,1
599,0,13.75,7,11.1357490091608,12.9874610160956,1
599,0,13.75,7,12.9874610160956,13.75,0
600,0,15.75,27,0,2.36518214438904,1
600,0,15.75,27,2.36518214438904,2.86240797269214,1
600,0,15.75,27,2.86240797269214,6.32944805835465,1
600,0,15.75,27,6.32944805835465,6.47437375796845,1
600,0,15.75,27,6.47437375796845,8.38225405567528,1
600,0,15.75,27,8.38225405567528,8.53140524105199,1
600,0,15.75,27,8.53140524105199,8.56065972882003,1
600,0,15.75,27,8.56065972882003,8.58682531359267,1
600,0,15.75,27,8.58682531359267,8.71685271039034,1
600,0,15.75,27,8.71685271039034,9.16655846719218,1
600,0,15.75,27,9.16655846719218,9.21435077745013,1
600,0,15.75,27,9.21435077745013,9.53126513667836,1
600,0,15.75,27,9.53126513667836,9.88665804429038,1
600,0,15.75,27,9.88665804429038,11.3388263805203,1
600,0,15.75,27,11.3388263805203,11.767024295155,1
600,0,15.75,27,11.767024295155,11.8557032572482,1
600,0,15.75,27,11.8557032572482,11.9182755060544,1
600,0,15.75,27,11.9182755060544,12.6569895806698,1
600,0,15.75,27,12.6569895806698,13.9252781789784,1
600,0,15.75,27,13.9252781789784,14.0219814080282,1
600,0,15.75,27,14.0219814080282,14.3152487868837,1
600,0,15.75,27,14.3152487868837,14.3525498025832,1
600,0,15.75,27,14.3525498025832,14.420369172418,1
600,0,15.75,27,14.420369172418,14.5793028176877,1
600,0,15.75,27,14.5793028176877,15.0215482284543,1
600,0,15.75,27,15.0215482284543,15.2383582512661,1
600,0,15.75,27,15.2383582512661,15.2560827067293,1
600,0,15.75,27,15.2560827067293,15.75,0
