"id","xi","Tei","n.rec","start","stop","status"
1,1,17.75,11,0,6.59274262637139,1
1,1,17.75,11,6.59274262637139,7.4025605128986,1
1,1,17.75,11,7.4025605128986,8.59641744248381,1
1,1,17.75,11,8.59641744248381,8.59857774172144,1
1,1,17.75,11,8.59857774172144,9.12725937224025,1
1,1,17.75,11,9.12725937224025,9.47364291586361,1
1,1,17.75,11,9.47364291586361,11.3620620926081,1
1,1,17.75,11,11.3620620926081,13.4038576721927,1
1,1,17.75,11,13.4038576721927,13.4140331694529,1
1,1,17.75,11,13.4140331694529,15.5570203004939,1
1,1,17.75,11,15.5570203004939,16.7373509484692,1
1,1,17.75,11,16.7373509484692,17.75,0
2,1,11.75,7,0,2.83784268350346,1
2,1,11.75,7,2.83784268350346,5.16247096150094,1
2,1,11.75,7,5.16247096150094,8.02233096200638,1
2,1,11.75,7,8.02233096200638,8.0883723261815,1
2,1,11.75,7,8.0883723261815,11.2336465613462,1
2,1,11.75,7,11.2336465613462,11.3812813400183,1
2,1,11.75,7,11.3812813400183,11.7471493861767,1
2,1,11.75,7,11.7471493861767,11.75,0
3,1,11.75,3,0,1.38082396004992,1
3,1,11.75,3,1.38082396004992,10.9285321574815,1
3,1,11.75,3,10.9285321574815,11.357758977847,1
3,1,11.75,3,11.357758977847,11.75,0
4,1,17.75,21,0,4.9389420345525,1
4,1,17.75,21,4.9389420345525,6.2328587292122,1
4,1,17.75,21,6.2328587292122,7.6222025739294,1
4,1,17.75,21,7.6222025739294,8.89252085139658,1
4,1,17.75,21,8.89252085139658,9.17825123200783,1
4,1,17.75,21,9.17825123200783,9.47232300514686,1
4,1,17.75,21,9.47232300514686,9.56785561259754,1
4,1,17.75,21,9.56785561259754,10.5949789019957,1
4,1,17.75,21,10.5949789019957,10.8499064170821,1
4,1,17.75,21,10.8499064170821,11.2114861329807,1
4,1,17.75,21,11.2114861329807,11.4430412435099,1
4,1,17.75,21,11.4430412435099,11.7724107339755,1
4,1,17.75,21,11.7724107339755,13.9368711935699,1
4,1,17.75,21,13.9368711935699,14.3030957386238,1
4,1,17.75,21,14.3030957386238,14.9714158143722,1
4,1,17.75,21,14.9714158143722,15.1149170861318,1
4,1,17.75,21,15.1149170861318,16.0463302326303,1
4,1,17.75,21,16.0463302326303,16.3753061413412,1
4,1,17.75,21,16.3753061413412,16.9740574144439,1
4,1,17.75,21,16.9740574144439,17.1685039492755,1
4,1,17.75,21,17.1685039492755,17.7394400537398,1
4,1,17.75,21,17.7394400537398,17.75,0
5,1,9.75,7,0,2.75284913619967,1
5,1,9.75,7,2.75284913619967,3.9512672200252,1
5,1,9.75,7,3.9512672200252,5.31479293078428,1
5,1,9.75,7,5.31479293078428,5.67335813392055,1
5,1,9.75,7,5.67335813392055,6.69913220781944,1
5,1,9.75,7,6.69913220781944,8.27474714686698,1
5,1,9.75,7,8.27474714686698,8.96581493020984,1
5,1,9.75,7,8.96581493020984,9.75,0
6,1,17.75,11,0,3.37313758529794,1
6,1,17.75,11,3.37313758529794,10.3866596485272,1
6,1,17.75,11,10.3866596485272,10.7058024959123,1
6,1,17.75,11,10.7058024959123,14.3198538333111,1
6,1,17.75,11,14.3198538333111,14.7859076138416,1
6,1,17.75,11,14.7859076138416,14.796575475605,1
6,1,17.75,11,14.796575475605,15.008658994425,1
6,1,17.75,11,15.008658994425,15.3853057062335,1
6,1,17.75,11,15.3853057062335,15.5890844897312,1
6,1,17.75,11,15.5890844897312,16.0031910863024,1
6,1,17.75,11,16.0031910863024,16.5415312686429,1
6,1,17.75,11,16.5415312686429,17.75,0
7,1,17.75,10,0,1.72335530647366,1
7,1,17.75,10,1.72335530647366,7.37363875470225,1
7,1,17.75,10,7.37363875470225,9.32179848649042,1
7,1,17.75,10,9.32179848649042,11.3472791093953,1
7,1,17.75,10,11.3472791093953,11.6358472510694,1
7,1,17.75,10,11.6358472510694,11.7051057267752,1
7,1,17.75,10,11.7051057267752,12.0938347769951,1
7,1,17.75,10,12.0938347769951,14.3223620679843,1
7,1,17.75,10,14.3223620679843,14.4366551242059,1
7,1,17.75,10,14.4366551242059,17.6187862675476,1
7,1,17.75,10,17.6187862675476,17.75,0
8,1,18.75,12,0,6.88645531039328,1
8,1,18.75,12,6.88645531039328,6.96203223265291,1
8,1,18.75,12,6.96203223265291,8.62345663683961,1
8,1,18.75,12,8.62345663683961,9.46536118617062,1
8,1,18.75,12,9.46536118617062,12.7378180033011,1
8,1,18.75,12,12.7378180033011,16.3396946411182,1
8,1,18.75,12,16.3396946411182,17.51167919556,1
8,1,18.75,12,17.51167919556,18.5542975026126,1
8,1,18.75,12,18.5542975026126,18.5852206208371,1
8,1,18.75,12,18.5852206208371,18.6285059160605,1
8,1,18.75,12,18.6285059160605,18.693243757419,1
8,1,18.75,12,18.693243757419,18.7364712874287,1
8,1,18.75,12,18.7364712874287,18.75,0
9,1,15.75,14,0,3.85147424244304,1
9,1,15.75,14,3.85147424244304,4.85953076184956,1
9,1,15.75,14,4.85953076184956,5.33645167951166,1
9,1,15.75,14,5.33645167951166,8.39815986923889,1
9,1,15.75,14,8.39815986923889,8.82152153771316,1
9,1,15.75,14,8.82152153771316,9.01271690247338,1
9,1,15.75,14,9.01271690247338,10.9737244990447,1
9,1,15.75,14,10.9737244990447,12.3256459877485,1
9,1,15.75,14,12.3256459877485,12.4359173460432,1
9,1,15.75,14,12.4359173460432,12.5194828598094,1
9,1,15.75,14,12.5194828598094,12.9272666662413,1
9,1,15.75,14,12.9272666662413,14.8352953190238,1
9,1,15.75,14,14.8352953190238,15.0271404156843,1
9,1,15.75,14,15.0271404156843,15.322778333505,1
9,1,15.75,14,15.322778333505,15.75,0
10,1,13.75,13,0,3.83123141949673,1
10,1,13.75,13,3.83123141949673,4.03136977713481,1
10,1,13.75,13,4.03136977713481,4.69647492277972,1
10,1,13.75,13,4.69647492277972,4.77687503137567,1
10,1,13.75,13,4.77687503137567,6.55568416784482,1
10,1,13.75,13,6.55568416784482,6.85255947744904,1
10,1,13.75,13,6.85255947744904,6.89728820873295,1
10,1,13.75,13,6.89728820873295,7.24815732181422,1
10,1,13.75,13,7.24815732181422,9.28673849171592,1
10,1,13.75,13,9.28673849171592,9.79975379305318,1
10,1,13.75,13,9.79975379305318,10.7431721506125,1
10,1,13.75,13,10.7431721506125,11.7571857221991,1
10,1,13.75,13,11.7571857221991,11.9643864482283,1
10,1,13.75,13,11.9643864482283,13.75,0
11,1,12.75,10,0,4.26166695896156,1
11,1,12.75,10,4.26166695896156,5.34330840160051,1
11,1,12.75,10,5.34330840160051,6.51425497760969,1
11,1,12.75,10,6.51425497760969,6.98477778686496,1
11,1,12.75,10,6.98477778686496,9.6419635399289,1
11,1,12.75,10,9.6419635399289,10.0274469502116,1
11,1,12.75,10,10.0274469502116,11.4739516590197,1
11,1,12.75,10,11.4739516590197,11.5592847334619,1
11,1,12.75,10,11.5592847334619,12.2232015948371,1
11,1,12.75,10,12.2232015948371,12.2678059072006,1
11,1,12.75,10,12.2678059072006,12.75,0
12,1,20.75,49,0,1.23394860532339,1
12,1,20.75,49,1.23394860532339,1.34132047205471,1
12,1,20.75,49,1.34132047205471,2.51468724130001,1
12,1,20.75,49,2.51468724130001,3.71430980790888,1
12,1,20.75,49,3.71430980790888,4.6867366957707,1
12,1,20.75,49,4.6867366957707,4.90513752004466,1
12,1,20.75,49,4.90513752004466,5.8965796816656,1
12,1,20.75,49,5.8965796816656,6.47983029096376,1
12,1,20.75,49,6.47983029096376,8.39860829793551,1
12,1,20.75,49,8.39860829793551,8.46486156373669,1
12,1,20.75,49,8.46486156373669,9.50464116391944,1
12,1,20.75,49,9.50464116391944,9.86016290493648,1
12,1,20.75,49,9.86016290493648,11.1213291578404,1
12,1,20.75,49,11.1213291578404,11.4200361676329,1
12,1,20.75,49,11.4200361676329,11.4911514942278,1
12,1,20.75,49,11.4911514942278,11.5296782804597,1
12,1,20.75,49,11.5296782804597,11.5741411097418,1
12,1,20.75,49,11.5741411097418,12.3024872391759,1
12,1,20.75,49,12.3024872391759,12.3909340590429,1
12,1,20.75,49,12.3909340590429,12.6184652527863,1
12,1,20.75,49,12.6184652527863,12.8685094080231,1
12,1,20.75,49,12.8685094080231,13.3557743793574,1
12,1,20.75,49,13.3557743793574,13.7471592897305,1
12,1,20.75,49,13.7471592897305,13.8233105038617,1
12,1,20.75,49,13.8233105038617,13.9200181389816,1
12,1,20.75,49,13.9200181389816,13.9232953447167,1
12,1,20.75,49,13.9232953447167,14.10193364172,1
12,1,20.75,49,14.10193364172,14.4451205244112,1
12,1,20.75,49,14.4451205244112,14.7363524106066,1
12,1,20.75,49,14.7363524106066,15.0005722589654,1
12,1,20.75,49,15.0005722589654,15.4067223197288,1
12,1,20.75,49,15.4067223197288,15.4940472795751,1
12,1,20.75,49,15.4940472795751,15.5006187092175,1
12,1,20.75,49,15.5006187092175,15.621093842346,1
12,1,20.75,49,15.621093842346,15.9148086110486,1
12,1,20.75,49,15.9148086110486,16.1579337363976,1
12,1,20.75,49,16.1579337363976,16.2103807898387,1
12,1,20.75,49,16.2103807898387,16.6201739357674,1
12,1,20.75,49,16.6201739357674,16.7998058887901,1
12,1,20.75,49,16.7998058887901,16.9708310344672,1
12,1,20.75,49,16.9708310344672,17.2424852179003,1
12,1,20.75,49,17.2424852179003,17.8291313029227,1
12,1,20.75,49,17.8291313029227,18.1406114535547,1
12,1,20.75,49,18.1406114535547,18.3151333563296,1
12,1,20.75,49,18.3151333563296,19.5087183461202,1
12,1,20.75,49,19.5087183461202,19.7383408551007,1
12,1,20.75,49,19.7383408551007,20.1886154316397,1
12,1,20.75,49,20.1886154316397,20.5886939621372,1
12,1,20.75,49,20.5886939621372,20.7295229016711,1
12,1,20.75,49,20.7295229016711,20.75,0
13,1,10.75,4,0,2.0058674696296,1
13,1,10.75,4,2.0058674696296,2.22040406606347,1
13,1,10.75,4,2.22040406606347,8.12829331817102,1
13,1,10.75,4,8.12829331817102,8.44319555420247,1
13,1,10.75,4,8.44319555420247,10.75,0
14,1,18.75,10,0,3.50666575111113,1
14,1,18.75,10,3.50666575111113,11.4610869361093,1
14,1,18.75,10,11.4610869361093,11.5450113555155,1
14,1,18.75,10,11.5450113555155,13.2954226569639,1
14,1,18.75,10,13.2954226569639,13.6437389105936,1
14,1,18.75,10,13.6437389105936,14.8223708493515,1
14,1,18.75,10,14.8223708493515,15.4630637892629,1
14,1,18.75,10,15.4630637892629,16.504673422366,1
14,1,18.75,10,16.504673422366,17.2688522396375,1
14,1,18.75,10,17.2688522396375,17.8757674583108,1
14,1,18.75,10,17.8757674583108,18.75,0
15,1,15.75,15,0,6.71123371209251,1
15,1,15.75,15,6.71123371209251,8.3584821802432,1
15,1,15.75,15,8.3584821802432,8.53893862109521,1
15,1,15.75,15,8.53893862109521,8.76896721540316,1
15,1,15.75,15,8.76896721540316,10.2217655327035,1
15,1,15.75,15,10.2217655327035,10.9267267910444,1
15,1,15.75,15,10.9267267910444,11.0817236776018,1
15,1,15.75,15,11.0817236776018,11.185046101561,1
15,1,15.75,15,11.185046101561,11.53963297177,1
15,1,15.75,15,11.53963297177,12.0066599712037,1
15,1,15.75,15,12.0066599712037,12.2021172620396,1
15,1,15.75,15,12.2021172620396,12.4809303381134,1
15,1,15.75,15,12.4809303381134,13.6584701822082,1
15,1,15.75,15,13.6584701822082,14.1182458722632,1
15,1,15.75,15,14.1182458722632,14.4239901851569,1
15,1,15.75,15,14.4239901851569,15.75,0
16,1,10.75,5,0,4.23329506894009,1
16,1,10.75,5,4.23329506894009,5.28590148438317,1
16,1,10.75,5,5.28590148438317,7.09269356220797,1
16,1,10.75,5,7.09269356220797,8.76546194264325,1
16,1,10.75,5,8.76546194264325,9.07554266632161,1
16,1,10.75,5,9.07554266632161,10.75,0
17,1,20.75,16,0,6.21507312578864,1
17,1,20.75,16,6.21507312578864,6.21776322697233,1
17,1,20.75,16,6.21776322697233,6.55332021595981,1
17,1,20.75,16,6.55332021595981,7.99135170853145,1
17,1,20.75,16,7.99135170853145,12.5107183422683,1
17,1,20.75,16,12.5107183422683,12.7217512712708,1
17,1,20.75,16,12.7217512712708,13.1747612640364,1
17,1,20.75,16,13.1747612640364,13.3249282365888,1
17,1,20.75,16,13.3249282365888,16.0847226846752,1
17,1,20.75,16,16.0847226846752,16.760931462567,1
17,1,20.75,16,16.760931462567,17.5983232027045,1
17,1,20.75,16,17.5983232027045,17.637233338319,1
17,1,20.75,16,17.637233338319,17.8826093405082,1
17,1,20.75,16,17.8826093405082,18.3436291913781,1
17,1,20.75,16,18.3436291913781,19.010319005241,1
17,1,20.75,16,19.010319005241,19.7221957706419,1
17,1,20.75,16,19.7221957706419,20.75,0
18,1,15.75,16,0,3.7070816387251,1
18,1,15.75,16,3.7070816387251,4.59936076947587,1
18,1,15.75,16,4.59936076947587,5.1865692420672,1
18,1,15.75,16,5.1865692420672,5.2442718672413,1
18,1,15.75,16,5.2442718672413,6.14348956847291,1
18,1,15.75,16,6.14348956847291,6.2212415826081,1
18,1,15.75,16,6.2212415826081,10.2332504373055,1
18,1,15.75,16,10.2332504373055,10.4139303008419,1
18,1,15.75,16,10.4139303008419,11.4816910856925,1
18,1,15.75,16,11.4816910856925,12.1006334422154,1
18,1,15.75,16,12.1006334422154,12.5352549340799,1
18,1,15.75,16,12.5352549340799,12.9407294194692,1
18,1,15.75,16,12.9407294194692,14.381782083006,1
18,1,15.75,16,14.381782083006,14.8885431985144,1
18,1,15.75,16,14.8885431985144,15.4365584312989,1
18,1,15.75,16,15.4365584312989,15.6406347329757,1
18,1,15.75,16,15.6406347329757,15.75,0
19,1,11.75,8,0,2.59026931087401,1
19,1,11.75,8,2.59026931087401,4.82292687171182,1
19,1,11.75,8,4.82292687171182,5.03447220181234,1
19,1,11.75,8,5.03447220181234,5.05115680493464,1
19,1,11.75,8,5.05115680493464,10.2754522667745,1
19,1,11.75,8,10.2754522667745,10.7756079345588,1
19,1,11.75,8,10.7756079345588,11.2379388847222,1
19,1,11.75,8,11.2379388847222,11.5407779114381,1
19,1,11.75,8,11.5407779114381,11.75,0
20,1,13.75,12,0,3.05908174511915,1
20,1,13.75,12,3.05908174511915,5.50354472655565,1
20,1,13.75,12,5.50354472655565,5.55436664436375,1
20,1,13.75,12,5.55436664436375,6.00002978239602,1
20,1,13.75,12,6.00002978239602,7.77521663020786,1
20,1,13.75,12,7.77521663020786,8.64957658389037,1
20,1,13.75,12,8.64957658389037,8.91901329799018,1
20,1,13.75,12,8.91901329799018,10.5913319197304,1
20,1,13.75,12,10.5913319197304,10.8152848072317,1
20,1,13.75,12,10.8152848072317,11.6071226369608,1
20,1,13.75,12,11.6071226369608,11.8387910851372,1
20,1,13.75,12,11.8387910851372,12.1943505294543,1
20,1,13.75,12,12.1943505294543,13.75,0
21,1,14.75,13,0,2.62356720535138,1
21,1,14.75,13,2.62356720535138,4.12855858297381,1
21,1,14.75,13,4.12855858297381,6.50346762944516,1
21,1,14.75,13,6.50346762944516,7.22871399804285,1
21,1,14.75,13,7.22871399804285,8.34154240047808,1
21,1,14.75,13,8.34154240047808,11.3264063627904,1
21,1,14.75,13,11.3264063627904,11.376536433968,1
21,1,14.75,13,11.376536433968,12.1174110970807,1
21,1,14.75,13,12.1174110970807,13.2383120851064,1
21,1,14.75,13,13.2383120851064,13.5465849436566,1
21,1,14.75,13,13.5465849436566,13.6527281947884,1
21,1,14.75,13,13.6527281947884,13.849609215205,1
21,1,14.75,13,13.849609215205,14.6567633663602,1
21,1,14.75,13,14.6567633663602,14.75,0
22,1,14.75,7,0,4.67888027711121,1
22,1,14.75,7,4.67888027711121,6.83385551734055,1
22,1,14.75,7,6.83385551734055,7.10807165985695,1
22,1,14.75,7,7.10807165985695,10.8675578269746,1
22,1,14.75,7,10.8675578269746,13.2765009660961,1
22,1,14.75,7,13.2765009660961,13.9355341579511,1
22,1,14.75,7,13.9355341579511,14.4863700712374,1
22,1,14.75,7,14.4863700712374,14.75,0
23,1,14.75,12,0,2.13619587358323,1
23,1,14.75,12,2.13619587358323,6.04675109631284,1
23,1,14.75,12,6.04675109631284,6.42792360755618,1
23,1,14.75,12,6.42792360755618,7.17112826338552,1
23,1,14.75,12,7.17112826338552,8.22824222616202,1
23,1,14.75,12,8.22824222616202,11.3603069360528,1
23,1,14.75,12,11.3603069360528,11.7204676066598,1
23,1,14.75,12,11.7204676066598,12.4130211353613,1
23,1,14.75,12,12.4130211353613,13.249417289677,1
23,1,14.75,12,13.249417289677,13.5083985782785,1
23,1,14.75,12,13.5083985782785,14.001794572341,1
23,1,14.75,12,14.001794572341,14.6183626015487,1
23,1,14.75,12,14.6183626015487,14.75,0
24,1,15.75,6,0,5.29587674446024,1
24,1,15.75,6,5.29587674446024,10.5267149584031,1
24,1,15.75,6,10.5267149584031,12.2275124980993,1
24,1,15.75,6,12.2275124980993,12.6350743290914,1
24,1,15.75,6,12.6350743290914,13.2318156792721,1
24,1,15.75,6,13.2318156792721,14.9585359015905,1
24,1,15.75,6,14.9585359015905,15.75,0
25,1,9.75,4,0,1.42182955751755,1
25,1,9.75,4,1.42182955751755,3.15542649733242,1
25,1,9.75,4,3.15542649733242,8.91246347915981,1
25,1,9.75,4,8.91246347915981,9.5203086106217,1
25,1,9.75,4,9.5203086106217,9.75,0
26,1,15.75,9,0,7.00781647250704,1
26,1,15.75,9,7.00781647250704,10.866213833831,1
26,1,15.75,9,10.866213833831,10.9373611125845,1
26,1,15.75,9,10.9373611125845,12.3057053133103,1
26,1,15.75,9,12.3057053133103,12.6818416274464,1
26,1,15.75,9,12.6818416274464,13.396916555634,1
26,1,15.75,9,13.396916555634,13.5571413749515,1
26,1,15.75,9,13.5571413749515,14.5277089489527,1
26,1,15.75,9,14.5277089489527,14.668854107347,1
26,1,15.75,9,14.668854107347,15.75,0
27,1,13.75,8,0,3.92445866253599,1
27,1,13.75,8,3.92445866253599,8.55530556159439,1
27,1,13.75,8,8.55530556159439,9.67885018631158,1
27,1,13.75,8,9.67885018631158,9.7410262921005,1
27,1,13.75,8,9.7410262921005,11.421997783073,1
27,1,13.75,8,11.421997783073,11.5395549178924,1
27,1,13.75,8,11.5395549178924,11.9147336926018,1
27,1,13.75,8,11.9147336926018,13.6654085545273,1
27,1,13.75,8,13.6654085545273,13.75,0
28,1,19.75,15,0,4.65855615923939,1
28,1,19.75,15,4.65855615923939,5.19385707591728,1
28,1,19.75,15,5.19385707591728,5.43154682513244,1
28,1,19.75,15,5.43154682513244,6.27591362254613,1
28,1,19.75,15,6.27591362254613,8.25912194116298,1
28,1,19.75,15,8.25912194116298,8.65065123196397,1
28,1,19.75,15,8.65065123196397,10.2352248057018,1
28,1,19.75,15,10.2352248057018,12.7970908053026,1
28,1,19.75,15,12.7970908053026,13.7574298113927,1
28,1,19.75,15,13.7574298113927,13.9096121243752,1
28,1,19.75,15,13.9096121243752,15.3265080962842,1
28,1,19.75,15,15.3265080962842,15.477867007691,1
28,1,19.75,15,15.477867007691,16.3386478671158,1
28,1,19.75,15,16.3386478671158,16.9048012682179,1
28,1,19.75,15,16.9048012682179,17.005485507718,1
28,1,19.75,15,17.005485507718,19.75,0
29,1,13.75,23,0,1.28759522614351,1
29,1,13.75,23,1.28759522614351,1.4806317640487,1
29,1,13.75,23,1.4806317640487,3.02801837940144,1
29,1,13.75,23,3.02801837940144,4.31012223761162,1
29,1,13.75,23,4.31012223761162,5.37700928840243,1
29,1,13.75,23,5.37700928840243,5.89692952028928,1
29,1,13.75,23,5.89692952028928,5.94682866891488,1
29,1,13.75,23,5.94682866891488,6.21989431590196,1
29,1,13.75,23,6.21989431590196,6.45808781154728,1
29,1,13.75,23,6.45808781154728,6.70346528623163,1
29,1,13.75,23,6.70346528623163,6.94381118281531,1
29,1,13.75,23,6.94381118281531,7.18678918492912,1
29,1,13.75,23,7.18678918492912,7.25106511431726,1
29,1,13.75,23,7.25106511431726,8.47105996723655,1
29,1,13.75,23,8.47105996723655,8.50697097956481,1
29,1,13.75,23,8.50697097956481,8.93231365897142,1
29,1,13.75,23,8.93231365897142,9.28294717382932,1
29,1,13.75,23,9.28294717382932,10.2176256034075,1
29,1,13.75,23,10.2176256034075,10.9202025154395,1
29,1,13.75,23,10.9202025154395,11.5364417517782,1
29,1,13.75,23,11.5364417517782,11.540543699804,1
29,1,13.75,23,11.540543699804,12.8046512948212,1
29,1,13.75,23,12.8046512948212,13.7339991228364,1
29,1,13.75,23,13.7339991228364,13.75,0
30,1,8.75,0,0,8.75,0
31,1,20.75,73,0,3.25210683119472,1
31,1,20.75,73,3.25210683119472,4.82011106286158,1
31,1,20.75,73,4.82011106286158,4.88286450303519,1
31,1,20.75,73,4.88286450303519,6.3803290985417,1
31,1,20.75,73,6.3803290985417,6.58228826745298,1
31,1,20.75,73,6.58228826745298,6.75527648180547,1
31,1,20.75,73,6.75527648180547,7.21269788241213,1
31,1,20.75,73,7.21269788241213,8.140845645274,1
31,1,20.75,73,8.140845645274,8.4198417327353,1
31,1,20.75,73,8.4198417327353,8.54759314039116,1
31,1,20.75,73,8.54759314039116,9.27440990273801,1
31,1,20.75,73,9.27440990273801,9.43265508620325,1
31,1,20.75,73,9.43265508620325,10.0216375870527,1
31,1,20.75,73,10.0216375870527,10.1211160973707,1
31,1,20.75,73,10.1211160973707,10.6732750622293,1
31,1,20.75,73,10.6732750622293,10.8412757097588,1
31,1,20.75,73,10.8412757097588,11.176570414026,1
31,1,20.75,73,11.176570414026,11.4735426699537,1
31,1,20.75,73,11.4735426699537,11.8243827323507,1
31,1,20.75,73,11.8243827323507,12.1291559210028,1
31,1,20.75,73,12.1291559210028,12.3745249300732,1
31,1,20.75,73,12.3745249300732,12.4232244570526,1
31,1,20.75,73,12.4232244570526,12.5188244519295,1
31,1,20.75,73,12.5188244519295,13.043885612458,1
31,1,20.75,73,13.043885612458,13.0828206995521,1
31,1,20.75,73,13.0828206995521,13.1866933444984,1
31,1,20.75,73,13.1866933444984,13.226633618987,1
31,1,20.75,73,13.226633618987,13.3193154415958,1
31,1,20.75,73,13.3193154415958,13.7038555440477,1
31,1,20.75,73,13.7038555440477,13.7405686821991,1
31,1,20.75,73,13.7405686821991,13.8099806704153,1
31,1,20.75,73,13.8099806704153,13.9331615853458,1
31,1,20.75,73,13.9331615853458,14.4196106957849,1
31,1,20.75,73,14.4196106957849,14.7387511744579,1
31,1,20.75,73,14.7387511744579,14.8240577015008,1
31,1,20.75,73,14.8240577015008,15.4616959707835,1
31,1,20.75,73,15.4616959707835,15.5569635751818,1
31,1,20.75,73,15.5569635751818,15.660982475763,1
31,1,20.75,73,15.660982475763,16.0183552644226,1
31,1,20.75,73,16.0183552644226,16.0446845908323,1
31,1,20.75,73,16.0446845908323,16.2844086576648,1
31,1,20.75,73,16.2844086576648,16.4700322231219,1
31,1,20.75,73,16.4700322231219,16.6023441843133,1
31,1,20.75,73,16.6023441843133,16.811769059822,1
31,1,20.75,73,16.811769059822,16.9403047380576,1
31,1,20.75,73,16.9403047380576,17.0764672348766,1
31,1,20.75,73,17.0764672348766,17.1155908654315,1
31,1,20.75,73,17.1155908654315,17.2144485508345,1
31,1,20.75,73,17.2144485508345,17.3856930392628,1
31,1,20.75,73,17.3856930392628,17.5533914184443,1
31,1,20.75,73,17.5533914184443,17.6036471064126,1
31,1,20.75,73,17.6036471064126,17.7901433021397,1
31,1,20.75,73,17.7901433021397,17.8558654163737,1
31,1,20.75,73,17.8558654163737,17.9637802748167,1
31,1,20.75,73,17.9637802748167,18.1418035119816,1
31,1,20.75,73,18.1418035119816,18.190073391399,1
31,1,20.75,73,18.190073391399,18.6208936226892,1
31,1,20.75,73,18.6208936226892,18.7404439695464,1
31,1,20.75,73,18.7404439695464,18.8339652886133,1
31,1,20.75,73,18.8339652886133,19.0048816764045,1
31,1,20.75,73,19.0048816764045,19.1500014655018,1
31,1,20.75,73,19.1500014655018,19.189665471965,1
31,1,20.75,73,19.189665471965,19.2207931486214,1
31,1,20.75,73,19.2207931486214,19.2575694321513,1
31,1,20.75,73,19.2575694321513,19.6118518515587,1
31,1,20.75,73,19.6118518515587,19.8049020474291,1
31,1,20.75,73,19.8049020474291,19.8745717655603,1
31,1,20.75,73,19.8745717655603,20.0305498732097,1
31,1,20.75,73,20.0305498732097,20.1776305112892,1
31,1,20.75,73,20.1776305112892,20.3122048750232,1
31,1,20.75,73,20.3122048750232,20.4027022953438,1
31,1,20.75,73,20.4027022953438,20.6131091952762,1
31,1,20.75,73,20.6131091952762,20.667719535763,1
31,1,20.75,73,20.667719535763,20.75,0
32,1,15.75,17,0,3.58307206375107,1
32,1,15.75,17,3.58307206375107,4.29617944130062,1
32,1,15.75,17,4.29617944130062,4.65101711169692,1
32,1,15.75,17,4.65101711169692,6.55687283223472,1
32,1,15.75,17,6.55687283223472,6.82508112326535,1
32,1,15.75,17,6.82508112326535,8.61409779977133,1
32,1,15.75,17,8.61409779977133,10.1897164203737,1
32,1,15.75,17,10.1897164203737,10.3970223295423,1
32,1,15.75,17,10.3970223295423,11.1272295801433,1
32,1,15.75,17,11.1272295801433,12.2428375891682,1
32,1,15.75,17,12.2428375891682,12.4005623335348,1
32,1,15.75,17,12.4005623335348,12.9283963178936,1
32,1,15.75,17,12.9283963178936,13.3319335926962,1
32,1,15.75,17,13.3319335926962,13.8034114806799,1
32,1,15.75,17,13.8034114806799,13.8887587354038,1
32,1,15.75,17,13.8887587354038,14.2192096942623,1
32,1,15.75,17,14.2192096942623,15.5457242914922,1
32,1,15.75,17,15.5457242914922,15.75,0
33,1,10.75,6,0,4.35926989522174,1
33,1,10.75,6,4.35926989522174,5.14276560723852,1
33,1,10.75,6,5.14276560723852,7.12403121314636,1
33,1,10.75,6,7.12403121314636,7.75641415271713,1
33,1,10.75,6,7.75641415271713,9.08922199853112,1
33,1,10.75,6,9.08922199853112,9.26792357622953,1
33,1,10.75,6,9.26792357622953,10.75,0
34,1,14.75,12,0,1.29454951771586,1
34,1,14.75,12,1.29454951771586,7.27582804317001,1
34,1,14.75,12,7.27582804317001,7.99599068836896,1
34,1,14.75,12,7.99599068836896,9.26572133774586,1
34,1,14.75,12,9.26572133774586,9.3408709691421,1
34,1,14.75,12,9.3408709691421,10.1156395956195,1
34,1,14.75,12,10.1156395956195,10.8970860587715,1
34,1,14.75,12,10.8970860587715,11.5169164181551,1
34,1,14.75,12,11.5169164181551,11.7599807001226,1
34,1,14.75,12,11.7599807001226,13.9060517719312,1
34,1,14.75,12,13.9060517719312,14.3476195955384,1
34,1,14.75,12,14.3476195955384,14.4491454576436,1
34,1,14.75,12,14.4491454576436,14.75,0
35,1,12.75,4,0,2.98518732995262,1
35,1,12.75,4,2.98518732995262,4.39343158164051,1
35,1,12.75,4,4.39343158164051,8.25987811638203,1
35,1,12.75,4,8.25987811638203,8.69186225715003,1
35,1,12.75,4,8.69186225715003,12.75,0
36,1,11.75,11,0,1.15726107223854,1
36,1,11.75,11,1.15726107223854,2.90417853660078,1
36,1,11.75,11,2.90417853660078,5.40237263973488,1
36,1,11.75,11,5.40237263973488,5.71998420550603,1
36,1,11.75,11,5.71998420550603,6.93117135342447,1
36,1,11.75,11,6.93117135342447,7.4617992365456,1
36,1,11.75,11,7.4617992365456,8.53583535378958,1
36,1,11.75,11,8.53583535378958,9.29097654363106,1
36,1,11.75,11,9.29097654363106,10.4655991626559,1
36,1,11.75,11,10.4655991626559,10.4988492721143,1
36,1,11.75,11,10.4988492721143,11.5142567061823,1
36,1,11.75,11,11.5142567061823,11.75,0
37,1,8.75,4,0,3.25346814707625,1
37,1,8.75,4,3.25346814707625,5.38827310675291,1
37,1,8.75,4,5.38827310675291,5.73154604758896,1
37,1,8.75,4,5.73154604758896,5.82987768143617,1
37,1,8.75,4,5.82987768143617,8.75,0
38,1,10.75,9,0,2.94601242239531,1
38,1,10.75,9,2.94601242239531,3.84262630718031,1
38,1,10.75,9,3.84262630718031,3.87400693873918,1
38,1,10.75,9,3.87400693873918,5.45792714613679,1
38,1,10.75,9,5.45792714613679,6.97613282889995,1
38,1,10.75,9,6.97613282889995,7.65669207766896,1
38,1,10.75,9,7.65669207766896,8.03995477000731,1
38,1,10.75,9,8.03995477000731,8.7468579495095,1
38,1,10.75,9,8.7468579495095,9.57791265772182,1
38,1,10.75,9,9.57791265772182,10.75,0
39,1,10.75,12,0,3.17729612910575,1
39,1,10.75,12,3.17729612910575,4.04479169460715,1
39,1,10.75,12,4.04479169460715,4.99590332214847,1
39,1,10.75,12,4.99590332214847,6.47887918120728,1
39,1,10.75,12,6.47887918120728,7.1998773113499,1
39,1,10.75,12,7.1998773113499,8.55453673268507,1
39,1,10.75,12,8.55453673268507,8.99088437419434,1
39,1,10.75,12,8.99088437419434,9.70545527546288,1
39,1,10.75,12,9.70545527546288,10.0554463207147,1
39,1,10.75,12,10.0554463207147,10.2806559978386,1
39,1,10.75,12,10.2806559978386,10.3455570456308,1
39,1,10.75,12,10.3455570456308,10.3734127095814,1
39,1,10.75,12,10.3734127095814,10.75,0
40,1,15.75,11,0,8.36995367281931,1
40,1,15.75,11,8.36995367281931,9.53966204642921,1
40,1,15.75,11,9.53966204642921,10.9846478615869,1
40,1,15.75,11,10.9846478615869,11.1044075865086,1
40,1,15.75,11,11.1044075865086,11.4096378014461,1
40,1,15.75,11,11.4096378014461,12.5043952466657,1
40,1,15.75,11,12.5043952466657,12.5051646693829,1
40,1,15.75,11,12.5051646693829,12.757787199724,1
40,1,15.75,11,12.757787199724,13.2568624831577,1
40,1,15.75,11,13.2568624831577,14.8609232153852,1
40,1,15.75,11,14.8609232153852,15.5758600905495,1
40,1,15.75,11,15.5758600905495,15.75,0
41,1,12.75,4,0,2.97316261495937,1
41,1,12.75,4,2.97316261495937,6.22404871195039,1
41,1,12.75,4,6.22404871195039,7.01790186896508,1
41,1,12.75,4,7.01790186896508,8.05098029489186,1
41,1,12.75,4,8.05098029489186,12.75,0
42,1,19.75,33,0,3.25205812597497,1
42,1,19.75,33,3.25205812597497,3.97689533945786,1
42,1,19.75,33,3.97689533945786,4.54438601465521,1
42,1,19.75,33,4.54438601465521,4.6429963421993,1
42,1,19.75,33,4.6429963421993,6.02338011320353,1
42,1,19.75,33,6.02338011320353,7.01497543814767,1
42,1,19.75,33,7.01497543814767,7.552900343173,1
42,1,19.75,33,7.552900343173,8.16080960586115,1
42,1,19.75,33,8.16080960586115,8.65361950830481,1
42,1,19.75,33,8.65361950830481,8.99238470789375,1
42,1,19.75,33,8.99238470789375,9.35607430706303,1
42,1,19.75,33,9.35607430706303,9.65030821194024,1
42,1,19.75,33,9.65030821194024,10.7725999367347,1
42,1,19.75,33,10.7725999367347,11.636471605659,1
42,1,19.75,33,11.636471605659,12.1494231710173,1
42,1,19.75,33,12.1494231710173,12.2060969947209,1
42,1,19.75,33,12.2060969947209,13.0882538591677,1
42,1,19.75,33,13.0882538591677,13.5408630382587,1
42,1,19.75,33,13.5408630382587,14.9633150953603,1
42,1,19.75,33,14.9633150953603,15.5712669750501,1
42,1,19.75,33,15.5712669750501,15.8919251187578,1
42,1,19.75,33,15.8919251187578,15.9084093490173,1
42,1,19.75,33,15.9084093490173,15.964652310198,1
42,1,19.75,33,15.964652310198,15.9788917396588,1
42,1,19.75,33,15.9788917396588,16.186703956443,1
42,1,19.75,33,16.186703956443,16.6972311284036,1
42,1,19.75,33,16.6972311284036,16.8318752978846,1
42,1,19.75,33,16.8318752978846,17.0387552320741,1
42,1,19.75,33,17.0387552320741,17.0837650204326,1
42,1,19.75,33,17.0837650204326,19.0704775067433,1
42,1,19.75,33,19.0704775067433,19.1978836427407,1
42,1,19.75,33,19.1978836427407,19.3863117059691,1
42,1,19.75,33,19.3863117059691,19.5804088886642,1
42,1,19.75,33,19.5804088886642,19.75,0
43,1,17.75,11,0,3.29214982941109,1
43,1,17.75,11,3.29214982941109,4.3553444528264,1
43,1,17.75,11,4.3553444528264,7.06074344517623,1
43,1,17.75,11,7.06074344517623,7.0908988376282,1
43,1,17.75,11,7.0908988376282,8.60828118409496,1
43,1,17.75,11,8.60828118409496,8.73875469477225,1
43,1,17.75,11,8.73875469477225,8.93572822907491,1
43,1,17.75,11,8.93572822907491,9.93850095540885,1
43,1,17.75,11,9.93850095540885,12.4917408444014,1
43,1,17.75,11,12.4917408444014,15.7401662692826,1
43,1,17.75,11,15.7401662692826,17.2600206460592,1
43,1,17.75,11,17.2600206460592,17.75,0
44,1,14.75,8,0,2.52801609846316,1
44,1,14.75,8,2.52801609846316,9.7672701388426,1
44,1,14.75,8,9.7672701388426,9.85474267559014,1
44,1,14.75,8,9.85474267559014,9.88557637728685,1
44,1,14.75,8,9.88557637728685,12.524670433045,1
44,1,14.75,8,12.524670433045,14.2982226392098,1
44,1,14.75,8,14.2982226392098,14.5719818526454,1
44,1,14.75,8,14.5719818526454,14.6815785288898,1
44,1,14.75,8,14.6815785288898,14.75,0
45,1,19.75,31,0,1.31176422035355,1
45,1,19.75,31,1.31176422035355,4.11033247473554,1
45,1,19.75,31,4.11033247473554,6.01753435745584,1
45,1,19.75,31,6.01753435745584,8.30827727593375,1
45,1,19.75,31,8.30827727593375,9.17134618431596,1
45,1,19.75,31,9.17134618431596,10.4033702136283,1
45,1,19.75,31,10.4033702136283,10.9470899521681,1
45,1,19.75,31,10.9470899521681,11.1344919536186,1
45,1,19.75,31,11.1344919536186,11.6909474793295,1
45,1,19.75,31,11.6909474793295,11.8482542111732,1
45,1,19.75,31,11.8482542111732,13.1718558291986,1
45,1,19.75,31,13.1718558291986,14.0476110358273,1
45,1,19.75,31,14.0476110358273,14.0840794887107,1
45,1,19.75,31,14.0840794887107,14.3756583544304,1
45,1,19.75,31,14.3756583544304,14.9710128545672,1
45,1,19.75,31,14.9710128545672,14.9806466538231,1
45,1,19.75,31,14.9806466538231,14.9868602957032,1
45,1,19.75,31,14.9868602957032,15.6088036540343,1
45,1,19.75,31,15.6088036540343,15.6504846886274,1
45,1,19.75,31,15.6504846886274,15.8974252271205,1
45,1,19.75,31,15.8974252271205,16.2232181823053,1
45,1,19.75,31,16.2232181823053,16.69640450076,1
45,1,19.75,31,16.69640450076,17.8147630964365,1
45,1,19.75,31,17.8147630964365,18.3075447872363,1
45,1,19.75,31,18.3075447872363,18.5204344543703,1
45,1,19.75,31,18.5204344543703,18.6706082989343,1
45,1,19.75,31,18.6706082989343,18.6977498804117,1
45,1,19.75,31,18.6977498804117,19.1564171829081,1
45,1,19.75,31,19.1564171829081,19.2082849097504,1
45,1,19.75,31,19.2082849097504,19.3115508894425,1
45,1,19.75,31,19.3115508894425,19.3824839678231,1
45,1,19.75,31,19.3824839678231,19.75,0
46,1,16.75,17,0,3.66724441926308,1
46,1,16.75,17,3.66724441926308,4.77012655220411,1
46,1,16.75,17,4.77012655220411,5.37299902736284,1
46,1,16.75,17,5.37299902736284,7.17463176779757,1
46,1,16.75,17,7.17463176779757,7.36098748237845,1
46,1,16.75,17,7.36098748237845,7.71025603715158,1
46,1,16.75,17,7.71025603715158,8.87149001146449,1
46,1,16.75,17,8.87149001146449,9.08225215095,1
46,1,16.75,17,9.08225215095,11.1796043175396,1
46,1,16.75,17,11.1796043175396,12.3733291264893,1
46,1,16.75,17,12.3733291264893,13.1181549778558,1
46,1,16.75,17,13.1181549778558,13.6681656596525,1
46,1,16.75,17,13.6681656596525,14.4947345807632,1
46,1,16.75,17,14.4947345807632,14.9559149690075,1
46,1,16.75,17,14.9559149690075,16.0484540765855,1
46,1,16.75,17,16.0484540765855,16.1731117259158,1
46,1,16.75,17,16.1731117259158,16.6448431734827,1
46,1,16.75,17,16.6448431734827,16.75,0
47,1,10.75,9,0,5.07641383514886,1
47,1,10.75,9,5.07641383514886,5.31831090415695,1
47,1,10.75,9,5.31831090415695,5.52038773240077,1
47,1,10.75,9,5.52038773240077,6.23380773560122,1
47,1,10.75,9,6.23380773560122,6.33433883984989,1
47,1,10.75,9,6.33433883984989,7.04193418136668,1
47,1,10.75,9,7.04193418136668,7.33782610833336,1
47,1,10.75,9,7.33782610833336,7.52556636651309,1
47,1,10.75,9,7.52556636651309,8.42612695850359,1
47,1,10.75,9,8.42612695850359,10.75,0
48,1,20.75,35,0,0.791930548019032,1
48,1,20.75,35,0.791930548019032,1.93853011818128,1
48,1,20.75,35,1.93853011818128,7.66539200743679,1
48,1,20.75,35,7.66539200743679,7.80199045034146,1
48,1,20.75,35,7.80199045034146,8.0429560105727,1
48,1,20.75,35,8.0429560105727,8.46185149807791,1
48,1,20.75,35,8.46185149807791,9.9304533570856,1
48,1,20.75,35,9.9304533570856,10.0258386430872,1
48,1,20.75,35,10.0258386430872,10.3296485288402,1
48,1,20.75,35,10.3296485288402,10.5318038049283,1
48,1,20.75,35,10.5318038049283,10.7700788098207,1
48,1,20.75,35,10.7700788098207,10.776650168319,1
48,1,20.75,35,10.776650168319,11.6893025703015,1
48,1,20.75,35,11.6893025703015,11.7116658318868,1
48,1,20.75,35,11.7116658318868,11.8241123545911,1
48,1,20.75,35,11.8241123545911,12.3444995436548,1
48,1,20.75,35,12.3444995436548,12.8193809109549,1
48,1,20.75,35,12.8193809109549,13.0623752812234,1
48,1,20.75,35,13.0623752812234,14.1786150822088,1
48,1,20.75,35,14.1786150822088,14.3965294765303,1
48,1,20.75,35,14.3965294765303,14.7197240958035,1
48,1,20.75,35,14.7197240958035,15.6233039193681,1
48,1,20.75,35,15.6233039193681,15.856638420609,1
48,1,20.75,35,15.856638420609,16.4336624659064,1
48,1,20.75,35,16.4336624659064,16.5918963672913,1
48,1,20.75,35,16.5918963672913,17.0396946823529,1
48,1,20.75,35,17.0396946823529,17.1872505852898,1
48,1,20.75,35,17.1872505852898,17.2327966273104,1
48,1,20.75,35,17.2327966273104,17.4193524422991,1
48,1,20.75,35,17.4193524422991,17.5725078291298,1
48,1,20.75,35,17.5725078291298,17.893627182057,1
48,1,20.75,35,17.893627182057,18.1750565377258,1
48,1,20.75,35,18.1750565377258,18.567316581547,1
48,1,20.75,35,18.567316581547,19.3841539850924,1
48,1,20.75,35,19.3841539850924,20.2139077019508,1
48,1,20.75,35,20.2139077019508,20.75,0
49,1,11.75,9,0,3.65900215875445,1
49,1,11.75,9,3.65900215875445,6.12579615739395,1
49,1,11.75,9,6.12579615739395,6.42896743857908,1
49,1,11.75,9,6.42896743857908,6.70234694296835,1
49,1,11.75,9,6.70234694296835,7.85284268206437,1
49,1,11.75,9,7.85284268206437,8.28694515648773,1
49,1,11.75,9,8.28694515648773,8.96517809055412,1
49,1,11.75,9,8.96517809055412,10.2998597284941,1
49,1,11.75,9,10.2998597284941,10.4014984675784,1
49,1,11.75,9,10.4014984675784,11.75,0
50,1,19.75,35,0,1.8953760326516,1
50,1,19.75,35,1.8953760326516,4.98015196446372,1
50,1,19.75,35,4.98015196446372,5.27991333498567,1
50,1,19.75,35,5.27991333498567,5.45284724007941,1
50,1,19.75,35,5.45284724007941,5.50923363161783,1
50,1,19.75,35,5.50923363161783,7.09894582956366,1
50,1,19.75,35,7.09894582956366,7.13585369381665,1
50,1,19.75,35,7.13585369381665,7.23905010677733,1
50,1,19.75,35,7.23905010677733,8.45510122533094,1
50,1,19.75,35,8.45510122533094,8.65779554313733,1
50,1,19.75,35,8.65779554313733,8.94721821886227,1
50,1,19.75,35,8.94721821886227,9.27330699921956,1
50,1,19.75,35,9.27330699921956,9.51473656299278,1
50,1,19.75,35,9.51473656299278,9.63605530625976,1
50,1,19.75,35,9.63605530625976,10.052257122829,1
50,1,19.75,35,10.052257122829,10.2124833690059,1
50,1,19.75,35,10.2124833690059,10.2353596409308,1
50,1,19.75,35,10.2353596409308,11.0422975333543,1
50,1,19.75,35,11.0422975333543,11.2791828067955,1
50,1,19.75,35,11.2791828067955,11.6093550167109,1
50,1,19.75,35,11.6093550167109,11.9103080150384,1
50,1,19.75,35,11.9103080150384,12.4678175469629,1
50,1,19.75,35,12.4678175469629,13.1178116973196,1
50,1,19.75,35,13.1178116973196,13.1327573899021,1
50,1,19.75,35,13.1327573899021,13.2430429383589,1
50,1,19.75,35,13.2430429383589,13.9431670703512,1
50,1,19.75,35,13.9431670703512,14.8417314866629,1
50,1,19.75,35,14.8417314866629,15.3568867387906,1
50,1,19.75,35,15.3568867387906,15.6025001791818,1
50,1,19.75,35,15.6025001791818,16.0604073753611,1
50,1,19.75,35,16.0604073753611,16.8702925163311,1
50,1,19.75,35,16.8702925163311,17.3756464187914,1
50,1,19.75,35,17.3756464187914,18.5532508968228,1
50,1,19.75,35,18.5532508968228,18.8502564797629,1
50,1,19.75,35,18.8502564797629,19.3967359703248,1
50,1,19.75,35,19.3967359703248,19.75,0
51,1,8.75,4,0,2.54570290465327,1
51,1,8.75,4,2.54570290465327,7.5503319293645,1
51,1,8.75,4,7.5503319293645,8.62425695292614,1
51,1,8.75,4,8.62425695292614,8.63287211257222,1
51,1,8.75,4,8.63287211257222,8.75,0
52,1,13.75,20,0,0.27611520142734,1
52,1,13.75,20,0.27611520142734,3.19980503085028,1
52,1,13.75,20,3.19980503085028,3.73317303242213,1
52,1,13.75,20,3.73317303242213,3.76036660998227,1
52,1,13.75,20,3.76036660998227,3.86058595276265,1
52,1,13.75,20,3.86058595276265,4.0869179293228,1
52,1,13.75,20,4.0869179293228,4.9729779043983,1
52,1,13.75,20,4.9729779043983,5.19245239214141,1
52,1,13.75,20,5.19245239214141,5.90804873577696,1
52,1,13.75,20,5.90804873577696,6.31565951641469,1
52,1,13.75,20,6.31565951641469,6.51520882429608,1
52,1,13.75,20,6.51520882429608,6.5997371580787,1
52,1,13.75,20,6.5997371580787,9.18147553970991,1
52,1,13.75,20,9.18147553970991,11.8070642173109,1
52,1,13.75,20,11.8070642173109,11.9214428540507,1
52,1,13.75,20,11.9214428540507,12.3608959964396,1
52,1,13.75,20,12.3608959964396,12.517339864907,1
52,1,13.75,20,12.517339864907,13.4760569697451,1
52,1,13.75,20,13.4760569697451,13.4996375676345,1
52,1,13.75,20,13.4996375676345,13.5073388462354,1
52,1,13.75,20,13.5073388462354,13.75,0
53,1,15.75,34,0,3.93269674179326,1
53,1,15.75,34,3.93269674179326,5.31844998065265,1
53,1,15.75,34,5.31844998065265,5.71290962480861,1
53,1,15.75,34,5.71290962480861,5.86356180842869,1
53,1,15.75,34,5.86356180842869,5.87299158737071,1
53,1,15.75,34,5.87299158737071,7.15208311925033,1
53,1,15.75,34,7.15208311925033,7.85764865309966,1
53,1,15.75,34,7.85764865309966,8.9224390837099,1
53,1,15.75,34,8.9224390837099,9.13649187382342,1
53,1,15.75,34,9.13649187382342,9.33608115887852,1
53,1,15.75,34,9.33608115887852,9.38932004440249,1
53,1,15.75,34,9.38932004440249,9.77129331615448,1
53,1,15.75,34,9.77129331615448,9.86380575229042,1
53,1,15.75,34,9.86380575229042,9.9020662120253,1
53,1,15.75,34,9.9020662120253,10.1493506930811,1
53,1,15.75,34,10.1493506930811,10.1769185477936,1
53,1,15.75,34,10.1769185477936,10.3860652800987,1
53,1,15.75,34,10.3860652800987,11.135058301376,1
53,1,15.75,34,11.135058301376,12.4383719244991,1
53,1,15.75,34,12.4383719244991,12.5428440523534,1
53,1,15.75,34,12.5428440523534,12.589618146184,1
53,1,15.75,34,12.589618146184,12.6748869098,1
53,1,15.75,34,12.6748869098,12.747087984532,1
53,1,15.75,34,12.747087984532,12.9797666486428,1
53,1,15.75,34,12.9797666486428,13.04101057904,1
53,1,15.75,34,13.04101057904,13.6810285767682,1
53,1,15.75,34,13.6810285767682,13.6881947411949,1
53,1,15.75,34,13.6881947411949,14.1422729495717,1
53,1,15.75,34,14.1422729495717,14.1928961171638,1
53,1,15.75,34,14.1928961171638,14.3124764922083,1
53,1,15.75,34,14.3124764922083,14.9957491517959,1
53,1,15.75,34,14.9957491517959,15.5010155110011,1
53,1,15.75,34,15.5010155110011,15.6494881887213,1
53,1,15.75,34,15.6494881887213,15.6775256423134,1
53,1,15.75,34,15.6775256423134,15.75,0
54,1,12.75,3,0,6.70921739013587,1
54,1,12.75,3,6.70921739013587,9.59444604687907,1
54,1,12.75,3,9.59444604687907,10.4554945684919,1
54,1,12.75,3,10.4554945684919,12.75,0
55,1,14.75,14,0,6.3649472006145,1
55,1,14.75,14,6.3649472006145,8.0724890930628,1
55,1,14.75,14,8.0724890930628,8.80668836079834,1
55,1,14.75,14,8.80668836079834,9.51597298632834,1
55,1,14.75,14,9.51597298632834,10.5022930989391,1
55,1,14.75,14,10.5022930989391,10.9297199285753,1
55,1,14.75,14,10.9297199285753,11.5940011068331,1
55,1,14.75,14,11.5940011068331,12.4783752251586,1
55,1,14.75,14,12.4783752251586,12.737417222511,1
55,1,14.75,14,12.737417222511,14.0690874263273,1
55,1,14.75,14,14.0690874263273,14.1053890244765,1
55,1,14.75,14,14.1053890244765,14.2327755194943,1
55,1,14.75,14,14.2327755194943,14.2849531097393,1
55,1,14.75,14,14.2849531097393,14.4342817675859,1
55,1,14.75,14,14.4342817675859,14.75,0
56,1,15.75,14,0,1.83832869297295,1
56,1,15.75,14,1.83832869297295,2.17597489234602,1
56,1,15.75,14,2.17597489234602,2.58511919196096,1
56,1,15.75,14,2.58511919196096,2.93489757108626,1
56,1,15.75,14,2.93489757108626,7.09838369195182,1
56,1,15.75,14,7.09838369195182,7.91916994275616,1
56,1,15.75,14,7.91916994275616,8.11276103879734,1
56,1,15.75,14,8.11276103879734,9.91973719100429,1
56,1,15.75,14,9.91973719100429,11.0966194732405,1
56,1,15.75,14,11.0966194732405,11.5195006960152,1
56,1,15.75,14,11.5195006960152,12.9388736002477,1
56,1,15.75,14,12.9388736002477,13.3819119549229,1
56,1,15.75,14,13.3819119549229,13.4767592523802,1
56,1,15.75,14,13.4767592523802,14.8934504333216,1
56,1,15.75,14,14.8934504333216,15.75,0
57,1,14.75,7,0,6.76963811101764,1
57,1,14.75,7,6.76963811101764,7.28028589356587,1
57,1,14.75,7,7.28028589356587,9.31215626779361,1
57,1,14.75,7,9.31215626779361,9.32706898994979,1
57,1,14.75,7,9.32706898994979,9.80963770241993,1
57,1,14.75,7,9.80963770241993,10.3987860174606,1
57,1,14.75,7,10.3987860174606,14.4443173510297,1
57,1,14.75,7,14.4443173510297,14.75,0
58,1,18.75,8,0,11.7950538363637,1
58,1,18.75,8,11.7950538363637,13.4138420514741,1
58,1,18.75,8,13.4138420514741,16.5337810458743,1
58,1,18.75,8,16.5337810458743,17.1116586230391,1
58,1,18.75,8,17.1116586230391,17.5266903176489,1
58,1,18.75,8,17.5266903176489,17.6493454076783,1
58,1,18.75,8,17.6493454076783,18.1346319149614,1
58,1,18.75,8,18.1346319149614,18.5967023342546,1
58,1,18.75,8,18.5967023342546,18.75,0
59,1,19.75,15,0,2.18075383609769,1
59,1,19.75,15,2.18075383609769,2.25705103602791,1
59,1,19.75,15,2.25705103602791,5.24974009793238,1
59,1,19.75,15,5.24974009793238,7.52333237091467,1
59,1,19.75,15,7.52333237091467,7.81881733708803,1
59,1,19.75,15,7.81881733708803,12.4979581020747,1
59,1,19.75,15,12.4979581020747,13.070867114048,1
59,1,19.75,15,13.070867114048,13.4948596792066,1
59,1,19.75,15,13.4948596792066,14.2032089627477,1
59,1,19.75,15,14.2032089627477,14.2737087284646,1
59,1,19.75,15,14.2737087284646,17.742521108897,1
59,1,19.75,15,17.742521108897,17.8991877207472,1
59,1,19.75,15,17.8991877207472,17.9979458530041,1
59,1,19.75,15,17.9979458530041,18.1143541603062,1
59,1,19.75,15,18.1143541603062,18.8876965059839,1
59,1,19.75,15,18.8876965059839,19.75,0
60,1,16.75,19,0,3.21165663214353,1
60,1,16.75,19,3.21165663214353,4.47723505326815,1
60,1,16.75,19,4.47723505326815,6.14487783112717,1
60,1,16.75,19,6.14487783112717,6.80177930960109,1
60,1,16.75,19,6.80177930960109,9.73196076955432,1
60,1,16.75,19,9.73196076955432,10.1311387021742,1
60,1,16.75,19,10.1311387021742,10.1855800366323,1
60,1,16.75,19,10.1855800366323,10.4913828108797,1
60,1,16.75,19,10.4913828108797,10.638424559959,1
60,1,16.75,19,10.638424559959,10.7908012991337,1
60,1,16.75,19,10.7908012991337,10.8226216916476,1
60,1,16.75,19,10.8226216916476,11.4338605376389,1
60,1,16.75,19,11.4338605376389,12.0494684164349,1
60,1,16.75,19,12.0494684164349,12.5483990084261,1
60,1,16.75,19,12.5483990084261,13.0663256260542,1
60,1,16.75,19,13.0663256260542,13.6833184554151,1
60,1,16.75,19,13.6833184554151,13.8375074720099,1
60,1,16.75,19,13.8375074720099,15.5701177145278,1
60,1,16.75,19,15.5701177145278,15.8764399823294,1
60,1,16.75,19,15.8764399823294,16.75,0
61,1,20.75,10,0,5.88253593028709,1
61,1,20.75,10,5.88253593028709,8.19472202290923,1
61,1,20.75,10,8.19472202290923,9.03951023989428,1
61,1,20.75,10,9.03951023989428,11.1214602077387,1
61,1,20.75,10,11.1214602077387,11.8104843677322,1
61,1,20.75,10,11.8104843677322,13.8013897183185,1
61,1,20.75,10,13.8013897183185,14.4737411891993,1
61,1,20.75,10,14.4737411891993,15.1761973819808,1
61,1,20.75,10,15.1761973819808,15.9546733408628,1
61,1,20.75,10,15.9546733408628,18.5362099533814,1
61,1,20.75,10,18.5362099533814,20.75,0
62,1,9.75,16,0,2.99247344162917,1
62,1,9.75,16,2.99247344162917,3.86924447002822,1
62,1,9.75,16,3.86924447002822,4.45961096286396,1
62,1,9.75,16,4.45961096286396,4.65767005713322,1
62,1,9.75,16,4.65767005713322,5.65631889810152,1
62,1,9.75,16,5.65631889810152,5.76461345804887,1
62,1,9.75,16,5.76461345804887,6.2178510881831,1
62,1,9.75,16,6.2178510881831,6.53384634802882,1
62,1,9.75,16,6.53384634802882,7.55819064400635,1
62,1,9.75,16,7.55819064400635,7.60262848749447,1
62,1,9.75,16,7.60262848749447,7.77727160255566,1
62,1,9.75,16,7.77727160255566,8.22838884094265,1
62,1,9.75,16,8.22838884094265,8.8401432131781,1
62,1,9.75,16,8.8401432131781,9.01247003253291,1
62,1,9.75,16,9.01247003253291,9.18612002728564,1
62,1,9.75,16,9.18612002728564,9.30643297936868,1
62,1,9.75,16,9.30643297936868,9.75,0
63,1,8.75,3,0,0.950608213187857,1
63,1,8.75,3,0.950608213187857,2.07116785256405,1
63,1,8.75,3,2.07116785256405,4.31871585207814,1
63,1,8.75,3,4.31871585207814,8.75,0
64,1,10.75,5,0,5.8795105994441,1
64,1,10.75,5,5.8795105994441,9.7356319332993,1
64,1,10.75,5,9.7356319332993,10.06004037222,1
64,1,10.75,5,10.06004037222,10.0959092296088,1
64,1,10.75,5,10.0959092296088,10.2605079227622,1
64,1,10.75,5,10.2605079227622,10.75,0
65,1,15.75,30,0,1.65508681960672,1
65,1,15.75,30,1.65508681960672,2.69101088675546,1
65,1,15.75,30,2.69101088675546,2.84843534811365,1
65,1,15.75,30,2.84843534811365,3.46557765799336,1
65,1,15.75,30,3.46557765799336,3.61157554332898,1
65,1,15.75,30,3.61157554332898,4.8314577547181,1
65,1,15.75,30,4.8314577547181,5.92319726708748,1
65,1,15.75,30,5.92319726708748,6.08586798238512,1
65,1,15.75,30,6.08586798238512,6.86889541365432,1
65,1,15.75,30,6.86889541365432,7.09420178061868,1
65,1,15.75,30,7.09420178061868,7.37864972937557,1
65,1,15.75,30,7.37864972937557,7.76098005159718,1
65,1,15.75,30,7.76098005159718,8.51912062866944,1
65,1,15.75,30,8.51912062866944,8.80560656970511,1
65,1,15.75,30,8.80560656970511,9.04923778994129,1
65,1,15.75,30,9.04923778994129,9.61833971823062,1
65,1,15.75,30,9.61833971823062,9.70906943115921,1
65,1,15.75,30,9.70906943115921,10.3680189745857,1
65,1,15.75,30,10.3680189745857,11.0036148911885,1
65,1,15.75,30,11.0036148911885,11.3111473791885,1
65,1,15.75,30,11.3111473791885,11.3521609989076,1
65,1,15.75,30,11.3521609989076,12.7727321397996,1
65,1,15.75,30,12.7727321397996,12.9565065871744,1
65,1,15.75,30,12.9565065871744,13.3945246834702,1
65,1,15.75,30,13.3945246834702,13.7756712737818,1
65,1,15.75,30,13.7756712737818,13.9192445185726,1
65,1,15.75,30,13.9192445185726,14.0451194201091,1
65,1,15.75,30,14.0451194201091,15.1060171020824,1
65,1,15.75,30,15.1060171020824,15.3148268912361,1
65,1,15.75,30,15.3148268912361,15.5987066673899,1
65,1,15.75,30,15.5987066673899,15.75,0
66,1,14.75,14,0,3.53278852941312,1
66,1,14.75,14,3.53278852941312,6.84843980653669,1
66,1,14.75,14,6.84843980653669,7.21552505184343,1
66,1,14.75,14,7.21552505184343,8.41061115048225,1
66,1,14.75,14,8.41061115048225,9.16858585686551,1
66,1,14.75,14,9.16858585686551,10.7568839746489,1
66,1,14.75,14,10.7568839746489,11.1600889561864,1
66,1,14.75,14,11.1600889561864,11.180298425127,1
66,1,14.75,14,11.180298425127,12.0842610615735,1
66,1,14.75,14,12.0842610615735,12.6360674366065,1
66,1,14.75,14,12.6360674366065,12.7020040456927,1
66,1,14.75,14,12.7020040456927,13.120619632979,1
66,1,14.75,14,13.120619632979,14.303956153352,1
66,1,14.75,14,14.303956153352,14.590688386322,1
66,1,14.75,14,14.590688386322,14.75,0
67,1,15.75,5,0,1.69519241900584,1
67,1,15.75,5,1.69519241900584,9.74124927461446,1
67,1,15.75,5,9.74124927461446,13.6595009341427,1
67,1,15.75,5,13.6595009341427,15.3925049046123,1
67,1,15.75,5,15.3925049046123,15.4871444002734,1
67,1,15.75,5,15.4871444002734,15.75,0
68,1,10.75,13,0,1.09586880101579,1
68,1,10.75,13,1.09586880101579,1.53152761851955,1
68,1,10.75,13,1.53152761851955,2.65573386356385,1
68,1,10.75,13,2.65573386356385,2.84701707097522,1
68,1,10.75,13,2.84701707097522,3.97778101891214,1
68,1,10.75,13,3.97778101891214,4.90618014165478,1
68,1,10.75,13,4.90618014165478,7.48765913973562,1
68,1,10.75,13,7.48765913973562,8.32376699309252,1
68,1,10.75,13,8.32376699309252,8.59887547223435,1
68,1,10.75,13,8.59887547223435,8.70992465354467,1
68,1,10.75,13,8.70992465354467,9.13690469659583,1
68,1,10.75,13,9.13690469659583,9.48358420774662,1
68,1,10.75,13,9.48358420774662,10.6388835869599,1
68,1,10.75,13,10.6388835869599,10.75,0
69,1,14.75,20,0,0.351482962801829,1
69,1,14.75,20,0.351482962801829,0.94954606839765,1
69,1,14.75,20,0.94954606839765,1.67380421544229,1
69,1,14.75,20,1.67380421544229,1.69038124521409,1
69,1,14.75,20,1.69038124521409,4.53558514361393,1
69,1,14.75,20,4.53558514361393,5.5254353651366,1
69,1,14.75,20,5.5254353651366,6.14808647739127,1
69,1,14.75,20,6.14808647739127,7.18383174498951,1
69,1,14.75,20,7.18383174498951,8.71442650010253,1
69,1,14.75,20,8.71442650010253,8.91364833226201,1
69,1,14.75,20,8.91364833226201,8.97083416141958,1
69,1,14.75,20,8.97083416141958,9.91324486015917,1
69,1,14.75,20,9.91324486015917,11.3430755277407,1
69,1,14.75,20,11.3430755277407,12.2294751974699,1
69,1,14.75,20,12.2294751974699,12.349678590873,1
69,1,14.75,20,12.349678590873,12.9095612107008,1
69,1,14.75,20,12.9095612107008,12.964595802349,1
69,1,14.75,20,12.964595802349,13.8294111545601,1
69,1,14.75,20,13.8294111545601,14.2082726578055,1
69,1,14.75,20,14.2082726578055,14.2863959653017,1
69,1,14.75,20,14.2863959653017,14.75,0
70,1,13.75,8,0,3.05243524828746,1
70,1,13.75,8,3.05243524828746,3.3207900687439,1
70,1,13.75,8,3.3207900687439,7.11007510523479,1
70,1,13.75,8,7.11007510523479,8.12634008859659,1
70,1,13.75,8,8.12634008859659,9.45765219489144,1
70,1,13.75,8,9.45765219489144,9.48573964738112,1
70,1,13.75,8,9.48573964738112,11.5632249300779,1
70,1,13.75,8,11.5632249300779,12.6548705376401,1
70,1,13.75,8,12.6548705376401,13.75,0
71,1,10.75,7,0,3.93747584210386,1
71,1,10.75,7,3.93747584210386,4.35439503522469,1
71,1,10.75,7,4.35439503522469,8.34276663134868,1
71,1,10.75,7,8.34276663134868,8.59711484069985,1
71,1,10.75,7,8.59711484069985,9.33768945640973,1
71,1,10.75,7,9.33768945640973,10.5966752806108,1
71,1,10.75,7,10.5966752806108,10.7201228182827,1
71,1,10.75,7,10.7201228182827,10.75,0
72,1,11.75,4,0,4.63000935049976,1
72,1,11.75,4,4.63000935049976,7.35243575384549,1
72,1,11.75,4,7.35243575384549,9.17542897445927,1
72,1,11.75,4,9.17542897445927,9.39463016043342,1
72,1,11.75,4,9.39463016043342,11.75,0
73,1,10.75,4,0,6.59059929405486,1
73,1,10.75,4,6.59059929405486,8.67422608085657,1
73,1,10.75,4,8.67422608085657,9.68592166185123,1
73,1,10.75,4,9.68592166185123,10.3180417933978,1
73,1,10.75,4,10.3180417933978,10.75,0
74,1,20.75,26,0,4.7611351440208,1
74,1,20.75,26,4.7611351440208,6.91279850844571,1
74,1,20.75,26,6.91279850844571,8.32161133004958,1
74,1,20.75,26,8.32161133004958,9.70289921163947,1
74,1,20.75,26,9.70289921163947,10.6717567454129,1
74,1,20.75,26,10.6717567454129,10.7971278862341,1
74,1,20.75,26,10.7971278862341,11.2543745075963,1
74,1,20.75,26,11.2543745075963,12.0035331592826,1
74,1,20.75,26,12.0035331592826,12.781445453578,1
74,1,20.75,26,12.781445453578,13.7943055263037,1
74,1,20.75,26,13.7943055263037,15.1135750002515,1
74,1,20.75,26,15.1135750002515,15.476048766786,1
74,1,20.75,26,15.476048766786,16.0785838059102,1
74,1,20.75,26,16.0785838059102,16.3102156015861,1
74,1,20.75,26,16.3102156015861,16.3236833489331,1
74,1,20.75,26,16.3236833489331,16.5888369237908,1
74,1,20.75,26,16.5888369237908,17.1904918573634,1
74,1,20.75,26,17.1904918573634,17.7454613728243,1
74,1,20.75,26,17.7454613728243,18.3952631044862,1
74,1,20.75,26,18.3952631044862,19.9005636680239,1
74,1,20.75,26,19.9005636680239,19.9533915035147,1
74,1,20.75,26,19.9533915035147,20.496129608624,1
74,1,20.75,26,20.496129608624,20.5716316291817,1
74,1,20.75,26,20.5716316291817,20.5864682551606,1
74,1,20.75,26,20.5864682551606,20.7012733240303,1
74,1,20.75,26,20.7012733240303,20.7319322592455,1
74,1,20.75,26,20.7319322592455,20.75,0
75,1,15.75,13,0,2.30934020940673,1
75,1,15.75,13,2.30934020940673,5.06417130658231,1
75,1,15.75,13,5.06417130658231,5.54047995290912,1
75,1,15.75,13,5.54047995290912,6.68484927639658,1
75,1,15.75,13,6.68484927639658,7.36498566977157,1
75,1,15.75,13,7.36498566977157,9.24382524980607,1
75,1,15.75,13,9.24382524980607,10.0461091224569,1
75,1,15.75,13,10.0461091224569,10.8336036942682,1
75,1,15.75,13,10.8336036942682,11.6200867319574,1
75,1,15.75,13,11.6200867319574,14.8850826056896,1
75,1,15.75,13,14.8850826056896,14.8911614523113,1
75,1,15.75,13,14.8911614523113,15.1177614012133,1
75,1,15.75,13,15.1177614012133,15.7478193760379,1
75,1,15.75,13,15.7478193760379,15.75,0
76,1,16.75,20,0,1.13422260138726,1
76,1,16.75,20,1.13422260138726,3.84342837139524,1
76,1,16.75,20,3.84342837139524,3.9909614498203,1
76,1,16.75,20,3.9909614498203,6.40705006063515,1
76,1,16.75,20,6.40705006063515,6.55979275872208,1
76,1,16.75,20,6.55979275872208,8.01910562852768,1
76,1,16.75,20,8.01910562852768,9.1818798802109,1
76,1,16.75,20,9.1818798802109,9.48591082215711,1
76,1,16.75,20,9.48591082215711,10.3569707525202,1
76,1,16.75,20,10.3569707525202,11.1379185060647,1
76,1,16.75,20,11.1379185060647,12.6956445049828,1
76,1,16.75,20,12.6956445049828,13.5925161357284,1
76,1,16.75,20,13.5925161357284,14.0478773654689,1
76,1,16.75,20,14.0478773654689,14.4243787462316,1
76,1,16.75,20,14.4243787462316,14.8854643759677,1
76,1,16.75,20,14.8854643759677,15.2938913463543,1
76,1,16.75,20,15.2938913463543,15.8726752350841,1
76,1,16.75,20,15.8726752350841,16.0135212405512,1
76,1,16.75,20,16.0135212405512,16.070616863902,1
76,1,16.75,20,16.070616863902,16.3920028456611,1
76,1,16.75,20,16.3920028456611,16.75,0
77,1,9.75,4,0,3.17405847992006,1
77,1,9.75,4,3.17405847992006,5.12665040864652,1
77,1,9.75,4,5.12665040864652,7.89802080527601,1
77,1,9.75,4,7.89802080527601,8.33475930849926,1
77,1,9.75,4,8.33475930849926,9.75,0
78,1,14.75,6,0,5.43729218230707,1
78,1,14.75,6,5.43729218230707,8.67176088012238,1
78,1,14.75,6,8.67176088012238,8.8417431526122,1
78,1,14.75,6,8.8417431526122,11.0077002513613,1
78,1,14.75,6,11.0077002513613,12.7310407248844,1
78,1,14.75,6,12.7310407248844,12.9637584905571,1
78,1,14.75,6,12.9637584905571,14.75,0
79,1,14.75,14,0,5.48950788351091,1
79,1,14.75,14,5.48950788351091,6.30689118445223,1
79,1,14.75,14,6.30689118445223,7.70161537744362,1
79,1,14.75,14,7.70161537744362,7.72913541823013,1
79,1,14.75,14,7.72913541823013,8.25200850547174,1
79,1,14.75,14,8.25200850547174,9.62570171453106,1
79,1,14.75,14,9.62570171453106,9.99492140750027,1
79,1,14.75,14,9.99492140750027,10.4039521329782,1
79,1,14.75,14,10.4039521329782,12.5609765027851,1
79,1,14.75,14,12.5609765027851,12.6637433495968,1
79,1,14.75,14,12.6637433495968,13.5772826330654,1
79,1,14.75,14,13.5772826330654,13.7795882129696,1
79,1,14.75,14,13.7795882129696,13.9397484239293,1
79,1,14.75,14,13.9397484239293,14.7377679383261,1
79,1,14.75,14,14.7377679383261,14.75,0
80,1,11.75,8,0,1.76642842152564,1
80,1,11.75,8,1.76642842152564,2.73412966026436,1
80,1,11.75,8,2.73412966026436,3.80804976286681,1
80,1,11.75,8,3.80804976286681,4.40136001903219,1
80,1,11.75,8,4.40136001903219,4.90134146797486,1
80,1,11.75,8,4.90134146797486,5.54620052969688,1
80,1,11.75,8,5.54620052969688,8.17127212573566,1
80,1,11.75,8,8.17127212573566,11.4749578633438,1
80,1,11.75,8,11.4749578633438,11.75,0
81,1,20.75,21,0,6.45359655158179,1
81,1,20.75,21,6.45359655158179,7.24927460544056,1
81,1,20.75,21,7.24927460544056,7.41570447367937,1
81,1,20.75,21,7.41570447367937,9.09746887858712,1
81,1,20.75,21,9.09746887858712,10.2825824700171,1
81,1,20.75,21,10.2825824700171,12.0945420159792,1
81,1,20.75,21,12.0945420159792,12.8528810644706,1
81,1,20.75,21,12.8528810644706,13.1852116151787,1
81,1,20.75,21,13.1852116151787,14.4760822660056,1
81,1,20.75,21,14.4760822660056,14.6688110447831,1
81,1,20.75,21,14.6688110447831,15.434129155318,1
81,1,20.75,21,15.434129155318,15.5428132772835,1
81,1,20.75,21,15.5428132772835,15.7454989871084,1
81,1,20.75,21,15.7454989871084,16.0206669964692,1
81,1,20.75,21,16.0206669964692,16.9084402897608,1
81,1,20.75,21,16.9084402897608,17.3077080220128,1
81,1,20.75,21,17.3077080220128,17.6289281476473,1
81,1,20.75,21,17.6289281476473,17.689090997803,1
81,1,20.75,21,17.689090997803,19.2075062799788,1
81,1,20.75,21,19.2075062799788,19.2802073438153,1
81,1,20.75,21,19.2802073438153,20.1553432438098,1
81,1,20.75,21,20.1553432438098,20.75,0
82,1,19.75,14,0,1.69978206692296,1
82,1,19.75,14,1.69978206692296,5.64774528099273,1
82,1,19.75,14,5.64774528099273,12.7388318323917,1
82,1,19.75,14,12.7388318323917,12.861992846349,1
82,1,19.75,14,12.861992846349,13.1914953521864,1
82,1,19.75,14,13.1914953521864,13.5801355447936,1
82,1,19.75,14,13.5801355447936,14.8125248742857,1
82,1,19.75,14,14.8125248742857,14.8945372471686,1
82,1,19.75,14,14.8945372471686,15.8461156958257,1
82,1,19.75,14,15.8461156958257,16.333961383967,1
82,1,19.75,14,16.333961383967,16.6851869207786,1
82,1,19.75,14,16.6851869207786,17.1611309616439,1
82,1,19.75,14,17.1611309616439,18.9972870791534,1
82,1,19.75,14,18.9972870791534,19.318742056971,1
82,1,19.75,14,19.318742056971,19.75,0
83,1,17.75,8,0,4.59314423871837,1
83,1,17.75,8,4.59314423871837,5.10726936805957,1
83,1,17.75,8,5.10726936805957,7.96607784686052,1
83,1,17.75,8,7.96607784686052,11.7377373403023,1
83,1,17.75,8,11.7377373403023,13.6802667954841,1
83,1,17.75,8,13.6802667954841,14.5122730106642,1
83,1,17.75,8,14.5122730106642,16.753190715058,1
83,1,17.75,8,16.753190715058,16.9508558525259,1
83,1,17.75,8,16.9508558525259,17.75,0
84,1,9.75,11,0,1.92337670872196,1
84,1,9.75,11,1.92337670872196,4.27038946099741,1
84,1,9.75,11,4.27038946099741,4.78584846960164,1
84,1,9.75,11,4.78584846960164,5.3161677360149,1
84,1,9.75,11,5.3161677360149,5.36121288724369,1
84,1,9.75,11,5.36121288724369,6.65109094490156,1
84,1,9.75,11,6.65109094490156,6.84861161756483,1
84,1,9.75,11,6.84861161756483,6.89184628432147,1
84,1,9.75,11,6.89184628432147,7.74777226907675,1
84,1,9.75,11,7.74777226907675,9.04759602000784,1
84,1,9.75,11,9.04759602000784,9.44975047824476,1
84,1,9.75,11,9.44975047824476,9.75,0
85,1,14.75,8,0,0.924674910979059,1
85,1,14.75,8,0.924674910979059,4.29699141329275,1
85,1,14.75,8,4.29699141329275,5.91797620723593,1
85,1,14.75,8,5.91797620723593,7.04664449492535,1
85,1,14.75,8,7.04664449492535,7.9719767610695,1
85,1,14.75,8,7.9719767610695,10.3650702215306,1
85,1,14.75,8,10.3650702215306,12.7447249392552,1
85,1,14.75,8,12.7447249392552,12.9005432133407,1
85,1,14.75,8,12.9005432133407,14.75,0
86,1,10.75,13,0,2.79228671466557,1
86,1,10.75,13,2.79228671466557,3.310170891968,1
86,1,10.75,13,3.310170891968,3.7019714209395,1
86,1,10.75,13,3.7019714209395,4.60864935634936,1
86,1,10.75,13,4.60864935634936,7.32742764769382,1
86,1,10.75,13,7.32742764769382,8.39703739275003,1
86,1,10.75,13,8.39703739275003,8.92478764022595,1
86,1,10.75,13,8.92478764022595,9.02005588941796,1
86,1,10.75,13,9.02005588941796,9.05444498424308,1
86,1,10.75,13,9.05444498424308,9.19164401476702,1
86,1,10.75,13,9.19164401476702,10.4522925975928,1
86,1,10.75,13,10.4522925975928,10.5592972905324,1
86,1,10.75,13,10.5592972905324,10.6338257653241,1
86,1,10.75,13,10.6338257653241,10.75,0
87,1,13.75,23,0,1.09660403864848,1
87,1,13.75,23,1.09660403864848,2.77823231935689,1
87,1,13.75,23,2.77823231935689,3.63976342462207,1
87,1,13.75,23,3.63976342462207,4.24364171685811,1
87,1,13.75,23,4.24364171685811,5.62652770845851,1
87,1,13.75,23,5.62652770845851,6.0794800976293,1
87,1,13.75,23,6.0794800976293,6.3237862496461,1
87,1,13.75,23,6.3237862496461,6.53800090968606,1
87,1,13.75,23,6.53800090968606,6.60820715320906,1
87,1,13.75,23,6.60820715320906,6.81372091559722,1
87,1,13.75,23,6.81372091559722,7.3444583544576,1
87,1,13.75,23,7.3444583544576,9.3614573790463,1
87,1,13.75,23,9.3614573790463,10.5072757151652,1
87,1,13.75,23,10.5072757151652,10.6270791358849,1
87,1,13.75,23,10.6270791358849,11.0067121341952,1
87,1,13.75,23,11.0067121341952,11.8208399236907,1
87,1,13.75,23,11.8208399236907,12.65320314661,1
87,1,13.75,23,12.65320314661,12.7262529090948,1
87,1,13.75,23,12.7262529090948,12.888273566077,1
87,1,13.75,23,12.888273566077,12.901160661485,1
87,1,13.75,23,12.901160661485,12.9197295736472,1
87,1,13.75,23,12.9197295736472,13.5233358509676,1
87,1,13.75,23,13.5233358509676,13.6845216589557,1
87,1,13.75,23,13.6845216589557,13.75,0
88,1,8.75,4,0,0.74652312797892,1
88,1,8.75,4,0.74652312797892,2.86907420245981,1
88,1,8.75,4,2.86907420245981,4.58550934071086,1
88,1,8.75,4,4.58550934071086,6.77420164629717,1
88,1,8.75,4,6.77420164629717,8.75,0
89,1,8.75,2,0,1.84365446293259,1
89,1,8.75,2,1.84365446293259,4.54233849335781,1
89,1,8.75,2,4.54233849335781,8.75,0
90,1,11.75,9,0,4.54320789248339,1
90,1,11.75,9,4.54320789248339,7.28861990206612,1
90,1,11.75,9,7.28861990206612,7.44376239584197,1
90,1,11.75,9,7.44376239584197,9.98503926311024,1
90,1,11.75,9,9.98503926311024,10.3889742322939,1
90,1,11.75,9,10.3889742322939,10.4947935543417,1
90,1,11.75,9,10.4947935543417,10.8022574358993,1
90,1,11.75,9,10.8022574358993,10.846091472162,1
90,1,11.75,9,10.846091472162,11.3605803368135,1
90,1,11.75,9,11.3605803368135,11.75,0
91,1,14.75,12,0,1.32569175859522,1
91,1,14.75,12,1.32569175859522,1.92740860276419,1
91,1,14.75,12,1.92740860276419,3.74869891827253,1
91,1,14.75,12,3.74869891827253,8.00403019900897,1
91,1,14.75,12,8.00403019900897,10.545990264329,1
91,1,14.75,12,10.545990264329,10.7774965787308,1
91,1,14.75,12,10.7774965787308,11.2537466328475,1
91,1,14.75,12,11.2537466328475,11.6178970595383,1
91,1,14.75,12,11.6178970595383,11.903734971713,1
91,1,14.75,12,11.903734971713,12.7486500796196,1
91,1,14.75,12,12.7486500796196,13.5715326978741,1
91,1,14.75,12,13.5715326978741,13.7557215682213,1
91,1,14.75,12,13.7557215682213,14.75,0
92,1,13.75,18,0,2.02171494427267,1
92,1,13.75,18,2.02171494427267,4.14138133288756,1
92,1,13.75,18,4.14138133288756,4.64225945959418,1
92,1,13.75,18,4.64225945959418,6.71407568786643,1
92,1,13.75,18,6.71407568786643,6.9474958676834,1
92,1,13.75,18,6.9474958676834,7.79645674859598,1
92,1,13.75,18,7.79645674859598,8.03636464122726,1
92,1,13.75,18,8.03636464122726,8.43305183225565,1
92,1,13.75,18,8.43305183225565,8.56447281706577,1
92,1,13.75,18,8.56447281706577,8.79784396016626,1
92,1,13.75,18,8.79784396016626,9.68324051842074,1
92,1,13.75,18,9.68324051842074,9.72728783741316,1
92,1,13.75,18,9.72728783741316,9.74011250612313,1
92,1,13.75,18,9.74011250612313,10.2165787656246,1
92,1,13.75,18,10.2165787656246,12.2555068006925,1
92,1,13.75,18,12.2555068006925,12.4422879317977,1
92,1,13.75,18,12.4422879317977,13.319278523873,1
92,1,13.75,18,13.319278523873,13.5280878010787,1
92,1,13.75,18,13.5280878010787,13.75,0
93,1,10.75,1,0,2.56094826309634,1
93,1,10.75,1,2.56094826309634,10.75,0
94,1,12.75,26,0,2.58866909085684,1
94,1,12.75,26,2.58866909085684,4.35460272245633,1
94,1,12.75,26,4.35460272245633,6.18270541404511,1
94,1,12.75,26,6.18270541404511,6.42500695718306,1
94,1,12.75,26,6.42500695718306,6.49488959305671,1
94,1,12.75,26,6.49488959305671,7.10018595975462,1
94,1,12.75,26,7.10018595975462,7.40923000270848,1
94,1,12.75,26,7.40923000270848,7.62236609651737,1
94,1,12.75,26,7.62236609651737,8.00997656489703,1
94,1,12.75,26,8.00997656489703,8.22297924796439,1
94,1,12.75,26,8.22297924796439,8.4369702922068,1
94,1,12.75,26,8.4369702922068,9.1835497208746,1
94,1,12.75,26,9.1835497208746,9.21590814824876,1
94,1,12.75,26,9.21590814824876,9.90621849597337,1
94,1,12.75,26,9.90621849597337,9.92323211797109,1
94,1,12.75,26,9.92323211797109,10.2398280204584,1
94,1,12.75,26,10.2398280204584,10.7593081734496,1
94,1,12.75,26,10.7593081734496,11.0374565542455,1
94,1,12.75,26,11.0374565542455,11.1164041617463,1
94,1,12.75,26,11.1164041617463,11.1210509685308,1
94,1,12.75,26,11.1210509685308,11.2214518403711,1
94,1,12.75,26,11.2214518403711,11.5636938781302,1
94,1,12.75,26,11.5636938781302,11.5993797843802,1
94,1,12.75,26,11.5993797843802,11.6017466584336,1
94,1,12.75,26,11.6017466584336,12.355385960199,1
94,1,12.75,26,12.355385960199,12.7459939031448,1
94,1,12.75,26,12.7459939031448,12.75,0
95,1,11.75,7,0,2.43775283150396,1
95,1,11.75,7,2.43775283150396,7.75172408072009,1
95,1,11.75,7,7.75172408072009,8.57905036307431,1
95,1,11.75,7,8.57905036307431,9.6967440461391,1
95,1,11.75,7,9.6967440461391,11.0259744516579,1
95,1,11.75,7,11.0259744516579,11.7386110156769,1
95,1,11.75,7,11.7386110156769,11.7472005435107,1
95,1,11.75,7,11.7472005435107,11.75,0
96,1,11.75,23,0,2.2377539543737,1
96,1,11.75,23,2.2377539543737,4.31895487961987,1
96,1,11.75,23,4.31895487961987,5.2018199655639,1
96,1,11.75,23,5.2018199655639,5.38197826523399,1
96,1,11.75,23,5.38197826523399,5.52966929892644,1
96,1,11.75,23,5.52966929892644,5.54368593632071,1
96,1,11.75,23,5.54368593632071,5.6385399382036,1
96,1,11.75,23,5.6385399382036,6.55092846324718,1
96,1,11.75,23,6.55092846324718,6.71366492619158,1
96,1,11.75,23,6.71366492619158,7.89196676818492,1
96,1,11.75,23,7.89196676818492,8.19378872265148,1
96,1,11.75,23,8.19378872265148,8.4923361832105,1
96,1,11.75,23,8.4923361832105,8.52397247835577,1
96,1,11.75,23,8.52397247835577,9.09008239093864,1
96,1,11.75,23,9.09008239093864,9.29158542053855,1
96,1,11.75,23,9.29158542053855,9.59181071999234,1
96,1,11.75,23,9.59181071999234,9.70313702442878,1
96,1,11.75,23,9.70313702442878,9.92770248773247,1
96,1,11.75,23,9.92770248773247,10.1465436124063,1
96,1,11.75,23,10.1465436124063,10.4204457850959,1
96,1,11.75,23,10.4204457850959,10.7834557131635,1
96,1,11.75,23,10.7834557131635,10.945238728402,1
96,1,11.75,23,10.945238728402,11.321476431714,1
96,1,11.75,23,11.321476431714,11.75,0
97,1,18.75,23,0,4.55575168767217,1
97,1,18.75,23,4.55575168767217,4.92212091922805,1
97,1,18.75,23,4.92212091922805,5.25239320036229,1
97,1,18.75,23,5.25239320036229,5.72278463840136,1
97,1,18.75,23,5.72278463840136,6.73199750491716,1
97,1,18.75,23,6.73199750491716,7.29114687756545,1
97,1,18.75,23,7.29114687756545,8.04272523503648,1
97,1,18.75,23,8.04272523503648,8.58346985357031,1
97,1,18.75,23,8.58346985357031,8.92394949904168,1
97,1,18.75,23,8.92394949904168,9.31149636680944,1
97,1,18.75,23,9.31149636680944,9.36382381056658,1
97,1,18.75,23,9.36382381056658,9.71318296198824,1
97,1,18.75,23,9.71318296198824,10.0441794993385,1
97,1,18.75,23,10.0441794993385,10.1669439494878,1
97,1,18.75,23,10.1669439494878,11.8775677476691,1
97,1,18.75,23,11.8775677476691,13.5311542991445,1
97,1,18.75,23,13.5311542991445,14.0237187708779,1
97,1,18.75,23,14.0237187708779,14.3410732370089,1
97,1,18.75,23,14.3410732370089,14.44975051877,1
97,1,18.75,23,14.44975051877,14.8766162174307,1
97,1,18.75,23,14.8766162174307,15.1267108322588,1
97,1,18.75,23,15.1267108322588,16.5859377648145,1
97,1,18.75,23,16.5859377648145,18.5681400347751,1
97,1,18.75,23,18.5681400347751,18.75,0
98,1,19.75,14,0,2.68160621236258,1
98,1,19.75,14,2.68160621236258,5.86582654504249,1
98,1,19.75,14,5.86582654504249,5.99551720579209,1
98,1,19.75,14,5.99551720579209,9.72187353814868,1
98,1,19.75,14,9.72187353814868,11.2925251718668,1
98,1,19.75,14,11.2925251718668,11.391904526992,1
98,1,19.75,14,11.391904526992,11.4176565632336,1
98,1,19.75,14,11.4176565632336,11.6855490408511,1
98,1,19.75,14,11.6855490408511,11.9966462845496,1
98,1,19.75,14,11.9966462845496,14.014160242464,1
98,1,19.75,14,14.014160242464,14.2342911086734,1
98,1,19.75,14,14.2342911086734,16.0261096464512,1
98,1,19.75,14,16.0261096464512,16.2173330977466,1
98,1,19.75,14,16.2173330977466,19.2138104509894,1
98,1,19.75,14,19.2138104509894,19.75,0
99,1,14.75,6,0,7.07308628328908,1
99,1,14.75,6,7.07308628328908,9.59861904798478,1
99,1,14.75,6,9.59861904798478,9.77095902583824,1
99,1,14.75,6,9.77095902583824,11.9068150589975,1
99,1,14.75,6,11.9068150589975,13.0078610328225,1
99,1,14.75,6,13.0078610328225,14.5508663999243,1
99,1,14.75,6,14.5508663999243,14.75,0
100,1,14.75,21,0,3.65987667954025,1
100,1,14.75,21,3.65987667954025,5.39187432513198,1
100,1,14.75,21,5.39187432513198,5.93060406517249,1
100,1,14.75,21,5.93060406517249,6.1206616406905,1
100,1,14.75,21,6.1206616406905,6.9026288595124,1
100,1,14.75,21,6.9026288595124,7.31049315285003,1
100,1,14.75,21,7.31049315285003,8.45869558984064,1
100,1,14.75,21,8.45869558984064,9.39106493075688,1
100,1,14.75,21,9.39106493075688,10.2149160468839,1
100,1,14.75,21,10.2149160468839,10.4112726490146,1
100,1,14.75,21,10.4112726490146,10.8027906757852,1
100,1,14.75,21,10.8027906757852,11.1495609112934,1
100,1,14.75,21,11.1495609112934,11.2548159110155,1
100,1,14.75,21,11.2548159110155,11.8294940528838,1
100,1,14.75,21,11.8294940528838,11.9089163659922,1
100,1,14.75,21,11.9089163659922,13.0161053571519,1
100,1,14.75,21,13.0161053571519,13.0992681532292,1
100,1,14.75,21,13.0992681532292,13.7412006455921,1
100,1,14.75,21,13.7412006455921,14.3699736124385,1
100,1,14.75,21,14.3699736124385,14.4735191258762,1
100,1,14.75,21,14.4735191258762,14.5398783893057,1
100,1,14.75,21,14.5398783893057,14.75,0
101,1,12.75,2,0,4.81677747658893,1
101,1,12.75,2,4.81677747658893,6.2936327583282,1
101,1,12.75,2,6.2936327583282,12.75,0
102,1,12.75,9,0,3.13858192092502,1
102,1,12.75,9,3.13858192092502,4.73164478559133,1
102,1,12.75,9,4.73164478559133,6.13614986039085,1
102,1,12.75,9,6.13614986039085,9.30396541674032,1
102,1,12.75,9,9.30396541674032,10.0161068296953,1
102,1,12.75,9,10.0161068296953,10.7331462999598,1
102,1,12.75,9,10.7331462999598,11.2188694884865,1
102,1,12.75,9,11.2188694884865,11.4391650260469,1
102,1,12.75,9,11.4391650260469,11.8839040630945,1
102,1,12.75,9,11.8839040630945,12.75,0
103,1,13.75,22,0,1.06474103442789,1
103,1,13.75,22,1.06474103442789,4.81468436567074,1
103,1,13.75,22,4.81468436567074,4.89455088011623,1
103,1,13.75,22,4.89455088011623,7.71563565674924,1
103,1,13.75,22,7.71563565674924,8.81112574848585,1
103,1,13.75,22,8.81112574848585,9.0542728612773,1
103,1,13.75,22,9.0542728612773,9.64618325870291,1
103,1,13.75,22,9.64618325870291,9.94747155280465,1
103,1,13.75,22,9.94747155280465,10.0059468343329,1
103,1,13.75,22,10.0059468343329,10.2200268674794,1
103,1,13.75,22,10.2200268674794,10.3344101616893,1
103,1,13.75,22,10.3344101616893,10.4693621254373,1
103,1,13.75,22,10.4693621254373,10.711657838784,1
103,1,13.75,22,10.711657838784,10.8056863676737,1
103,1,13.75,22,10.8056863676737,10.8550547548838,1
103,1,13.75,22,10.8550547548838,11.6358936620546,1
103,1,13.75,22,11.6358936620546,12.2054151356171,1
103,1,13.75,22,12.2054151356171,12.923374666039,1
103,1,13.75,22,12.923374666039,12.938876152347,1
103,1,13.75,22,12.938876152347,13.0630575549895,1
103,1,13.75,22,13.0630575549895,13.079759057075,1
103,1,13.75,22,13.079759057075,13.4013002227929,1
103,1,13.75,22,13.4013002227929,13.75,0
104,1,12.75,11,0,3.21419002448931,1
104,1,12.75,11,3.21419002448931,4.52772617959729,1
104,1,12.75,11,4.52772617959729,6.94337573913414,1
104,1,12.75,11,6.94337573913414,7.6861600384595,1
104,1,12.75,11,7.6861600384595,8.11301378899866,1
104,1,12.75,11,8.11301378899866,8.89973395742667,1
104,1,12.75,11,8.89973395742667,10.4703496163735,1
104,1,12.75,11,10.4703496163735,10.5250015544484,1
104,1,12.75,11,10.5250015544484,11.1920452422282,1
104,1,12.75,11,11.1920452422282,11.3402765153172,1
104,1,12.75,11,11.3402765153172,11.8804913644081,1
104,1,12.75,11,11.8804913644081,12.75,0
105,1,19.75,7,0,5.28516108596838,1
105,1,19.75,7,5.28516108596838,9.14186523578818,1
105,1,19.75,7,9.14186523578818,11.3904345982639,1
105,1,19.75,7,11.3904345982639,15.2890745163722,1
105,1,19.75,7,15.2890745163722,17.5771823838316,1
105,1,19.75,7,17.5771823838316,18.9049514949807,1
105,1,19.75,7,18.9049514949807,18.9679501350193,1
105,1,19.75,7,18.9679501350193,19.75,0
106,1,8.75,8,0,4.61088078323281,1
106,1,8.75,8,4.61088078323281,4.63466593897278,1
106,1,8.75,8,4.63466593897278,5.72432705066365,1
106,1,8.75,8,5.72432705066365,5.89840691454723,1
106,1,8.75,8,5.89840691454723,6.60239899408717,1
106,1,8.75,8,6.60239899408717,7.34910323801762,1
106,1,8.75,8,7.34910323801762,7.417917129022,1
106,1,8.75,8,7.417917129022,8.44052910528016,1
106,1,8.75,8,8.44052910528016,8.75,0
107,1,14.75,7,0,6.74099262590392,1
107,1,14.75,7,6.74099262590392,7.65547198968264,1
107,1,14.75,7,7.65547198968264,7.83627165448284,1
107,1,14.75,7,7.83627165448284,7.84395875175152,1
107,1,14.75,7,7.84395875175152,10.69305910575,1
107,1,14.75,7,10.69305910575,12.8206043158086,1
107,1,14.75,7,12.8206043158086,13.2894473271582,1
107,1,14.75,7,13.2894473271582,14.75,0
108,1,16.75,28,0,4.22663480036487,1
108,1,16.75,28,4.22663480036487,4.68919369321555,1
108,1,16.75,28,4.68919369321555,6.30263831526915,1
108,1,16.75,28,6.30263831526915,9.02097166654463,1
108,1,16.75,28,9.02097166654463,9.60521054978904,1
108,1,16.75,28,9.60521054978904,9.85654758955945,1
108,1,16.75,28,9.85654758955945,10.0685392610977,1
108,1,16.75,28,10.0685392610977,10.9733094546106,1
108,1,16.75,28,10.9733094546106,11.2924007885625,1
108,1,16.75,28,11.2924007885625,11.3551740081713,1
108,1,16.75,28,11.3551740081713,11.3950208126681,1
108,1,16.75,28,11.3950208126681,11.4119208684622,1
108,1,16.75,28,11.4119208684622,11.4184853761724,1
108,1,16.75,28,11.4184853761724,11.5074625440891,1
108,1,16.75,28,11.5074625440891,11.8776742304075,1
108,1,16.75,28,11.8776742304075,11.9998706729055,1
108,1,16.75,28,11.9998706729055,12.2272725259903,1
108,1,16.75,28,12.2272725259903,12.4176486306965,1
108,1,16.75,28,12.4176486306965,12.4472657093127,1
108,1,16.75,28,12.4472657093127,12.8475004548797,1
108,1,16.75,28,12.8475004548797,13.6680814538303,1
108,1,16.75,28,13.6680814538303,13.7905907291817,1
108,1,16.75,28,13.7905907291817,14.1461291965619,1
108,1,16.75,28,14.1461291965619,14.2816169495322,1
108,1,16.75,28,14.2816169495322,14.3442998903651,1
108,1,16.75,28,14.3442998903651,15.0194515355747,1
108,1,16.75,28,15.0194515355747,15.6367697199609,1
108,1,16.75,28,15.6367697199609,16.6263780703313,1
108,1,16.75,28,16.6263780703313,16.75,0
109,1,11.75,7,0,4.91770412053972,1
109,1,11.75,7,4.91770412053972,9.53741902360603,1
109,1,11.75,7,9.53741902360603,9.62287559370999,1
109,1,11.75,7,9.62287559370999,9.96082246869268,1
109,1,11.75,7,9.96082246869268,10.5067268963638,1
109,1,11.75,7,10.5067268963638,10.6635510749385,1
109,1,11.75,7,10.6635510749385,11.1352670795241,1
109,1,11.75,7,11.1352670795241,11.75,0
110,1,17.75,7,0,7.81741636251901,1
110,1,17.75,7,7.81741636251901,11.9797419885564,1
110,1,17.75,7,11.9797419885564,12.7261326175428,1
110,1,17.75,7,12.7261326175428,13.5917328811579,1
110,1,17.75,7,13.5917328811579,13.8389024417082,1
110,1,17.75,7,13.8389024417082,16.6710252472978,1
110,1,17.75,7,16.6710252472978,16.9598644542425,1
110,1,17.75,7,16.9598644542425,17.75,0
111,1,8.75,4,0,2.17247963669634,1
111,1,8.75,4,2.17247963669634,8.05072014723853,1
111,1,8.75,4,8.05072014723853,8.32727215504105,1
111,1,8.75,4,8.32727215504105,8.5618526317613,1
111,1,8.75,4,8.5618526317613,8.75,0
112,1,12.75,13,0,2.84697676870214,1
112,1,12.75,13,2.84697676870214,5.07455022131146,1
112,1,12.75,13,5.07455022131146,5.85201051297436,1
112,1,12.75,13,5.85201051297436,8.65068532736919,1
112,1,12.75,13,8.65068532736919,8.9244047224957,1
112,1,12.75,13,8.9244047224957,9.43456974654274,1
112,1,12.75,13,9.43456974654274,10.4831953406517,1
112,1,12.75,13,10.4831953406517,10.6838812083752,1
112,1,12.75,13,10.6838812083752,11.0793937801027,1
112,1,12.75,13,11.0793937801027,11.2061590767012,1
112,1,12.75,13,11.2061590767012,11.6893387691987,1
112,1,12.75,13,11.6893387691987,12.0148586922547,1
112,1,12.75,13,12.0148586922547,12.0448527904712,1
112,1,12.75,13,12.0448527904712,12.75,0
113,1,8.75,2,0,6.61103841773819,1
113,1,8.75,2,6.61103841773819,7.01481170522088,1
113,1,8.75,2,7.01481170522088,8.75,0
114,1,8.75,1,0,4.87879487328474,1
114,1,8.75,1,4.87879487328474,8.75,0
115,1,12.75,16,0,6.78309352674978,1
115,1,12.75,16,6.78309352674978,7.63440040242393,1
115,1,12.75,16,7.63440040242393,8.30934094074226,1
115,1,12.75,16,8.30934094074226,8.72494441009828,1
115,1,12.75,16,8.72494441009828,8.78677454435936,1
115,1,12.75,16,8.78677454435936,9.02491863191864,1
115,1,12.75,16,9.02491863191864,9.45574738205255,1
115,1,12.75,16,9.45574738205255,9.94779135871328,1
115,1,12.75,16,9.94779135871328,10.6475910200268,1
115,1,12.75,16,10.6475910200268,10.782435794697,1
115,1,12.75,16,10.782435794697,11.306249545702,1
115,1,12.75,16,11.306249545702,11.3985624949956,1
115,1,12.75,16,11.3985624949956,11.9929094347837,1
115,1,12.75,16,11.9929094347837,12.0680447597419,1
115,1,12.75,16,12.0680447597419,12.0775721706185,1
115,1,12.75,16,12.0775721706185,12.4063793951695,1
115,1,12.75,16,12.4063793951695,12.75,0
116,1,8.75,6,0,3.5156489667804,1
116,1,8.75,6,3.5156489667804,5.55734536490392,1
116,1,8.75,6,5.55734536490392,7.38591417019214,1
116,1,8.75,6,7.38591417019214,8.13477962002707,1
116,1,8.75,6,8.13477962002707,8.51781395559071,1
116,1,8.75,6,8.51781395559071,8.56598952314597,1
116,1,8.75,6,8.56598952314597,8.75,0
117,1,16.75,12,0,4.04519805303967,1
117,1,16.75,12,4.04519805303967,7.68738934169837,1
117,1,16.75,12,7.68738934169837,8.77629388907259,1
117,1,16.75,12,8.77629388907259,9.06274624634858,1
117,1,16.75,12,9.06274624634858,10.1988711775661,1
117,1,16.75,12,10.1988711775661,10.8256913198908,1
117,1,16.75,12,10.8256913198908,11.8365499393741,1
117,1,16.75,12,11.8365499393741,12.1769775448593,1
117,1,16.75,12,12.1769775448593,12.2466527450122,1
117,1,16.75,12,12.2466527450122,12.6862771019934,1
117,1,16.75,12,12.6862771019934,15.1218251323754,1
117,1,16.75,12,15.1218251323754,15.1389941804953,1
117,1,16.75,12,15.1389941804953,16.75,0
118,1,14.75,7,0,5.43842348222976,1
118,1,14.75,7,5.43842348222976,7.50783794732187,1
118,1,14.75,7,7.50783794732187,10.8880712601137,1
118,1,14.75,7,10.8880712601137,11.2841542742457,1
118,1,14.75,7,11.2841542742457,11.3730544608855,1
118,1,14.75,7,11.3730544608855,12.0841125858995,1
118,1,14.75,7,12.0841125858995,13.9561222085744,1
118,1,14.75,7,13.9561222085744,14.75,0
119,1,15.75,15,0,6.8765957319066,1
119,1,15.75,15,6.8765957319066,7.51017959307649,1
119,1,15.75,15,7.51017959307649,8.50415181067949,1
119,1,15.75,15,8.50415181067949,9.1782194908011,1
119,1,15.75,15,9.1782194908011,10.4155423927195,1
119,1,15.75,15,10.4155423927195,11.3023703364346,1
119,1,15.75,15,11.3023703364346,11.3612279153249,1
119,1,15.75,15,11.3612279153249,12.3089140461589,1
119,1,15.75,15,12.3089140461589,14.1221683251607,1
119,1,15.75,15,14.1221683251607,14.1718828269698,1
119,1,15.75,15,14.1718828269698,14.7971359090708,1
119,1,15.75,15,14.7971359090708,15.1255739676605,1
119,1,15.75,15,15.1255739676605,15.2826451472609,1
119,1,15.75,15,15.2826451472609,15.3062861507796,1
119,1,15.75,15,15.3062861507796,15.6155957340032,1
119,1,15.75,15,15.6155957340032,15.75,0
120,1,11.75,10,0,2.75407658847377,1
120,1,11.75,10,2.75407658847377,4.04251237403507,1
120,1,11.75,10,4.04251237403507,4.56792140308398,1
120,1,11.75,10,4.56792140308398,7.0058859053124,1
120,1,11.75,10,7.0058859053124,7.00926983893575,1
120,1,11.75,10,7.00926983893575,8.63457739070402,1
120,1,11.75,10,8.63457739070402,9.16815951626332,1
120,1,11.75,10,9.16815951626332,9.26902654488407,1
120,1,11.75,10,9.26902654488407,11.6562037969393,1
120,1,11.75,10,11.6562037969393,11.6727559438702,1
120,1,11.75,10,11.6727559438702,11.75,0
121,1,11.75,6,0,2.1543561718587,1
121,1,11.75,6,2.1543561718587,4.83231580187668,1
121,1,11.75,6,4.83231580187668,5.58858638260092,1
121,1,11.75,6,5.58858638260092,9.03375733915663,1
121,1,11.75,6,9.03375733915663,9.04296240916507,1
121,1,11.75,6,9.04296240916507,10.7737023818423,1
121,1,11.75,6,10.7737023818423,11.75,0
122,1,16.75,5,0,5.11927942103896,1
122,1,16.75,5,5.11927942103896,9.43187724269133,1
122,1,16.75,5,9.43187724269133,12.5702207219493,1
122,1,16.75,5,12.5702207219493,13.249070467857,1
122,1,16.75,5,13.249070467857,14.5660180044647,1
122,1,16.75,5,14.5660180044647,16.75,0
123,1,17.75,20,0,2.69623070869464,1
123,1,17.75,20,2.69623070869464,3.88993965106572,1
123,1,17.75,20,3.88993965106572,4.93667007929857,1
123,1,17.75,20,4.93667007929857,5.60457126996982,1
123,1,17.75,20,5.60457126996982,8.15764754863867,1
123,1,17.75,20,8.15764754863867,8.5010054769028,1
123,1,17.75,20,8.5010054769028,10.3746009846863,1
123,1,17.75,20,10.3746009846863,10.9285218487623,1
123,1,17.75,20,10.9285218487623,11.5591199142036,1
123,1,17.75,20,11.5591199142036,12.2606907137405,1
123,1,17.75,20,12.2606907137405,13.0357288676073,1
123,1,17.75,20,13.0357288676073,13.2789283651852,1
123,1,17.75,20,13.2789283651852,14.3584086477674,1
123,1,17.75,20,14.3584086477674,15.120076531036,1
123,1,17.75,20,15.120076531036,15.6757042972246,1
123,1,17.75,20,15.6757042972246,15.8015543535661,1
123,1,17.75,20,15.8015543535661,16.0393693824338,1
123,1,17.75,20,16.0393693824338,16.0826793821603,1
123,1,17.75,20,16.0826793821603,16.1675735880523,1
123,1,17.75,20,16.1675735880523,17.4261033575172,1
123,1,17.75,20,17.4261033575172,17.75,0
124,1,14.75,8,0,4.34116273069245,1
124,1,14.75,8,4.34116273069245,9.63880298920591,1
124,1,14.75,8,9.63880298920591,10.7352939746305,1
124,1,14.75,8,10.7352939746305,11.1302720603876,1
124,1,14.75,8,11.1302720603876,11.8409473455161,1
124,1,14.75,8,11.8409473455161,11.9417962795207,1
124,1,14.75,8,11.9417962795207,13.4122059640979,1
124,1,14.75,8,13.4122059640979,14.4075733954867,1
124,1,14.75,8,14.4075733954867,14.75,0
125,1,10.75,6,0,4.82296229001713,1
125,1,10.75,6,4.82296229001713,8.13865229900685,1
125,1,10.75,6,8.13865229900685,8.78516296054473,1
125,1,10.75,6,8.78516296054473,8.84034606894998,1
125,1,10.75,6,8.84034606894998,8.9163212441719,1
125,1,10.75,6,8.9163212441719,10.6690800708069,1
125,1,10.75,6,10.6690800708069,10.75,0
126,1,14.75,4,0,4.25401631488635,1
126,1,14.75,4,4.25401631488635,9.81597651465141,1
126,1,14.75,4,9.81597651465141,11.4455735508155,1
126,1,14.75,4,11.4455735508155,12.7583556086742,1
126,1,14.75,4,12.7583556086742,14.75,0
127,1,15.75,30,0,1.40770907554675,1
127,1,15.75,30,1.40770907554675,2.16849123605722,1
127,1,15.75,30,2.16849123605722,4.61291201009223,1
127,1,15.75,30,4.61291201009223,4.96731645983495,1
127,1,15.75,30,4.96731645983495,4.99003357459797,1
127,1,15.75,30,4.99003357459797,5.06978905652892,1
127,1,15.75,30,5.06978905652892,5.16964036758569,1
127,1,15.75,30,5.16964036758569,8.5281541267863,1
127,1,15.75,30,8.5281541267863,8.73439516234409,1
127,1,15.75,30,8.73439516234409,9.15055291142044,1
127,1,15.75,30,9.15055291142044,10.3303546896937,1
127,1,15.75,30,10.3303546896937,10.332977563071,1
127,1,15.75,30,10.332977563071,10.6029900168965,1
127,1,15.75,30,10.6029900168965,10.6296561847775,1
127,1,15.75,30,10.6296561847775,11.4079946317128,1
127,1,15.75,30,11.4079946317128,11.5103090573907,1
127,1,15.75,30,11.5103090573907,11.5630525759479,1
127,1,15.75,30,11.5630525759479,11.7704894727391,1
127,1,15.75,30,11.7704894727391,12.2169328550041,1
127,1,15.75,30,12.2169328550041,13.3055717841413,1
127,1,15.75,30,13.3055717841413,13.3267118859989,1
127,1,15.75,30,13.3267118859989,13.4204304818826,1
127,1,15.75,30,13.4204304818826,14.4242164307323,1
127,1,15.75,30,14.4242164307323,14.5735469226033,1
127,1,15.75,30,14.5735469226033,14.6775716224328,1
127,1,15.75,30,14.6775716224328,14.844838129589,1
127,1,15.75,30,14.844838129589,15.1336641292431,1
127,1,15.75,30,15.1336641292431,15.3826780878899,1
127,1,15.75,30,15.3826780878899,15.5160188242386,1
127,1,15.75,30,15.5160188242386,15.7294270831818,1
127,1,15.75,30,15.7294270831818,15.75,0
128,1,15.75,18,0,0.27290625505435,1
128,1,15.75,18,0.27290625505435,1.75186004961315,1
128,1,15.75,18,1.75186004961315,5.6050875105432,1
128,1,15.75,18,5.6050875105432,5.65451118894691,1
128,1,15.75,18,5.65451118894691,7.55868406364842,1
128,1,15.75,18,7.55868406364842,9.22219493820994,1
128,1,15.75,18,9.22219493820994,9.52512584365602,1
128,1,15.75,18,9.52512584365602,10.0679046710054,1
128,1,15.75,18,10.0679046710054,10.4634692912341,1
128,1,15.75,18,10.4634692912341,11.7049507000655,1
128,1,15.75,18,11.7049507000655,11.9996480029474,1
128,1,15.75,18,11.9996480029474,13.1356758351353,1
128,1,15.75,18,13.1356758351353,13.1923615482479,1
128,1,15.75,18,13.1923615482479,13.6301909501367,1
128,1,15.75,18,13.6301909501367,14.9766450188224,1
128,1,15.75,18,14.9766450188224,15.1762263073694,1
128,1,15.75,18,15.1762263073694,15.2276765166482,1
128,1,15.75,18,15.2276765166482,15.551357992929,1
128,1,15.75,18,15.551357992929,15.75,0
129,1,16.75,6,0,2.82345711442838,1
129,1,16.75,6,2.82345711442838,5.88279052277209,1
129,1,16.75,6,5.88279052277209,10.1400041062814,1
129,1,16.75,6,10.1400041062814,13.6067695485287,1
129,1,16.75,6,13.6067695485287,14.6795125412854,1
129,1,16.75,6,14.6795125412854,16.4426038812906,1
129,1,16.75,6,16.4426038812906,16.75,0
130,1,13.75,5,0,7.4722327832317,1
130,1,13.75,5,7.4722327832317,11.6510440491679,1
130,1,13.75,5,11.6510440491679,12.0840694140038,1
130,1,13.75,5,12.0840694140038,12.4848955854011,1
130,1,13.75,5,12.4848955854011,13.3575210985752,1
130,1,13.75,5,13.3575210985752,13.75,0
131,1,15.75,22,0,3.68256650428332,1
131,1,15.75,22,3.68256650428332,7.48220176295017,1
131,1,15.75,22,7.48220176295017,8.4147524926875,1
131,1,15.75,22,8.4147524926875,9.59747280535278,1
131,1,15.75,22,9.59747280535278,10.0764179690492,1
131,1,15.75,22,10.0764179690492,10.7541129602475,1
131,1,15.75,22,10.7541129602475,11.1052994780096,1
131,1,15.75,22,11.1052994780096,11.4131408260751,1
131,1,15.75,22,11.4131408260751,11.7407022194003,1
131,1,15.75,22,11.7407022194003,11.9557043788163,1
131,1,15.75,22,11.9557043788163,12.3402125353814,1
131,1,15.75,22,12.3402125353814,12.3859963318518,1
131,1,15.75,22,12.3859963318518,12.6453028823077,1
131,1,15.75,22,12.6453028823077,13.1236467398271,1
131,1,15.75,22,13.1236467398271,13.3791189979945,1
131,1,15.75,22,13.3791189979945,13.4027297581468,1
131,1,15.75,22,13.4027297581468,14.7896724832886,1
131,1,15.75,22,14.7896724832886,15.2986204695275,1
131,1,15.75,22,15.2986204695275,15.483496469768,1
131,1,15.75,22,15.483496469768,15.5480428924347,1
131,1,15.75,22,15.5480428924347,15.6261735708731,1
131,1,15.75,22,15.6261735708731,15.7063974354752,1
131,1,15.75,22,15.7063974354752,15.75,0
132,1,14.75,35,0,1.71128817260911,1
132,1,14.75,35,1.71128817260911,2.28494030758272,1
132,1,14.75,35,2.28494030758272,3.53654161262443,1
132,1,14.75,35,3.53654161262443,3.91009908892882,1
132,1,14.75,35,3.91009908892882,4.095624772236,1
132,1,14.75,35,4.095624772236,6.52922584365883,1
132,1,14.75,35,6.52922584365883,7.02251734232128,1
132,1,14.75,35,7.02251734232128,7.53803692919368,1
132,1,14.75,35,7.53803692919368,7.59652076066546,1
132,1,14.75,35,7.59652076066546,7.73104235552083,1
132,1,14.75,35,7.73104235552083,7.93483759252088,1
132,1,14.75,35,7.93483759252088,8.7192837257804,1
132,1,14.75,35,8.7192837257804,9.11547227710448,1
132,1,14.75,35,9.11547227710448,9.76172659117168,1
132,1,14.75,35,9.76172659117168,10.3710854272014,1
132,1,14.75,35,10.3710854272014,11.3478254188047,1
132,1,14.75,35,11.3478254188047,11.8321436682837,1
132,1,14.75,35,11.8321436682837,11.9609435326505,1
132,1,14.75,35,11.9609435326505,11.9846668698244,1
132,1,14.75,35,11.9846668698244,12.3628344401805,1
132,1,14.75,35,12.3628344401805,12.5393849164807,1
132,1,14.75,35,12.5393849164807,12.6989167081784,1
132,1,14.75,35,12.6989167081784,12.7124988539035,1
132,1,14.75,35,12.7124988539035,12.8535535738202,1
132,1,14.75,35,12.8535535738202,13.0153781936252,1
132,1,14.75,35,13.0153781936252,13.2024107697345,1
132,1,14.75,35,13.2024107697345,13.2185798513081,1
132,1,14.75,35,13.2185798513081,13.6601374446087,1
132,1,14.75,35,13.6601374446087,13.7011189176758,1
132,1,14.75,35,13.7011189176758,13.7066193065397,1
132,1,14.75,35,13.7066193065397,13.7473050655665,1
132,1,14.75,35,13.7473050655665,13.9365402479852,1
132,1,14.75,35,13.9365402479852,14.3240738353951,1
132,1,14.75,35,14.3240738353951,14.3546331864136,1
132,1,14.75,35,14.3546331864136,14.4414472938228,1
132,1,14.75,35,14.4414472938228,14.75,0
133,1,19.75,14,0,3.07457383453558,1
133,1,19.75,14,3.07457383453558,6.75928326421998,1
133,1,19.75,14,6.75928326421998,9.74210452564267,1
133,1,19.75,14,9.74210452564267,10.8245913262002,1
133,1,19.75,14,10.8245913262002,12.3233601608201,1
133,1,19.75,14,12.3233601608201,12.8794015139412,1
133,1,19.75,14,12.8794015139412,13.4989843615726,1
133,1,19.75,14,13.4989843615726,13.515475875558,1
133,1,19.75,14,13.515475875558,13.6148445719323,1
133,1,19.75,14,13.6148445719323,14.6177872151043,1
133,1,19.75,14,14.6177872151043,16.8314348148019,1
133,1,19.75,14,16.8314348148019,17.4414456417996,1
133,1,19.75,14,17.4414456417996,18.0706617679758,1
133,1,19.75,14,18.0706617679758,18.2767430172575,1
133,1,19.75,14,18.2767430172575,19.75,0
134,1,17.75,12,0,3.83250699317148,1
134,1,17.75,12,3.83250699317148,4.72103078598948,1
134,1,17.75,12,4.72103078598948,7.4865186397259,1
134,1,17.75,12,7.4865186397259,9.77755180095133,1
134,1,17.75,12,9.77755180095133,10.681844415997,1
134,1,17.75,12,10.681844415997,11.0205633319846,1
134,1,17.75,12,11.0205633319846,13.1780020147256,1
134,1,17.75,12,13.1780020147256,13.2552095777624,1
134,1,17.75,12,13.2552095777624,14.7999349464421,1
134,1,17.75,12,14.7999349464421,15.7085815643094,1
134,1,17.75,12,15.7085815643094,16.6480507810583,1
134,1,17.75,12,16.6480507810583,16.8032105031711,1
134,1,17.75,12,16.8032105031711,17.75,0
135,1,13.75,7,0,2.55485660438063,1
135,1,13.75,7,2.55485660438063,5.59846186454609,1
135,1,13.75,7,5.59846186454609,7.65785355640747,1
135,1,13.75,7,7.65785355640747,9.54640159529375,1
135,1,13.75,7,9.54640159529375,11.1826964714809,1
135,1,13.75,7,11.1826964714809,11.3944744675241,1
135,1,13.75,7,11.3944744675241,13.4011636630712,1
135,1,13.75,7,13.4011636630712,13.75,0
136,1,11.75,19,0,0.344582077050536,1
136,1,11.75,19,0.344582077050536,3.0038073378715,1
136,1,11.75,19,3.0038073378715,3.9023049113788,1
136,1,11.75,19,3.9023049113788,5.14942495198467,1
136,1,11.75,19,5.14942495198467,6.29644896157027,1
136,1,11.75,19,6.29644896157027,7.12185385828085,1
136,1,11.75,19,7.12185385828085,7.93044941491879,1
136,1,11.75,19,7.93044941491879,8.01003678709688,1
136,1,11.75,19,8.01003678709688,8.06819685641875,1
136,1,11.75,19,8.06819685641875,8.12643364898526,1
136,1,11.75,19,8.12643364898526,8.26251610217117,1
136,1,11.75,19,8.26251610217117,8.47462746428551,1
136,1,11.75,19,8.47462746428551,8.97676943798442,1
136,1,11.75,19,8.97676943798442,8.98113540066554,1
136,1,11.75,19,8.98113540066554,9.52399416598794,1
136,1,11.75,19,9.52399416598794,9.98626246605667,1
136,1,11.75,19,9.98626246605667,11.1420797114188,1
136,1,11.75,19,11.1420797114188,11.3994622498685,1
136,1,11.75,19,11.3994622498685,11.686551032237,1
136,1,11.75,19,11.686551032237,11.75,0
137,1,11.75,4,0,4.69649270418765,1
137,1,11.75,4,4.69649270418765,6.73168527705018,1
137,1,11.75,4,6.73168527705018,11.064220493834,1
137,1,11.75,4,11.064220493834,11.3783278265331,1
137,1,11.75,4,11.3783278265331,11.75,0
138,1,17.75,12,0,7.13909318487185,1
138,1,17.75,12,7.13909318487185,8.4262878064151,1
138,1,17.75,12,8.4262878064151,8.71328092620373,1
138,1,17.75,12,8.71328092620373,9.63746745159445,1
138,1,17.75,12,9.63746745159445,9.9007331091414,1
138,1,17.75,12,9.9007331091414,10.2558926311,1
138,1,17.75,12,10.2558926311,10.3758019562181,1
138,1,17.75,12,10.3758019562181,11.2491974231443,1
138,1,17.75,12,11.2491974231443,12.0334210540473,1
138,1,17.75,12,12.0334210540473,13.6283228730141,1
138,1,17.75,12,13.6283228730141,14.3137619227701,1
138,1,17.75,12,14.3137619227701,17.3298458704027,1
138,1,17.75,12,17.3298458704027,17.75,0
139,1,13.75,10,0,5.41746575458881,1
139,1,13.75,10,5.41746575458881,6.32491250721628,1
139,1,13.75,10,6.32491250721628,7.56315655961892,1
139,1,13.75,10,7.56315655961892,8.08755505521546,1
139,1,13.75,10,8.08755505521546,9.25472570561237,1
139,1,13.75,10,9.25472570561237,10.5250665399406,1
139,1,13.75,10,10.5250665399406,10.6982153974774,1
139,1,13.75,10,10.6982153974774,11.5058289412547,1
139,1,13.75,10,11.5058289412547,12.6320507139526,1
139,1,13.75,10,12.6320507139526,12.8049990745894,1
139,1,13.75,10,12.8049990745894,13.75,0
140,1,16.75,20,0,5.90763866797726,1
140,1,16.75,20,5.90763866797726,6.64611872682141,1
140,1,16.75,20,6.64611872682141,6.70350050394479,1
140,1,16.75,20,6.70350050394479,7.18655227772235,1
140,1,16.75,20,7.18655227772235,9.00586091814583,1
140,1,16.75,20,9.00586091814583,9.396859897786,1
140,1,16.75,20,9.396859897786,9.88344106132089,1
140,1,16.75,20,9.88344106132089,10.2043119402258,1
140,1,16.75,20,10.2043119402258,11.1231906434105,1
140,1,16.75,20,11.1231906434105,11.8208827940558,1
140,1,16.75,20,11.8208827940558,12.0073952461861,1
140,1,16.75,20,12.0073952461861,12.037176473577,1
140,1,16.75,20,12.037176473577,12.8650827684112,1
140,1,16.75,20,12.8650827684112,13.8492099014265,1
140,1,16.75,20,13.8492099014265,13.9906273927725,1
140,1,16.75,20,13.9906273927725,14.2350497756388,1
140,1,16.75,20,14.2350497756388,14.4764305811172,1
140,1,16.75,20,14.4764305811172,15.3188892955683,1
140,1,16.75,20,15.3188892955683,15.5173993871055,1
140,1,16.75,20,15.5173993871055,16.5023342253502,1
140,1,16.75,20,16.5023342253502,16.75,0
141,1,14.75,22,0,4.45858277220162,1
141,1,14.75,22,4.45858277220162,5.52104555669356,1
141,1,14.75,22,5.52104555669356,6.78415581643054,1
141,1,14.75,22,6.78415581643054,8.06933700669476,1
141,1,14.75,22,8.06933700669476,9.60151533208087,1
141,1,14.75,22,9.60151533208087,9.90213099682934,1
141,1,14.75,22,9.90213099682934,10.0218804860247,1
141,1,14.75,22,10.0218804860247,10.2594145015292,1
141,1,14.75,22,10.2594145015292,10.3485312342124,1
141,1,14.75,22,10.3485312342124,11.0049064717737,1
141,1,14.75,22,11.0049064717737,11.7118037430612,1
141,1,14.75,22,11.7118037430612,11.7169636040098,1
141,1,14.75,22,11.7169636040098,12.0421235488612,1
141,1,14.75,22,12.0421235488612,12.0580103385766,1
141,1,14.75,22,12.0580103385766,12.1135980657965,1
141,1,14.75,22,12.1135980657965,12.1949439187716,1
141,1,14.75,22,12.1949439187716,12.9732476710861,1
141,1,14.75,22,12.9732476710861,13.4426211629781,1
141,1,14.75,22,13.4426211629781,13.4681118848375,1
141,1,14.75,22,13.4681118848375,13.9491599957948,1
141,1,14.75,22,13.9491599957948,14.0333325625092,1
141,1,14.75,22,14.0333325625092,14.083375483876,1
141,1,14.75,22,14.083375483876,14.75,0
142,1,8.75,6,0,3.41166729898845,1
142,1,8.75,6,3.41166729898845,4.57364006157771,1
142,1,8.75,6,4.57364006157771,6.45799329685427,1
142,1,8.75,6,6.45799329685427,7.08694889892067,1
142,1,8.75,6,7.08694889892067,7.29350514951557,1
142,1,8.75,6,7.29350514951557,7.65538193137395,1
142,1,8.75,6,7.65538193137395,8.75,0
143,1,19.75,21,0,5.52854102912644,1
143,1,19.75,21,5.52854102912644,5.53549088188548,1
143,1,19.75,21,5.53549088188548,5.62053288311734,1
143,1,19.75,21,5.62053288311734,7.97848090293262,1
143,1,19.75,21,7.97848090293262,8.69106313586557,1
143,1,19.75,21,8.69106313586557,9.42544729577614,1
143,1,19.75,21,9.42544729577614,10.1974557052726,1
143,1,19.75,21,10.1974557052726,10.5703207886506,1
143,1,19.75,21,10.5703207886506,11.8563683156102,1
143,1,19.75,21,11.8563683156102,15.1849887142227,1
143,1,19.75,21,15.1849887142227,15.4890777707895,1
143,1,19.75,21,15.4890777707895,16.1088509433678,1
143,1,19.75,21,16.1088509433678,16.249086205397,1
143,1,19.75,21,16.249086205397,16.7190683336007,1
143,1,19.75,21,16.7190683336007,16.8921035578247,1
143,1,19.75,21,16.8921035578247,18.3669314792142,1
143,1,19.75,21,18.3669314792142,18.4138902112274,1
143,1,19.75,21,18.4138902112274,18.5083762467637,1
143,1,19.75,21,18.5083762467637,18.5290914338748,1
143,1,19.75,21,18.5290914338748,18.5688369439178,1
143,1,19.75,21,18.5688369439178,18.9334258023646,1
143,1,19.75,21,18.9334258023646,19.75,0
144,1,12.75,12,0,3.27290760979727,1
144,1,12.75,12,3.27290760979727,4.61955430921099,1
144,1,12.75,12,4.61955430921099,7.65874869219095,1
144,1,12.75,12,7.65874869219095,9.2993521965146,1
144,1,12.75,12,9.2993521965146,9.462026267903,1
144,1,12.75,12,9.462026267903,9.99058333205262,1
144,1,12.75,12,9.99058333205262,10.2015349456557,1
144,1,12.75,12,10.2015349456557,11.2440258604793,1
144,1,12.75,12,11.2440258604793,12.4381505837142,1
144,1,12.75,12,12.4381505837142,12.4517176003966,1
144,1,12.75,12,12.4517176003966,12.495214119768,1
144,1,12.75,12,12.495214119768,12.7187210581164,1
144,1,12.75,12,12.7187210581164,12.75,0
145,1,11.75,17,0,0.389839160567634,1
145,1,11.75,17,0.389839160567634,3.49554504481216,1
145,1,11.75,17,3.49554504481216,3.57404435230964,1
145,1,11.75,17,3.57404435230964,4.79781763464403,1
145,1,11.75,17,4.79781763464403,7.2992572942216,1
145,1,11.75,17,7.2992572942216,7.75156623369086,1
145,1,11.75,17,7.75156623369086,7.92506995169669,1
145,1,11.75,17,7.92506995169669,8.36773029131481,1
145,1,11.75,17,8.36773029131481,8.78875168606915,1
145,1,11.75,17,8.78875168606915,9.43972121639422,1
145,1,11.75,17,9.43972121639422,9.9329841759085,1
145,1,11.75,17,9.9329841759085,10.1165802704999,1
145,1,11.75,17,10.1165802704999,10.1337166119438,1
145,1,11.75,17,10.1337166119438,10.3571372840274,1
145,1,11.75,17,10.3571372840274,10.9461262295499,1
145,1,11.75,17,10.9461262295499,11.090024564336,1
145,1,11.75,17,11.090024564336,11.2285049026601,1
145,1,11.75,17,11.2285049026601,11.75,0
146,1,17.75,12,0,1.98529946995541,1
146,1,17.75,12,1.98529946995541,4.83718900044127,1
146,1,17.75,12,4.83718900044127,11.6720537777765,1
146,1,17.75,12,11.6720537777765,13.3605731403403,1
146,1,17.75,12,13.3605731403403,13.5133443774104,1
146,1,17.75,12,13.5133443774104,15.2938804713326,1
146,1,17.75,12,15.2938804713326,15.4444725815099,1
146,1,17.75,12,15.4444725815099,15.6682037343497,1
146,1,17.75,12,15.6682037343497,15.9193035868621,1
146,1,17.75,12,15.9193035868621,16.1774688723519,1
146,1,17.75,12,16.1774688723519,16.9895826127981,1
146,1,17.75,12,16.9895826127981,17.4637619040436,1
146,1,17.75,12,17.4637619040436,17.75,0
147,1,19.75,15,0,5.44856385248677,1
147,1,19.75,15,5.44856385248677,6.6529917236474,1
147,1,19.75,15,6.6529917236474,7.45492980915882,1
147,1,19.75,15,7.45492980915882,7.7182753835882,1
147,1,19.75,15,7.7182753835882,9.41043401451075,1
147,1,19.75,15,9.41043401451075,9.89772136150482,1
147,1,19.75,15,9.89772136150482,11.1497623905608,1
147,1,19.75,15,11.1497623905608,13.0751505377466,1
147,1,19.75,15,13.0751505377466,13.5479805558372,1
147,1,19.75,15,13.5479805558372,13.8528499148598,1
147,1,19.75,15,13.8528499148598,14.4400472853253,1
147,1,19.75,15,14.4400472853253,15.5266310209273,1
147,1,19.75,15,15.5266310209273,15.9088699683596,1
147,1,19.75,15,15.9088699683596,18.0842185950885,1
147,1,19.75,15,18.0842185950885,18.9371816040255,1
147,1,19.75,15,18.9371816040255,19.75,0
148,1,19.75,18,0,1.41069579474883,1
148,1,19.75,18,1.41069579474883,2.05775114441244,1
148,1,19.75,18,2.05775114441244,2.16254723262237,1
148,1,19.75,18,2.16254723262237,3.53504540189735,1
148,1,19.75,18,3.53504540189735,4.16054416170213,1
148,1,19.75,18,4.16054416170213,8.423251392997,1
148,1,19.75,18,8.423251392997,9.23093542693715,1
148,1,19.75,18,9.23093542693715,11.2153972115779,1
148,1,19.75,18,11.2153972115779,11.577367701001,1
148,1,19.75,18,11.577367701001,13.9585715553996,1
148,1,19.75,18,13.9585715553996,14.0494616055149,1
148,1,19.75,18,14.0494616055149,14.7869244876468,1
148,1,19.75,18,14.7869244876468,15.9426770409599,1
148,1,19.75,18,15.9426770409599,16.3964111662077,1
148,1,19.75,18,16.3964111662077,16.8711049771997,1
148,1,19.75,18,16.8711049771997,17.5858491287464,1
148,1,19.75,18,17.5858491287464,17.9657142854589,1
148,1,19.75,18,17.9657142854589,19.3297689430328,1
148,1,19.75,18,19.3297689430328,19.75,0
149,1,18.75,32,0,2.34395028400362,1
149,1,18.75,32,2.34395028400362,3.38168386245101,1
149,1,18.75,32,3.38168386245101,4.69670866460457,1
149,1,18.75,32,4.69670866460457,5.49388653504283,1
149,1,18.75,32,5.49388653504283,7.18040719698746,1
149,1,18.75,32,7.18040719698746,7.48893060928149,1
149,1,18.75,32,7.48893060928149,7.99570862165734,1
149,1,18.75,32,7.99570862165734,8.46001234651419,1
149,1,18.75,32,8.46001234651419,8.73925685879316,1
149,1,18.75,32,8.73925685879316,8.7527226595899,1
149,1,18.75,32,8.7527226595899,8.9712261902633,1
149,1,18.75,32,8.9712261902633,9.09633590581619,1
149,1,18.75,32,9.09633590581619,11.1383228478831,1
149,1,18.75,32,11.1383228478831,11.6780641234097,1
149,1,18.75,32,11.6780641234097,12.2091218882907,1
149,1,18.75,32,12.2091218882907,12.5394020217557,1
149,1,18.75,32,12.5394020217557,13.1488275456355,1
149,1,18.75,32,13.1488275456355,13.9685900653448,1
149,1,18.75,32,13.9685900653448,15.7289599594567,1
149,1,18.75,32,15.7289599594567,15.8463256177765,1
149,1,18.75,32,15.8463256177765,16.1964878844254,1
149,1,18.75,32,16.1964878844254,16.2080534544361,1
149,1,18.75,32,16.2080534544361,16.4375162702774,1
149,1,18.75,32,16.4375162702774,17.0072601141708,1
149,1,18.75,32,17.0072601141708,17.727532026055,1
149,1,18.75,32,17.727532026055,18.0320704994578,1
149,1,18.75,32,18.0320704994578,18.1072379408191,1
149,1,18.75,32,18.1072379408191,18.213560650829,1
149,1,18.75,32,18.213560650829,18.2553066880549,1
149,1,18.75,32,18.2553066880549,18.3044262804203,1
149,1,18.75,32,18.3044262804203,18.6126659795144,1
149,1,18.75,32,18.6126659795144,18.6540850249533,1
149,1,18.75,32,18.6540850249533,18.75,0
150,1,18.75,21,0,6.30665097062799,1
150,1,18.75,21,6.30665097062799,10.5404938087525,1
150,1,18.75,21,10.5404938087525,11.8801742971344,1
150,1,18.75,21,11.8801742971344,12.0253343686703,1
150,1,18.75,21,12.0253343686703,12.0422650519104,1
150,1,18.75,21,12.0422650519104,12.5420159836712,1
150,1,18.75,21,12.5420159836712,13.912576443369,1
150,1,18.75,21,13.912576443369,14.6294135123314,1
150,1,18.75,21,14.6294135123314,14.6467998947136,1
150,1,18.75,21,14.6467998947136,14.7780343288101,1
150,1,18.75,21,14.7780343288101,15.1391222300439,1
150,1,18.75,21,15.1391222300439,15.6285792054979,1
150,1,18.75,21,15.6285792054979,15.70018216029,1
150,1,18.75,21,15.70018216029,15.9000004236286,1
150,1,18.75,21,15.9000004236286,16.7931871560822,1
150,1,18.75,21,16.7931871560822,16.9490268599763,1
150,1,18.75,21,16.9490268599763,17.040494045421,1
150,1,18.75,21,17.040494045421,17.4075548005853,1
150,1,18.75,21,17.4075548005853,17.5861208395522,1
150,1,18.75,21,17.5861208395522,18.0597613432545,1
150,1,18.75,21,18.0597613432545,18.358238970767,1
150,1,18.75,21,18.358238970767,18.75,0
151,1,12.75,15,0,3.88332926062032,1
151,1,12.75,15,3.88332926062032,5.45719567326213,1
151,1,12.75,15,5.45719567326213,7.1094706315962,1
151,1,12.75,15,7.1094706315962,9.06165406575251,1
151,1,12.75,15,9.06165406575251,9.80862382054393,1
151,1,12.75,15,9.80862382054393,9.8986200349843,1
151,1,12.75,15,9.8986200349843,10.2551298446331,1
151,1,12.75,15,10.2551298446331,10.8047987896583,1
151,1,12.75,15,10.8047987896583,10.9667460307017,1
151,1,12.75,15,10.9667460307017,11.1262422780099,1
151,1,12.75,15,11.1262422780099,11.2237123422068,1
151,1,12.75,15,11.2237123422068,11.6573282227835,1
151,1,12.75,15,11.6573282227835,11.9474697144021,1
151,1,12.75,15,11.9474697144021,11.9515258786684,1
151,1,12.75,15,11.9515258786684,12.5881712015202,1
151,1,12.75,15,12.5881712015202,12.75,0
152,1,16.75,3,0,6.55919762636152,1
152,1,16.75,3,6.55919762636152,11.140684378232,1
152,1,16.75,3,11.140684378232,15.0886173565915,1
152,1,16.75,3,15.0886173565915,16.75,0
153,1,18.75,23,0,3.24919559393479,1
153,1,18.75,23,3.24919559393479,4.36306629180454,1
153,1,18.75,23,4.36306629180454,5.8059491003354,1
153,1,18.75,23,5.8059491003354,7.26706239341638,1
153,1,18.75,23,7.26706239341638,7.30688438804393,1
153,1,18.75,23,7.30688438804393,10.9147451731722,1
153,1,18.75,23,10.9147451731722,11.7831409181434,1
153,1,18.75,23,11.7831409181434,11.8672887637344,1
153,1,18.75,23,11.8672887637344,12.7164479059323,1
153,1,18.75,23,12.7164479059323,13.3614435972204,1
153,1,18.75,23,13.3614435972204,13.4424891141247,1
153,1,18.75,23,13.4424891141247,13.7179039834682,1
153,1,18.75,23,13.7179039834682,15.6414712511518,1
153,1,18.75,23,15.6414712511518,15.7626744022588,1
153,1,18.75,23,15.7626744022588,16.0718043191073,1
153,1,18.75,23,16.0718043191073,16.1537440929381,1
153,1,18.75,23,16.1537440929381,16.3925609918266,1
153,1,18.75,23,16.3925609918266,16.7174603123537,1
153,1,18.75,23,16.7174603123537,17.0661798909154,1
153,1,18.75,23,17.0661798909154,17.6155794361926,1
153,1,18.75,23,17.6155794361926,17.7710326619071,1
153,1,18.75,23,17.7710326619071,18.0810666951036,1
153,1,18.75,23,18.0810666951036,18.6850324416035,1
153,1,18.75,23,18.6850324416035,18.75,0
154,1,8.75,0,0,8.75,0
155,1,14.75,22,0,3.11350741476242,1
155,1,14.75,22,3.11350741476242,5.94380129089984,1
155,1,14.75,22,5.94380129089984,6.24320083311405,1
155,1,14.75,22,6.24320083311405,6.61624257120725,1
155,1,14.75,22,6.61624257120725,6.69109204959088,1
155,1,14.75,22,6.69109204959088,6.79203119496323,1
155,1,14.75,22,6.79203119496323,7.1586046463807,1
155,1,14.75,22,7.1586046463807,7.45919847424316,1
155,1,14.75,22,7.45919847424316,8.65506683674495,1
155,1,14.75,22,8.65506683674495,9.19678914587586,1
155,1,14.75,22,9.19678914587586,9.36189055481761,1
155,1,14.75,22,9.36189055481761,9.66645668689445,1
155,1,14.75,22,9.66645668689445,9.75017371323155,1
155,1,14.75,22,9.75017371323155,11.4822249328606,1
155,1,14.75,22,11.4822249328606,12.3234487679972,1
155,1,14.75,22,12.3234487679972,12.381520939458,1
155,1,14.75,22,12.381520939458,12.6380907765718,1
155,1,14.75,22,12.6380907765718,12.8325601972783,1
155,1,14.75,22,12.8325601972783,12.9400880086848,1
155,1,14.75,22,12.9400880086848,13.2477228025801,1
155,1,14.75,22,13.2477228025801,13.9823320731421,1
155,1,14.75,22,13.9823320731421,14.5093025300063,1
155,1,14.75,22,14.5093025300063,14.75,0
156,1,8.75,3,0,7.1710202733307,1
156,1,8.75,3,7.1710202733307,7.67871952789807,1
156,1,8.75,3,7.67871952789807,7.9522149403202,1
156,1,8.75,3,7.9522149403202,8.75,0
157,1,8.75,4,0,2.32366769232523,1
157,1,8.75,4,2.32366769232523,4.27116147783928,1
157,1,8.75,4,4.27116147783928,7.34899725606348,1
157,1,8.75,4,7.34899725606348,7.39574763135018,1
157,1,8.75,4,7.39574763135018,8.75,0
158,1,16.75,4,0,12.0792052485457,1
158,1,16.75,4,12.0792052485457,12.6015897864695,1
158,1,16.75,4,12.6015897864695,15.8465772780072,1
158,1,16.75,4,15.8465772780072,15.9259173795656,1
158,1,16.75,4,15.9259173795656,16.75,0
159,1,15.75,14,0,3.02791944878564,1
159,1,15.75,14,3.02791944878564,5.58283587749704,1
159,1,15.75,14,5.58283587749704,6.61263016420666,1
159,1,15.75,14,6.61263016420666,9.76174058302548,1
159,1,15.75,14,9.76174058302548,10.9170659642854,1
159,1,15.75,14,10.9170659642854,10.9430371874632,1
159,1,15.75,14,10.9430371874632,11.0115787399415,1
159,1,15.75,14,11.0115787399415,13.0460542918061,1
159,1,15.75,14,13.0460542918061,13.2111583008418,1
159,1,15.75,14,13.2111583008418,13.7396415071122,1
159,1,15.75,14,13.7396415071122,14.0004304700482,1
159,1,15.75,14,14.0004304700482,14.2193085760308,1
159,1,15.75,14,14.2193085760308,15.1048360034415,1
159,1,15.75,14,15.1048360034415,15.1383325541152,1
159,1,15.75,14,15.1383325541152,15.75,0
160,1,12.75,23,0,1.54629398189795,1
160,1,12.75,23,1.54629398189795,1.81341878694914,1
160,1,12.75,23,1.81341878694914,4.29242465266132,1
160,1,12.75,23,4.29242465266132,4.82058123452242,1
160,1,12.75,23,4.82058123452242,5.45116948563619,1
160,1,12.75,23,5.45116948563619,5.59106988322497,1
160,1,12.75,23,5.59106988322497,7.20533842530097,1
160,1,12.75,23,7.20533842530097,7.35854261516191,1
160,1,12.75,23,7.35854261516191,7.58132572263624,1
160,1,12.75,23,7.58132572263624,7.69056700382937,1
160,1,12.75,23,7.69056700382937,7.75342114964755,1
160,1,12.75,23,7.75342114964755,9.19464555211042,1
160,1,12.75,23,9.19464555211042,9.30076745872023,1
160,1,12.75,23,9.30076745872023,9.63953090077231,1
160,1,12.75,23,9.63953090077231,9.97210062385441,1
160,1,12.75,23,9.97210062385441,10.0382055763054,1
160,1,12.75,23,10.0382055763054,11.2246203836566,1
160,1,12.75,23,11.2246203836566,11.5604074143007,1
160,1,12.75,23,11.5604074143007,11.806119526806,1
160,1,12.75,23,11.806119526806,12.2762618322146,1
160,1,12.75,23,12.2762618322146,12.4005465447831,1
160,1,12.75,23,12.4005465447831,12.5034669490787,1
160,1,12.75,23,12.5034669490787,12.6744624837871,1
160,1,12.75,23,12.6744624837871,12.75,0
161,1,11.75,5,0,4.49865284099251,1
161,1,11.75,5,4.49865284099251,6.37540533821442,1
161,1,11.75,5,6.37540533821442,8.03187906105343,1
161,1,11.75,5,8.03187906105343,10.582506057068,1
161,1,11.75,5,10.582506057068,11.3306490136334,1
161,1,11.75,5,11.3306490136334,11.75,0
162,1,18.75,45,0,3.16093355046787,1
162,1,18.75,45,3.16093355046787,3.66794309282432,1
162,1,18.75,45,3.66794309282432,5.03131260539309,1
162,1,18.75,45,5.03131260539309,5.64559695958982,1
162,1,18.75,45,5.64559695958982,6.58132779734697,1
162,1,18.75,45,6.58132779734697,6.94271330509849,1
162,1,18.75,45,6.94271330509849,7.003885407511,1
162,1,18.75,45,7.003885407511,7.14095725292531,1
162,1,18.75,45,7.14095725292531,8.9110805485651,1
162,1,18.75,45,8.9110805485651,8.92509444146763,1
162,1,18.75,45,8.92509444146763,9.0992501793708,1
162,1,18.75,45,9.0992501793708,9.48246596109934,1
162,1,18.75,45,9.48246596109934,9.68153446134301,1
162,1,18.75,45,9.68153446134301,9.75787976811725,1
162,1,18.75,45,9.75787976811725,10.5565173014219,1
162,1,18.75,45,10.5565173014219,10.5756080126707,1
162,1,18.75,45,10.5756080126707,10.7084999223347,1
162,1,18.75,45,10.7084999223347,11.0210537134677,1
162,1,18.75,45,11.0210537134677,11.5941710668402,1
162,1,18.75,45,11.5941710668402,11.8623404028357,1
162,1,18.75,45,11.8623404028357,11.9961445870397,1
162,1,18.75,45,11.9961445870397,12.3286073463626,1
162,1,18.75,45,12.3286073463626,12.5732968077324,1
162,1,18.75,45,12.5732968077324,13.5498529883197,1
162,1,18.75,45,13.5498529883197,13.9010096332288,1
162,1,18.75,45,13.9010096332288,14.4129359286429,1
162,1,18.75,45,14.4129359286429,15.0566298948824,1
162,1,18.75,45,15.0566298948824,15.5396752039847,1
162,1,18.75,45,15.5396752039847,15.6807775948342,1
162,1,18.75,45,15.6807775948342,15.9174051844494,1
162,1,18.75,45,15.9174051844494,16.0061569710038,1
162,1,18.75,45,16.0061569710038,16.0349109930477,1
162,1,18.75,45,16.0349109930477,16.2507918945434,1
162,1,18.75,45,16.2507918945434,16.483709580469,1
162,1,18.75,45,16.483709580469,17.0552039467981,1
162,1,18.75,45,17.0552039467981,17.0556157388254,1
162,1,18.75,45,17.0556157388254,17.505855698801,1
162,1,18.75,45,17.505855698801,17.5905103980724,1
162,1,18.75,45,17.5905103980724,17.5992603477127,1
162,1,18.75,45,17.5992603477127,17.6611874318556,1
162,1,18.75,45,17.6611874318556,17.6811442976874,1
162,1,18.75,45,17.6811442976874,17.7781675366653,1
162,1,18.75,45,17.7781675366653,17.8966780767241,1
162,1,18.75,45,17.8966780767241,17.99660560717,1
162,1,18.75,45,17.99660560717,18.2605817592431,1
162,1,18.75,45,18.2605817592431,18.75,0
163,1,18.75,15,0,0.953172713926947,1
163,1,18.75,15,0.953172713926947,6.4190484914221,1
163,1,18.75,15,6.4190484914221,6.54285012553432,1
163,1,18.75,15,6.54285012553432,7.56478614032202,1
163,1,18.75,15,7.56478614032202,9.33324978896116,1
163,1,18.75,15,9.33324978896116,11.6110622242847,1
163,1,18.75,15,11.6110622242847,13.8861396062978,1
163,1,18.75,15,13.8861396062978,15.756938334523,1
163,1,18.75,15,15.756938334523,15.858986396089,1
163,1,18.75,15,15.858986396089,16.0942357971854,1
163,1,18.75,15,16.0942357971854,16.2264141001467,1
163,1,18.75,15,16.2264141001467,17.0402875428199,1
163,1,18.75,15,17.0402875428199,17.1772487706263,1
163,1,18.75,15,17.1772487706263,17.9021687669073,1
163,1,18.75,15,17.9021687669073,18.6030158566604,1
163,1,18.75,15,18.6030158566604,18.75,0
164,1,10.75,10,0,2.39087335022292,1
164,1,10.75,10,2.39087335022292,2.73102165295038,1
164,1,10.75,10,2.73102165295038,3.88005090565328,1
164,1,10.75,10,3.88005090565328,6.28472485731124,1
164,1,10.75,10,6.28472485731124,6.43320395178485,1
164,1,10.75,10,6.43320395178485,6.43656482317289,1
164,1,10.75,10,6.43656482317289,8.44885528861339,1
164,1,10.75,10,8.44885528861339,9.58838530965025,1
164,1,10.75,10,9.58838530965025,9.92573236770743,1
164,1,10.75,10,9.92573236770743,9.96853492671767,1
164,1,10.75,10,9.96853492671767,10.75,0
165,1,14.75,14,0,0.982782946768799,1
165,1,14.75,14,0.982782946768799,3.82517328738669,1
165,1,14.75,14,3.82517328738669,5.33787699177227,1
165,1,14.75,14,5.33787699177227,7.05421725288023,1
165,1,14.75,14,7.05421725288023,8.09577869651449,1
165,1,14.75,14,8.09577869651449,9.37277813652695,1
165,1,14.75,14,9.37277813652695,9.41914072614933,1
165,1,14.75,14,9.41914072614933,12.1886708553476,1
165,1,14.75,14,12.1886708553476,12.4580894747073,1
165,1,14.75,14,12.4580894747073,12.604483705438,1
165,1,14.75,14,12.604483705438,12.9744397384944,1
165,1,14.75,14,12.9744397384944,13.1434500468521,1
165,1,14.75,14,13.1434500468521,13.8454173687958,1
165,1,14.75,14,13.8454173687958,14.5749696412404,1
165,1,14.75,14,14.5749696412404,14.75,0
166,1,17.75,16,0,3.75107057975797,1
166,1,17.75,16,3.75107057975797,4.842216831104,1
166,1,17.75,16,4.842216831104,7.57531331278819,1
166,1,17.75,16,7.57531331278819,8.07623048318679,1
166,1,17.75,16,8.07623048318679,9.84472543362279,1
166,1,17.75,16,9.84472543362279,10.8232539897268,1
166,1,17.75,16,10.8232539897268,12.2752148765975,1
166,1,17.75,16,12.2752148765975,12.7549204848177,1
166,1,17.75,16,12.7549204848177,13.7680644485093,1
166,1,17.75,16,13.7680644485093,14.3603692626072,1
166,1,17.75,16,14.3603692626072,14.3609533881238,1
166,1,17.75,16,14.3609533881238,14.5909315626154,1
166,1,17.75,16,14.5909315626154,15.1860568234318,1
166,1,17.75,16,15.1860568234318,15.288358475175,1
166,1,17.75,16,15.288358475175,17.016506297243,1
166,1,17.75,16,17.016506297243,17.3042870307997,1
166,1,17.75,16,17.3042870307997,17.75,0
167,1,11.75,16,0,3.03425112726923,1
167,1,11.75,16,3.03425112726923,4.71177282353781,1
167,1,11.75,16,4.71177282353781,5.57826814316179,1
167,1,11.75,16,5.57826814316179,6.9553166816515,1
167,1,11.75,16,6.9553166816515,6.98515009534956,1
167,1,11.75,16,6.98515009534956,7.07292898033717,1
167,1,11.75,16,7.07292898033717,7.58016925934257,1
167,1,11.75,16,7.58016925934257,8.03689332217327,1
167,1,11.75,16,8.03689332217327,8.61028550296112,1
167,1,11.75,16,8.61028550296112,8.62722885696335,1
167,1,11.75,16,8.62722885696335,8.72319732626467,1
167,1,11.75,16,8.72319732626467,8.78324622867835,1
167,1,11.75,16,8.78324622867835,8.91642262450389,1
167,1,11.75,16,8.91642262450389,9.28091709895995,1
167,1,11.75,16,9.28091709895995,9.53735885622714,1
167,1,11.75,16,9.53735885622714,11.7493729607414,1
167,1,11.75,16,11.7493729607414,11.75,0
168,1,10.75,19,0,2.64179897272528,1
168,1,10.75,19,2.64179897272528,3.78000642470234,1
168,1,10.75,19,3.78000642470234,4.05410680938132,1
168,1,10.75,19,4.05410680938132,4.3288027387894,1
168,1,10.75,19,4.3288027387894,4.50655161881582,1
168,1,10.75,19,4.50655161881582,5.13406122766783,1
168,1,10.75,19,5.13406122766783,5.64168647004849,1
168,1,10.75,19,5.64168647004849,6.93578045484107,1
168,1,10.75,19,6.93578045484107,7.14291975562218,1
168,1,10.75,19,7.14291975562218,7.55113359391413,1
168,1,10.75,19,7.55113359391413,7.55147442781746,1
168,1,10.75,19,7.55147442781746,8.54077921240769,1
168,1,10.75,19,8.54077921240769,8.72640697790204,1
168,1,10.75,19,8.72640697790204,8.88212689516377,1
168,1,10.75,19,8.88212689516377,9.12060983782303,1
168,1,10.75,19,9.12060983782303,9.5997204003224,1
168,1,10.75,19,9.5997204003224,9.97082371316997,1
168,1,10.75,19,9.97082371316997,10.0565139253598,1
168,1,10.75,19,10.0565139253598,10.6619298787493,1
168,1,10.75,19,10.6619298787493,10.75,0
169,1,17.75,10,0,4.9012766747325,1
169,1,17.75,10,4.9012766747325,7.07621584766566,1
169,1,17.75,10,7.07621584766566,7.84636374822018,1
169,1,17.75,10,7.84636374822018,8.4548490332797,1
169,1,17.75,10,8.4548490332797,9.76010096282294,1
169,1,17.75,10,9.76010096282294,12.5139401654642,1
169,1,17.75,10,12.5139401654642,14.1288787475186,1
169,1,17.75,10,14.1288787475186,15.7046260229711,1
169,1,17.75,10,15.7046260229711,15.8286306985254,1
169,1,17.75,10,15.8286306985254,16.6566265976133,1
169,1,17.75,10,16.6566265976133,17.75,0
170,1,15.75,3,0,11.4108209011346,1
170,1,15.75,3,11.4108209011346,13.7743691390383,1
170,1,15.75,3,13.7743691390383,14.045666850126,1
170,1,15.75,3,14.045666850126,15.75,0
171,1,17.75,9,0,4.32871407458836,1
171,1,17.75,9,4.32871407458836,9.19741228260816,1
171,1,17.75,9,9.19741228260816,10.4679738328361,1
171,1,17.75,9,10.4679738328361,11.0175041865736,1
171,1,17.75,9,11.0175041865736,12.8060576035553,1
171,1,17.75,9,12.8060576035553,14.5264660468654,1
171,1,17.75,9,14.5264660468654,16.5913244166031,1
171,1,17.75,9,16.5913244166031,17.17697412036,1
171,1,17.75,9,17.17697412036,17.6593881521809,1
171,1,17.75,9,17.6593881521809,17.75,0
172,1,18.75,47,0,2.35928426711095,1
172,1,18.75,47,2.35928426711095,2.58318571180205,1
172,1,18.75,47,2.58318571180205,3.22933866468505,1
172,1,18.75,47,3.22933866468505,4.1811554180448,1
172,1,18.75,47,4.1811554180448,4.39361759276866,1
172,1,18.75,47,4.39361759276866,5.78414838023536,1
172,1,18.75,47,5.78414838023536,6.10642633398534,1
172,1,18.75,47,6.10642633398534,6.19834992977231,1
172,1,18.75,47,6.19834992977231,7.35460303386617,1
172,1,18.75,47,7.35460303386617,7.4320556797965,1
172,1,18.75,47,7.4320556797965,7.69635817098456,1
172,1,18.75,47,7.69635817098456,8.74869214130177,1
172,1,18.75,47,8.74869214130177,9.37435527851003,1
172,1,18.75,47,9.37435527851003,9.88923031925421,1
172,1,18.75,47,9.88923031925421,9.97280065686054,1
172,1,18.75,47,9.97280065686054,10.6034653228059,1
172,1,18.75,47,10.6034653228059,10.6157977367651,1
172,1,18.75,47,10.6157977367651,11.0491133243578,1
172,1,18.75,47,11.0491133243578,11.2181448222607,1
172,1,18.75,47,11.2181448222607,11.4856825963942,1
172,1,18.75,47,11.4856825963942,11.8406737310207,1
172,1,18.75,47,11.8406737310207,12.7562768327593,1
172,1,18.75,47,12.7562768327593,13.1979932756849,1
172,1,18.75,47,13.1979932756849,13.8569174482025,1
172,1,18.75,47,13.8569174482025,14.0067229471615,1
172,1,18.75,47,14.0067229471615,14.1154804248513,1
172,1,18.75,47,14.1154804248513,14.3728153150763,1
172,1,18.75,47,14.3728153150763,14.6934491224801,1
172,1,18.75,47,14.6934491224801,14.9067779334371,1
172,1,18.75,47,14.9067779334371,15.2513237632351,1
172,1,18.75,47,15.2513237632351,15.3717005923786,1
172,1,18.75,47,15.3717005923786,15.3919548222079,1
172,1,18.75,47,15.3919548222079,15.4021824267253,1
172,1,18.75,47,15.4021824267253,15.5352908206916,1
172,1,18.75,47,15.5352908206916,15.5985606254198,1
172,1,18.75,47,15.5985606254198,15.8006083525177,1
172,1,18.75,47,15.8006083525177,15.860492097638,1
172,1,18.75,47,15.860492097638,16.4538485738065,1
172,1,18.75,47,16.4538485738065,16.5449363816905,1
172,1,18.75,47,16.5449363816905,16.7317258570664,1
172,1,18.75,47,16.7317258570664,17.2627579010489,1
172,1,18.75,47,17.2627579010489,17.4107699644511,1
172,1,18.75,47,17.4107699644511,17.5348082280342,1
172,1,18.75,47,17.5348082280342,17.7556176171493,1
172,1,18.75,47,17.7556176171493,18.6635080599366,1
172,1,18.75,47,18.6635080599366,18.6775954493448,1
172,1,18.75,47,18.6775954493448,18.7110845452047,1
172,1,18.75,47,18.7110845452047,18.75,0
173,1,17.75,36,0,4.04180199379326,1
173,1,17.75,36,4.04180199379326,4.52212318303205,1
173,1,17.75,36,4.52212318303205,6.21449057876172,1
173,1,17.75,36,6.21449057876172,7.34342674474314,1
173,1,17.75,36,7.34342674474314,7.82585240151671,1
173,1,17.75,36,7.82585240151671,7.99800604068699,1
173,1,17.75,36,7.99800604068699,8.02389644245941,1
173,1,17.75,36,8.02389644245941,8.48084816110956,1
173,1,17.75,36,8.48084816110956,9.92163681337254,1
173,1,17.75,36,9.92163681337254,10.1629030995711,1
173,1,17.75,36,10.1629030995711,10.5376058498458,1
173,1,17.75,36,10.5376058498458,10.6699724754756,1
173,1,17.75,36,10.6699724754756,11.0206494608759,1
173,1,17.75,36,11.0206494608759,11.6350217077791,1
173,1,17.75,36,11.6350217077791,11.7320548970988,1
173,1,17.75,36,11.7320548970988,11.7730261825139,1
173,1,17.75,36,11.7730261825139,12.2088373002306,1
173,1,17.75,36,12.2088373002306,12.327877445073,1
173,1,17.75,36,12.327877445073,12.4505234320415,1
173,1,17.75,36,12.4505234320415,12.7673832544504,1
173,1,17.75,36,12.7673832544504,12.9835468603408,1
173,1,17.75,36,12.9835468603408,13.2394202529482,1
173,1,17.75,36,13.2394202529482,13.2605166065018,1
173,1,17.75,36,13.2605166065018,13.3615621785754,1
173,1,17.75,36,13.3615621785754,13.3923532152025,1
173,1,17.75,36,13.3923532152025,13.6200657549216,1
173,1,17.75,36,13.6200657549216,15.2023344058929,1
173,1,17.75,36,15.2023344058929,15.9222412520436,1
173,1,17.75,36,15.9222412520436,16.041811317868,1
173,1,17.75,36,16.041811317868,16.1788286203498,1
173,1,17.75,36,16.1788286203498,16.9169402904273,1
173,1,17.75,36,16.9169402904273,16.9766363347049,1
173,1,17.75,36,16.9766363347049,17.0481573388832,1
173,1,17.75,36,17.0481573388832,17.2162166610359,1
173,1,17.75,36,17.2162166610359,17.3169285837623,1
173,1,17.75,36,17.3169285837623,17.5170599091699,1
173,1,17.75,36,17.5170599091699,17.75,0
174,1,10.75,9,0,3.58635758653399,1
174,1,10.75,9,3.58635758653399,6.0067894913688,1
174,1,10.75,9,6.0067894913688,6.14539599054307,1
174,1,10.75,9,6.14539599054307,7.10524220537837,1
174,1,10.75,9,7.10524220537837,8.22004825395904,1
174,1,10.75,9,8.22004825395904,8.4217413370258,1
174,1,10.75,9,8.4217413370258,9.49796560771948,1
174,1,10.75,9,9.49796560771948,9.6846855188781,1
174,1,10.75,9,9.6846855188781,10.7421400431606,1
174,1,10.75,9,10.7421400431606,10.75,0
175,1,13.75,30,0,4.04856348977839,1
175,1,13.75,30,4.04856348977839,4.69278078552004,1
175,1,13.75,30,4.69278078552004,5.2317010608295,1
175,1,13.75,30,5.2317010608295,5.29884276018574,1
175,1,13.75,30,5.29884276018574,5.8328384578094,1
175,1,13.75,30,5.8328384578094,7.04813487986553,1
175,1,13.75,30,7.04813487986553,7.83760218513574,1
175,1,13.75,30,7.83760218513574,8.32830612620606,1
175,1,13.75,30,8.32830612620606,8.49530179083449,1
175,1,13.75,30,8.49530179083449,9.22755798057159,1
175,1,13.75,30,9.22755798057159,9.54835321338937,1
175,1,13.75,30,9.54835321338937,9.82470388279951,1
175,1,13.75,30,9.82470388279951,9.8958878623445,1
175,1,13.75,30,9.8958878623445,10.1386308592168,1
175,1,13.75,30,10.1386308592168,10.2102306667079,1
175,1,13.75,30,10.2102306667079,10.387951143033,1
175,1,13.75,30,10.387951143033,10.4883822511521,1
175,1,13.75,30,10.4883822511521,10.9311064721819,1
175,1,13.75,30,10.9311064721819,10.9598615395333,1
175,1,13.75,30,10.9598615395333,11.1044943470274,1
175,1,13.75,30,11.1044943470274,11.3131106494211,1
175,1,13.75,30,11.3131106494211,11.3184807008513,1
175,1,13.75,30,11.3184807008513,11.4211576520114,1
175,1,13.75,30,11.4211576520114,11.8815525979144,1
175,1,13.75,30,11.8815525979144,11.9766174385009,1
175,1,13.75,30,11.9766174385009,11.9842042038766,1
175,1,13.75,30,11.9842042038766,12.1937035547846,1
175,1,13.75,30,12.1937035547846,12.4982309991911,1
175,1,13.75,30,12.4982309991911,12.9700554257178,1
175,1,13.75,30,12.9700554257178,13.3790514349782,1
175,1,13.75,30,13.3790514349782,13.75,0
176,1,16.75,16,0,6.41421358467288,1
176,1,16.75,16,6.41421358467288,7.21580535175596,1
176,1,16.75,16,7.21580535175596,7.55566346970359,1
176,1,16.75,16,7.55566346970359,9.77933797333254,1
176,1,16.75,16,9.77933797333254,10.4397226844911,1
176,1,16.75,16,10.4397226844911,10.5353133651036,1
176,1,16.75,16,10.5353133651036,11.0519726999018,1
176,1,16.75,16,11.0519726999018,11.4423428173936,1
176,1,16.75,16,11.4423428173936,12.8624160822083,1
176,1,16.75,16,12.8624160822083,13.2722897363864,1
176,1,16.75,16,13.2722897363864,13.4990305568057,1
176,1,16.75,16,13.4990305568057,13.8508091599047,1
176,1,16.75,16,13.8508091599047,13.9352463811312,1
176,1,16.75,16,13.9352463811312,15.4257560424187,1
176,1,16.75,16,15.4257560424187,16.0970579275333,1
176,1,16.75,16,16.0970579275333,16.4090784754202,1
176,1,16.75,16,16.4090784754202,16.75,0
177,1,14.75,17,0,3.82883660652193,1
177,1,14.75,17,3.82883660652193,3.9767871143256,1
177,1,14.75,17,3.9767871143256,4.99519452187995,1
177,1,14.75,17,4.99519452187995,6.29761847167798,1
177,1,14.75,17,6.29761847167798,6.77266623143139,1
177,1,14.75,17,6.77266623143139,7.22806396708555,1
177,1,14.75,17,7.22806396708555,7.6014136897588,1
177,1,14.75,17,7.6014136897588,8.72335110279099,1
177,1,14.75,17,8.72335110279099,9.15422799388559,1
177,1,14.75,17,9.15422799388559,9.31023867310413,1
177,1,14.75,17,9.31023867310413,9.68919883187556,1
177,1,14.75,17,9.68919883187556,10.3787059208648,1
177,1,14.75,17,10.3787059208648,11.0998604399448,1
177,1,14.75,17,11.0998604399448,11.9853677430157,1
177,1,14.75,17,11.9853677430157,12.6292209464142,1
177,1,14.75,17,12.6292209464142,12.7223400190045,1
177,1,14.75,17,12.7223400190045,13.8260724031299,1
177,1,14.75,17,13.8260724031299,14.75,0
178,1,14.75,15,0,2.0287574851,1
178,1,14.75,15,2.0287574851,4.64153362685496,1
178,1,14.75,15,4.64153362685496,5.39819188858955,1
178,1,14.75,15,5.39819188858955,6.30819868607046,1
178,1,14.75,15,6.30819868607046,7.41510946629907,1
178,1,14.75,15,7.41510946629907,8.19391863119277,1
178,1,14.75,15,8.19391863119277,8.57035048421181,1
178,1,14.75,15,8.57035048421181,8.84453700735544,1
178,1,14.75,15,8.84453700735544,9.92731389936186,1
178,1,14.75,15,9.92731389936186,10.3774961549588,1
178,1,14.75,15,10.3774961549588,11.0541504284276,1
178,1,14.75,15,11.0541504284276,11.0662195945399,1
178,1,14.75,15,11.0662195945399,12.1257934148041,1
178,1,14.75,15,12.1257934148041,13.4915056357613,1
178,1,14.75,15,13.4915056357613,13.8943574729848,1
178,1,14.75,15,13.8943574729848,14.75,0
179,1,13.75,10,0,0.679388237095871,1
179,1,13.75,10,0.679388237095871,2.70499217661484,1
179,1,13.75,10,2.70499217661484,7.1526384391514,1
179,1,13.75,10,7.1526384391514,8.20515406178365,1
179,1,13.75,10,8.20515406178365,8.42432515617052,1
179,1,13.75,10,8.42432515617052,8.47298411820661,1
179,1,13.75,10,8.47298411820661,10.2784593124941,1
179,1,13.75,10,10.2784593124941,12.6305891041746,1
179,1,13.75,10,12.6305891041746,12.8182988916724,1
179,1,13.75,10,12.8182988916724,13.1023265248411,1
179,1,13.75,10,13.1023265248411,13.75,0
180,1,11.75,5,0,2.44983313638882,1
180,1,11.75,5,2.44983313638882,6.10879850482648,1
180,1,11.75,5,6.10879850482648,8.33759312739198,1
180,1,11.75,5,8.33759312739198,9.74769059186181,1
180,1,11.75,5,9.74769059186181,10.0793023991249,1
180,1,11.75,5,10.0793023991249,11.75,0
181,1,20.75,32,0,3.88264893104497,1
181,1,20.75,32,3.88264893104497,4.08383929423664,1
181,1,20.75,32,4.08383929423664,5.9442449470489,1
181,1,20.75,32,5.9442449470489,6.14606168061539,1
181,1,20.75,32,6.14606168061539,7.00594624879507,1
181,1,20.75,32,7.00594624879507,7.44224447496064,1
181,1,20.75,32,7.44224447496064,8.11445915105873,1
181,1,20.75,32,8.11445915105873,8.94587821597713,1
181,1,20.75,32,8.94587821597713,9.09961213657191,1
181,1,20.75,32,9.09961213657191,9.12954688742773,1
181,1,20.75,32,9.12954688742773,9.87801708487808,1
181,1,20.75,32,9.87801708487808,10.4211061450081,1
181,1,20.75,32,10.4211061450081,10.7323025598666,1
181,1,20.75,32,10.7323025598666,11.0762022334191,1
181,1,20.75,32,11.0762022334191,12.2893836593341,1
181,1,20.75,32,12.2893836593341,13.4502684445767,1
181,1,20.75,32,13.4502684445767,14.0754627689353,1
181,1,20.75,32,14.0754627689353,14.4679997788421,1
181,1,20.75,32,14.4679997788421,14.5070055961488,1
181,1,20.75,32,14.5070055961488,14.8092201105433,1
181,1,20.75,32,14.8092201105433,14.9818442854083,1
181,1,20.75,32,14.9818442854083,15.949567536316,1
181,1,20.75,32,15.949567536316,16.6871894725914,1
181,1,20.75,32,16.6871894725914,17.6164345785792,1
181,1,20.75,32,17.6164345785792,17.937558482773,1
181,1,20.75,32,17.937558482773,18.019207682472,1
181,1,20.75,32,18.019207682472,18.4895549463493,1
181,1,20.75,32,18.4895549463493,18.6512026987226,1
181,1,20.75,32,18.6512026987226,19.4971005639187,1
181,1,20.75,32,19.4971005639187,19.57777085848,1
181,1,20.75,32,19.57777085848,19.7307183526443,1
181,1,20.75,32,19.7307183526443,20.5912009900874,1
181,1,20.75,32,20.5912009900874,20.75,0
182,1,16.75,25,0,1.78746612011439,1
182,1,16.75,25,1.78746612011439,3.48694462361237,1
182,1,16.75,25,3.48694462361237,3.90375452911864,1
182,1,16.75,25,3.90375452911864,4.08637924382176,1
182,1,16.75,25,4.08637924382176,4.948391384677,1
182,1,16.75,25,4.948391384677,5.17614509163862,1
182,1,16.75,25,5.17614509163862,5.87160609611504,1
182,1,16.75,25,5.87160609611504,6.13927178938603,1
182,1,16.75,25,6.13927178938603,6.83438459441374,1
182,1,16.75,25,6.83438459441374,8.33953551518227,1
182,1,16.75,25,8.33953551518227,8.41980923814667,1
182,1,16.75,25,8.41980923814667,8.42284807243914,1
182,1,16.75,25,8.42284807243914,8.52878122608688,1
182,1,16.75,25,8.52878122608688,9.8695905998447,1
182,1,16.75,25,9.8695905998447,10.802110874163,1
182,1,16.75,25,10.802110874163,11.9351911750623,1
182,1,16.75,25,11.9351911750623,11.9854830503439,1
182,1,16.75,25,11.9854830503439,12.4630861410028,1
182,1,16.75,25,12.4630861410028,12.5918644075459,1
182,1,16.75,25,12.5918644075459,12.7759021764938,1
182,1,16.75,25,12.7759021764938,12.8117920230754,1
182,1,16.75,25,12.8117920230754,13.650859636581,1
182,1,16.75,25,13.650859636581,13.7383502569935,1
182,1,16.75,25,13.7383502569935,13.8731306702558,1
182,1,16.75,25,13.8731306702558,16.6519693422733,1
182,1,16.75,25,16.6519693422733,16.75,0
183,1,17.75,16,0,1.06309778088297,1
183,1,17.75,16,1.06309778088297,3.34365660674506,1
183,1,17.75,16,3.34365660674506,6.16354223989448,1
183,1,17.75,16,6.16354223989448,7.07721971817493,1
183,1,17.75,16,7.07721971817493,9.39047436207154,1
183,1,17.75,16,9.39047436207154,10.1129410440143,1
183,1,17.75,16,10.1129410440143,10.375114216485,1
183,1,17.75,16,10.375114216485,11.7081953327069,1
183,1,17.75,16,11.7081953327069,12.4469190832869,1
183,1,17.75,16,12.4469190832869,12.4559498766903,1
183,1,17.75,16,12.4559498766903,12.7512479763874,1
183,1,17.75,16,12.7512479763874,13.2625532778143,1
183,1,17.75,16,13.2625532778143,13.2699113801157,1
183,1,17.75,16,13.2699113801157,13.5936104605702,1
183,1,17.75,16,13.5936104605702,14.5934416630072,1
183,1,17.75,16,14.5934416630072,15.9775280548292,1
183,1,17.75,16,15.9775280548292,17.75,0
184,1,19.75,17,0,3.38859768642724,1
184,1,19.75,17,3.38859768642724,4.64250047134037,1
184,1,19.75,17,4.64250047134037,9.5143925298133,1
184,1,19.75,17,9.5143925298133,10.2344116129421,1
184,1,19.75,17,10.2344116129421,11.1442036085847,1
184,1,19.75,17,11.1442036085847,11.4289592505423,1
184,1,19.75,17,11.4289592505423,12.7732958329425,1
184,1,19.75,17,12.7732958329425,14.1875320893995,1
184,1,19.75,17,14.1875320893995,15.4280205918105,1
184,1,19.75,17,15.4280205918105,15.988458527584,1
184,1,19.75,17,15.988458527584,16.1387629786638,1
184,1,19.75,17,16.1387629786638,16.9234956236889,1
184,1,19.75,17,16.9234956236889,17.8575797138256,1
184,1,19.75,17,17.8575797138256,18.2124377453298,1
184,1,19.75,17,18.2124377453298,18.6458373905641,1
184,1,19.75,17,18.6458373905641,18.8396704072979,1
184,1,19.75,17,18.8396704072979,19.4262642438697,1
184,1,19.75,17,19.4262642438697,19.75,0
185,1,15.75,15,0,4.1485638370821,1
185,1,15.75,15,4.1485638370821,6.61780730252179,1
185,1,15.75,15,6.61780730252179,9.50396476221505,1
185,1,15.75,15,9.50396476221505,10.3030192525163,1
185,1,15.75,15,10.3030192525163,11.5484918352908,1
185,1,15.75,15,11.5484918352908,11.795318894113,1
185,1,15.75,15,11.795318894113,12.5577640213983,1
185,1,15.75,15,12.5577640213983,12.7705878730038,1
185,1,15.75,15,12.7705878730038,12.9849945088063,1
185,1,15.75,15,12.9849945088063,13.0867556736316,1
185,1,15.75,15,13.0867556736316,13.8093731440809,1
185,1,15.75,15,13.8093731440809,13.8640765421034,1
185,1,15.75,15,13.8640765421034,14.2173131669577,1
185,1,15.75,15,14.2173131669577,14.2727500000337,1
185,1,15.75,15,14.2727500000337,14.9298944094997,1
185,1,15.75,15,14.9298944094997,15.75,0
186,1,15.75,11,0,5.42063095171246,1
186,1,15.75,11,5.42063095171246,7.41527271667695,1
186,1,15.75,11,7.41527271667695,8.82273578243122,1
186,1,15.75,11,8.82273578243122,8.94537534455789,1
186,1,15.75,11,8.94537534455789,10.2475288223341,1
186,1,15.75,11,10.2475288223341,10.9314039498093,1
186,1,15.75,11,10.9314039498093,11.3929723084439,1
186,1,15.75,11,11.3929723084439,11.6152179172578,1
186,1,15.75,11,11.6152179172578,13.8745802773921,1
186,1,15.75,11,13.8745802773921,14.0120235284384,1
186,1,15.75,11,14.0120235284384,15.3209391047355,1
186,1,15.75,11,15.3209391047355,15.75,0
187,1,11.75,5,0,7.97513140946361,1
187,1,11.75,5,7.97513140946361,8.26762416140562,1
187,1,11.75,5,8.26762416140562,10.2014295036358,1
187,1,11.75,5,10.2014295036358,11.2269750223069,1
187,1,11.75,5,11.2269750223069,11.3788280008209,1
187,1,11.75,5,11.3788280008209,11.75,0
188,1,10.75,6,0,2.50684064980059,1
188,1,10.75,6,2.50684064980059,4.50076984215238,1
188,1,10.75,6,4.50076984215238,5.10741795154982,1
188,1,10.75,6,5.10741795154982,6.3599080936236,1
188,1,10.75,6,6.3599080936236,7.28117113332461,1
188,1,10.75,6,7.28117113332461,9.92635482900189,1
188,1,10.75,6,9.92635482900189,10.75,0
189,1,13.75,8,0,2.09430743973943,1
189,1,13.75,8,2.09430743973943,3.43498627247454,1
189,1,13.75,8,3.43498627247454,4.01624195103277,1
189,1,13.75,8,4.01624195103277,5.44106027877402,1
189,1,13.75,8,5.44106027877402,7.75511673183175,1
189,1,13.75,8,7.75511673183175,8.7218344790118,1
189,1,13.75,8,8.7218344790118,8.72632780377947,1
189,1,13.75,8,8.72632780377947,13.4027287937147,1
189,1,13.75,8,13.4027287937147,13.75,0
190,1,17.75,25,0,2.48908643293751,1
190,1,17.75,25,2.48908643293751,4.21754115679215,1
190,1,17.75,25,4.21754115679215,4.46214764677511,1
190,1,17.75,25,4.46214764677511,4.58463785811646,1
190,1,17.75,25,4.58463785811646,4.63608773669143,1
190,1,17.75,25,4.63608773669143,5.69850093737427,1
190,1,17.75,25,5.69850093737427,7.73898232633637,1
190,1,17.75,25,7.73898232633637,8.00307776061542,1
190,1,17.75,25,8.00307776061542,8.68333406555082,1
190,1,17.75,25,8.68333406555082,8.74807847185884,1
190,1,17.75,25,8.74807847185884,9.19106592318752,1
190,1,17.75,25,9.19106592318752,9.43206102605506,1
190,1,17.75,25,9.43206102605506,10.2651266139751,1
190,1,17.75,25,10.2651266139751,13.3246867823853,1
190,1,17.75,25,13.3246867823853,14.1459659881322,1
190,1,17.75,25,14.1459659881322,14.226346377043,1
190,1,17.75,25,14.226346377043,14.4528563736783,1
190,1,17.75,25,14.4528563736783,14.4942917940433,1
190,1,17.75,25,14.4942917940433,14.730146358191,1
190,1,17.75,25,14.730146358191,14.7895738191401,1
190,1,17.75,25,14.7895738191401,15.6816269416835,1
190,1,17.75,25,15.6816269416835,15.7400270075309,1
190,1,17.75,25,15.7400270075309,17.3652980592367,1
190,1,17.75,25,17.3652980592367,17.5507854850957,1
190,1,17.75,25,17.5507854850957,17.6735017655004,1
190,1,17.75,25,17.6735017655004,17.75,0
191,1,15.75,8,0,6.83004838490948,1
191,1,15.75,8,6.83004838490948,8.64845494524429,1
191,1,15.75,8,8.64845494524429,12.484659023698,1
191,1,15.75,8,12.484659023698,12.963420696389,1
191,1,15.75,8,12.963420696389,12.9794709958312,1
191,1,15.75,8,12.9794709958312,14.0609445435895,1
191,1,15.75,8,14.0609445435895,14.4775233201811,1
191,1,15.75,8,14.4775233201811,14.7823956647873,1
191,1,15.75,8,14.7823956647873,15.75,0
192,1,14.75,12,0,2.27454843555794,1
192,1,14.75,12,2.27454843555794,6.22386544508078,1
192,1,14.75,12,6.22386544508078,6.83482042407863,1
192,1,14.75,12,6.83482042407863,7.98187738419983,1
192,1,14.75,12,7.98187738419983,8.96508627693716,1
192,1,14.75,12,8.96508627693716,10.9525288162032,1
192,1,14.75,12,10.9525288162032,11.0312185629731,1
192,1,14.75,12,11.0312185629731,12.0284099661612,1
192,1,14.75,12,12.0284099661612,13.6996511334287,1
192,1,14.75,12,13.6996511334287,13.917624559105,1
192,1,14.75,12,13.917624559105,13.947097681459,1
192,1,14.75,12,13.947097681459,14.2391174957095,1
192,1,14.75,12,14.2391174957095,14.75,0
193,1,12.75,17,0,5.59785591048797,1
193,1,12.75,17,5.59785591048797,6.74475634941428,1
193,1,12.75,17,6.74475634941428,7.41059929040892,1
193,1,12.75,17,7.41059929040892,7.99325669113861,1
193,1,12.75,17,7.99325669113861,9.72173476969362,1
193,1,12.75,17,9.72173476969362,10.05049686288,1
193,1,12.75,17,10.05049686288,10.180733211897,1
193,1,12.75,17,10.180733211897,10.9312418749433,1
193,1,12.75,17,10.9312418749433,11.5041940056368,1
193,1,12.75,17,11.5041940056368,11.5727302537669,1
193,1,12.75,17,11.5727302537669,11.5929026696081,1
193,1,12.75,17,11.5929026696081,11.6305873017493,1
193,1,12.75,17,11.6305873017493,11.8817593453783,1
193,1,12.75,17,11.8817593453783,11.8984323116277,1
193,1,12.75,17,11.8984323116277,11.9332056707362,1
193,1,12.75,17,11.9332056707362,11.9384379281182,1
193,1,12.75,17,11.9384379281182,12.3830708436119,1
193,1,12.75,17,12.3830708436119,12.75,0
194,1,9.75,3,0,3.92571904197422,1
194,1,9.75,3,3.92571904197422,4.43478260381257,1
194,1,9.75,3,4.43478260381257,8.79361235300696,1
194,1,9.75,3,8.79361235300696,9.75,0
195,1,14.75,21,0,3.04979921760948,1
195,1,14.75,21,3.04979921760948,3.77674768933445,1
195,1,14.75,21,3.77674768933445,3.91325129124383,1
195,1,14.75,21,3.91325129124383,6.59949711228091,1
195,1,14.75,21,6.59949711228091,7.17398254363234,1
195,1,14.75,21,7.17398254363234,7.87153300952051,1
195,1,14.75,21,7.87153300952051,8.11544811920124,1
195,1,14.75,21,8.11544811920124,8.86768660395324,1
195,1,14.75,21,8.86768660395324,9.56515949757345,1
195,1,14.75,21,9.56515949757345,10.8996289643854,1
195,1,14.75,21,10.8996289643854,10.919927229095,1
195,1,14.75,21,10.919927229095,11.8117716070089,1
195,1,14.75,21,11.8117716070089,12.014325347473,1
195,1,14.75,21,12.014325347473,12.0183462859277,1
195,1,14.75,21,12.0183462859277,12.2593020729668,1
195,1,14.75,21,12.2593020729668,12.6271198242052,1
195,1,14.75,21,12.6271198242052,12.6310003206562,1
195,1,14.75,21,12.6310003206562,12.7994577021398,1
195,1,14.75,21,12.7994577021398,13.2153156046462,1
195,1,14.75,21,13.2153156046462,14.0980972326679,1
195,1,14.75,21,14.0980972326679,14.2608519236687,1
195,1,14.75,21,14.2608519236687,14.75,0
196,1,18.75,41,0,0.983162760498311,1
196,1,18.75,41,0.983162760498311,2.69086492400316,1
196,1,18.75,41,2.69086492400316,2.75975716646627,1
196,1,18.75,41,2.75975716646627,4.60289442189859,1
196,1,18.75,41,4.60289442189859,5.05815632299862,1
196,1,18.75,41,5.05815632299862,5.41036555636265,1
196,1,18.75,41,5.41036555636265,6.22235372028158,1
196,1,18.75,41,6.22235372028158,6.27197544988358,1
196,1,18.75,41,6.27197544988358,7.54210811197638,1
196,1,18.75,41,7.54210811197638,8.01119930724705,1
196,1,18.75,41,8.01119930724705,9.28157139022945,1
196,1,18.75,41,9.28157139022945,10.3197261174567,1
196,1,18.75,41,10.3197261174567,10.8942224132826,1
196,1,18.75,41,10.8942224132826,11.6120904376492,1
196,1,18.75,41,11.6120904376492,11.753499755855,1
196,1,18.75,41,11.753499755855,12.1159943475621,1
196,1,18.75,41,12.1159943475621,12.1398717636797,1
196,1,18.75,41,12.1398717636797,13.1202864533814,1
196,1,18.75,41,13.1202864533814,13.181064743123,1
196,1,18.75,41,13.181064743123,13.3975645413377,1
196,1,18.75,41,13.3975645413377,13.6373782044604,1
196,1,18.75,41,13.6373782044604,13.7657766501268,1
196,1,18.75,41,13.7657766501268,13.8010860025653,1
196,1,18.75,41,13.8010860025653,13.9999464191578,1
196,1,18.75,41,13.9999464191578,14.084256580665,1
196,1,18.75,41,14.084256580665,14.3409804124067,1
196,1,18.75,41,14.3409804124067,14.6375566291043,1
196,1,18.75,41,14.6375566291043,14.7959281228356,1
196,1,18.75,41,14.7959281228356,14.8420207941455,1
196,1,18.75,41,14.8420207941455,14.8611089661988,1
196,1,18.75,41,14.8611089661988,15.0498899413617,1
196,1,18.75,41,15.0498899413617,15.1887994306951,1
196,1,18.75,41,15.1887994306951,15.8396251174047,1
196,1,18.75,41,15.8396251174047,16.7167913352613,1
196,1,18.75,41,16.7167913352613,16.8325074042771,1
196,1,18.75,41,16.8325074042771,16.9739411365004,1
196,1,18.75,41,16.9739411365004,17.0738863977885,1
196,1,18.75,41,17.0738863977885,17.4097217570945,1
196,1,18.75,41,17.4097217570945,17.4462469403009,1
196,1,18.75,41,17.4462469403009,17.5657614170638,1
196,1,18.75,41,17.5657614170638,17.8573118527344,1
196,1,18.75,41,17.8573118527344,18.75,0
197,1,9.75,7,0,2.7270962600872,1
197,1,9.75,7,2.7270962600872,3.20813555867288,1
197,1,9.75,7,3.20813555867288,3.93921532707617,1
197,1,9.75,7,3.93921532707617,6.30472998094168,1
197,1,9.75,7,6.30472998094168,7.63316240672345,1
197,1,9.75,7,7.63316240672345,8.7836164826004,1
197,1,9.75,7,8.7836164826004,9.24400415551502,1
197,1,9.75,7,9.24400415551502,9.75,0
198,1,9.75,2,0,4.2860432182046,1
198,1,9.75,2,4.2860432182046,7.65640640915643,1
198,1,9.75,2,7.65640640915643,9.75,0
199,1,16.75,16,0,2.68266299073439,1
199,1,16.75,16,2.68266299073439,3.43472922738588,1
199,1,16.75,16,3.43472922738588,5.69721495849339,1
199,1,16.75,16,5.69721495849339,7.64087253852227,1
199,1,16.75,16,7.64087253852227,10.2003312703714,1
199,1,16.75,16,10.2003312703714,10.5477956597461,1
199,1,16.75,16,10.5477956597461,11.5576963374159,1
199,1,16.75,16,11.5576963374159,11.9275537543164,1
199,1,16.75,16,11.9275537543164,12.2950509845006,1
199,1,16.75,16,12.2950509845006,12.7291871290549,1
199,1,16.75,16,12.7291871290549,12.8790666282712,1
199,1,16.75,16,12.8790666282712,13.4486593285762,1
199,1,16.75,16,13.4486593285762,15.0744877750407,1
199,1,16.75,16,15.0744877750407,15.1066599073578,1
199,1,16.75,16,15.1066599073578,15.9409415135285,1
199,1,16.75,16,15.9409415135285,16.3121488024892,1
199,1,16.75,16,16.3121488024892,16.75,0
200,1,14.75,32,0,1.69534321230686,1
200,1,14.75,32,1.69534321230686,2.32508501673028,1
200,1,14.75,32,2.32508501673028,2.56255230257893,1
200,1,14.75,32,2.56255230257893,3.03455732829655,1
200,1,14.75,32,3.03455732829655,3.67613302608529,1
200,1,14.75,32,3.67613302608529,4.1291006002158,1
200,1,14.75,32,4.1291006002158,4.80550334320972,1
200,1,14.75,32,4.80550334320972,5.2653624111206,1
200,1,14.75,32,5.2653624111206,5.86875677392006,1
200,1,14.75,32,5.86875677392006,6.02584838123031,1
200,1,14.75,32,6.02584838123031,6.07910208345534,1
200,1,14.75,32,6.07910208345534,7.06264027745017,1
200,1,14.75,32,7.06264027745017,7.8933767276694,1
200,1,14.75,32,7.8933767276694,8.26185271214083,1
200,1,14.75,32,8.26185271214083,8.43127710624446,1
200,1,14.75,32,8.43127710624446,8.55859515400246,1
200,1,14.75,32,8.55859515400246,8.69715161107133,1
200,1,14.75,32,8.69715161107133,9.02579031896255,1
200,1,14.75,32,9.02579031896255,9.08691052936994,1
200,1,14.75,32,9.08691052936994,9.56786124741427,1
200,1,14.75,32,9.56786124741427,10.6416462328877,1
200,1,14.75,32,10.6416462328877,10.6864956379975,1
200,1,14.75,32,10.6864956379975,11.3304773085209,1
200,1,14.75,32,11.3304773085209,11.3726462140163,1
200,1,14.75,32,11.3726462140163,11.8683355844913,1
200,1,14.75,32,11.8683355844913,11.8902477794471,1
200,1,14.75,32,11.8902477794471,12.5094810480523,1
200,1,14.75,32,12.5094810480523,12.9761567605729,1
200,1,14.75,32,12.9761567605729,13.2768363969302,1
200,1,14.75,32,13.2768363969302,13.7029238831208,1
200,1,14.75,32,13.7029238831208,13.9325318710017,1
200,1,14.75,32,13.9325318710017,14.156544257553,1
200,1,14.75,32,14.156544257553,14.75,0
201,1,14.75,8,0,5.69913728197487,1
201,1,14.75,8,5.69913728197487,8.0786958463979,1
201,1,14.75,8,8.0786958463979,8.71858335208231,1
201,1,14.75,8,8.71858335208231,12.0971236516784,1
201,1,14.75,8,12.0971236516784,12.2647603549203,1
201,1,14.75,8,12.2647603549203,12.5210009113532,1
201,1,14.75,8,12.5210009113532,12.5812192211822,1
201,1,14.75,8,12.5812192211822,13.413251751296,1
201,1,14.75,8,13.413251751296,14.75,0
202,1,14.75,6,0,5.09266731515467,1
202,1,14.75,6,5.09266731515467,6.35042336490192,1
202,1,14.75,6,6.35042336490192,6.91201387306973,1
202,1,14.75,6,6.91201387306973,10.4633683406705,1
202,1,14.75,6,10.4633683406705,13.7578840747344,1
202,1,14.75,6,13.7578840747344,14.0192342773009,1
202,1,14.75,6,14.0192342773009,14.75,0
203,1,15.75,12,0,4.51591550514099,1
203,1,15.75,12,4.51591550514099,6.665033530476,1
203,1,15.75,12,6.665033530476,8.86502505278805,1
203,1,15.75,12,8.86502505278805,9.90940580129623,1
203,1,15.75,12,9.90940580129623,11.0173463787561,1
203,1,15.75,12,11.0173463787561,11.4480618767958,1
203,1,15.75,12,11.4480618767958,12.8138394999905,1
203,1,15.75,12,12.8138394999905,13.3167339068489,1
203,1,15.75,12,13.3167339068489,14.163043334433,1
203,1,15.75,12,14.163043334433,14.3590632691905,1
203,1,15.75,12,14.3590632691905,14.3864426738568,1
203,1,15.75,12,14.3864426738568,15.5410228342815,1
203,1,15.75,12,15.5410228342815,15.75,0
204,1,12.75,7,0,6.08213457003807,1
204,1,12.75,7,6.08213457003807,9.3324458234749,1
204,1,12.75,7,9.3324458234749,9.47463583137346,1
204,1,12.75,7,9.47463583137346,10.4000690782294,1
204,1,12.75,7,10.4000690782294,11.0665093747531,1
204,1,12.75,7,11.0665093747531,12.0842453086684,1
204,1,12.75,7,12.0842453086684,12.6509491318351,1
204,1,12.75,7,12.6509491318351,12.75,0
205,1,13.75,5,0,7.66136937340042,1
205,1,13.75,5,7.66136937340042,8.78823954010493,1
205,1,13.75,5,8.78823954010493,9.11149144269859,1
205,1,13.75,5,9.11149144269859,10.1558719549821,1
205,1,13.75,5,10.1558719549821,10.6021832139381,1
205,1,13.75,5,10.6021832139381,13.75,0
206,1,17.75,12,0,2.26775321760753,1
206,1,17.75,12,2.26775321760753,4.85415662179254,1
206,1,17.75,12,4.85415662179254,6.48909667328218,1
206,1,17.75,12,6.48909667328218,7.88154621596189,1
206,1,17.75,12,7.88154621596189,9.15136539256265,1
206,1,17.75,12,9.15136539256265,9.54735408117125,1
206,1,17.75,12,9.54735408117125,11.4544891308274,1
206,1,17.75,12,11.4544891308274,11.8665214845347,1
206,1,17.75,12,11.8665214845347,14.5682591669274,1
206,1,17.75,12,14.5682591669274,15.2574923985593,1
206,1,17.75,12,15.2574923985593,16.7806714482925,1
206,1,17.75,12,16.7806714482925,16.9307045905832,1
206,1,17.75,12,16.9307045905832,17.75,0
207,1,10.75,2,0,3.19727312813093,1
207,1,10.75,2,3.19727312813093,8.51617902692377,1
207,1,10.75,2,8.51617902692377,10.75,0
208,1,15.75,42,0,3.6076160483749,1
208,1,15.75,42,3.6076160483749,4.49791092790827,1
208,1,15.75,42,4.49791092790827,5.08155844994613,1
208,1,15.75,42,5.08155844994613,5.20617072116758,1
208,1,15.75,42,5.20617072116758,5.32878828051913,1
208,1,15.75,42,5.32878828051913,7.45491548460552,1
208,1,15.75,42,7.45491548460552,8.29017793097786,1
208,1,15.75,42,8.29017793097786,8.45028926258327,1
208,1,15.75,42,8.45028926258327,9.4690764958624,1
208,1,15.75,42,9.4690764958624,9.71058665601776,1
208,1,15.75,42,9.71058665601776,9.81124512484763,1
208,1,15.75,42,9.81124512484763,9.9994947602166,1
208,1,15.75,42,9.9994947602166,10.3052166444232,1
208,1,15.75,42,10.3052166444232,10.6219568369909,1
208,1,15.75,42,10.6219568369909,10.8272409436331,1
208,1,15.75,42,10.8272409436331,11.0092280636029,1
208,1,15.75,42,11.0092280636029,11.6590296395777,1
208,1,15.75,42,11.6590296395777,12.1843643794171,1
208,1,15.75,42,12.1843643794171,12.2722540982824,1
208,1,15.75,42,12.2722540982824,12.2792405758936,1
208,1,15.75,42,12.2792405758936,12.3084604587195,1
208,1,15.75,42,12.3084604587195,12.4813124804505,1
208,1,15.75,42,12.4813124804505,12.6834134847071,1
208,1,15.75,42,12.6834134847071,12.8323577461435,1
208,1,15.75,42,12.8323577461435,12.9186877965143,1
208,1,15.75,42,12.9186877965143,13.5141582969045,1
208,1,15.75,42,13.5141582969045,13.7593526237107,1
208,1,15.75,42,13.7593526237107,14.1250369097005,1
208,1,15.75,42,14.1250369097005,14.1653627319572,1
208,1,15.75,42,14.1653627319572,14.4529986938521,1
208,1,15.75,42,14.4529986938521,14.4811406945227,1
208,1,15.75,42,14.4811406945227,14.6146677216704,1
208,1,15.75,42,14.6146677216704,14.7004102653762,1
208,1,15.75,42,14.7004102653762,14.7732764673737,1
208,1,15.75,42,14.7732764673737,14.9475977680876,1
208,1,15.75,42,14.9475977680876,14.9523858100883,1
208,1,15.75,42,14.9523858100883,15.0888201649831,1
208,1,15.75,42,15.0888201649831,15.1253153710196,1
208,1,15.75,42,15.1253153710196,15.1348177859706,1
208,1,15.75,42,15.1348177859706,15.1508353852478,1
208,1,15.75,42,15.1508353852478,15.2378562886608,1
208,1,15.75,42,15.2378562886608,15.6156183530528,1
208,1,15.75,42,15.6156183530528,15.75,0
209,1,17.75,19,0,1.44380225626366,1
209,1,17.75,19,1.44380225626366,5.28075457040944,1
209,1,17.75,19,5.28075457040944,5.52309792299359,1
209,1,17.75,19,5.52309792299359,6.18830182750499,1
209,1,17.75,19,6.18830182750499,6.21390139261155,1
209,1,17.75,19,6.21390139261155,10.1084623055394,1
209,1,17.75,19,10.1084623055394,11.1141838729541,1
209,1,17.75,19,11.1141838729541,12.5999065530034,1
209,1,17.75,19,12.5999065530034,12.6816015430116,1
209,1,17.75,19,12.6816015430116,12.9752345961692,1
209,1,17.75,19,12.9752345961692,13.175522271938,1
209,1,17.75,19,13.175522271938,13.3279839661235,1
209,1,17.75,19,13.3279839661235,14.1580472445243,1
209,1,17.75,19,14.1580472445243,15.5231165289712,1
209,1,17.75,19,15.5231165289712,15.747110000875,1
209,1,17.75,19,15.747110000875,17.0692722642237,1
209,1,17.75,19,17.0692722642237,17.12108561653,1
209,1,17.75,19,17.12108561653,17.2111372003871,1
209,1,17.75,19,17.2111372003871,17.707026334051,1
209,1,17.75,19,17.707026334051,17.75,0
210,1,8.75,4,0,2.39209165321384,1
210,1,8.75,4,2.39209165321384,3.02786214747642,1
210,1,8.75,4,3.02786214747642,4.11467427249516,1
210,1,8.75,4,4.11467427249516,6.35314778665908,1
210,1,8.75,4,6.35314778665908,8.75,0
211,1,20.75,10,0,8.40819294981294,1
211,1,20.75,10,8.40819294981294,10.1306806296057,1
211,1,20.75,10,10.1306806296057,10.5903305270234,1
211,1,20.75,10,10.5903305270234,15.5593348385858,1
211,1,20.75,10,15.5593348385858,16.699476834488,1
211,1,20.75,10,16.699476834488,17.0739376680778,1
211,1,20.75,10,17.0739376680778,17.5896610332743,1
211,1,20.75,10,17.5896610332743,19.6312954940134,1
211,1,20.75,10,19.6312954940134,19.7871876110355,1
211,1,20.75,10,19.7871876110355,20.1536401761383,1
211,1,20.75,10,20.1536401761383,20.75,0
212,1,11.75,14,0,0.937017484293589,1
212,1,11.75,14,0.937017484293589,2.23701412432759,1
212,1,11.75,14,2.23701412432759,2.95381970985582,1
212,1,11.75,14,2.95381970985582,3.00478678621217,1
212,1,11.75,14,3.00478678621217,4.7304088802608,1
212,1,11.75,14,4.7304088802608,5.00077842322343,1
212,1,11.75,14,5.00077842322343,6.4766689579008,1
212,1,11.75,14,6.4766689579008,7.37039775081068,1
212,1,11.75,14,7.37039775081068,8.5798837617913,1
212,1,11.75,14,8.5798837617913,8.8758970241988,1
212,1,11.75,14,8.8758970241988,9.47004728825776,1
212,1,11.75,14,9.47004728825776,9.96691794571973,1
212,1,11.75,14,9.96691794571973,10.8840785654749,1
212,1,11.75,14,10.8840785654749,11.7246231983353,1
212,1,11.75,14,11.7246231983353,11.75,0
213,1,8.75,7,0,4.49332129892304,1
213,1,8.75,7,4.49332129892304,6.25123042157854,1
213,1,8.75,7,6.25123042157854,7.52840475543592,1
213,1,8.75,7,7.52840475543592,7.8474571116716,1
213,1,8.75,7,7.8474571116716,7.90413466262885,1
213,1,8.75,7,7.90413466262885,8.49565073110225,1
213,1,8.75,7,8.49565073110225,8.65024769544987,1
213,1,8.75,7,8.65024769544987,8.75,0
214,1,9.75,3,0,2.23070854050913,1
214,1,9.75,3,2.23070854050913,7.80619802646608,1
214,1,9.75,3,7.80619802646608,8.78873666516209,1
214,1,9.75,3,8.78873666516209,9.75,0
215,1,14.75,4,0,3.99038961714966,1
215,1,14.75,4,3.99038961714966,4.514027571683,1
215,1,14.75,4,4.514027571683,5.66913957243862,1
215,1,14.75,4,5.66913957243862,10.8157231083193,1
215,1,14.75,4,10.8157231083193,14.75,0
216,1,14.75,5,0,0.680488214067893,1
216,1,14.75,5,0.680488214067893,6.87147295765071,1
216,1,14.75,5,6.87147295765071,8.54942364740473,1
216,1,14.75,5,8.54942364740473,9.58070547527265,1
216,1,14.75,5,9.58070547527265,11.6709568756114,1
216,1,14.75,5,11.6709568756114,14.75,0
217,1,13.75,9,0,2.84278839062748,1
217,1,13.75,9,2.84278839062748,6.23571629182615,1
217,1,13.75,9,6.23571629182615,8.20559293355487,1
217,1,13.75,9,8.20559293355487,9.11872830123509,1
217,1,13.75,9,9.11872830123509,9.27715654433296,1
217,1,13.75,9,9.27715654433296,9.41476308873672,1
217,1,13.75,9,9.41476308873672,10.4630375555296,1
217,1,13.75,9,10.4630375555296,12.2405450502574,1
217,1,13.75,9,12.2405450502574,12.62975926009,1
217,1,13.75,9,12.62975926009,13.75,0
218,1,14.75,13,0,2.59859775619266,1
218,1,14.75,13,2.59859775619266,8.31451906420402,1
218,1,14.75,13,8.31451906420402,8.72489418683637,1
218,1,14.75,13,8.72489418683637,9.1476623387468,1
218,1,14.75,13,9.1476623387468,9.50874637320116,1
218,1,14.75,13,9.50874637320116,9.50898677443967,1
218,1,14.75,13,9.50898677443967,9.65510047707339,1
218,1,14.75,13,9.65510047707339,9.74748290426299,1
218,1,14.75,13,9.74748290426299,10.5370669719329,1
218,1,14.75,13,10.5370669719329,10.5712188073117,1
218,1,14.75,13,10.5712188073117,10.9802310425816,1
218,1,14.75,13,10.9802310425816,13.2228566492718,1
218,1,14.75,13,13.2228566492718,13.324376684611,1
218,1,14.75,13,13.324376684611,14.75,0
219,1,18.75,14,0,4.26571991791819,1
219,1,18.75,14,4.26571991791819,9.39047906941975,1
219,1,18.75,14,9.39047906941975,9.39405643366243,1
219,1,18.75,14,9.39405643366243,9.45121313323213,1
219,1,18.75,14,9.45121313323213,9.86532353501067,1
219,1,18.75,14,9.86532353501067,11.8676365163647,1
219,1,18.75,14,11.8676365163647,13.9530636744852,1
219,1,18.75,14,13.9530636744852,14.2787598565735,1
219,1,18.75,14,14.2787598565735,14.34417388874,1
219,1,18.75,14,14.34417388874,14.3906752189385,1
219,1,18.75,14,14.3906752189385,16.017116061511,1
219,1,18.75,14,16.017116061511,16.4408165242078,1
219,1,18.75,14,16.4408165242078,17.2070348060345,1
219,1,18.75,14,17.2070348060345,17.9268474318532,1
219,1,18.75,14,17.9268474318532,18.75,0
220,1,8.75,1,0,6.56954803418092,1
220,1,8.75,1,6.56954803418092,8.75,0
221,1,11.75,16,0,2.5192377001028,1
221,1,11.75,16,2.5192377001028,2.54464034901839,1
221,1,11.75,16,2.54464034901839,3.06543287754785,1
221,1,11.75,16,3.06543287754785,4.04338204650083,1
221,1,11.75,16,4.04338204650083,5.24991757884352,1
221,1,11.75,16,5.24991757884352,7.22578248901232,1
221,1,11.75,16,7.22578248901232,7.52334113948731,1
221,1,11.75,16,7.52334113948731,7.66236105316276,1
221,1,11.75,16,7.66236105316276,8.0753853870181,1
221,1,11.75,16,8.0753853870181,9.1308514649056,1
221,1,11.75,16,9.1308514649056,9.51036483939953,1
221,1,11.75,16,9.51036483939953,9.6415963755105,1
221,1,11.75,16,9.6415963755105,10.1612046985077,1
221,1,11.75,16,10.1612046985077,11.1629873309787,1
221,1,11.75,16,11.1629873309787,11.5722184538427,1
221,1,11.75,16,11.5722184538427,11.7169529002786,1
221,1,11.75,16,11.7169529002786,11.75,0
222,1,8.75,6,0,3.91033585152496,1
222,1,8.75,6,3.91033585152496,4.99229521560836,1
222,1,8.75,6,4.99229521560836,5.26326900330297,1
222,1,8.75,6,5.26326900330297,6.78556548083067,1
222,1,8.75,6,6.78556548083067,7.52356466205204,1
222,1,8.75,6,7.52356466205204,8.73395014944724,1
222,1,8.75,6,8.73395014944724,8.75,0
223,1,14.75,14,0,1.47341479104574,1
223,1,14.75,14,1.47341479104574,4.1419177686225,1
223,1,14.75,14,4.1419177686225,6.86252561296826,1
223,1,14.75,14,6.86252561296826,7.01543151479843,1
223,1,14.75,14,7.01543151479843,7.32801261182322,1
223,1,14.75,14,7.32801261182322,9.12914049136935,1
223,1,14.75,14,9.12914049136935,10.3360870295234,1
223,1,14.75,14,10.3360870295234,11.6944680155016,1
223,1,14.75,14,11.6944680155016,11.8890610687491,1
223,1,14.75,14,11.8890610687491,12.6960521506534,1
223,1,14.75,14,12.6960521506534,12.7139159257204,1
223,1,14.75,14,12.7139159257204,12.7677715541542,1
223,1,14.75,14,12.7677715541542,12.8908351462494,1
223,1,14.75,14,12.8908351462494,13.7874006059486,1
223,1,14.75,14,13.7874006059486,14.75,0
224,1,15.75,27,0,1.37414084685057,1
224,1,15.75,27,1.37414084685057,3.83689113580033,1
224,1,15.75,27,3.83689113580033,5.04528449172033,1
224,1,15.75,27,5.04528449172033,5.86292736494235,1
224,1,15.75,27,5.86292736494235,7.32822497131279,1
224,1,15.75,27,7.32822497131279,7.95718916636911,1
224,1,15.75,27,7.95718916636911,9.04358537843266,1
224,1,15.75,27,9.04358537843266,10.4649477362126,1
224,1,15.75,27,10.4649477362126,10.6155170123181,1
224,1,15.75,27,10.6155170123181,11.1153594923769,1
224,1,15.75,27,11.1153594923769,11.1362719541536,1
224,1,15.75,27,11.1362719541536,11.2429756194346,1
224,1,15.75,27,11.2429756194346,12.35137517414,1
224,1,15.75,27,12.35137517414,12.4631670887836,1
224,1,15.75,27,12.4631670887836,12.6478570082479,1
224,1,15.75,27,12.6478570082479,13.0047867189355,1
224,1,15.75,27,13.0047867189355,13.4705396092669,1
224,1,15.75,27,13.4705396092669,13.5539641186946,1
224,1,15.75,27,13.5539641186946,13.9413129506973,1
224,1,15.75,27,13.9413129506973,14.1255263667819,1
224,1,15.75,27,14.1255263667819,14.4413327558541,1
224,1,15.75,27,14.4413327558541,14.4653900917328,1
224,1,15.75,27,14.4653900917328,14.9384870506314,1
224,1,15.75,27,14.9384870506314,15.1562339820258,1
224,1,15.75,27,15.1562339820258,15.3719759498659,1
224,1,15.75,27,15.3719759498659,15.4962007011655,1
224,1,15.75,27,15.4962007011655,15.5982124964853,1
224,1,15.75,27,15.5982124964853,15.75,0
225,1,13.75,8,0,2.15909242420307,1
225,1,13.75,8,2.15909242420307,3.35116210232311,1
225,1,13.75,8,3.35116210232311,9.1867635797619,1
225,1,13.75,8,9.1867635797619,9.93816048114676,1
225,1,13.75,8,9.93816048114676,11.3069477054258,1
225,1,13.75,8,11.3069477054258,12.5815743988284,1
225,1,13.75,8,12.5815743988284,13.0084562851304,1
225,1,13.75,8,13.0084562851304,13.4714084264664,1
225,1,13.75,8,13.4714084264664,13.75,0
226,1,14.75,17,0,2.68067251751681,1
226,1,14.75,17,2.68067251751681,6.02318271460081,1
226,1,14.75,17,6.02318271460081,6.44690266393516,1
226,1,14.75,17,6.44690266393516,8.65323112012513,1
226,1,14.75,17,8.65323112012513,9.23353658050645,1
226,1,14.75,17,9.23353658050645,9.87134685954925,1
226,1,14.75,17,9.87134685954925,11.3802511051641,1
226,1,14.75,17,11.3802511051641,11.7315488725226,1
226,1,14.75,17,11.7315488725226,12.2768586894551,1
226,1,14.75,17,12.2768586894551,12.4859044815922,1
226,1,14.75,17,12.4859044815922,13.2377389127501,1
226,1,14.75,17,13.2377389127501,13.4356762603268,1
226,1,14.75,17,13.4356762603268,13.7278244146536,1
226,1,14.75,17,13.7278244146536,14.073588189637,1
226,1,14.75,17,14.073588189637,14.161917413412,1
226,1,14.75,17,14.161917413412,14.3228041217061,1
226,1,14.75,17,14.3228041217061,14.4360968270604,1
226,1,14.75,17,14.4360968270604,14.75,0
227,1,16.75,11,0,6.07366403687537,1
227,1,16.75,11,6.07366403687537,8.92471179392119,1
227,1,16.75,11,8.92471179392119,11.0443414239823,1
227,1,16.75,11,11.0443414239823,13.3916665567065,1
227,1,16.75,11,13.3916665567065,13.7549564328102,1
227,1,16.75,11,13.7549564328102,13.8295686558646,1
227,1,16.75,11,13.8295686558646,13.9296930376461,1
227,1,16.75,11,13.9296930376461,14.1765049554647,1
227,1,16.75,11,14.1765049554647,14.8530744516378,1
227,1,16.75,11,14.8530744516378,14.9849258580619,1
227,1,16.75,11,14.9849258580619,16.424485378209,1
227,1,16.75,11,16.424485378209,16.75,0
228,1,20.75,32,0,1.03947996868817,1
228,1,20.75,32,1.03947996868817,2.72994608337506,1
228,1,20.75,32,2.72994608337506,4.61560326856821,1
228,1,20.75,32,4.61560326856821,5.81264166267558,1
228,1,20.75,32,5.81264166267558,6.36269287411051,1
228,1,20.75,32,6.36269287411051,7.33604022644887,1
228,1,20.75,32,7.33604022644887,9.07123863897917,1
228,1,20.75,32,9.07123863897917,9.48326969352268,1
228,1,20.75,32,9.48326969352268,9.74914229031197,1
228,1,20.75,32,9.74914229031197,11.585882077506,1
228,1,20.75,32,11.585882077506,11.7740872929292,1
228,1,20.75,32,11.7740872929292,12.3238690740643,1
228,1,20.75,32,12.3238690740643,13.0817656540107,1
228,1,20.75,32,13.0817656540107,13.4857021975368,1
228,1,20.75,32,13.4857021975368,13.681049511902,1
228,1,20.75,32,13.681049511902,15.2631402342348,1
228,1,20.75,32,15.2631402342348,15.4395765025505,1
228,1,20.75,32,15.4395765025505,15.4711918148461,1
228,1,20.75,32,15.4711918148461,15.6145150766234,1
228,1,20.75,32,15.6145150766234,15.9537083462031,1
228,1,20.75,32,15.9537083462031,16.7663798255002,1
228,1,20.75,32,16.7663798255002,16.8837800093264,1
228,1,20.75,32,16.8837800093264,17.0512138104935,1
228,1,20.75,32,17.0512138104935,17.1814898276423,1
228,1,20.75,32,17.1814898276423,18.3332909577307,1
228,1,20.75,32,18.3332909577307,18.6219196699961,1
228,1,20.75,32,18.6219196699961,18.7644270619556,1
228,1,20.75,32,18.7644270619556,18.8409868983826,1
228,1,20.75,32,18.8409868983826,19.4547124252234,1
228,1,20.75,32,19.4547124252234,20.0717933445487,1
228,1,20.75,32,20.0717933445487,20.4763789630795,1
228,1,20.75,32,20.4763789630795,20.6287323143132,1
228,1,20.75,32,20.6287323143132,20.75,0
229,1,18.75,12,0,1.75439422604782,1
229,1,18.75,12,1.75439422604782,2.06553808188464,1
229,1,18.75,12,2.06553808188464,4.28209901214019,1
229,1,18.75,12,4.28209901214019,7.22450746478662,1
229,1,18.75,12,7.22450746478662,12.8899907060968,1
229,1,18.75,12,12.8899907060968,13.3920537437756,1
229,1,18.75,12,13.3920537437756,14.1081383513966,1
229,1,18.75,12,14.1081383513966,14.370610105471,1
229,1,18.75,12,14.370610105471,14.6669216053093,1
229,1,18.75,12,14.6669216053093,15.1380320837755,1
229,1,18.75,12,15.1380320837755,16.5481685652236,1
229,1,18.75,12,16.5481685652236,17.0013524989099,1
229,1,18.75,12,17.0013524989099,18.75,0
230,1,13.75,19,0,0.745407640705633,1
230,1,13.75,19,0.745407640705633,3.87863801068116,1
230,1,13.75,19,3.87863801068116,5.4046447765443,1
230,1,13.75,19,5.4046447765443,5.44293739077263,1
230,1,13.75,19,5.44293739077263,6.17427000999341,1
230,1,13.75,19,6.17427000999341,7.80601252795496,1
230,1,13.75,19,7.80601252795496,9.43876488932104,1
230,1,13.75,19,9.43876488932104,9.63453643502848,1
230,1,13.75,19,9.63453643502848,10.2110507821176,1
230,1,13.75,19,10.2110507821176,10.3181941065872,1
230,1,13.75,19,10.3181941065872,11.0893104222278,1
230,1,13.75,19,11.0893104222278,11.1426853249366,1
230,1,13.75,19,11.1426853249366,11.3145726505902,1
230,1,13.75,19,11.3145726505902,11.5643101531691,1
230,1,13.75,19,11.5643101531691,11.8778940958804,1
230,1,13.75,19,11.8778940958804,11.9550550348549,1
230,1,13.75,19,11.9550550348549,12.537262035391,1
230,1,13.75,19,12.537262035391,13.2136303123233,1
230,1,13.75,19,13.2136303123233,13.5462452134754,1
230,1,13.75,19,13.5462452134754,13.75,0
231,1,14.75,14,0,4.02442152911565,1
231,1,14.75,14,4.02442152911565,4.88307015231114,1
231,1,14.75,14,4.88307015231114,5.84481771650321,1
231,1,14.75,14,5.84481771650321,7.1490601486359,1
231,1,14.75,14,7.1490601486359,7.36923119167022,1
231,1,14.75,14,7.36923119167022,9.06733586859799,1
231,1,14.75,14,9.06733586859799,9.76424182677573,1
231,1,14.75,14,9.76424182677573,10.0161290082579,1
231,1,14.75,14,10.0161290082579,11.0762635485639,1
231,1,14.75,14,11.0762635485639,11.6501236716988,1
231,1,14.75,14,11.6501236716988,12.7855461126122,1
231,1,14.75,14,12.7855461126122,14.3396608606425,1
231,1,14.75,14,14.3396608606425,14.4661357318941,1
231,1,14.75,14,14.4661357318941,14.6101572765354,1
231,1,14.75,14,14.6101572765354,14.75,0
232,1,10.75,12,0,1.46897427600704,1
232,1,10.75,12,1.46897427600704,4.04061668696624,1
232,1,10.75,12,4.04061668696624,4.88662162248441,1
232,1,10.75,12,4.88662162248441,6.07832071124641,1
232,1,10.75,12,6.07832071124641,6.5604096175322,1
232,1,10.75,12,6.5604096175322,6.70531122699413,1
232,1,10.75,12,6.70531122699413,6.91104757733342,1
232,1,10.75,12,6.91104757733342,7.44560568834718,1
232,1,10.75,12,7.44560568834718,9.04972717561279,1
232,1,10.75,12,9.04972717561279,9.68896154431184,1
232,1,10.75,12,9.68896154431184,10.041399991284,1
232,1,10.75,12,10.041399991284,10.3556524445938,1
232,1,10.75,12,10.3556524445938,10.75,0
233,1,11.75,1,0,3.54098886958044,1
233,1,11.75,1,3.54098886958044,11.75,0
234,1,13.75,28,0,1.22970887753078,1
234,1,13.75,28,1.22970887753078,2.51583518252205,1
234,1,13.75,28,2.51583518252205,4.47866707818427,1
234,1,13.75,28,4.47866707818427,5.05861685742672,1
234,1,13.75,28,5.05861685742672,6.1351413981901,1
234,1,13.75,28,6.1351413981901,7.39773561602893,1
234,1,13.75,28,7.39773561602893,7.48828319704303,1
234,1,13.75,28,7.48828319704303,7.91474617951507,1
234,1,13.75,28,7.91474617951507,8.56489694414055,1
234,1,13.75,28,8.56489694414055,9.47589452900882,1
234,1,13.75,28,9.47589452900882,9.61499000312266,1
234,1,13.75,28,9.61499000312266,9.74604229319075,1
234,1,13.75,28,9.74604229319075,9.78626971910135,1
234,1,13.75,28,9.78626971910135,9.79807757918971,1
234,1,13.75,28,9.79807757918971,10.1886168596309,1
234,1,13.75,28,10.1886168596309,10.5862098051321,1
234,1,13.75,28,10.5862098051321,10.681400383215,1
234,1,13.75,28,10.681400383215,10.7233912063857,1
234,1,13.75,28,10.7233912063857,10.9086128049901,1
234,1,13.75,28,10.9086128049901,10.9743049578035,1
234,1,13.75,28,10.9743049578035,11.2693391553988,1
234,1,13.75,28,11.2693391553988,11.3435711442208,1
234,1,13.75,28,11.3435711442208,11.4200678047039,1
234,1,13.75,28,11.4200678047039,11.5781838748045,1
234,1,13.75,28,11.5781838748045,12.2919651221965,1
234,1,13.75,28,12.2919651221965,12.5876161993947,1
234,1,13.75,28,12.5876161993947,12.656627076114,1
234,1,13.75,28,12.656627076114,13.3853696318481,1
234,1,13.75,28,13.3853696318481,13.75,0
235,1,17.75,4,0,3.70105435838991,1
235,1,17.75,4,3.70105435838991,15.8846403294885,1
235,1,17.75,4,15.8846403294885,16.0427057145962,1
235,1,17.75,4,16.0427057145962,16.7426210812816,1
235,1,17.75,4,16.7426210812816,17.75,0
236,1,18.75,15,0,1.64702660344122,1
236,1,18.75,15,1.64702660344122,5.20120313672807,1
236,1,18.75,15,5.20120313672807,5.94687525608463,1
236,1,18.75,15,5.94687525608463,6.4317363778447,1
236,1,18.75,15,6.4317363778447,6.60278019338728,1
236,1,18.75,15,6.60278019338728,7.7953320276423,1
236,1,18.75,15,7.7953320276423,9.03863888999774,1
236,1,18.75,15,9.03863888999774,10.8063473794287,1
236,1,18.75,15,10.8063473794287,12.230658345261,1
236,1,18.75,15,12.230658345261,14.2551906499964,1
236,1,18.75,15,14.2551906499964,15.7388487550525,1
236,1,18.75,15,15.7388487550525,16.0892869230323,1
236,1,18.75,15,16.0892869230323,16.0908666289385,1
236,1,18.75,15,16.0908666289385,17.8170028389347,1
236,1,18.75,15,17.8170028389347,18.1198880618156,1
236,1,18.75,15,18.1198880618156,18.75,0
237,1,18.75,20,0,1.90641425611033,1
237,1,18.75,20,1.90641425611033,5.61365614372436,1
237,1,18.75,20,5.61365614372436,6.36329782444328,1
237,1,18.75,20,6.36329782444328,8.87221652014396,1
237,1,18.75,20,8.87221652014396,10.0703937518705,1
237,1,18.75,20,10.0703937518705,10.4790505051249,1
237,1,18.75,20,10.4790505051249,10.9031057466135,1
237,1,18.75,20,10.9031057466135,11.9990797614808,1
237,1,18.75,20,11.9990797614808,12.0792237326429,1
237,1,18.75,20,12.0792237326429,12.2478334186371,1
237,1,18.75,20,12.2478334186371,12.4741019797277,1
237,1,18.75,20,12.4741019797277,13.8787139364621,1
237,1,18.75,20,13.8787139364621,14.1550075205811,1
237,1,18.75,20,14.1550075205811,15.0294811274912,1
237,1,18.75,20,15.0294811274912,16.4791773651768,1
237,1,18.75,20,16.4791773651768,17.2287910714938,1
237,1,18.75,20,17.2287910714938,17.527822648447,1
237,1,18.75,20,17.527822648447,18.0623797690776,1
237,1,18.75,20,18.0623797690776,18.3184135056525,1
237,1,18.75,20,18.3184135056525,18.696167704368,1
237,1,18.75,20,18.696167704368,18.75,0
238,1,10.75,4,0,3.62428751650038,1
238,1,10.75,4,3.62428751650038,9.00147968691416,1
238,1,10.75,4,9.00147968691416,9.33044873799077,1
238,1,10.75,4,9.33044873799077,10.2909468843712,1
238,1,10.75,4,10.2909468843712,10.75,0
239,1,16.75,15,0,2.44064352700023,1
239,1,16.75,15,2.44064352700023,7.19899159511215,1
239,1,16.75,15,7.19899159511215,8.80783036222014,1
239,1,16.75,15,8.80783036222014,12.2928337858962,1
239,1,16.75,15,12.2928337858962,12.7964770236889,1
239,1,16.75,15,12.7964770236889,13.3794524106158,1
239,1,16.75,15,13.3794524106158,13.4281334213822,1
239,1,16.75,15,13.4281334213822,14.0006843765959,1
239,1,16.75,15,14.0006843765959,15.4305421103986,1
239,1,16.75,15,15.4305421103986,15.5396304684089,1
239,1,16.75,15,15.5396304684089,15.658191920524,1
239,1,16.75,15,15.658191920524,15.7063523613794,1
239,1,16.75,15,15.7063523613794,16.3451679202595,1
239,1,16.75,15,16.3451679202595,16.4832281095542,1
239,1,16.75,15,16.4832281095542,16.5028848711943,1
239,1,16.75,15,16.5028848711943,16.75,0
240,1,9.75,3,0,2.51404606068771,1
240,1,9.75,3,2.51404606068771,6.66821133592518,1
240,1,9.75,3,6.66821133592518,8.5011828430993,1
240,1,9.75,3,8.5011828430993,9.75,0
241,1,10.75,10,0,4.42418367176513,1
241,1,10.75,10,4.42418367176513,4.54173974536267,1
241,1,10.75,10,4.54173974536267,5.08727029319023,1
241,1,10.75,10,5.08727029319023,5.65473993688655,1
241,1,10.75,10,5.65473993688655,6.34491908291662,1
241,1,10.75,10,6.34491908291662,6.55024717959094,1
241,1,10.75,10,6.55024717959094,7.06325543012764,1
241,1,10.75,10,7.06325543012764,8.67111210263377,1
241,1,10.75,10,8.67111210263377,8.97765237330007,1
241,1,10.75,10,8.97765237330007,10.5454467177149,1
241,1,10.75,10,10.5454467177149,10.75,0
242,1,13.75,12,0,1.2935516132698,1
242,1,13.75,12,1.2935516132698,1.42993502700846,1
242,1,13.75,12,1.42993502700846,5.40292562447793,1
242,1,13.75,12,5.40292562447793,5.94758463222958,1
242,1,13.75,12,5.94758463222958,8.02027769338686,1
242,1,13.75,12,8.02027769338686,8.58375525902396,1
242,1,13.75,12,8.58375525902396,9.92681725806016,1
242,1,13.75,12,9.92681725806016,11.679750255835,1
242,1,13.75,12,11.679750255835,11.8541629038415,1
242,1,13.75,12,11.8541629038415,12.5704844767987,1
242,1,13.75,12,12.5704844767987,13.0191292748344,1
242,1,13.75,12,13.0191292748344,13.2400159004024,1
242,1,13.75,12,13.2400159004024,13.75,0
243,1,15.75,7,0,9.66145427034227,1
243,1,15.75,7,9.66145427034227,10.4404661096711,1
243,1,15.75,7,10.4404661096711,12.5955678618083,1
243,1,15.75,7,12.5955678618083,13.4137774991517,1
243,1,15.75,7,13.4137774991517,13.9084748886022,1
243,1,15.75,7,13.9084748886022,14.0092539209322,1
243,1,15.75,7,14.0092539209322,14.4570362794727,1
243,1,15.75,7,14.4570362794727,15.75,0
244,1,14.75,7,0,1.56996582400759,1
244,1,14.75,7,1.56996582400759,3.51353397236971,1
244,1,14.75,7,3.51353397236971,9.36539247688685,1
244,1,14.75,7,9.36539247688685,10.1510146862996,1
244,1,14.75,7,10.1510146862996,10.5889880264765,1
244,1,14.75,7,10.5889880264765,12.2279422679854,1
244,1,14.75,7,12.2279422679854,14.2652673812051,1
244,1,14.75,7,14.2652673812051,14.75,0
245,1,11.75,4,0,3.09242532398364,1
245,1,11.75,4,3.09242532398364,6.9433237998651,1
245,1,11.75,4,6.9433237998651,8.52635342920973,1
245,1,11.75,4,8.52635342920973,10.1090756544306,1
245,1,11.75,4,10.1090756544306,11.75,0
246,1,11.75,12,0,1.26201906755375,1
246,1,11.75,12,1.26201906755375,3.83985332072498,1
246,1,11.75,12,3.83985332072498,5.86204499406728,1
246,1,11.75,12,5.86204499406728,5.88962108545082,1
246,1,11.75,12,5.88962108545082,5.9376098212237,1
246,1,11.75,12,5.9376098212237,7.07477446094153,1
246,1,11.75,12,7.07477446094153,7.47890097934944,1
246,1,11.75,12,7.47890097934944,9.32554125742508,1
246,1,11.75,12,9.32554125742508,9.69567116402838,1
246,1,11.75,12,9.69567116402838,10.7037558756975,1
246,1,11.75,12,10.7037558756975,11.1354920044037,1
246,1,11.75,12,11.1354920044037,11.7428363501176,1
246,1,11.75,12,11.7428363501176,11.75,0
247,1,11.75,27,0,3.37799088533616,1
247,1,11.75,27,3.37799088533616,3.53182161191756,1
247,1,11.75,27,3.53182161191756,4.74848711250892,1
247,1,11.75,27,4.74848711250892,4.85330463633281,1
247,1,11.75,27,4.85330463633281,5.02486153665808,1
247,1,11.75,27,5.02486153665808,5.19333421829186,1
247,1,11.75,27,5.19333421829186,6.26635664843577,1
247,1,11.75,27,6.26635664843577,6.39292835171383,1
247,1,11.75,27,6.39292835171383,6.6771062506881,1
247,1,11.75,27,6.6771062506881,7.30096422145534,1
247,1,11.75,27,7.30096422145534,7.30932643574485,1
247,1,11.75,27,7.30932643574485,7.4470381633707,1
247,1,11.75,27,7.4470381633707,7.55611651493754,1
247,1,11.75,27,7.55611651493754,7.90747920916183,1
247,1,11.75,27,7.90747920916183,7.93176280014648,1
247,1,11.75,27,7.93176280014648,8.56316967937278,1
247,1,11.75,27,8.56316967937278,9.32505102537725,1
247,1,11.75,27,9.32505102537725,9.76162278539132,1
247,1,11.75,27,9.76162278539132,9.85174611539936,1
247,1,11.75,27,9.85174611539936,10.3421937939618,1
247,1,11.75,27,10.3421937939618,10.6467090114076,1
247,1,11.75,27,10.6467090114076,10.7922661241323,1
247,1,11.75,27,10.7922661241323,10.829797240191,1
247,1,11.75,27,10.829797240191,11.138449427978,1
247,1,11.75,27,11.138449427978,11.3294690675122,1
247,1,11.75,27,11.3294690675122,11.3414420620797,1
247,1,11.75,27,11.3414420620797,11.5576458572344,1
247,1,11.75,27,11.5576458572344,11.75,0
248,1,10.75,5,0,3.81638255256364,1
248,1,10.75,5,3.81638255256364,7.77855205304141,1
248,1,10.75,5,7.77855205304141,8.20814917972996,1
248,1,10.75,5,8.20814917972996,9.6857184135069,1
248,1,10.75,5,9.6857184135069,10.229211539221,1
248,1,10.75,5,10.229211539221,10.75,0
249,1,17.75,30,0,3.82795878282769,1
249,1,17.75,30,3.82795878282769,7.40608094302633,1
249,1,17.75,30,7.40608094302633,7.8165842195989,1
249,1,17.75,30,7.8165842195989,7.90812507413028,1
249,1,17.75,30,7.90812507413028,9.26224785963783,1
249,1,17.75,30,9.26224785963783,9.5028062804736,1
249,1,17.75,30,9.5028062804736,10.4764309876041,1
249,1,17.75,30,10.4764309876041,10.755931511341,1
249,1,17.75,30,10.755931511341,12.2048050867044,1
249,1,17.75,30,12.2048050867044,12.3967682158175,1
249,1,17.75,30,12.3967682158175,12.7894042342554,1
249,1,17.75,30,12.7894042342554,12.9138265647718,1
249,1,17.75,30,12.9138265647718,12.9342732933081,1
249,1,17.75,30,12.9342732933081,13.2379174493143,1
249,1,17.75,30,13.2379174493143,13.746734638566,1
249,1,17.75,30,13.746734638566,14.2037636290957,1
249,1,17.75,30,14.2037636290957,14.2393136004645,1
249,1,17.75,30,14.2393136004645,14.8175146326133,1
249,1,17.75,30,14.8175146326133,14.8505305415715,1
249,1,17.75,30,14.8505305415715,14.912064017448,1
249,1,17.75,30,14.912064017448,15.0433359540137,1
249,1,17.75,30,15.0433359540137,15.288305179364,1
249,1,17.75,30,15.288305179364,16.4804315837028,1
249,1,17.75,30,16.4804315837028,16.6886882251457,1
249,1,17.75,30,16.6886882251457,16.6959717805229,1
249,1,17.75,30,16.6959717805229,16.8686300601234,1
249,1,17.75,30,16.8686300601234,16.8744354544976,1
249,1,17.75,30,16.8744354544976,17.5210367223374,1
249,1,17.75,30,17.5210367223374,17.6164717406155,1
249,1,17.75,30,17.6164717406155,17.6483340322682,1
249,1,17.75,30,17.6483340322682,17.75,0
250,1,14.75,10,0,3.3821828178712,1
250,1,14.75,10,3.3821828178712,5.71458206192475,1
250,1,14.75,10,5.71458206192475,5.9149458725989,1
250,1,14.75,10,5.9149458725989,11.0644393352714,1
250,1,14.75,10,11.0644393352714,11.832914548245,1
250,1,14.75,10,11.832914548245,12.0264696563274,1
250,1,14.75,10,12.0264696563274,12.5363542804577,1
250,1,14.75,10,12.5363542804577,12.6981745242569,1
250,1,14.75,10,12.6981745242569,13.2864625323328,1
250,1,14.75,10,13.2864625323328,14.3636434100099,1
250,1,14.75,10,14.3636434100099,14.75,0
251,1,17.75,10,0,7.73000711815027,1
251,1,17.75,10,7.73000711815027,10.0024725545159,1
251,1,17.75,10,10.0024725545159,10.1897107434913,1
251,1,17.75,10,10.1897107434913,10.3964519345266,1
251,1,17.75,10,10.3964519345266,11.2216420523141,1
251,1,17.75,10,11.2216420523141,12.941381050545,1
251,1,17.75,10,12.941381050545,14.7328371154813,1
251,1,17.75,10,14.7328371154813,14.8115492601872,1
251,1,17.75,10,14.8115492601872,15.5380189867668,1
251,1,17.75,10,15.5380189867668,16.741202280585,1
251,1,17.75,10,16.741202280585,17.75,0
252,1,16.75,2,0,7.81524756268389,1
252,1,16.75,2,7.81524756268389,8.41596637288622,1
252,1,16.75,2,8.41596637288622,16.75,0
253,1,16.75,44,0,2.75929885247319,1
253,1,16.75,44,2.75929885247319,4.08703087205521,1
253,1,16.75,44,4.08703087205521,6.34136934329021,1
253,1,16.75,44,6.34136934329021,6.66662701271604,1
253,1,16.75,44,6.66662701271604,6.94628198324548,1
253,1,16.75,44,6.94628198324548,7.28288685942055,1
253,1,16.75,44,7.28288685942055,8.08780253305557,1
253,1,16.75,44,8.08780253305557,8.11995281555007,1
253,1,16.75,44,8.11995281555007,8.41571613070064,1
253,1,16.75,44,8.41571613070064,8.55908926521027,1
253,1,16.75,44,8.55908926521027,9.84613262307749,1
253,1,16.75,44,9.84613262307749,10.018555461048,1
253,1,16.75,44,10.018555461048,10.24920234586,1
253,1,16.75,44,10.24920234586,10.5283686048813,1
253,1,16.75,44,10.5283686048813,10.5494785033729,1
253,1,16.75,44,10.5494785033729,10.8162647947412,1
253,1,16.75,44,10.8162647947412,10.8264302182291,1
253,1,16.75,44,10.8264302182291,10.9637881395379,1
253,1,16.75,44,10.9637881395379,11.282092122151,1
253,1,16.75,44,11.282092122151,11.5906917189375,1
253,1,16.75,44,11.5906917189375,11.7416062969917,1
253,1,16.75,44,11.7416062969917,12.2385290585181,1
253,1,16.75,44,12.2385290585181,12.4179927520966,1
253,1,16.75,44,12.4179927520966,12.4852267806406,1
253,1,16.75,44,12.4852267806406,12.7408061420024,1
253,1,16.75,44,12.7408061420024,12.893004724075,1
253,1,16.75,44,12.893004724075,13.3135877922619,1
253,1,16.75,44,13.3135877922619,13.3341637298263,1
253,1,16.75,44,13.3341637298263,13.3912436241593,1
253,1,16.75,44,13.3912436241593,13.5447840324021,1
253,1,16.75,44,13.5447840324021,13.686858231351,1
253,1,16.75,44,13.686858231351,14.105879285907,1
253,1,16.75,44,14.105879285907,14.1586623586041,1
253,1,16.75,44,14.1586623586041,14.2037129270974,1
253,1,16.75,44,14.2037129270974,15.3126650472419,1
253,1,16.75,44,15.3126650472419,15.5367121654268,1
253,1,16.75,44,15.5367121654268,15.5828586026981,1
253,1,16.75,44,15.5828586026981,15.7286633019044,1
253,1,16.75,44,15.7286633019044,15.9428384602361,1
253,1,16.75,44,15.9428384602361,15.947878143684,1
253,1,16.75,44,15.947878143684,16.3580188980226,1
253,1,16.75,44,16.3580188980226,16.3588161180674,1
253,1,16.75,44,16.3588161180674,16.4083731651857,1
253,1,16.75,44,16.4083731651857,16.4860674541483,1
253,1,16.75,44,16.4860674541483,16.75,0
254,1,12.75,2,0,10.3198781896862,1
254,1,12.75,2,10.3198781896862,11.2985293847277,1
254,1,12.75,2,11.2985293847277,12.75,0
255,1,8.75,7,0,1.43965971398669,1
255,1,8.75,7,1.43965971398669,3.11378223036661,1
255,1,8.75,7,3.11378223036661,4.52412115457525,1
255,1,8.75,7,4.52412115457525,5.01682112761205,1
255,1,8.75,7,5.01682112761205,5.49012180524219,1
255,1,8.75,7,5.49012180524219,6.67625082138878,1
255,1,8.75,7,6.67625082138878,8.44301981446662,1
255,1,8.75,7,8.44301981446662,8.75,0
256,1,13.75,16,0,0.953183993558535,1
256,1,13.75,16,0.953183993558535,5.30341500991279,1
256,1,13.75,16,5.30341500991279,5.65040242203303,1
256,1,13.75,16,5.65040242203303,6.66287165839877,1
256,1,13.75,16,6.66287165839877,6.94898447254727,1
256,1,13.75,16,6.94898447254727,8.27168131544894,1
256,1,13.75,16,8.27168131544894,9.53994912823642,1
256,1,13.75,16,9.53994912823642,9.62490532884015,1
256,1,13.75,16,9.62490532884015,10.2098831319769,1
256,1,13.75,16,10.2098831319769,10.2208217791918,1
256,1,13.75,16,10.2208217791918,10.9148913742091,1
256,1,13.75,16,10.9148913742091,10.9572684147531,1
256,1,13.75,16,10.9572684147531,12.2393446563514,1
256,1,13.75,16,12.2393446563514,12.3452767596635,1
256,1,13.75,16,12.3452767596635,12.9814658319791,1
256,1,13.75,16,12.9814658319791,13.7047790251138,1
256,1,13.75,16,13.7047790251138,13.75,0
257,1,13.75,17,0,0.716084288272152,1
257,1,13.75,17,0.716084288272152,1.46516603622445,1
257,1,13.75,17,1.46516603622445,4.12651932478633,1
257,1,13.75,17,4.12651932478633,5.46337033439458,1
257,1,13.75,17,5.46337033439458,6.09225523608397,1
257,1,13.75,17,6.09225523608397,8.91100451911062,1
257,1,13.75,17,8.91100451911062,10.7836912289845,1
257,1,13.75,17,10.7836912289845,10.9139088979695,1
257,1,13.75,17,10.9139088979695,11.7007041435538,1
257,1,13.75,17,11.7007041435538,11.7905993469839,1
257,1,13.75,17,11.7905993469839,11.8866189111586,1
257,1,13.75,17,11.8866189111586,12.2015328928992,1
257,1,13.75,17,12.2015328928992,12.456417606872,1
257,1,13.75,17,12.456417606872,12.9196302342037,1
257,1,13.75,17,12.9196302342037,13.0410542550923,1
257,1,13.75,17,13.0410542550923,13.1844078309738,1
257,1,13.75,17,13.1844078309738,13.4437646006775,1
257,1,13.75,17,13.4437646006775,13.75,0
258,1,18.75,8,0,6.40949693794389,1
258,1,18.75,8,6.40949693794389,8.10128690528654,1
258,1,18.75,8,8.10128690528654,8.2009142146123,1
258,1,18.75,8,8.2009142146123,10.8042294492282,1
258,1,18.75,8,10.8042294492282,15.2061975540918,1
258,1,18.75,8,15.2061975540918,15.3025468390524,1
258,1,18.75,8,15.3025468390524,16.326640990955,1
258,1,18.75,8,16.326640990955,17.0700709135769,1
258,1,18.75,8,17.0700709135769,18.75,0
259,1,9.75,8,0,1.97257885614754,1
259,1,9.75,8,1.97257885614754,4.56591350066546,1
259,1,9.75,8,4.56591350066546,6.7759135284657,1
259,1,9.75,8,6.7759135284657,8.01108869716952,1
259,1,9.75,8,8.01108869716952,8.58689720458016,1
259,1,9.75,8,8.58689720458016,8.91805419485111,1
259,1,9.75,8,8.91805419485111,9.4272153159537,1
259,1,9.75,8,9.4272153159537,9.66322643328094,1
259,1,9.75,8,9.66322643328094,9.75,0
260,1,20.75,19,0,2.03048455419577,1
260,1,20.75,19,2.03048455419577,4.77766882933104,1
260,1,20.75,19,4.77766882933104,5.4972630147165,1
260,1,20.75,19,5.4972630147165,7.62373270949741,1
260,1,20.75,19,7.62373270949741,8.61776866179374,1
260,1,20.75,19,8.61776866179374,11.664559771126,1
260,1,20.75,19,11.664559771126,12.5968375728135,1
260,1,20.75,19,12.5968375728135,12.849038898657,1
260,1,20.75,19,12.849038898657,13.1841072299835,1
260,1,20.75,19,13.1841072299835,13.3551386304371,1
260,1,20.75,19,13.3551386304371,13.3902172588352,1
260,1,20.75,19,13.3902172588352,15.5252270174221,1
260,1,20.75,19,15.5252270174221,15.6590807767928,1
260,1,20.75,19,15.6590807767928,16.6543512918146,1
260,1,20.75,19,16.6543512918146,17.8765741326759,1
260,1,20.75,19,17.8765741326759,19.2737287220095,1
260,1,20.75,19,19.2737287220095,19.4385452850476,1
260,1,20.75,19,19.4385452850476,19.625892945039,1
260,1,20.75,19,19.625892945039,20.3577133940611,1
260,1,20.75,19,20.3577133940611,20.75,0
261,1,9.75,6,0,2.10376971782711,1
261,1,9.75,6,2.10376971782711,5.10236379083111,1
261,1,9.75,6,5.10236379083111,8.21971748172523,1
261,1,9.75,6,8.21971748172523,8.79613033991013,1
261,1,9.75,6,8.79613033991013,8.96185492790404,1
261,1,9.75,6,8.96185492790404,9.24830905433218,1
261,1,9.75,6,9.24830905433218,9.75,0
262,1,15.75,19,0,0.564844209643443,1
262,1,15.75,19,0.564844209643443,2.23629600849513,1
262,1,15.75,19,2.23629600849513,2.38768702755885,1
262,1,15.75,19,2.38768702755885,4.81258398471989,1
262,1,15.75,19,4.81258398471989,7.4152375498721,1
262,1,15.75,19,7.4152375498721,7.97830342815725,1
262,1,15.75,19,7.97830342815725,8.27168445173384,1
262,1,15.75,19,8.27168445173384,10.1002186082663,1
262,1,15.75,19,10.1002186082663,11.9178254425283,1
262,1,15.75,19,11.9178254425283,12.3390202233628,1
262,1,15.75,19,12.3390202233628,12.7501818133028,1
262,1,15.75,19,12.7501818133028,12.8175740223927,1
262,1,15.75,19,12.8175740223927,12.8339588065951,1
262,1,15.75,19,12.8339588065951,13.3281073050171,1
262,1,15.75,19,13.3281073050171,13.51897938154,1
262,1,15.75,19,13.51897938154,13.8812124087807,1
262,1,15.75,19,13.8812124087807,14.093711297399,1
262,1,15.75,19,14.093711297399,14.6174251753016,1
262,1,15.75,19,14.6174251753016,15.147988265578,1
262,1,15.75,19,15.147988265578,15.75,0
263,1,16.75,15,0,4.25288457594385,1
263,1,16.75,15,4.25288457594385,5.35765793095706,1
263,1,16.75,15,5.35765793095706,8.51579419044391,1
263,1,16.75,15,8.51579419044391,8.89689147677661,1
263,1,16.75,15,8.89689147677661,9.20541503650456,1
263,1,16.75,15,9.20541503650456,9.77672967349813,1
263,1,16.75,15,9.77672967349813,11.3441296560585,1
263,1,16.75,15,11.3441296560585,12.2865484156988,1
263,1,16.75,15,12.2865484156988,12.4526029887203,1
263,1,16.75,15,12.4526029887203,12.7666202053168,1
263,1,16.75,15,12.7666202053168,13.2391178396655,1
263,1,16.75,15,13.2391178396655,13.9784668606401,1
263,1,16.75,15,13.9784668606401,14.1661169070052,1
263,1,16.75,15,14.1661169070052,15.5940795308673,1
263,1,16.75,15,15.5940795308673,15.6604455099273,1
263,1,16.75,15,15.6604455099273,16.75,0
264,1,12.75,17,0,1.30541911399605,1
264,1,12.75,17,1.30541911399605,2.38120457189986,1
264,1,12.75,17,2.38120457189986,3.00753322461703,1
264,1,12.75,17,3.00753322461703,3.16556971688692,1
264,1,12.75,17,3.16556971688692,3.76672843404017,1
264,1,12.75,17,3.76672843404017,3.93335710067208,1
264,1,12.75,17,3.93335710067208,4.91973144719742,1
264,1,12.75,17,4.91973144719742,5.6128344415475,1
264,1,12.75,17,5.6128344415475,6.09707828223271,1
264,1,12.75,17,6.09707828223271,6.97214382323769,1
264,1,12.75,17,6.97214382323769,7.25954405241941,1
264,1,12.75,17,7.25954405241941,8.3420491141137,1
264,1,12.75,17,8.3420491141137,8.92582769156202,1
264,1,12.75,17,8.92582769156202,9.01329221344263,1
264,1,12.75,17,9.01329221344263,10.0805521004358,1
264,1,12.75,17,10.0805521004358,11.0706130229933,1
264,1,12.75,17,11.0706130229933,12.7190622573342,1
264,1,12.75,17,12.7190622573342,12.75,0
265,1,11.75,15,0,5.86180078728384,1
265,1,11.75,15,5.86180078728384,6.71542563673107,1
265,1,11.75,15,6.71542563673107,7.36257130687652,1
265,1,11.75,15,7.36257130687652,7.39274145210716,1
265,1,11.75,15,7.39274145210716,8.02107233038984,1
265,1,11.75,15,8.02107233038984,8.22020356829338,1
265,1,11.75,15,8.22020356829338,9.1217643877472,1
265,1,11.75,15,9.1217643877472,9.23247835538777,1
265,1,11.75,15,9.23247835538777,9.34019375063578,1
265,1,11.75,15,9.34019375063578,10.2470295267882,1
265,1,11.75,15,10.2470295267882,11.2760979289087,1
265,1,11.75,15,11.2760979289087,11.3244007165011,1
265,1,11.75,15,11.3244007165011,11.4304541713211,1
265,1,11.75,15,11.4304541713211,11.5063384511228,1
265,1,11.75,15,11.5063384511228,11.5129198652755,1
265,1,11.75,15,11.5129198652755,11.75,0
266,1,11.75,5,0,2.70982522222717,1
266,1,11.75,5,2.70982522222717,4.38854859776581,1
266,1,11.75,5,4.38854859776581,7.99972602646159,1
266,1,11.75,5,7.99972602646159,9.37788441871975,1
266,1,11.75,5,9.37788441871975,11.7038676472271,1
266,1,11.75,5,11.7038676472271,11.75,0
267,1,17.75,47,0,1.01077689638038,1
267,1,17.75,47,1.01077689638038,2.52134135962933,1
267,1,17.75,47,2.52134135962933,5.56036712244902,1
267,1,17.75,47,5.56036712244902,5.7773963502878,1
267,1,17.75,47,5.7773963502878,6.01634228451592,1
267,1,17.75,47,6.01634228451592,7.05874399001132,1
267,1,17.75,47,7.05874399001132,7.37814436977272,1
267,1,17.75,47,7.37814436977272,7.62556662358756,1
267,1,17.75,47,7.62556662358756,7.99696874700426,1
267,1,17.75,47,7.99696874700426,8.08417987869607,1
267,1,17.75,47,8.08417987869607,8.13483611214935,1
267,1,17.75,47,8.13483611214935,8.31262133177138,1
267,1,17.75,47,8.31262133177138,8.64639076941683,1
267,1,17.75,47,8.64639076941683,9.00600514304169,1
267,1,17.75,47,9.00600514304169,9.67035592477954,1
267,1,17.75,47,9.67035592477954,9.68968338503679,1
267,1,17.75,47,9.68968338503679,9.72245138399246,1
267,1,17.75,47,9.72245138399246,10.0107385932487,1
267,1,17.75,47,10.0107385932487,10.32752703092,1
267,1,17.75,47,10.32752703092,10.543824708129,1
267,1,17.75,47,10.543824708129,10.8643335083149,1
267,1,17.75,47,10.8643335083149,11.4724568775181,1
267,1,17.75,47,11.4724568775181,11.5658021905145,1
267,1,17.75,47,11.5658021905145,11.5864358886306,1
267,1,17.75,47,11.5864358886306,11.6707708406161,1
267,1,17.75,47,11.6707708406161,12.3145404284569,1
267,1,17.75,47,12.3145404284569,12.4753111131164,1
267,1,17.75,47,12.4753111131164,13.0089255433143,1
267,1,17.75,47,13.0089255433143,13.0531533519347,1
267,1,17.75,47,13.0531533519347,13.4932851662932,1
267,1,17.75,47,13.4932851662932,13.5859309403599,1
267,1,17.75,47,13.5859309403599,14.0247292356104,1
267,1,17.75,47,14.0247292356104,14.1665994079011,1
267,1,17.75,47,14.1665994079011,14.6503288978626,1
267,1,17.75,47,14.6503288978626,14.8245875747744,1
267,1,17.75,47,14.8245875747744,14.9836122105208,1
267,1,17.75,47,14.9836122105208,15.1874528260875,1
267,1,17.75,47,15.1874528260875,15.6491978977432,1
267,1,17.75,47,15.6491978977432,15.8899707116708,1
267,1,17.75,47,15.8899707116708,15.9699920473351,1
267,1,17.75,47,15.9699920473351,16.0025722433197,1
267,1,17.75,47,16.0025722433197,16.26606349629,1
267,1,17.75,47,16.26606349629,16.7524474308589,1
267,1,17.75,47,16.7524474308589,16.9199458150518,1
267,1,17.75,47,16.9199458150518,16.9454067662015,1
267,1,17.75,47,16.9454067662015,17.2025307957919,1
267,1,17.75,47,17.2025307957919,17.5319753627604,1
267,1,17.75,47,17.5319753627604,17.75,0
268,1,14.75,14,0,3.34156987507568,1
268,1,14.75,14,3.34156987507568,5.43737880884222,1
268,1,14.75,14,5.43737880884222,6.11159336152673,1
268,1,14.75,14,6.11159336152673,6.16178338957171,1
268,1,14.75,14,6.16178338957171,6.84610328213171,1
268,1,14.75,14,6.84610328213171,8.75255630891669,1
268,1,14.75,14,8.75255630891669,10.6922101174743,1
268,1,14.75,14,10.6922101174743,10.7518913397007,1
268,1,14.75,14,10.7518913397007,11.5676127083716,1
268,1,14.75,14,11.5676127083716,11.9452491405301,1
268,1,14.75,14,11.9452491405301,12.0825807843132,1
268,1,14.75,14,12.0825807843132,12.8099654349275,1
268,1,14.75,14,12.8099654349275,12.8346927338578,1
268,1,14.75,14,12.8346927338578,14.0824028154846,1
268,1,14.75,14,14.0824028154846,14.75,0
269,1,15.75,13,0,2.79206690133691,1
269,1,15.75,13,2.79206690133691,4.38574607226684,1
269,1,15.75,13,4.38574607226684,7.3050220819212,1
269,1,15.75,13,7.3050220819212,8.21958186854888,1
269,1,15.75,13,8.21958186854888,8.7254318985043,1
269,1,15.75,13,8.7254318985043,9.8272241937949,1
269,1,15.75,13,9.8272241937949,10.9356379932097,1
269,1,15.75,13,10.9356379932097,11.7710755229229,1
269,1,15.75,13,11.7710755229229,12.5963206169698,1
269,1,15.75,13,12.5963206169698,13.5208961431985,1
269,1,15.75,13,13.5208961431985,13.5657099256571,1
269,1,15.75,13,13.5657099256571,14.4713922235886,1
269,1,15.75,13,14.4713922235886,14.7777553286257,1
269,1,15.75,13,14.7777553286257,15.75,0
270,1,16.75,4,0,4.5211143444085,1
270,1,16.75,4,4.5211143444085,8.842134744938,1
270,1,16.75,4,8.842134744938,12.0473377922496,1
270,1,16.75,4,12.0473377922496,16.131982134023,1
270,1,16.75,4,16.131982134023,16.75,0
271,1,10.75,4,0,0.985392573385908,1
271,1,10.75,4,0.985392573385908,5.09549509394946,1
271,1,10.75,4,5.09549509394946,5.65356065348656,1
271,1,10.75,4,5.65356065348656,5.90662378529632,1
271,1,10.75,4,5.90662378529632,10.75,0
272,1,13.75,9,0,2.78334405674514,1
272,1,13.75,9,2.78334405674514,4.54905100669892,1
272,1,13.75,9,4.54905100669892,7.0427434935752,1
272,1,13.75,9,7.0427434935752,8.89922157856934,1
272,1,13.75,9,8.89922157856934,9.84763051248023,1
272,1,13.75,9,9.84763051248023,10.5233908283728,1
272,1,13.75,9,10.5233908283728,11.082206211471,1
272,1,13.75,9,11.082206211471,11.7127851096396,1
272,1,13.75,9,11.7127851096396,11.9920275702947,1
272,1,13.75,9,11.9920275702947,13.75,0
273,1,12.75,10,0,2.73882822222774,1
273,1,12.75,10,2.73882822222774,6.93637754177821,1
273,1,12.75,10,6.93637754177821,7.42900270315009,1
273,1,12.75,10,7.42900270315009,7.49450027527628,1
273,1,12.75,10,7.49450027527628,7.68951080544516,1
273,1,12.75,10,7.68951080544516,8.67627690252149,1
273,1,12.75,10,8.67627690252149,10.6610975995299,1
273,1,12.75,10,10.6610975995299,11.0563821074712,1
273,1,12.75,10,11.0563821074712,11.5804462485335,1
273,1,12.75,10,11.5804462485335,12.1914878868006,1
273,1,12.75,10,12.1914878868006,12.75,0
274,1,13.75,6,0,6.48344891854341,1
274,1,13.75,6,6.48344891854341,7.06075498746526,1
274,1,13.75,6,7.06075498746526,9.03171554210256,1
274,1,13.75,6,9.03171554210256,9.4034453819734,1
274,1,13.75,6,9.4034453819734,11.8915879668383,1
274,1,13.75,6,11.8915879668383,13.2127300128271,1
274,1,13.75,6,13.2127300128271,13.75,0
275,1,13.75,29,0,2.05352292759684,1
275,1,13.75,29,2.05352292759684,3.11108425711898,1
275,1,13.75,29,3.11108425711898,3.88594402118103,1
275,1,13.75,29,3.88594402118103,4.16499212973568,1
275,1,13.75,29,4.16499212973568,4.70752448424283,1
275,1,13.75,29,4.70752448424283,5.50746951293944,1
275,1,13.75,29,5.50746951293944,5.6421258017945,1
275,1,13.75,29,5.6421258017945,7.03876959675081,1
275,1,13.75,29,7.03876959675081,7.14060694614234,1
275,1,13.75,29,7.14060694614234,7.19413999515179,1
275,1,13.75,29,7.19413999515179,7.19958015379335,1
275,1,13.75,29,7.19958015379335,7.47647003048648,1
275,1,13.75,29,7.47647003048648,8.29992641546602,1
275,1,13.75,29,8.29992641546602,8.50763173571503,1
275,1,13.75,29,8.50763173571503,9.3191106664074,1
275,1,13.75,29,9.3191106664074,9.41824134241817,1
275,1,13.75,29,9.41824134241817,9.78985598240903,1
275,1,13.75,29,9.78985598240903,9.93997506251479,1
275,1,13.75,29,9.93997506251479,9.94704858548148,1
275,1,13.75,29,9.94704858548148,12.020827868729,1
275,1,13.75,29,12.020827868729,12.2385568835455,1
275,1,13.75,29,12.2385568835455,12.5692747192042,1
275,1,13.75,29,12.5692747192042,12.6983610674094,1
275,1,13.75,29,12.6983610674094,13.1303049749081,1
275,1,13.75,29,13.1303049749081,13.1352641479435,1
275,1,13.75,29,13.1352641479435,13.1899084637943,1
275,1,13.75,29,13.1899084637943,13.2734169192467,1
275,1,13.75,29,13.2734169192467,13.4378672176259,1
275,1,13.75,29,13.4378672176259,13.572520699181,1
275,1,13.75,29,13.572520699181,13.75,0
276,1,12.75,7,0,0.690333312698504,1
276,1,12.75,7,0.690333312698504,4.56911135182405,1
276,1,12.75,7,4.56911135182405,7.09625042800397,1
276,1,12.75,7,7.09625042800397,9.957653030312,1
276,1,12.75,7,9.957653030312,10.8047740652461,1
276,1,12.75,7,10.8047740652461,11.8588822958646,1
276,1,12.75,7,11.8588822958646,12.2361354011288,1
276,1,12.75,7,12.2361354011288,12.75,0
277,1,11.75,9,0,2.92701102724072,1
277,1,11.75,9,2.92701102724072,4.64696905843002,1
277,1,11.75,9,4.64696905843002,6.17466842702602,1
277,1,11.75,9,6.17466842702602,6.55351040947045,1
277,1,11.75,9,6.55351040947045,10.2336530475894,1
277,1,11.75,9,10.2336530475894,10.424923425372,1
277,1,11.75,9,10.424923425372,10.619218848126,1
277,1,11.75,9,10.619218848126,10.8445809548507,1
277,1,11.75,9,10.8445809548507,11.7350872278264,1
277,1,11.75,9,11.7350872278264,11.75,0
278,1,20.75,44,0,4.34945064261112,1
278,1,20.75,44,4.34945064261112,6.52632620962401,1
278,1,20.75,44,6.52632620962401,7.2980142480422,1
278,1,20.75,44,7.2980142480422,7.77235231467403,1
278,1,20.75,44,7.77235231467403,8.47706507959519,1
278,1,20.75,44,8.47706507959519,8.79623904564565,1
278,1,20.75,44,8.79623904564565,8.9694225871466,1
278,1,20.75,44,8.9694225871466,8.97882358147086,1
278,1,20.75,44,8.97882358147086,9.01343186184516,1
278,1,20.75,44,9.01343186184516,9.09392012829519,1
278,1,20.75,44,9.09392012829519,9.34020960036036,1
278,1,20.75,44,9.34020960036036,9.62835584955624,1
278,1,20.75,44,9.62835584955624,11.1900584077952,1
278,1,20.75,44,11.1900584077952,11.2026461915589,1
278,1,20.75,44,11.2026461915589,11.2494997227985,1
278,1,20.75,44,11.2494997227985,11.5397895058932,1
278,1,20.75,44,11.5397895058932,12.0362886491195,1
278,1,20.75,44,12.0362886491195,12.0762791002198,1
278,1,20.75,44,12.0762791002198,12.8228681809047,1
278,1,20.75,44,12.8228681809047,12.8490853009416,1
278,1,20.75,44,12.8490853009416,13.3826355023916,1
278,1,20.75,44,13.3826355023916,13.9825748956071,1
278,1,20.75,44,13.9825748956071,14.5913310077305,1
278,1,20.75,44,14.5913310077305,14.8176010000528,1
278,1,20.75,44,14.8176010000528,15.1191485800967,1
278,1,20.75,44,15.1191485800967,15.573974229217,1
278,1,20.75,44,15.573974229217,15.805340789162,1
278,1,20.75,44,15.805340789162,16.2739653614951,1
278,1,20.75,44,16.2739653614951,16.2865429204629,1
278,1,20.75,44,16.2865429204629,16.7392288756687,1
278,1,20.75,44,16.7392288756687,16.9454978771807,1
278,1,20.75,44,16.9454978771807,17.367222854553,1
278,1,20.75,44,17.367222854553,17.6950259663572,1
278,1,20.75,44,17.6950259663572,18.168885976664,1
278,1,20.75,44,18.168885976664,18.1897815931849,1
278,1,20.75,44,18.1897815931849,18.2467869884465,1
278,1,20.75,44,18.2467869884465,18.5809902420499,1
278,1,20.75,44,18.5809902420499,18.720526260369,1
278,1,20.75,44,18.720526260369,19.3073596354126,1
278,1,20.75,44,19.3073596354126,19.6488699889659,1
278,1,20.75,44,19.6488699889659,19.8838311806208,1
278,1,20.75,44,19.8838311806208,19.940203682878,1
278,1,20.75,44,19.940203682878,20.0921851393467,1
278,1,20.75,44,20.0921851393467,20.5222749309232,1
278,1,20.75,44,20.5222749309232,20.75,0
279,1,18.75,16,0,3.93208234973412,1
279,1,18.75,16,3.93208234973412,4.10081082386865,1
279,1,18.75,16,4.10081082386865,4.53172972519779,1
279,1,18.75,16,4.53172972519779,7.32098293351347,1
279,1,18.75,16,7.32098293351347,9.90678559047743,1
279,1,18.75,16,9.90678559047743,10.0630506976607,1
279,1,18.75,16,10.0630506976607,10.7179442928864,1
279,1,18.75,16,10.7179442928864,11.9920747230406,1
279,1,18.75,16,11.9920747230406,12.8074546503486,1
279,1,18.75,16,12.8074546503486,13.0852923326228,1
279,1,18.75,16,13.0852923326228,13.2711311929203,1
279,1,18.75,16,13.2711311929203,16.2818880929342,1
279,1,18.75,16,16.2818880929342,16.57746446447,1
279,1,18.75,16,16.57746446447,17.3401687957166,1
279,1,18.75,16,17.3401687957166,17.4226703262194,1
279,1,18.75,16,17.4226703262194,17.9565714635261,1
279,1,18.75,16,17.9565714635261,18.75,0
280,1,8.75,7,0,3.20864465349542,1
280,1,8.75,7,3.20864465349542,3.44977404559238,1
280,1,8.75,7,3.44977404559238,3.97420187577083,1
280,1,8.75,7,3.97420187577083,6.52773337950191,1
280,1,8.75,7,6.52773337950191,7.57007780663514,1
280,1,8.75,7,7.57007780663514,7.82203891801095,1
280,1,8.75,7,7.82203891801095,8.6900799027143,1
280,1,8.75,7,8.6900799027143,8.75,0
281,1,9.75,9,0,2.34214066868082,1
281,1,9.75,9,2.34214066868082,4.97611703121181,1
281,1,9.75,9,4.97611703121181,6.00809155529029,1
281,1,9.75,9,6.00809155529029,7.29378393104519,1
281,1,9.75,9,7.29378393104519,8.03041592157689,1
281,1,9.75,9,8.03041592157689,8.27038675481802,1
281,1,9.75,9,8.27038675481802,8.43297875831691,1
281,1,9.75,9,8.43297875831691,8.67702934198961,1
281,1,9.75,9,8.67702934198961,9.4756686175813,1
281,1,9.75,9,9.4756686175813,9.75,0
282,1,13.75,11,0,1.70218499330208,1
282,1,13.75,11,1.70218499330208,4.65998170279139,1
282,1,13.75,11,4.65998170279139,5.91110169565968,1
282,1,13.75,11,5.91110169565968,6.79576316554082,1
282,1,13.75,11,6.79576316554082,7.3275568744329,1
282,1,13.75,11,7.3275568744329,9.38715580221631,1
282,1,13.75,11,9.38715580221631,9.73572703087408,1
282,1,13.75,11,9.73572703087408,11.4020571687839,1
282,1,13.75,11,11.4020571687839,12.9537021498978,1
282,1,13.75,11,12.9537021498978,13.4607036084025,1
282,1,13.75,11,13.4607036084025,13.5801621065313,1
282,1,13.75,11,13.5801621065313,13.75,0
283,1,18.75,32,0,5.03779146741909,1
283,1,18.75,32,5.03779146741909,5.43567246965534,1
283,1,18.75,32,5.43567246965534,6.0444523901784,1
283,1,18.75,32,6.0444523901784,7.81246536985746,1
283,1,18.75,32,7.81246536985746,8.08973893450458,1
283,1,18.75,32,8.08973893450458,9.80648401242362,1
283,1,18.75,32,9.80648401242362,9.90125569009391,1
283,1,18.75,32,9.90125569009391,11.7013707980972,1
283,1,18.75,32,11.7013707980972,11.7292634932126,1
283,1,18.75,32,11.7292634932126,12.6717137944089,1
283,1,18.75,32,12.6717137944089,12.9578513420655,1
283,1,18.75,32,12.9578513420655,13.9110837009398,1
283,1,18.75,32,13.9110837009398,14.3620798365623,1
283,1,18.75,32,14.3620798365623,14.3839954009137,1
283,1,18.75,32,14.3839954009137,14.3969208482028,1
283,1,18.75,32,14.3969208482028,14.4442924387246,1
283,1,18.75,32,14.4442924387246,14.7771692386717,1
283,1,18.75,32,14.7771692386717,15.0585648428429,1
283,1,18.75,32,15.0585648428429,15.2711583359808,1
283,1,18.75,32,15.2711583359808,15.6886445491318,1
283,1,18.75,32,15.6886445491318,15.861781920976,1
283,1,18.75,32,15.861781920976,16.1540173529598,1
283,1,18.75,32,16.1540173529598,16.1612256059032,1
283,1,18.75,32,16.1612256059032,16.3502424568028,1
283,1,18.75,32,16.3502424568028,16.5173460304469,1
283,1,18.75,32,16.5173460304469,16.6873916790463,1
283,1,18.75,32,16.6873916790463,17.7598848337027,1
283,1,18.75,32,17.7598848337027,17.8075875419583,1
283,1,18.75,32,17.8075875419583,17.9017027289624,1
283,1,18.75,32,17.9017027289624,17.912283679147,1
283,1,18.75,32,17.912283679147,18.6061690869101,1
283,1,18.75,32,18.6061690869101,18.7270941032845,1
283,1,18.75,32,18.7270941032845,18.75,0
284,1,16.75,10,0,5.3649819316694,1
284,1,16.75,10,5.3649819316694,5.6247701199758,1
284,1,16.75,10,5.6247701199758,8.16359168629065,1
284,1,16.75,10,8.16359168629065,8.76318017357955,1
284,1,16.75,10,8.76318017357955,9.33079502505246,1
284,1,16.75,10,9.33079502505246,10.2357904203154,1
284,1,16.75,10,10.2357904203154,12.1231594980762,1
284,1,16.75,10,12.1231594980762,12.2306421115786,1
284,1,16.75,10,12.2306421115786,13.3978665960334,1
284,1,16.75,10,13.3978665960334,14.5876835266924,1
284,1,16.75,10,14.5876835266924,16.75,0
285,1,9.75,17,0,0.809626110329927,1
285,1,9.75,17,0.809626110329927,2.19007841075583,1
285,1,9.75,17,2.19007841075583,3.40673446922457,1
285,1,9.75,17,3.40673446922457,4.05987755875918,1
285,1,9.75,17,4.05987755875918,5.24147100626982,1
285,1,9.75,17,5.24147100626982,5.60540181461749,1
285,1,9.75,17,5.60540181461749,5.9584696094274,1
285,1,9.75,17,5.9584696094274,6.56822470210203,1
285,1,9.75,17,6.56822470210203,6.72633914796254,1
285,1,9.75,17,6.72633914796254,7.03483373385085,1
285,1,9.75,17,7.03483373385085,7.1690006148895,1
285,1,9.75,17,7.1690006148895,7.64258443730997,1
285,1,9.75,17,7.64258443730997,8.12043212382862,1
285,1,9.75,17,8.12043212382862,8.57670752380824,1
285,1,9.75,17,8.57670752380824,8.61306573284333,1
285,1,9.75,17,8.61306573284333,8.93242737471193,1
285,1,9.75,17,8.93242737471193,9.27057009471331,1
285,1,9.75,17,9.27057009471331,9.75,0
286,1,8.75,7,0,1.95301659132309,1
286,1,8.75,7,1.95301659132309,3.54114420921539,1
286,1,8.75,7,3.54114420921539,3.86226030552101,1
286,1,8.75,7,3.86226030552101,6.94165925496392,1
286,1,8.75,7,6.94165925496392,7.37554273687643,1
286,1,8.75,7,7.37554273687643,7.68933334135434,1
286,1,8.75,7,7.68933334135434,8.09648726359839,1
286,1,8.75,7,8.09648726359839,8.75,0
287,1,8.75,8,0,0.571379335071739,1
287,1,8.75,8,0.571379335071739,2.38048819237095,1
287,1,8.75,8,2.38048819237095,5.82534807172451,1
287,1,8.75,8,5.82534807172451,6.84649841672417,1
287,1,8.75,8,6.84649841672417,7.09650053322,1
287,1,8.75,8,7.09650053322,7.85017625214944,1
287,1,8.75,8,7.85017625214944,8.28208052102924,1
287,1,8.75,8,8.28208052102924,8.42753151310553,1
287,1,8.75,8,8.42753151310553,8.75,0
288,1,16.75,8,0,6.05735626212636,1
288,1,16.75,8,6.05735626212636,6.68918178211206,1
288,1,16.75,8,6.68918178211206,7.517390795429,1
288,1,16.75,8,7.517390795429,9.42911751686169,1
288,1,16.75,8,9.42911751686169,10.089284005186,1
288,1,16.75,8,10.089284005186,14.0293276072945,1
288,1,16.75,8,14.0293276072945,14.1810777908543,1
288,1,16.75,8,14.1810777908543,15.565184169708,1
288,1,16.75,8,15.565184169708,16.75,0
289,1,13.75,9,0,3.36109758211655,1
289,1,13.75,9,3.36109758211655,7.56392586584507,1
289,1,13.75,9,7.56392586584507,8.30504910229738,1
289,1,13.75,9,8.30504910229738,9.49853393903885,1
289,1,13.75,9,9.49853393903885,9.84442949309566,1
289,1,13.75,9,9.84442949309566,10.8531270463629,1
289,1,13.75,9,10.8531270463629,12.7680052823178,1
289,1,13.75,9,12.7680052823178,13.3649502283712,1
289,1,13.75,9,13.3649502283712,13.6219544724052,1
289,1,13.75,9,13.6219544724052,13.75,0
290,1,16.75,30,0,1.49522856836323,1
290,1,16.75,30,1.49522856836323,2.18804365377976,1
290,1,16.75,30,2.18804365377976,2.69412902281349,1
290,1,16.75,30,2.69412902281349,2.81657250038156,1
290,1,16.75,30,2.81657250038156,2.83165077194552,1
290,1,16.75,30,2.83165077194552,4.32681325200155,1
290,1,16.75,30,4.32681325200155,5.24166298882013,1
290,1,16.75,30,5.24166298882013,6.12999741215617,1
290,1,16.75,30,6.12999741215617,6.37028547446163,1
290,1,16.75,30,6.37028547446163,8.33866840053841,1
290,1,16.75,30,8.33866840053841,8.75909068522335,1
290,1,16.75,30,8.75909068522335,8.79811291337831,1
290,1,16.75,30,8.79811291337831,9.02487106672683,1
290,1,16.75,30,9.02487106672683,10.3753896341227,1
290,1,16.75,30,10.3753896341227,12.3206347360815,1
290,1,16.75,30,12.3206347360815,12.5912964363781,1
290,1,16.75,30,12.5912964363781,12.8186116940086,1
290,1,16.75,30,12.8186116940086,13.1708549491549,1
290,1,16.75,30,13.1708549491549,13.1804522895581,1
290,1,16.75,30,13.1804522895581,13.4837168022734,1
290,1,16.75,30,13.4837168022734,13.4895962069016,1
290,1,16.75,30,13.4895962069016,13.8466441838794,1
290,1,16.75,30,13.8466441838794,13.9574766128314,1
290,1,16.75,30,13.9574766128314,14.661877581968,1
290,1,16.75,30,14.661877581968,14.676681337391,1
290,1,16.75,30,14.676681337391,14.9307637558872,1
290,1,16.75,30,14.9307637558872,15.1768868736794,1
290,1,16.75,30,15.1768868736794,15.2620771083187,1
290,1,16.75,30,15.2620771083187,15.2684131916798,1
290,1,16.75,30,15.2684131916798,16.2024538829476,1
290,1,16.75,30,16.2024538829476,16.75,0
291,1,8.75,3,0,2.17539843840155,1
291,1,8.75,3,2.17539843840155,5.17723854119571,1
291,1,8.75,3,5.17723854119571,7.42910840546018,1
291,1,8.75,3,7.42910840546018,8.75,0
292,1,11.75,12,0,2.67323556382559,1
292,1,11.75,12,2.67323556382559,6.46727027533704,1
292,1,11.75,12,6.46727027533704,7.40145219317694,1
292,1,11.75,12,7.40145219317694,7.64884065459932,1
292,1,11.75,12,7.64884065459932,7.8241284138186,1
292,1,11.75,12,7.8241284138186,7.91048245991671,1
292,1,11.75,12,7.91048245991671,8.56604193373539,1
292,1,11.75,12,8.56604193373539,10.1235296857119,1
292,1,11.75,12,10.1235296857119,10.5358706995144,1
292,1,11.75,12,10.5358706995144,10.567479024078,1
292,1,11.75,12,10.567479024078,11.313155128173,1
292,1,11.75,12,11.313155128173,11.6242290333448,1
292,1,11.75,12,11.6242290333448,11.75,0
293,1,8.75,4,0,2.70256998825147,1
293,1,8.75,4,2.70256998825147,2.88273992112065,1
293,1,8.75,4,2.88273992112065,5.44587089140209,1
293,1,8.75,4,5.44587089140209,6.78865837701254,1
293,1,8.75,4,6.78865837701254,8.75,0
294,1,8.75,7,0,4.60853367394077,1
294,1,8.75,7,4.60853367394077,5.44108406619964,1
294,1,8.75,7,5.44108406619964,5.61155448588916,1
294,1,8.75,7,5.61155448588916,6.38671575287794,1
294,1,8.75,7,6.38671575287794,6.99697592571948,1
294,1,8.75,7,6.99697592571948,7.21451523957601,1
294,1,8.75,7,7.21451523957601,8.64132630626203,1
294,1,8.75,7,8.64132630626203,8.75,0
295,1,15.75,12,0,3.02243763502004,1
295,1,15.75,12,3.02243763502004,7.30835500307168,1
295,1,15.75,12,7.30835500307168,8.83747374844033,1
295,1,15.75,12,8.83747374844033,10.0788758950098,1
295,1,15.75,12,10.0788758950098,10.7378922011085,1
295,1,15.75,12,10.7378922011085,11.6438958727262,1
295,1,15.75,12,11.6438958727262,12.0212870472391,1
295,1,15.75,12,12.0212870472391,12.1707411489045,1
295,1,15.75,12,12.1707411489045,13.3311833500145,1
295,1,15.75,12,13.3311833500145,13.4466760215546,1
295,1,15.75,12,13.4466760215546,14.3390105008328,1
295,1,15.75,12,14.3390105008328,15.3278893830063,1
295,1,15.75,12,15.3278893830063,15.75,0
296,1,14.75,22,0,0.324841203118307,1
296,1,14.75,22,0.324841203118307,3.21749130647324,1
296,1,14.75,22,3.21749130647324,3.37381549768191,1
296,1,14.75,22,3.37381549768191,3.38917525452544,1
296,1,14.75,22,3.38917525452544,5.42834108566097,1
296,1,14.75,22,5.42834108566097,6.09590841314603,1
296,1,14.75,22,6.09590841314603,9.07672368113761,1
296,1,14.75,22,9.07672368113761,9.58293403483431,1
296,1,14.75,22,9.58293403483431,9.74199337902966,1
296,1,14.75,22,9.74199337902966,10.2144656258075,1
296,1,14.75,22,10.2144656258075,10.6267820627328,1
296,1,14.75,22,10.6267820627328,11.3392436268334,1
296,1,14.75,22,11.3392436268334,11.3510175452478,1
296,1,14.75,22,11.3510175452478,12.3121479461128,1
296,1,14.75,22,12.3121479461128,12.3215262520645,1
296,1,14.75,22,12.3215262520645,12.9219457083362,1
296,1,14.75,22,12.9219457083362,12.9601672962205,1
296,1,14.75,22,12.9601672962205,13.2517888570794,1
296,1,14.75,22,13.2517888570794,14.1513232402775,1
296,1,14.75,22,14.1513232402775,14.2961442465781,1
296,1,14.75,22,14.2961442465781,14.3248648675686,1
296,1,14.75,22,14.3248648675686,14.5316186216035,1
296,1,14.75,22,14.5316186216035,14.75,0
297,1,12.75,17,0,3.25375202826,1
297,1,12.75,17,3.25375202826,3.29189830454031,1
297,1,12.75,17,3.29189830454031,5.16609618659703,1
297,1,12.75,17,5.16609618659703,5.61146295506031,1
297,1,12.75,17,5.61146295506031,6.50291553793807,1
297,1,12.75,17,6.50291553793807,6.6622053054688,1
297,1,12.75,17,6.6622053054688,7.37310913794048,1
297,1,12.75,17,7.37310913794048,7.40163502416751,1
297,1,12.75,17,7.40163502416751,7.92932392528456,1
297,1,12.75,17,7.92932392528456,8.13441037869969,1
297,1,12.75,17,8.13441037869969,8.92688562553467,1
297,1,12.75,17,8.92688562553467,9.11346352706654,1
297,1,12.75,17,9.11346352706654,9.95960071422638,1
297,1,12.75,17,9.95960071422638,10.217449930084,1
297,1,12.75,17,10.217449930084,10.453377776757,1
297,1,12.75,17,10.453377776757,12.5271225215568,1
297,1,12.75,17,12.5271225215568,12.5631855257509,1
297,1,12.75,17,12.5631855257509,12.75,0
298,1,12.75,13,0,2.89115552017412,1
298,1,12.75,13,2.89115552017412,5.38017873915708,1
298,1,12.75,13,5.38017873915708,7.52728600490807,1
298,1,12.75,13,7.52728600490807,7.73743983013022,1
298,1,12.75,13,7.73743983013022,8.53230077849611,1
298,1,12.75,13,8.53230077849611,9.34212538394109,1
298,1,12.75,13,9.34212538394109,9.53568014987644,1
298,1,12.75,13,9.53568014987644,9.62116906243585,1
298,1,12.75,13,9.62116906243585,11.0176925342939,1
298,1,12.75,13,11.0176925342939,12.0989535175639,1
298,1,12.75,13,12.0989535175639,12.5259764465607,1
298,1,12.75,13,12.5259764465607,12.6009769034197,1
298,1,12.75,13,12.6009769034197,12.6479801562559,1
298,1,12.75,13,12.6479801562559,12.75,0
299,1,18.75,9,0,7.00778518490353,1
299,1,18.75,9,7.00778518490353,8.99510713009548,1
299,1,18.75,9,8.99510713009548,12.0947656596518,1
299,1,18.75,9,12.0947656596518,12.3033554470264,1
299,1,18.75,9,12.3033554470264,12.5100118449413,1
299,1,18.75,9,12.5100118449413,15.8342369322141,1
299,1,18.75,9,15.8342369322141,16.7190831040454,1
299,1,18.75,9,16.7190831040454,16.9648096148064,1
299,1,18.75,9,16.9648096148064,17.6850094248077,1
299,1,18.75,9,17.6850094248077,18.75,0
300,1,17.75,15,0,1.74379334764112,1
300,1,17.75,15,1.74379334764112,3.72996105569335,1
300,1,17.75,15,3.72996105569335,6.66368750593577,1
300,1,17.75,15,6.66368750593577,7.23597533675422,1
300,1,17.75,15,7.23597533675422,7.36140153945863,1
300,1,17.75,15,7.36140153945863,8.4616669367573,1
300,1,17.75,15,8.4616669367573,8.58488399236169,1
300,1,17.75,15,8.58488399236169,10.370500267329,1
300,1,17.75,15,10.370500267329,11.0502874365152,1
300,1,17.75,15,11.0502874365152,11.4186270318092,1
300,1,17.75,15,11.4186270318092,13.7337425887512,1
300,1,17.75,15,13.7337425887512,16.1717451964942,1
300,1,17.75,15,16.1717451964942,16.4953768204597,1
300,1,17.75,15,16.4953768204597,16.7064451026825,1
300,1,17.75,15,16.7064451026825,16.8695261157787,1
300,1,17.75,15,16.8695261157787,17.75,0
301,0,14.75,3,0,3.42924106972239,1
301,0,14.75,3,3.42924106972239,8.18456595006611,1
301,0,14.75,3,8.18456595006611,11.4014433602426,1
301,0,14.75,3,11.4014433602426,14.75,0
302,0,13.75,16,0,2.73836328121542,1
302,0,13.75,16,2.73836328121542,3.52650651100517,1
302,0,13.75,16,3.52650651100517,3.60723491212304,1
302,0,13.75,16,3.60723491212304,7.12808665407495,1
302,0,13.75,16,7.12808665407495,7.22763469976271,1
302,0,13.75,16,7.22763469976271,7.62857014932429,1
302,0,13.75,16,7.62857014932429,8.19280973900013,1
302,0,13.75,16,8.19280973900013,8.33727642242362,1
302,0,13.75,16,8.33727642242362,8.54317129159081,1
302,0,13.75,16,8.54317129159081,8.78109737395763,1
302,0,13.75,16,8.78109737395763,9.55165605806175,1
302,0,13.75,16,9.55165605806175,10.6943109793791,1
302,0,13.75,16,10.6943109793791,11.34631398114,1
302,0,13.75,16,11.34631398114,11.5106377245169,1
302,0,13.75,16,11.5106377245169,12.8154239554292,1
302,0,13.75,16,12.8154239554292,13.069788484876,1
302,0,13.75,16,13.069788484876,13.75,0
303,0,11.75,12,0,1.3651640260899,1
303,0,11.75,12,1.3651640260899,5.89319937082512,1
303,0,11.75,12,5.89319937082512,6.84376254727973,1
303,0,11.75,12,6.84376254727973,7.05521415958284,1
303,0,11.75,12,7.05521415958284,7.6415698580048,1
303,0,11.75,12,7.6415698580048,8.62375399692563,1
303,0,11.75,12,8.62375399692563,8.74311358169149,1
303,0,11.75,12,8.74311358169149,9.58904161952631,1
303,0,11.75,12,9.58904161952631,10.7986594580045,1
303,0,11.75,12,10.7986594580045,10.9119728946278,1
303,0,11.75,12,10.9119728946278,11.2308003370783,1
303,0,11.75,12,11.2308003370783,11.5846972342858,1
303,0,11.75,12,11.5846972342858,11.75,0
304,0,14.75,7,0,3.72712351824817,1
304,0,14.75,7,3.72712351824817,7.99484505015648,1
304,0,14.75,7,7.99484505015648,9.21693608591726,1
304,0,14.75,7,9.21693608591726,13.0437789711893,1
304,0,14.75,7,13.0437789711893,13.7793317434223,1
304,0,14.75,7,13.7793317434223,14.0054503776705,1
304,0,14.75,7,14.0054503776705,14.7270868072623,1
304,0,14.75,7,14.7270868072623,14.75,0
305,0,13.75,7,0,5.98219975471623,1
305,0,13.75,7,5.98219975471623,6.81151170207772,1
305,0,13.75,7,6.81151170207772,7.21532462701581,1
305,0,13.75,7,7.21532462701581,10.4679828649275,1
305,0,13.75,7,10.4679828649275,10.7473468333994,1
305,0,13.75,7,10.7473468333994,11.9410769487928,1
305,0,13.75,7,11.9410769487928,12.9782263807777,1
305,0,13.75,7,12.9782263807777,13.75,0
306,0,10.75,4,0,7.25583150325001,1
306,0,10.75,4,7.25583150325001,7.74844654239419,1
306,0,10.75,4,7.74844654239419,9.31524915536236,1
306,0,10.75,4,9.31524915536236,9.40155832733401,1
306,0,10.75,4,9.40155832733401,10.75,0
307,0,11.75,12,0,4.19020405650558,1
307,0,11.75,12,4.19020405650558,4.75518126542432,1
307,0,11.75,12,4.75518126542432,5.56971155797512,1
307,0,11.75,12,5.56971155797512,6.97748731221241,1
307,0,11.75,12,6.97748731221241,7.60041163700569,1
307,0,11.75,12,7.60041163700569,8.15942525266536,1
307,0,11.75,12,8.15942525266536,9.49624528777554,1
307,0,11.75,12,9.49624528777554,10.1415267031698,1
307,0,11.75,12,10.1415267031698,10.1966005916768,1
307,0,11.75,12,10.1966005916768,10.3945275969448,1
307,0,11.75,12,10.3945275969448,11.1608521061172,1
307,0,11.75,12,11.1608521061172,11.3011904977912,1
307,0,11.75,12,11.3011904977912,11.75,0
308,0,11.75,5,0,6.84984101683697,1
308,0,11.75,5,6.84984101683697,7.50457806045635,1
308,0,11.75,5,7.50457806045635,8.02819249761889,1
308,0,11.75,5,8.02819249761889,8.57539011340184,1
308,0,11.75,5,8.57539011340184,11.2055414038573,1
308,0,11.75,5,11.2055414038573,11.75,0
309,0,16.75,5,0,7.46683893963859,1
309,0,16.75,5,7.46683893963859,10.1155836187494,1
309,0,16.75,5,10.1155836187494,10.5345559358876,1
309,0,16.75,5,10.5345559358876,10.983374159277,1
309,0,16.75,5,10.983374159277,16.7233440727987,1
309,0,16.75,5,16.7233440727987,16.75,0
310,0,16.75,7,0,5.68123408973216,1
310,0,16.75,7,5.68123408973216,8.54622556739741,1
310,0,16.75,7,8.54622556739741,10.0538553207088,1
310,0,16.75,7,10.0538553207088,10.93898252795,1
310,0,16.75,7,10.93898252795,13.3658788389453,1
310,0,16.75,7,13.3658788389453,14.3031471057689,1
310,0,16.75,7,14.3031471057689,15.7104861445389,1
310,0,16.75,7,15.7104861445389,16.75,0
311,0,8.75,2,0,3.62521814348769,1
311,0,8.75,2,3.62521814348769,4.46512823729248,1
311,0,8.75,2,4.46512823729248,8.75,0
312,0,17.75,21,0,2.5004365167165,1
312,0,17.75,21,2.5004365167165,4.5015612661255,1
312,0,17.75,21,4.5015612661255,4.66176728993095,1
312,0,17.75,21,4.66176728993095,5.27397015034484,1
312,0,17.75,21,5.27397015034484,6.44243067624336,1
312,0,17.75,21,6.44243067624336,6.70866692638585,1
312,0,17.75,21,6.70866692638585,7.41452113234882,1
312,0,17.75,21,7.41452113234882,8.55215710140245,1
312,0,17.75,21,8.55215710140245,9.70232859937258,1
312,0,17.75,21,9.70232859937258,11.4295048228243,1
312,0,17.75,21,11.4295048228243,12.7443491962515,1
312,0,17.75,21,12.7443491962515,13.8534462810995,1
312,0,17.75,21,13.8534462810995,14.9821062619852,1
312,0,17.75,21,14.9821062619852,15.2003585288553,1
312,0,17.75,21,15.2003585288553,15.4989238440078,1
312,0,17.75,21,15.4989238440078,15.5224343271912,1
312,0,17.75,21,15.5224343271912,15.7076268752252,1
312,0,17.75,21,15.7076268752252,16.11665988085,1
312,0,17.75,21,16.11665988085,16.2654960062514,1
312,0,17.75,21,16.2654960062514,16.2748701992584,1
312,0,17.75,21,16.2748701992584,17.4460729581707,1
312,0,17.75,21,17.4460729581707,17.75,0
313,0,16.75,9,0,5.72049364848811,1
313,0,16.75,9,5.72049364848811,5.81674527668915,1
313,0,16.75,9,5.81674527668915,8.85716528745781,1
313,0,16.75,9,8.85716528745781,10.20570783043,1
313,0,16.75,9,10.20570783043,10.8485011934764,1
313,0,16.75,9,10.8485011934764,11.1097382804386,1
313,0,16.75,9,11.1097382804386,11.3549048939246,1
313,0,16.75,9,11.3549048939246,12.6875319290542,1
313,0,16.75,9,12.6875319290542,16.6548884741623,1
313,0,16.75,9,16.6548884741623,16.75,0
314,0,18.75,17,0,3.80914509962234,1
314,0,18.75,17,3.80914509962234,4.80252708165778,1
314,0,18.75,17,4.80252708165778,6.41867414458151,1
314,0,18.75,17,6.41867414458151,7.63208898290806,1
314,0,18.75,17,7.63208898290806,9.34976244624361,1
314,0,18.75,17,9.34976244624361,9.38239364691162,1
314,0,18.75,17,9.38239364691162,12.7548011520806,1
314,0,18.75,17,12.7548011520806,13.2505789277005,1
314,0,18.75,17,13.2505789277005,13.4699274436615,1
314,0,18.75,17,13.4699274436615,14.770527382884,1
314,0,18.75,17,14.770527382884,15.1518065222874,1
314,0,18.75,17,15.1518065222874,15.9158191417784,1
314,0,18.75,17,15.9158191417784,16.7344980496271,1
314,0,18.75,17,16.7344980496271,17.0535032400337,1
314,0,18.75,17,17.0535032400337,17.9879085040871,1
314,0,18.75,17,17.9879085040871,18.156546882159,1
314,0,18.75,17,18.156546882159,18.3230982685017,1
314,0,18.75,17,18.3230982685017,18.75,0
315,0,8.75,4,0,5.61204123176306,1
315,0,8.75,4,5.61204123176306,6.42523191106344,1
315,0,8.75,4,6.42523191106344,6.45888824905895,1
315,0,8.75,4,6.45888824905895,8.33842102715396,1
315,0,8.75,4,8.33842102715396,8.75,0
316,0,11.75,5,0,5.39990384769991,1
316,0,11.75,5,5.39990384769991,7.21362406088616,1
316,0,11.75,5,7.21362406088616,10.183890018115,1
316,0,11.75,5,10.183890018115,10.3769085543441,1
316,0,11.75,5,10.3769085543441,11.4143492056965,1
316,0,11.75,5,11.4143492056965,11.75,0
317,0,14.75,2,0,3.76121391713514,1
317,0,14.75,2,3.76121391713514,11.9835829444409,1
317,0,14.75,2,11.9835829444409,14.75,0
318,0,10.75,5,0,5.39280734585534,1
318,0,10.75,5,5.39280734585534,5.92381143126283,1
318,0,10.75,5,5.92381143126283,7.24782293406321,1
318,0,10.75,5,7.24782293406321,7.37396244780441,1
318,0,10.75,5,7.37396244780441,9.52651718777138,1
318,0,10.75,5,9.52651718777138,10.75,0
319,0,13.75,24,0,0.346958311200706,1
319,0,13.75,24,0.346958311200706,2.78456367446072,1
319,0,13.75,24,2.78456367446072,4.77559709456086,1
319,0,13.75,24,4.77559709456086,5.25528605773531,1
319,0,13.75,24,5.25528605773531,5.61981450177789,1
319,0,13.75,24,5.61981450177789,5.81207764818256,1
319,0,13.75,24,5.81207764818256,6.03150168158498,1
319,0,13.75,24,6.03150168158498,6.43246800516109,1
319,0,13.75,24,6.43246800516109,7.05590835038256,1
319,0,13.75,24,7.05590835038256,7.4493054080125,1
319,0,13.75,24,7.4493054080125,10.7238623250768,1
319,0,13.75,24,10.7238623250768,11.2132286653645,1
319,0,13.75,24,11.2132286653645,11.2523603239032,1
319,0,13.75,24,11.2523603239032,11.3336623124522,1
319,0,13.75,24,11.3336623124522,11.9886679430765,1
319,0,13.75,24,11.9886679430765,12.0572595487764,1
319,0,13.75,24,12.0572595487764,12.1412413600551,1
319,0,13.75,24,12.1412413600551,12.5223814157104,1
319,0,13.75,24,12.5223814157104,12.5442309428147,1
319,0,13.75,24,12.5442309428147,13.1529417477922,1
319,0,13.75,24,13.1529417477922,13.3119746913402,1
319,0,13.75,24,13.3119746913402,13.3391667591055,1
319,0,13.75,24,13.3391667591055,13.6318526858489,1
319,0,13.75,24,13.6318526858489,13.6346442838365,1
319,0,13.75,24,13.6346442838365,13.75,0
320,0,15.75,19,0,3.38755190299378,1
320,0,15.75,19,3.38755190299378,5.33568723236173,1
320,0,15.75,19,5.33568723236173,7.32562495394195,1
320,0,15.75,19,7.32562495394195,7.55814489324303,1
320,0,15.75,19,7.55814489324303,7.59818500860819,1
320,0,15.75,19,7.59818500860819,7.80072408053142,1
320,0,15.75,19,7.80072408053142,9.05420257586455,1
320,0,15.75,19,9.05420257586455,9.53996042183078,1
320,0,15.75,19,9.53996042183078,10.093966471672,1
320,0,15.75,19,10.093966471672,10.442519404488,1
320,0,15.75,19,10.442519404488,11.1572113551895,1
320,0,15.75,19,11.1572113551895,11.2109736538386,1
320,0,15.75,19,11.2109736538386,13.4961742315452,1
320,0,15.75,19,13.4961742315452,13.995326789864,1
320,0,15.75,19,13.995326789864,14.0062690999307,1
320,0,15.75,19,14.0062690999307,14.2021468232788,1
320,0,15.75,19,14.2021468232788,14.5370761114755,1
320,0,15.75,19,14.5370761114755,15.0207852417712,1
320,0,15.75,19,15.0207852417712,15.7091804282572,1
320,0,15.75,19,15.7091804282572,15.75,0
321,0,12.75,14,0,2.68995839412601,1
321,0,12.75,14,2.68995839412601,3.7740313575831,1
321,0,12.75,14,3.7740313575831,3.88813313286609,1
321,0,12.75,14,3.88813313286609,4.47932785757927,1
321,0,12.75,14,4.47932785757927,4.54265003979503,1
321,0,12.75,14,4.54265003979503,6.5866476344888,1
321,0,12.75,14,6.5866476344888,7.78646338585312,1
321,0,12.75,14,7.78646338585312,9.37536292100779,1
321,0,12.75,14,9.37536292100779,9.73887169632147,1
321,0,12.75,14,9.73887169632147,10.450925860187,1
321,0,12.75,14,10.450925860187,11.0786989337333,1
321,0,12.75,14,11.0786989337333,11.1745807394235,1
321,0,12.75,14,11.1745807394235,12.171647262503,1
321,0,12.75,14,12.171647262503,12.3796109869788,1
321,0,12.75,14,12.3796109869788,12.75,0
322,0,17.75,11,0,9.3023323309239,1
322,0,17.75,11,9.3023323309239,9.74858616273684,1
322,0,17.75,11,9.74858616273684,11.9018614026037,1
322,0,17.75,11,11.9018614026037,13.3925060576359,1
322,0,17.75,11,13.3925060576359,15.8730784872856,1
322,0,17.75,11,15.8730784872856,16.0019645114301,1
322,0,17.75,11,16.0019645114301,16.3813103555159,1
322,0,17.75,11,16.3813103555159,16.6083880307052,1
322,0,17.75,11,16.6083880307052,16.6320641453312,1
322,0,17.75,11,16.6320641453312,16.8423648269112,1
322,0,17.75,11,16.8423648269112,17.4385865863503,1
322,0,17.75,11,17.4385865863503,17.75,0
323,0,17.75,14,0,2.98526542953335,1
323,0,17.75,14,2.98526542953335,3.89515065144387,1
323,0,17.75,14,3.89515065144387,7.80710357172975,1
323,0,17.75,14,7.80710357172975,8.9424176014087,1
323,0,17.75,14,8.9424176014087,8.9644150088637,1
323,0,17.75,14,8.9644150088637,11.352608751601,1
323,0,17.75,14,11.352608751601,11.6862724631364,1
323,0,17.75,14,11.6862724631364,13.0877678166284,1
323,0,17.75,14,13.0877678166284,15.0715670104427,1
323,0,17.75,14,15.0715670104427,15.5226714527663,1
323,0,17.75,14,15.5226714527663,15.6406589104267,1
323,0,17.75,14,15.6406589104267,16.5058255976247,1
323,0,17.75,14,16.5058255976247,16.9743656414988,1
323,0,17.75,14,16.9743656414988,17.1460105643313,1
323,0,17.75,14,17.1460105643313,17.75,0
324,0,18.75,22,0,6.52094660706253,1
324,0,18.75,22,6.52094660706253,7.63667439757484,1
324,0,18.75,22,7.63667439757484,8.06029991710045,1
324,0,18.75,22,8.06029991710045,8.34102356819003,1
324,0,18.75,22,8.34102356819003,9.96166830119035,1
324,0,18.75,22,9.96166830119035,11.1723103797889,1
324,0,18.75,22,11.1723103797889,11.2687485643633,1
324,0,18.75,22,11.2687485643633,11.3399315739183,1
324,0,18.75,22,11.3399315739183,12.006149149214,1
324,0,18.75,22,12.006149149214,12.5542090181887,1
324,0,18.75,22,12.5542090181887,12.9907934611606,1
324,0,18.75,22,12.9907934611606,13.3821420387763,1
324,0,18.75,22,13.3821420387763,15.2050627383589,1
324,0,18.75,22,15.2050627383589,15.4149977468984,1
324,0,18.75,22,15.4149977468984,15.4431030706128,1
324,0,18.75,22,15.4431030706128,15.8256296213547,1
324,0,18.75,22,15.8256296213547,16.0157223325672,1
324,0,18.75,22,16.0157223325672,16.3321283956276,1
324,0,18.75,22,16.3321283956276,16.4434003261909,1
324,0,18.75,22,16.4434003261909,16.6975332382201,1
324,0,18.75,22,16.6975332382201,16.9598731919912,1
324,0,18.75,22,16.9598731919912,18.2698957881603,1
324,0,18.75,22,18.2698957881603,18.75,0
325,0,16.75,14,0,3.8128291411126,1
325,0,16.75,14,3.8128291411126,5.03507252204751,1
325,0,16.75,14,5.03507252204751,6.78544559688733,1
325,0,16.75,14,6.78544559688733,7.41476508706535,1
325,0,16.75,14,7.41476508706535,10.4653566346762,1
325,0,16.75,14,10.4653566346762,11.2225358699061,1
325,0,16.75,14,11.2225358699061,11.9063163486776,1
325,0,16.75,14,11.9063163486776,11.957594872716,1
325,0,16.75,14,11.957594872716,12.3600774724391,1
325,0,16.75,14,12.3600774724391,13.394358454521,1
325,0,16.75,14,13.394358454521,15.4447361979656,1
325,0,16.75,14,15.4447361979656,16.2342770013755,1
325,0,16.75,14,16.2342770013755,16.3622224313088,1
325,0,16.75,14,16.3622224313088,16.5016035083253,1
325,0,16.75,14,16.5016035083253,16.75,0
326,0,14.75,8,0,5.67559462263913,1
326,0,14.75,8,5.67559462263913,7.23392753080518,1
326,0,14.75,8,7.23392753080518,11.9598216084258,1
326,0,14.75,8,11.9598216084258,12.3627605683157,1
326,0,14.75,8,12.3627605683157,12.9674852093226,1
326,0,14.75,8,12.9674852093226,13.0474263083755,1
326,0,14.75,8,13.0474263083755,13.6924471726495,1
326,0,14.75,8,13.6924471726495,13.871232481298,1
326,0,14.75,8,13.871232481298,14.75,0
327,0,8.75,1,0,7.98412376509773,1
327,0,8.75,1,7.98412376509773,8.75,0
328,0,11.75,6,0,5.67425051415205,1
328,0,11.75,6,5.67425051415205,8.26930985309019,1
328,0,11.75,6,8.26930985309019,8.50393622200557,1
328,0,11.75,6,8.50393622200557,8.83790238944411,1
328,0,11.75,6,8.83790238944411,9.42896772572951,1
328,0,11.75,6,9.42896772572951,10.7592493384577,1
328,0,11.75,6,10.7592493384577,11.75,0
329,0,14.75,10,0,1.74072023469468,1
329,0,14.75,10,1.74072023469468,3.64317792336362,1
329,0,14.75,10,3.64317792336362,5.54321936526862,1
329,0,14.75,10,5.54321936526862,7.9940568021139,1
329,0,14.75,10,7.9940568021139,10.2058397890675,1
329,0,14.75,10,10.2058397890675,10.995645044541,1
329,0,14.75,10,10.995645044541,11.3408406271201,1
329,0,14.75,10,11.3408406271201,11.6546383832918,1
329,0,14.75,10,11.6546383832918,12.6016127316219,1
329,0,14.75,10,12.6016127316219,13.6911458928583,1
329,0,14.75,10,13.6911458928583,14.75,0
330,0,14.75,5,0,1.73755951891838,1
330,0,14.75,5,1.73755951891838,6.78694620699915,1
330,0,14.75,5,6.78694620699915,6.83880908036551,1
330,0,14.75,5,6.83880908036551,12.8634331563855,1
330,0,14.75,5,12.8634331563855,14.4864907575698,1
330,0,14.75,5,14.4864907575698,14.75,0
331,0,16.75,25,0,3.12431015786395,1
331,0,16.75,25,3.12431015786395,3.53728449343733,1
331,0,16.75,25,3.53728449343733,3.73361509181134,1
331,0,16.75,25,3.73361509181134,4.1540071584326,1
331,0,16.75,25,4.1540071584326,5.15982954129771,1
331,0,16.75,25,5.15982954129771,6.51424677496586,1
331,0,16.75,25,6.51424677496586,7.03905365545756,1
331,0,16.75,25,7.03905365545756,7.47668299385614,1
331,0,16.75,25,7.47668299385614,7.72186365620075,1
331,0,16.75,25,7.72186365620075,8.86350668793355,1
331,0,16.75,25,8.86350668793355,9.52927394425759,1
331,0,16.75,25,9.52927394425759,10.4497241189214,1
331,0,16.75,25,10.4497241189214,10.9827525245236,1
331,0,16.75,25,10.9827525245236,11.2159861794222,1
331,0,16.75,25,11.2159861794222,11.5124534544261,1
331,0,16.75,25,11.5124534544261,11.9241555820765,1
331,0,16.75,25,11.9241555820765,12.1762580056878,1
331,0,16.75,25,12.1762580056878,12.7721342113329,1
331,0,16.75,25,12.7721342113329,12.800224026337,1
331,0,16.75,25,12.800224026337,13.213758125939,1
331,0,16.75,25,13.213758125939,13.858374238611,1
331,0,16.75,25,13.858374238611,14.8343343791931,1
331,0,16.75,25,14.8343343791931,14.9138834986382,1
331,0,16.75,25,14.9138834986382,15.1478324227351,1
331,0,16.75,25,15.1478324227351,15.8461877000163,1
331,0,16.75,25,15.8461877000163,16.75,0
332,0,8.75,5,0,3.68498737568761,1
332,0,8.75,5,3.68498737568761,5.57076830222834,1
332,0,8.75,5,5.57076830222834,5.94572615399814,1
332,0,8.75,5,5.94572615399814,8.0736268566886,1
332,0,8.75,5,8.0736268566886,8.63852068496344,1
332,0,8.75,5,8.63852068496344,8.75,0
333,0,9.75,3,0,6.78378727035427,1
333,0,9.75,3,6.78378727035427,8.78093165407524,1
333,0,9.75,3,8.78093165407524,9.66640033927388,1
333,0,9.75,3,9.66640033927388,9.75,0
334,0,11.75,5,0,4.70617265555694,1
334,0,11.75,5,4.70617265555694,7.51043408341543,1
334,0,11.75,5,7.51043408341543,10.7294687212506,1
334,0,11.75,5,10.7294687212506,10.9844949028705,1
334,0,11.75,5,10.9844949028705,11.17579584567,1
334,0,11.75,5,11.17579584567,11.75,0
335,0,12.75,0,0,12.75,0
336,0,9.75,4,0,3.40508159556825,1
336,0,9.75,4,3.40508159556825,4.44383794285008,1
336,0,9.75,4,4.44383794285008,4.91280499978175,1
336,0,9.75,4,4.91280499978175,8.30583261022089,1
336,0,9.75,4,8.30583261022089,9.75,0
337,0,15.75,4,0,0.948105827090692,1
337,0,15.75,4,0.948105827090692,11.0749642229253,1
337,0,15.75,4,11.0749642229253,15.0187813393052,1
337,0,15.75,4,15.0187813393052,15.7035123706778,1
337,0,15.75,4,15.7035123706778,15.75,0
338,0,19.75,32,0,1.49110607853808,1
338,0,19.75,32,1.49110607853808,2.77692233243708,1
338,0,19.75,32,2.77692233243708,3.11299126430089,1
338,0,19.75,32,3.11299126430089,3.99343607396942,1
338,0,19.75,32,3.99343607396942,4.98167954074587,1
338,0,19.75,32,4.98167954074587,5.5161210111959,1
338,0,19.75,32,5.5161210111959,6.32179077403366,1
338,0,19.75,32,6.32179077403366,6.90576908032956,1
338,0,19.75,32,6.90576908032956,7.84782604864438,1
338,0,19.75,32,7.84782604864438,8.74509559046911,1
338,0,19.75,32,8.74509559046911,9.55779258161705,1
338,0,19.75,32,9.55779258161705,11.5832689768555,1
338,0,19.75,32,11.5832689768555,13.2375837128563,1
338,0,19.75,32,13.2375837128563,13.5510697499087,1
338,0,19.75,32,13.5510697499087,14.1082962039325,1
338,0,19.75,32,14.1082962039325,15.5266588309645,1
338,0,19.75,32,15.5266588309645,15.5804256036016,1
338,0,19.75,32,15.5804256036016,15.7055671954422,1
338,0,19.75,32,15.7055671954422,15.8088847062467,1
338,0,19.75,32,15.8088847062467,16.0606435211898,1
338,0,19.75,32,16.0606435211898,16.0611478156766,1
338,0,19.75,32,16.0611478156766,16.2158275588326,1
338,0,19.75,32,16.2158275588326,17.2615222996221,1
338,0,19.75,32,17.2615222996221,17.2981165130934,1
338,0,19.75,32,17.2981165130934,17.5027129438345,1
338,0,19.75,32,17.5027129438345,18.1870316148302,1
338,0,19.75,32,18.1870316148302,18.940057590642,1
338,0,19.75,32,18.940057590642,19.2685401765933,1
338,0,19.75,32,19.2685401765933,19.3722334637375,1
338,0,19.75,32,19.3722334637375,19.5225247909312,1
338,0,19.75,32,19.5225247909312,19.5577583221991,1
338,0,19.75,32,19.5577583221991,19.6258602676726,1
338,0,19.75,32,19.6258602676726,19.75,0
339,0,17.75,31,0,1.14351353442243,1
339,0,17.75,31,1.14351353442243,3.74184154042904,1
339,0,17.75,31,3.74184154042904,3.84095449462013,1
339,0,17.75,31,3.84095449462013,3.87444076597061,1
339,0,17.75,31,3.87444076597061,6.65647073996866,1
339,0,17.75,31,6.65647073996866,7.28884254112295,1
339,0,17.75,31,7.28884254112295,7.61968071249268,1
339,0,17.75,31,7.61968071249268,7.64358489345338,1
339,0,17.75,31,7.64358489345338,8.0094275677832,1
339,0,17.75,31,8.0094275677832,8.97742821563549,1
339,0,17.75,31,8.97742821563549,9.14867165395858,1
339,0,17.75,31,9.14867165395858,9.76660991500255,1
339,0,17.75,31,9.76660991500255,10.7521778196228,1
339,0,17.75,31,10.7521778196228,11.8397619555095,1
339,0,17.75,31,11.8397619555095,11.9304280216119,1
339,0,17.75,31,11.9304280216119,12.2075201436024,1
339,0,17.75,31,12.2075201436024,12.4707729917767,1
339,0,17.75,31,12.4707729917767,13.9518756156233,1
339,0,17.75,31,13.9518756156233,14.2638208012633,1
339,0,17.75,31,14.2638208012633,14.3081118990265,1
339,0,17.75,31,14.3081118990265,14.3181313960524,1
339,0,17.75,31,14.3181313960524,15.4027473932802,1
339,0,17.75,31,15.4027473932802,15.4890495928004,1
339,0,17.75,31,15.4890495928004,15.6768763392998,1
339,0,17.75,31,15.6768763392998,16.2187148311067,1
339,0,17.75,31,16.2187148311067,16.3682703268985,1
339,0,17.75,31,16.3682703268985,16.4774747290908,1
339,0,17.75,31,16.4774747290908,16.84779823525,1
339,0,17.75,31,16.84779823525,16.8545285440899,1
339,0,17.75,31,16.8545285440899,17.4483200095411,1
339,0,17.75,31,17.4483200095411,17.4976074689802,1
339,0,17.75,31,17.4976074689802,17.75,0
340,0,13.75,4,0,4.08386641251533,1
340,0,13.75,4,4.08386641251533,6.74103936289867,1
340,0,13.75,4,6.74103936289867,10.164592776657,1
340,0,13.75,4,10.164592776657,12.9008051403315,1
340,0,13.75,4,12.9008051403315,13.75,0
341,0,13.75,3,0,5.47432215981634,1
341,0,13.75,3,5.47432215981634,5.93247507765484,1
341,0,13.75,3,5.93247507765484,9.30264846083996,1
341,0,13.75,3,9.30264846083996,13.75,0
342,0,14.75,4,0,8.87034845637672,1
342,0,14.75,4,8.87034845637672,9.24617635264504,1
342,0,14.75,4,9.24617635264504,11.0845233701412,1
342,0,14.75,4,11.0845233701412,14.2312855325146,1
342,0,14.75,4,14.2312855325146,14.75,0
343,0,9.75,7,0,3.02252338139385,1
343,0,9.75,7,3.02252338139385,5.56988298187133,1
343,0,9.75,7,5.56988298187133,5.87006729941875,1
343,0,9.75,7,5.87006729941875,6.5394141211081,1
343,0,9.75,7,6.5394141211081,8.11893993408484,1
343,0,9.75,7,8.11893993408484,9.03288749683877,1
343,0,9.75,7,9.03288749683877,9.63981648800473,1
343,0,9.75,7,9.63981648800473,9.75,0
344,0,18.75,23,0,5.69947687800774,1
344,0,18.75,23,5.69947687800774,5.81591923084606,1
344,0,18.75,23,5.81591923084606,7.08297850119066,1
344,0,18.75,23,7.08297850119066,7.4201576851255,1
344,0,18.75,23,7.4201576851255,7.55612582071981,1
344,0,18.75,23,7.55612582071981,8.14271624592815,1
344,0,18.75,23,8.14271624592815,8.5125356688699,1
344,0,18.75,23,8.5125356688699,10.1661863581834,1
344,0,18.75,23,10.1661863581834,10.2215731431233,1
344,0,18.75,23,10.2215731431233,10.642357221987,1
344,0,18.75,23,10.642357221987,10.8706717238335,1
344,0,18.75,23,10.8706717238335,11.8077489259729,1
344,0,18.75,23,11.8077489259729,12.1425338553742,1
344,0,18.75,23,12.1425338553742,12.6033596887142,1
344,0,18.75,23,12.6033596887142,13.1169022984484,1
344,0,18.75,23,13.1169022984484,13.2420403181547,1
344,0,18.75,23,13.2420403181547,16.8072391192016,1
344,0,18.75,23,16.8072391192016,17.1173859284316,1
344,0,18.75,23,17.1173859284316,17.6897847332511,1
344,0,18.75,23,17.6897847332511,17.7263569133539,1
344,0,18.75,23,17.7263569133539,17.8561846216275,1
344,0,18.75,23,17.8561846216275,17.9338541013113,1
344,0,18.75,23,17.9338541013113,18.4809422635142,1
344,0,18.75,23,18.4809422635142,18.75,0
345,0,15.75,6,0,2.07328351882416,1
345,0,15.75,6,2.07328351882416,10.1360765582115,1
345,0,15.75,6,10.1360765582115,12.2703846580641,1
345,0,15.75,6,12.2703846580641,14.4416232067818,1
345,0,15.75,6,14.4416232067818,15.0897856013481,1
345,0,15.75,6,15.0897856013481,15.6977031822557,1
345,0,15.75,6,15.6977031822557,15.75,0
346,0,18.75,14,0,1.99324990562778,1
346,0,18.75,14,1.99324990562778,4.43694211427501,1
346,0,18.75,14,4.43694211427501,8.53714922197994,1
346,0,18.75,14,8.53714922197994,10.8724739117172,1
346,0,18.75,14,10.8724739117172,10.94163357352,1
346,0,18.75,14,10.94163357352,14.3527706526173,1
346,0,18.75,14,14.3527706526173,14.7167414734883,1
346,0,18.75,14,14.7167414734883,15.6288850849988,1
346,0,18.75,14,15.6288850849988,16.4493668472181,1
346,0,18.75,14,16.4493668472181,16.6446821354542,1
346,0,18.75,14,16.6446821354542,16.6984744694291,1
346,0,18.75,14,16.6984744694291,17.4863273075432,1
346,0,18.75,14,17.4863273075432,18.3680393920786,1
346,0,18.75,14,18.3680393920786,18.4468908119357,1
346,0,18.75,14,18.4468908119357,18.75,0
347,0,18.75,10,0,2.64150982367093,1
347,0,18.75,10,2.64150982367093,5.14523074073367,1
347,0,18.75,10,5.14523074073367,7.92099809155218,1
347,0,18.75,10,7.92099809155218,8.49587835644408,1
347,0,18.75,10,8.49587835644408,13.5357899111594,1
347,0,18.75,10,13.5357899111594,15.189680321592,1
347,0,18.75,10,15.189680321592,15.3011921356746,1
347,0,18.75,10,15.3011921356746,16.1158300639067,1
347,0,18.75,10,16.1158300639067,17.0283535013992,1
347,0,18.75,10,17.0283535013992,17.6780897823062,1
347,0,18.75,10,17.6780897823062,18.75,0
348,0,16.75,8,0,6.2160705009416,1
348,0,16.75,8,6.2160705009416,6.91166673388221,1
348,0,16.75,8,6.91166673388221,8.26683088204388,1
348,0,16.75,8,8.26683088204388,8.97955205944654,1
348,0,16.75,8,8.97955205944654,13.9820738725981,1
348,0,16.75,8,13.9820738725981,14.0724827604248,1
348,0,16.75,8,14.0724827604248,15.3780012328418,1
348,0,16.75,8,15.3780012328418,15.9276091849247,1
348,0,16.75,8,15.9276091849247,16.75,0
349,0,11.75,3,0,6.01396204564573,1
349,0,11.75,3,6.01396204564573,8.07836332197367,1
349,0,11.75,3,8.07836332197367,11.5708858245218,1
349,0,11.75,3,11.5708858245218,11.75,0
350,0,19.75,8,0,4.71778092536611,1
350,0,19.75,8,4.71778092536611,6.18195356773973,1
350,0,19.75,8,6.18195356773973,8.73854220159406,1
350,0,19.75,8,8.73854220159406,11.2131145397006,1
350,0,19.75,8,11.2131145397006,11.8269086609565,1
350,0,19.75,8,11.8269086609565,11.8476429083173,1
350,0,19.75,8,11.8476429083173,15.2977448381682,1
350,0,19.75,8,15.2977448381682,16.3573583112218,1
350,0,19.75,8,16.3573583112218,19.75,0
351,0,18.75,24,0,2.23552613043289,1
351,0,18.75,24,2.23552613043289,9.9194067039392,1
351,0,18.75,24,9.9194067039392,10.4715895272219,1
351,0,18.75,24,10.4715895272219,11.0309283272102,1
351,0,18.75,24,11.0309283272102,11.5658514580615,1
351,0,18.75,24,11.5658514580615,11.8337389405885,1
351,0,18.75,24,11.8337389405885,12.3318880203709,1
351,0,18.75,24,12.3318880203709,13.4731090231688,1
351,0,18.75,24,13.4731090231688,13.7162275700559,1
351,0,18.75,24,13.7162275700559,13.8629708419586,1
351,0,18.75,24,13.8629708419586,14.6273396995689,1
351,0,18.75,24,14.6273396995689,14.7798050856602,1
351,0,18.75,24,14.7798050856602,14.9921750309765,1
351,0,18.75,24,14.9921750309765,15.5927909319924,1
351,0,18.75,24,15.5927909319924,15.9186533119376,1
351,0,18.75,24,15.9186533119376,16.4442370445473,1
351,0,18.75,24,16.4442370445473,16.5267735001387,1
351,0,18.75,24,16.5267735001387,16.9476663099135,1
351,0,18.75,24,16.9476663099135,16.9956104714112,1
351,0,18.75,24,16.9956104714112,17.0009226229046,1
351,0,18.75,24,17.0009226229046,18.1207432640595,1
351,0,18.75,24,18.1207432640595,18.3108171770887,1
351,0,18.75,24,18.3108171770887,18.412435103646,1
351,0,18.75,24,18.412435103646,18.6571168398889,1
351,0,18.75,24,18.6571168398889,18.75,0
352,0,18.75,12,0,6.42208187795549,1
352,0,18.75,12,6.42208187795549,10.3592917588271,1
352,0,18.75,12,10.3592917588271,11.5733951356611,1
352,0,18.75,12,11.5733951356611,12.5345426520083,1
352,0,18.75,12,12.5345426520083,13.7445757819863,1
352,0,18.75,12,13.7445757819863,14.6077129998105,1
352,0,18.75,12,14.6077129998105,15.5245940999655,1
352,0,18.75,12,15.5245940999655,15.8150946006896,1
352,0,18.75,12,15.8150946006896,16.507826965619,1
352,0,18.75,12,16.507826965619,17.215121262417,1
352,0,18.75,12,17.215121262417,17.6983496774029,1
352,0,18.75,12,17.6983496774029,18.2797537136181,1
352,0,18.75,12,18.2797537136181,18.75,0
353,0,8.75,8,0,1.49170568781537,1
353,0,8.75,8,1.49170568781537,1.96390618880517,1
353,0,8.75,8,1.96390618880517,4.8870062868629,1
353,0,8.75,8,4.8870062868629,5.0751896320936,1
353,0,8.75,8,5.0751896320936,5.19532193747521,1
353,0,8.75,8,5.19532193747521,6.99345866843425,1
353,0,8.75,8,6.99345866843425,7.45604451449861,1
353,0,8.75,8,7.45604451449861,7.47139177104804,1
353,0,8.75,8,7.47139177104804,8.75,0
354,0,16.75,29,0,4.37529862264954,1
354,0,16.75,29,4.37529862264954,6.76934458473643,1
354,0,16.75,29,6.76934458473643,6.92295823521082,1
354,0,16.75,29,6.92295823521082,8.15935887727754,1
354,0,16.75,29,8.15935887727754,8.29842914669571,1
354,0,16.75,29,8.29842914669571,9.2629497509021,1
354,0,16.75,29,9.2629497509021,9.41973021610153,1
354,0,16.75,29,9.41973021610153,10.2240340252795,1
354,0,16.75,29,10.2240340252795,10.6651033045492,1
354,0,16.75,29,10.6651033045492,10.7253630396483,1
354,0,16.75,29,10.7253630396483,10.8299007772685,1
354,0,16.75,29,10.8299007772685,11.0836735442823,1
354,0,16.75,29,11.0836735442823,11.5399926031451,1
354,0,16.75,29,11.5399926031451,11.9173563252022,1
354,0,16.75,29,11.9173563252022,12.2073808480055,1
354,0,16.75,29,12.2073808480055,12.3740850926102,1
354,0,16.75,29,12.3740850926102,12.7275494610132,1
354,0,16.75,29,12.7275494610132,12.9670117220289,1
354,0,16.75,29,12.9670117220289,13.1562321203127,1
354,0,16.75,29,13.1562321203127,13.4092777787821,1
354,0,16.75,29,13.4092777787821,13.7041232701983,1
354,0,16.75,29,13.7041232701983,14.6961196134152,1
354,0,16.75,29,14.6961196134152,14.797463025397,1
354,0,16.75,29,14.797463025397,15.3782881580259,1
354,0,16.75,29,15.3782881580259,16.0386938650311,1
354,0,16.75,29,16.0386938650311,16.2581075504112,1
354,0,16.75,29,16.2581075504112,16.2631138398122,1
354,0,16.75,29,16.2631138398122,16.405907926107,1
354,0,16.75,29,16.405907926107,16.6422509210061,1
354,0,16.75,29,16.6422509210061,16.75,0
355,0,11.75,12,0,2.6039382027143,1
355,0,11.75,12,2.6039382027143,4.18577660795295,1
355,0,11.75,12,4.18577660795295,4.72059442363542,1
355,0,11.75,12,4.72059442363542,5.61345616965972,1
355,0,11.75,12,5.61345616965972,7.42032810704752,1
355,0,11.75,12,7.42032810704752,8.49323257885593,1
355,0,11.75,12,8.49323257885593,8.58186334745767,1
355,0,11.75,12,8.58186334745767,9.36911774632885,1
355,0,11.75,12,9.36911774632885,9.69755611789808,1
355,0,11.75,12,9.69755611789808,9.75967276945884,1
355,0,11.75,12,9.75967276945884,10.3175570351081,1
355,0,11.75,12,10.3175570351081,10.4864733334187,1
355,0,11.75,12,10.4864733334187,11.75,0
356,0,16.75,12,0,1.58574239452298,1
356,0,16.75,12,1.58574239452298,1.90345186808083,1
356,0,16.75,12,1.90345186808083,5.02106332431057,1
356,0,16.75,12,5.02106332431057,5.84419088488871,1
356,0,16.75,12,5.84419088488871,8.08256308088757,1
356,0,16.75,12,8.08256308088757,9.27660392012056,1
356,0,16.75,12,9.27660392012056,9.70290255394769,1
356,0,16.75,12,9.70290255394769,10.4290121503936,1
356,0,16.75,12,10.4290121503936,14.0724665902357,1
356,0,16.75,12,14.0724665902357,15.0365061542415,1
356,0,16.75,12,15.0365061542415,15.7256685020065,1
356,0,16.75,12,15.7256685020065,16.4413721111817,1
356,0,16.75,12,16.4413721111817,16.75,0
357,0,14.75,9,0,3.01982652200941,1
357,0,14.75,9,3.01982652200941,5.23571459461248,1
357,0,14.75,9,5.23571459461248,5.7232422131587,1
357,0,14.75,9,5.7232422131587,7.8532892584972,1
357,0,14.75,9,7.8532892584972,10.768072641498,1
357,0,14.75,9,10.768072641498,11.6934146403089,1
357,0,14.75,9,11.6934146403089,13.3672841608177,1
357,0,14.75,9,13.3672841608177,13.5215974276082,1
357,0,14.75,9,13.5215974276082,14.5228340901072,1
357,0,14.75,9,14.5228340901072,14.75,0
358,0,16.75,13,0,3.74166633756478,1
358,0,16.75,13,3.74166633756478,4.92104512173392,1
358,0,16.75,13,4.92104512173392,5.67379470288322,1
358,0,16.75,13,5.67379470288322,7.20719434656609,1
358,0,16.75,13,7.20719434656609,9.13374509103029,1
358,0,16.75,13,9.13374509103029,9.90277438573331,1
358,0,16.75,13,9.90277438573331,10.2408836709,1
358,0,16.75,13,10.2408836709,11.8646547305897,1
358,0,16.75,13,11.8646547305897,12.2418355655598,1
358,0,16.75,13,12.2418355655598,13.1222777020111,1
358,0,16.75,13,13.1222777020111,14.6302878418624,1
358,0,16.75,13,14.6302878418624,16.4681152794514,1
358,0,16.75,13,16.4681152794514,16.646784724347,1
358,0,16.75,13,16.646784724347,16.75,0
359,0,14.75,7,0,6.01600601078295,1
359,0,14.75,7,6.01600601078295,8.36584020591343,1
359,0,14.75,7,8.36584020591343,9.95181913618688,1
359,0,14.75,7,9.95181913618688,10.0978657426115,1
359,0,14.75,7,10.0978657426115,10.466926581128,1
359,0,14.75,7,10.466926581128,12.9666310201698,1
359,0,14.75,7,12.9666310201698,14.7252063052273,1
359,0,14.75,7,14.7252063052273,14.75,0
360,0,13.75,10,0,2.37741975019801,1
360,0,13.75,10,2.37741975019801,5.53684704084006,1
360,0,13.75,10,5.53684704084006,6.39559224698003,1
360,0,13.75,10,6.39559224698003,7.6934793051248,1
360,0,13.75,10,7.6934793051248,8.76989043832893,1
360,0,13.75,10,8.76989043832893,9.55118235832485,1
360,0,13.75,10,9.55118235832485,9.67372286200187,1
360,0,13.75,10,9.67372286200187,10.4284018904731,1
360,0,13.75,10,10.4284018904731,10.547243433985,1
360,0,13.75,10,10.547243433985,11.9347883741745,1
360,0,13.75,10,11.9347883741745,13.75,0
361,0,12.75,10,0,5.66647019186739,1
361,0,12.75,10,5.66647019186739,6.41840410363984,1
361,0,12.75,10,6.41840410363984,7.65217518643624,1
361,0,12.75,10,7.65217518643624,8.65382235866548,1
361,0,12.75,10,8.65382235866548,10.2506345270872,1
361,0,12.75,10,10.2506345270872,10.6287357870481,1
361,0,12.75,10,10.6287357870481,10.8463414625235,1
361,0,12.75,10,10.8463414625235,11.3741062061644,1
361,0,12.75,10,11.3741062061644,11.5446198175049,1
361,0,12.75,10,11.5446198175049,11.6645075076362,1
361,0,12.75,10,11.6645075076362,12.75,0
362,0,19.75,27,0,4.78077456001654,1
362,0,19.75,27,4.78077456001654,5.47983392327454,1
362,0,19.75,27,5.47983392327454,6.40446603595684,1
362,0,19.75,27,6.40446603595684,6.91527584305327,1
362,0,19.75,27,6.91527584305327,6.92504282006036,1
362,0,19.75,27,6.92504282006036,7.15182046307763,1
362,0,19.75,27,7.15182046307763,8.67550592777931,1
362,0,19.75,27,8.67550592777931,8.74768867163898,1
362,0,19.75,27,8.74768867163898,8.78564597376229,1
362,0,19.75,27,8.78564597376229,9.30867443401284,1
362,0,19.75,27,9.30867443401284,9.62908704470653,1
362,0,19.75,27,9.62908704470653,10.5048660109792,1
362,0,19.75,27,10.5048660109792,11.1928928862158,1
362,0,19.75,27,11.1928928862158,11.3644377067967,1
362,0,19.75,27,11.3644377067967,11.5244252441872,1
362,0,19.75,27,11.5244252441872,12.5890917816141,1
362,0,19.75,27,12.5890917816141,13.3722495162783,1
362,0,19.75,27,13.3722495162783,13.4666451275665,1
362,0,19.75,27,13.4666451275665,14.741802480094,1
362,0,19.75,27,14.741802480094,14.9230674823117,1
362,0,19.75,27,14.9230674823117,15.1438995519644,1
362,0,19.75,27,15.1438995519644,15.5842691770374,1
362,0,19.75,27,15.5842691770374,16.1167019660788,1
362,0,19.75,27,16.1167019660788,16.6035420041405,1
362,0,19.75,27,16.6035420041405,16.6517734579064,1
362,0,19.75,27,16.6517734579064,16.7289557999833,1
362,0,19.75,27,16.7289557999833,17.7106828809808,1
362,0,19.75,27,17.7106828809808,19.75,0
363,0,18.75,10,0,8.43891431578899,1
363,0,18.75,10,8.43891431578899,11.771238804154,1
363,0,18.75,10,11.771238804154,12.4398020261323,1
363,0,18.75,10,12.4398020261323,13.09382762631,1
363,0,18.75,10,13.09382762631,13.5367643174244,1
363,0,18.75,10,13.5367643174244,15.3745382994034,1
363,0,18.75,10,15.3745382994034,15.466841615978,1
363,0,18.75,10,15.466841615978,15.8746058321701,1
363,0,18.75,10,15.8746058321701,16.7838574934484,1
363,0,18.75,10,16.7838574934484,18.0684485889008,1
363,0,18.75,10,18.0684485889008,18.75,0
364,0,10.75,6,0,1.41238761898701,1
364,0,10.75,6,1.41238761898701,4.25532119094414,1
364,0,10.75,6,4.25532119094414,4.67340854029165,1
364,0,10.75,6,4.67340854029165,7.85478745420995,1
364,0,10.75,6,7.85478745420995,9.4563885007104,1
364,0,10.75,6,9.4563885007104,10.3202681397858,1
364,0,10.75,6,10.3202681397858,10.75,0
365,0,8.75,2,0,5.75989895724447,1
365,0,8.75,2,5.75989895724447,8.14328199288525,1
365,0,8.75,2,8.14328199288525,8.75,0
366,0,14.75,10,0,1.7852683664884,1
366,0,14.75,10,1.7852683664884,5.46943110182889,1
366,0,14.75,10,5.46943110182889,9.69730040076193,1
366,0,14.75,10,9.69730040076193,9.99204504196768,1
366,0,14.75,10,9.99204504196768,11.0181522018302,1
366,0,14.75,10,11.0181522018302,12.0051915494453,1
366,0,14.75,10,12.0051915494453,12.1956470580362,1
366,0,14.75,10,12.1956470580362,13.2950675960131,1
366,0,14.75,10,13.2950675960131,13.8102675980197,1
366,0,14.75,10,13.8102675980197,13.879267577331,1
366,0,14.75,10,13.879267577331,14.75,0
367,0,19.75,17,0,5.35914683629326,1
367,0,19.75,17,5.35914683629326,6.10321705963523,1
367,0,19.75,17,6.10321705963523,6.96992859308248,1
367,0,19.75,17,6.96992859308248,7.59812969022479,1
367,0,19.75,17,7.59812969022479,8.80530745470317,1
367,0,19.75,17,8.80530745470317,10.0065574717566,1
367,0,19.75,17,10.0065574717566,10.0122072438566,1
367,0,19.75,17,10.0122072438566,13.1003004108918,1
367,0,19.75,17,13.1003004108918,13.1022015320369,1
367,0,19.75,17,13.1022015320369,14.5086003439265,1
367,0,19.75,17,14.5086003439265,15.6229517679351,1
367,0,19.75,17,15.6229517679351,16.9434442367871,1
367,0,19.75,17,16.9434442367871,18.3310776483559,1
367,0,19.75,17,18.3310776483559,18.3691277180533,1
367,0,19.75,17,18.3691277180533,18.6997154425842,1
367,0,19.75,17,18.6997154425842,19.1946599485153,1
367,0,19.75,17,19.1946599485153,19.6207149331658,1
367,0,19.75,17,19.6207149331658,19.75,0
368,0,14.75,8,0,7.33698328192788,1
368,0,14.75,8,7.33698328192788,10.8634709323733,1
368,0,14.75,8,10.8634709323733,11.5874110701012,1
368,0,14.75,8,11.5874110701012,12.7674444335249,1
368,0,14.75,8,12.7674444335249,13.9278046727165,1
368,0,14.75,8,13.9278046727165,13.9529486053047,1
368,0,14.75,8,13.9529486053047,14.0633846866946,1
368,0,14.75,8,14.0633846866946,14.541624632427,1
368,0,14.75,8,14.541624632427,14.75,0
369,0,14.75,12,0,3.25262144945836,1
369,0,14.75,12,3.25262144945836,4.57032262475469,1
369,0,14.75,12,4.57032262475469,7.2315523369278,1
369,0,14.75,12,7.2315523369278,9.3806715362256,1
369,0,14.75,12,9.3806715362256,9.72679129904518,1
369,0,14.75,12,9.72679129904518,11.457096134425,1
369,0,14.75,12,11.457096134425,12.7111740148504,1
369,0,14.75,12,12.7111740148504,13.1013543233058,1
369,0,14.75,12,13.1013543233058,14.177017262703,1
369,0,14.75,12,14.177017262703,14.5144579102211,1
369,0,14.75,12,14.5144579102211,14.6221911643265,1
369,0,14.75,12,14.6221911643265,14.6596697209236,1
369,0,14.75,12,14.6596697209236,14.75,0
370,0,14.75,10,0,4.22720588173575,1
370,0,14.75,10,4.22720588173575,5.9937545693514,1
370,0,14.75,10,5.9937545693514,7.59463568641331,1
370,0,14.75,10,7.59463568641331,9.44038313551025,1
370,0,14.75,10,9.44038313551025,9.71833431607519,1
370,0,14.75,10,9.71833431607519,12.9090313129441,1
370,0,14.75,10,12.9090313129441,13.2949521197307,1
370,0,14.75,10,13.2949521197307,13.9134141392223,1
370,0,14.75,10,13.9134141392223,14.3635815669405,1
370,0,14.75,10,14.3635815669405,14.4664845821942,1
370,0,14.75,10,14.4664845821942,14.75,0
371,0,13.75,4,0,6.02379439387289,1
371,0,13.75,4,6.02379439387289,8.60680661097846,1
371,0,13.75,4,8.60680661097846,10.3494988864098,1
371,0,13.75,4,10.3494988864098,12.7272702752482,1
371,0,13.75,4,12.7272702752482,13.75,0
372,0,11.75,10,0,3.40694637589391,1
372,0,11.75,10,3.40694637589391,6.68256883623627,1
372,0,11.75,10,6.68256883623627,7.24793720162887,1
372,0,11.75,10,7.24793720162887,8.52955857997417,1
372,0,11.75,10,8.52955857997417,8.69272687169137,1
372,0,11.75,10,8.69272687169137,9.7414574876142,1
372,0,11.75,10,9.7414574876142,9.90607411759752,1
372,0,11.75,10,9.90607411759752,10.1572122898258,1
372,0,11.75,10,10.1572122898258,10.4464890747597,1
372,0,11.75,10,10.4464890747597,11.1646321389945,1
372,0,11.75,10,11.1646321389945,11.75,0
373,0,10.75,6,0,4.8441732672457,1
373,0,10.75,6,4.8441732672457,6.64348318912719,1
373,0,10.75,6,6.64348318912719,8.89753029278972,1
373,0,10.75,6,8.89753029278972,10.1197286090754,1
373,0,10.75,6,10.1197286090754,10.375417384733,1
373,0,10.75,6,10.375417384733,10.6127124563422,1
373,0,10.75,6,10.6127124563422,10.75,0
374,0,10.75,3,0,5.49496978625939,1
374,0,10.75,3,5.49496978625939,8.37300463595836,1
374,0,10.75,3,8.37300463595836,10.4639557014228,1
374,0,10.75,3,10.4639557014228,10.75,0
375,0,16.75,12,0,6.34773900659768,1
375,0,16.75,12,6.34773900659768,6.42913563964087,1
375,0,16.75,12,6.42913563964087,9.28881518583718,1
375,0,16.75,12,9.28881518583718,11.8510654710106,1
375,0,16.75,12,11.8510654710106,13.6393528672042,1
375,0,16.75,12,13.6393528672042,13.7007255164335,1
375,0,16.75,12,13.7007255164335,13.7080383133262,1
375,0,16.75,12,13.7080383133262,14.3653674449663,1
375,0,16.75,12,14.3653674449663,14.6705097168951,1
375,0,16.75,12,14.6705097168951,14.8931181396633,1
375,0,16.75,12,14.8931181396633,15.4285930983197,1
375,0,16.75,12,15.4285930983197,15.9526221826969,1
375,0,16.75,12,15.9526221826969,16.75,0
376,0,15.75,23,0,1.06578579921512,1
376,0,15.75,23,1.06578579921512,1.31418319464933,1
376,0,15.75,23,1.31418319464933,4.01006337196955,1
376,0,15.75,23,4.01006337196955,5.88864302366799,1
376,0,15.75,23,5.88864302366799,7.38728927057566,1
376,0,15.75,23,7.38728927057566,7.59160384515134,1
376,0,15.75,23,7.59160384515134,7.75172852771957,1
376,0,15.75,23,7.75172852771957,7.95946061964672,1
376,0,15.75,23,7.95946061964672,8.2707291357495,1
376,0,15.75,23,8.2707291357495,8.56786347521523,1
376,0,15.75,23,8.56786347521523,8.58153413972394,1
376,0,15.75,23,8.58153413972394,9.83133569502511,1
376,0,15.75,23,9.83133569502511,10.3718348186698,1
376,0,15.75,23,10.3718348186698,10.3754498943488,1
376,0,15.75,23,10.3754498943488,10.4419260324621,1
376,0,15.75,23,10.4419260324621,11.5232063736931,1
376,0,15.75,23,11.5232063736931,12.91901520066,1
376,0,15.75,23,12.91901520066,13.7621799747528,1
376,0,15.75,23,13.7621799747528,13.8031502341537,1
376,0,15.75,23,13.8031502341537,15.0343360194206,1
376,0,15.75,23,15.0343360194206,15.3481813124888,1
376,0,15.75,23,15.3481813124888,15.3769919413351,1
376,0,15.75,23,15.3769919413351,15.5499443073149,1
376,0,15.75,23,15.5499443073149,15.75,0
377,0,13.75,10,0,4.15651199090867,1
377,0,13.75,10,4.15651199090867,6.1161413798033,1
377,0,13.75,10,6.1161413798033,6.26048353633718,1
377,0,13.75,10,6.26048353633718,7.5635281508608,1
377,0,13.75,10,7.5635281508608,10.6922121901646,1
377,0,13.75,10,10.6922121901646,11.1626231020418,1
377,0,13.75,10,11.1626231020418,12.4918939974772,1
377,0,13.75,10,12.4918939974772,13.0056072052193,1
377,0,13.75,10,13.0056072052193,13.3827746634849,1
377,0,13.75,10,13.3827746634849,13.6598285728408,1
377,0,13.75,10,13.6598285728408,13.75,0
378,0,11.75,22,0,1.54307108434859,1
378,0,11.75,22,1.54307108434859,4.76740831297618,1
378,0,11.75,22,4.76740831297618,6.32143099535554,1
378,0,11.75,22,6.32143099535554,6.42772959118213,1
378,0,11.75,22,6.42772959118213,6.72510585642011,1
378,0,11.75,22,6.72510585642011,6.83756059117583,1
378,0,11.75,22,6.83756059117583,7.27494989037959,1
378,0,11.75,22,7.27494989037959,7.92585746254602,1
378,0,11.75,22,7.92585746254602,8.45568152598293,1
378,0,11.75,22,8.45568152598293,8.50033254596974,1
378,0,11.75,22,8.50033254596974,9.00418744254769,1
378,0,11.75,22,9.00418744254769,9.29182948701338,1
378,0,11.75,22,9.29182948701338,9.79801648325872,1
378,0,11.75,22,9.79801648325872,10.2575493845128,1
378,0,11.75,22,10.2575493845128,10.2836358249652,1
378,0,11.75,22,10.2836358249652,10.3465806094207,1
378,0,11.75,22,10.3465806094207,10.4727379445827,1
378,0,11.75,22,10.4727379445827,10.9048323470532,1
378,0,11.75,22,10.9048323470532,11.0201376974837,1
378,0,11.75,22,11.0201376974837,11.2109456805976,1
378,0,11.75,22,11.2109456805976,11.4904073166051,1
378,0,11.75,22,11.4904073166051,11.6037670266991,1
378,0,11.75,22,11.6037670266991,11.75,0
379,0,18.75,14,0,7.77531994991982,1
379,0,18.75,14,7.77531994991982,9.79116657698667,1
379,0,18.75,14,9.79116657698667,10.1880406809254,1
379,0,18.75,14,10.1880406809254,10.7278325183736,1
379,0,18.75,14,10.7278325183736,11.0557695450503,1
379,0,18.75,14,11.0557695450503,11.4168320337435,1
379,0,18.75,14,11.4168320337435,11.5171496218953,1
379,0,18.75,14,11.5171496218953,12.4947463967363,1
379,0,18.75,14,12.4947463967363,12.5762908414158,1
379,0,18.75,14,12.5762908414158,13.5165376348407,1
379,0,18.75,14,13.5165376348407,13.9031191644262,1
379,0,18.75,14,13.9031191644262,13.9902716115694,1
379,0,18.75,14,13.9902716115694,17.698936200781,1
379,0,18.75,14,17.698936200781,18.5238221053773,1
379,0,18.75,14,18.5238221053773,18.75,0
380,0,10.75,8,0,3.19472468011629,1
380,0,10.75,8,3.19472468011629,4.56487904962708,1
380,0,10.75,8,4.56487904962708,7.05673238969064,1
380,0,10.75,8,7.05673238969064,7.59162719163661,1
380,0,10.75,8,7.59162719163661,7.72370826414892,1
380,0,10.75,8,7.72370826414892,8.51699487149443,1
380,0,10.75,8,8.51699487149443,8.95555546827753,1
380,0,10.75,8,8.95555546827753,9.53614867931572,1
380,0,10.75,8,9.53614867931572,10.75,0
381,0,12.75,22,0,1.85697956054799,1
381,0,12.75,22,1.85697956054799,1.98821452787366,1
381,0,12.75,22,1.98821452787366,2.74267130165539,1
381,0,12.75,22,2.74267130165539,3.24218994772126,1
381,0,12.75,22,3.24218994772126,4.85355207283059,1
381,0,12.75,22,4.85355207283059,5.29594262533117,1
381,0,12.75,22,5.29594262533117,6.02310092401526,1
381,0,12.75,22,6.02310092401526,6.23050642823005,1
381,0,12.75,22,6.23050642823005,7.45215638574312,1
381,0,12.75,22,7.45215638574312,7.72258800428523,1
381,0,12.75,22,7.72258800428523,8.59358498681321,1
381,0,12.75,22,8.59358498681321,8.98424052636369,1
381,0,12.75,22,8.98424052636369,9.35925358215508,1
381,0,12.75,22,9.35925358215508,9.38079791254869,1
381,0,12.75,22,9.38079791254869,9.61910306396297,1
381,0,12.75,22,9.61910306396297,10.5133678295799,1
381,0,12.75,22,10.5133678295799,11.0427734015258,1
381,0,12.75,22,11.0427734015258,11.5513053142171,1
381,0,12.75,22,11.5513053142171,11.6191110560652,1
381,0,12.75,22,11.6191110560652,12.2212095234499,1
381,0,12.75,22,12.2212095234499,12.2812873460033,1
381,0,12.75,22,12.2812873460033,12.6166415438165,1
381,0,12.75,22,12.6166415438165,12.75,0
382,0,13.75,21,0,0.773813726042092,1
382,0,13.75,21,0.773813726042092,1.90622679325061,1
382,0,13.75,21,1.90622679325061,4.40931946184818,1
382,0,13.75,21,4.40931946184818,5.10434849828832,1
382,0,13.75,21,5.10434849828832,5.22836823533125,1
382,0,13.75,21,5.22836823533125,5.45542452244322,1
382,0,13.75,21,5.45542452244322,5.58338815738032,1
382,0,13.75,21,5.58338815738032,6.09016623014612,1
382,0,13.75,21,6.09016623014612,7.03912793120119,1
382,0,13.75,21,7.03912793120119,8.34248428360265,1
382,0,13.75,21,8.34248428360265,8.73976729344706,1
382,0,13.75,21,8.73976729344706,9.75634613721741,1
382,0,13.75,21,9.75634613721741,11.1939589360574,1
382,0,13.75,21,11.1939589360574,11.4532730992485,1
382,0,13.75,21,11.4532730992485,11.9348669871698,1
382,0,13.75,21,11.9348669871698,12.0211783698137,1
382,0,13.75,21,12.0211783698137,12.0351040092732,1
382,0,13.75,21,12.0351040092732,12.0491057357556,1
382,0,13.75,21,12.0491057357556,12.3721907295655,1
382,0,13.75,21,12.3721907295655,12.8158175961142,1
382,0,13.75,21,12.8158175961142,12.8293024228217,1
382,0,13.75,21,12.8293024228217,13.75,0
383,0,17.75,5,0,7.23405988772342,1
383,0,17.75,5,7.23405988772342,11.6809503857829,1
383,0,17.75,5,11.6809503857829,12.3393868588154,1
383,0,17.75,5,12.3393868588154,15.3500019821688,1
383,0,17.75,5,15.3500019821688,16.2501185216545,1
383,0,17.75,5,16.2501185216545,17.75,0
384,0,19.75,25,0,0.461006422567552,1
384,0,19.75,25,0.461006422567552,4.52334196105662,1
384,0,19.75,25,4.52334196105662,5.0083046678845,1
384,0,19.75,25,5.0083046678845,5.43490760440062,1
384,0,19.75,25,5.43490760440062,5.81696685783841,1
384,0,19.75,25,5.81696685783841,6.86450718418367,1
384,0,19.75,25,6.86450718418367,7.52905714919556,1
384,0,19.75,25,7.52905714919556,8.89680638486632,1
384,0,19.75,25,8.89680638486632,9.1709838229292,1
384,0,19.75,25,9.1709838229292,11.6679713018479,1
384,0,19.75,25,11.6679713018479,11.9948772910729,1
384,0,19.75,25,11.9948772910729,12.232840312337,1
384,0,19.75,25,12.232840312337,12.3544280984083,1
384,0,19.75,25,12.3544280984083,12.4041661422376,1
384,0,19.75,25,12.4041661422376,12.4721377734083,1
384,0,19.75,25,12.4721377734083,12.9301148055681,1
384,0,19.75,25,12.9301148055681,12.9994495300421,1
384,0,19.75,25,12.9994495300421,13.2390907175839,1
384,0,19.75,25,13.2390907175839,13.6199888755191,1
384,0,19.75,25,13.6199888755191,15.1157705640225,1
384,0,19.75,25,15.1157705640225,15.3601173249133,1
384,0,19.75,25,15.3601173249133,15.6006178976657,1
384,0,19.75,25,15.6006178976657,16.7783644990118,1
384,0,19.75,25,16.7783644990118,16.8400610160209,1
384,0,19.75,25,16.8400610160209,18.6114575441237,1
384,0,19.75,25,18.6114575441237,19.75,0
385,0,8.75,3,0,4.39666951129579,1
385,0,8.75,3,4.39666951129579,4.92414961576977,1
385,0,8.75,3,4.92414961576977,6.42239429499601,1
385,0,8.75,3,6.42239429499601,8.75,0
386,0,9.75,5,0,2.23126526833101,1
386,0,9.75,5,2.23126526833101,5.7074296543078,1
386,0,9.75,5,5.7074296543078,7.05714720833187,1
386,0,9.75,5,7.05714720833187,8.07952709535953,1
386,0,9.75,5,8.07952709535953,8.53414131235048,1
386,0,9.75,5,8.53414131235048,9.75,0
387,0,13.75,16,0,2.37176667254829,1
387,0,13.75,16,2.37176667254829,2.55162869061722,1
387,0,13.75,16,2.55162869061722,5.26236225809684,1
387,0,13.75,16,5.26236225809684,5.52444745038552,1
387,0,13.75,16,5.52444745038552,7.34819789812679,1
387,0,13.75,16,7.34819789812679,7.37379501489791,1
387,0,13.75,16,7.37379501489791,7.90609413868502,1
387,0,13.75,16,7.90609413868502,8.55457066659256,1
387,0,13.75,16,8.55457066659256,8.5864553929034,1
387,0,13.75,16,8.5864553929034,10.0393964063675,1
387,0,13.75,16,10.0393964063675,10.0983608127577,1
387,0,13.75,16,10.0983608127577,11.1063898074232,1
387,0,13.75,16,11.1063898074232,11.6831136319635,1
387,0,13.75,16,11.6831136319635,11.8503074521854,1
387,0,13.75,16,11.8503074521854,12.7999180028207,1
387,0,13.75,16,12.7999180028207,13.5340708144701,1
387,0,13.75,16,13.5340708144701,13.75,0
388,0,16.75,11,0,2.14674537809781,1
388,0,16.75,11,2.14674537809781,2.27337434933955,1
388,0,16.75,11,2.27337434933955,4.75244903957305,1
388,0,16.75,11,4.75244903957305,6.45020127071809,1
388,0,16.75,11,6.45020127071809,6.79853727173848,1
388,0,16.75,11,6.79853727173848,7.59824599970452,1
388,0,16.75,11,7.59824599970452,9.15015392515921,1
388,0,16.75,11,9.15015392515921,9.57843820273498,1
388,0,16.75,11,9.57843820273498,12.4118680866678,1
388,0,16.75,11,12.4118680866678,13.2960449470674,1
388,0,16.75,11,13.2960449470674,15.3375276809754,1
388,0,16.75,11,15.3375276809754,16.75,0
389,0,12.75,17,0,1.18957174082534,1
389,0,12.75,17,1.18957174082534,3.81943467933024,1
389,0,12.75,17,3.81943467933024,5.08086775066945,1
389,0,12.75,17,5.08086775066945,6.02223154317341,1
389,0,12.75,17,6.02223154317341,6.18235967654166,1
389,0,12.75,17,6.18235967654166,7.2009403139157,1
389,0,12.75,17,7.2009403139157,7.76687216288726,1
389,0,12.75,17,7.76687216288726,8.42071798480885,1
389,0,12.75,17,8.42071798480885,9.12151784917679,1
389,0,12.75,17,9.12151784917679,9.40579431431411,1
389,0,12.75,17,9.40579431431411,9.71150840143607,1
389,0,12.75,17,9.71150840143607,9.99184746816473,1
389,0,12.75,17,9.99184746816473,10.0830369304014,1
389,0,12.75,17,10.0830369304014,10.3018222472354,1
389,0,12.75,17,10.3018222472354,10.7008004981307,1
389,0,12.75,17,10.7008004981307,11.3637557363257,1
389,0,12.75,17,11.3637557363257,11.8801483431483,1
389,0,12.75,17,11.8801483431483,12.75,0
390,0,14.75,5,0,6.15758722514332,1
390,0,14.75,5,6.15758722514332,7.06925267216052,1
390,0,14.75,5,7.06925267216052,7.14335028728488,1
390,0,14.75,5,7.14335028728488,13.2487604929362,1
390,0,14.75,5,13.2487604929362,14.0691889787963,1
390,0,14.75,5,14.0691889787963,14.75,0
391,0,11.75,6,0,2.84479212851872,1
391,0,11.75,6,2.84479212851872,2.99487892877432,1
391,0,11.75,6,2.99487892877432,6.33055765858078,1
391,0,11.75,6,6.33055765858078,6.46400597226241,1
391,0,11.75,6,6.46400597226241,6.77898676795775,1
391,0,11.75,6,6.77898676795775,10.8758533679881,1
391,0,11.75,6,10.8758533679881,11.75,0
392,0,19.75,34,0,3.57978696928992,1
392,0,19.75,34,3.57978696928992,4.45509408842827,1
392,0,19.75,34,4.45509408842827,6.09105102901728,1
392,0,19.75,34,6.09105102901728,6.57025363977644,1
392,0,19.75,34,6.57025363977644,9.63722919100354,1
392,0,19.75,34,9.63722919100354,10.0263979383262,1
392,0,19.75,34,10.0263979383262,10.919160409095,1
392,0,19.75,34,10.919160409095,11.1941800488065,1
392,0,19.75,34,11.1941800488065,11.2742247690957,1
392,0,19.75,34,11.2742247690957,11.4839678989654,1
392,0,19.75,34,11.4839678989654,11.5627087796331,1
392,0,19.75,34,11.5627087796331,11.8716729520698,1
392,0,19.75,34,11.8716729520698,12.0958857031698,1
392,0,19.75,34,12.0958857031698,13.2317303412515,1
392,0,19.75,34,13.2317303412515,13.9777777088985,1
392,0,19.75,34,13.9777777088985,14.2496133644616,1
392,0,19.75,34,14.2496133644616,14.4666131358286,1
392,0,19.75,34,14.4666131358286,14.7938664831195,1
392,0,19.75,34,14.7938664831195,15.2395934822611,1
392,0,19.75,34,15.2395934822611,15.6756076953155,1
392,0,19.75,34,15.6756076953155,15.9566889062821,1
392,0,19.75,34,15.9566889062821,16.3867696370051,1
392,0,19.75,34,16.3867696370051,17.3652361091131,1
392,0,19.75,34,17.3652361091131,17.5222763806763,1
392,0,19.75,34,17.5222763806763,17.6451817602878,1
392,0,19.75,34,17.6451817602878,17.8152379831368,1
392,0,19.75,34,17.8152379831368,17.9529830240474,1
392,0,19.75,34,17.9529830240474,18.3322832067236,1
392,0,19.75,34,18.3322832067236,18.3962116774251,1
392,0,19.75,34,18.3962116774251,18.6593062497554,1
392,0,19.75,34,18.6593062497554,18.7096000243071,1
392,0,19.75,34,18.7096000243071,18.8790970887522,1
392,0,19.75,34,18.8790970887522,19.2958769567881,1
392,0,19.75,34,19.2958769567881,19.6604048584855,1
392,0,19.75,34,19.6604048584855,19.75,0
393,0,20.75,31,0,4.14092856099188,1
393,0,20.75,31,4.14092856099188,5.66394623589168,1
393,0,20.75,31,5.66394623589168,6.10519183017656,1
393,0,20.75,31,6.10519183017656,6.42482554552903,1
393,0,20.75,31,6.42482554552903,7.39098518840779,1
393,0,20.75,31,7.39098518840779,9.21694017898153,1
393,0,20.75,31,9.21694017898153,9.34010656869326,1
393,0,20.75,31,9.34010656869326,10.4166093544439,1
393,0,20.75,31,10.4166093544439,11.050533463612,1
393,0,20.75,31,11.050533463612,12.5395162748381,1
393,0,20.75,31,12.5395162748381,12.8280215188777,1
393,0,20.75,31,12.8280215188777,12.9349234682227,1
393,0,20.75,31,12.9349234682227,13.1914558036926,1
393,0,20.75,31,13.1914558036926,13.4814956130012,1
393,0,20.75,31,13.4814956130012,13.8309683277758,1
393,0,20.75,31,13.8309683277758,13.990750441092,1
393,0,20.75,31,13.990750441092,14.5771996068767,1
393,0,20.75,31,14.5771996068767,14.7657045802825,1
393,0,20.75,31,14.7657045802825,15.0706271117538,1
393,0,20.75,31,15.0706271117538,15.4307382168264,1
393,0,20.75,31,15.4307382168264,15.8887905580405,1
393,0,20.75,31,15.8887905580405,16.1418021790686,1
393,0,20.75,31,16.1418021790686,16.8681711202209,1
393,0,20.75,31,16.8681711202209,17.9694281437614,1
393,0,20.75,31,17.9694281437614,18.458566848944,1
393,0,20.75,31,18.458566848944,19.4748980995468,1
393,0,20.75,31,19.4748980995468,19.5396757608874,1
393,0,20.75,31,19.5396757608874,19.5799494957459,1
393,0,20.75,31,19.5799494957459,19.9456212409226,1
393,0,20.75,31,19.9456212409226,20.2423104874825,1
393,0,20.75,31,20.2423104874825,20.4429425143534,1
393,0,20.75,31,20.4429425143534,20.75,0
394,0,9.75,3,0,3.64362413032516,1
394,0,9.75,3,3.64362413032516,8.7725062476522,1
394,0,9.75,3,8.7725062476522,8.99545034802064,1
394,0,9.75,3,8.99545034802064,9.75,0
395,0,13.75,6,0,5.30050071363432,1
395,0,13.75,6,5.30050071363432,7.1717912247158,1
395,0,13.75,6,7.1717912247158,10.9626930879859,1
395,0,13.75,6,10.9626930879859,12.4013615214369,1
395,0,13.75,6,12.4013615214369,12.691311771129,1
395,0,13.75,6,12.691311771129,13.5316144007152,1
395,0,13.75,6,13.5316144007152,13.75,0
396,0,12.75,5,0,1.38630810376735,1
396,0,12.75,5,1.38630810376735,3.29272098882284,1
396,0,12.75,5,3.29272098882284,11.0985029673997,1
396,0,12.75,5,11.0985029673997,11.3903131837141,1
396,0,12.75,5,11.3903131837141,12.605605645787,1
396,0,12.75,5,12.605605645787,12.75,0
397,0,13.75,12,0,4.40760145606613,1
397,0,13.75,12,4.40760145606613,5.8337783080116,1
397,0,13.75,12,5.8337783080116,6.34677493661031,1
397,0,13.75,12,6.34677493661031,8.75516225669245,1
397,0,13.75,12,8.75516225669245,10.4431418000373,1
397,0,13.75,12,10.4431418000373,11.671155414188,1
397,0,13.75,12,11.671155414188,12.2359024041587,1
397,0,13.75,12,12.2359024041587,12.3628969368267,1
397,0,13.75,12,12.3628969368267,12.3878396438836,1
397,0,13.75,12,12.3878396438836,12.5156082225405,1
397,0,13.75,12,12.5156082225405,12.9753496411779,1
397,0,13.75,12,12.9753496411779,13.0509084570017,1
397,0,13.75,12,13.0509084570017,13.75,0
398,0,17.75,16,0,6.64882451911,1
398,0,17.75,16,6.64882451911,7.75461485758823,1
398,0,17.75,16,7.75461485758823,8.89529195366632,1
398,0,17.75,16,8.89529195366632,8.99884772720212,1
398,0,17.75,16,8.99884772720212,9.42041854231517,1
398,0,17.75,16,9.42041854231517,9.68666974400587,1
398,0,17.75,16,9.68666974400587,9.91412359907732,1
398,0,17.75,16,9.91412359907732,11.7134657306296,1
398,0,17.75,16,11.7134657306296,14.0403415346802,1
398,0,17.75,16,14.0403415346802,14.1568808921589,1
398,0,17.75,16,14.1568808921589,15.0270505296818,1
398,0,17.75,16,15.0270505296818,15.3129524696305,1
398,0,17.75,16,15.3129524696305,15.5885159048021,1
398,0,17.75,16,15.5885159048021,16.9595037477992,1
398,0,17.75,16,16.9595037477992,17.0248931827981,1
398,0,17.75,16,17.0248931827981,17.5580596345259,1
398,0,17.75,16,17.5580596345259,17.75,0
399,0,7.75,1,0,7.33472927228637,1
399,0,7.75,1,7.33472927228637,7.75,0
400,0,15.75,8,0,3.33915995404159,1
400,0,15.75,8,3.33915995404159,3.92774000607142,1
400,0,15.75,8,3.92774000607142,4.17288807488953,1
400,0,15.75,8,4.17288807488953,6.2769267070556,1
400,0,15.75,8,6.2769267070556,11.1396926947988,1
400,0,15.75,8,11.1396926947988,11.842623213874,1
400,0,15.75,8,11.842623213874,13.6485663586891,1
400,0,15.75,8,13.6485663586891,15.0319950779989,1
400,0,15.75,8,15.0319950779989,15.75,0
401,0,11.75,9,0,3.5944543015563,1
401,0,11.75,9,3.5944543015563,4.09338383434056,1
401,0,11.75,9,4.09338383434056,6.2686883568473,1
401,0,11.75,9,6.2686883568473,6.42896446104657,1
401,0,11.75,9,6.42896446104657,8.29187157865111,1
401,0,11.75,9,8.29187157865111,9.14560921168337,1
401,0,11.75,9,9.14560921168337,9.64279306254713,1
401,0,11.75,9,9.64279306254713,10.0637510334532,1
401,0,11.75,9,10.0637510334532,10.7116861795135,1
401,0,11.75,9,10.7116861795135,11.75,0
402,0,19.75,36,0,4.81631054941415,1
402,0,19.75,36,4.81631054941415,5.03148288154257,1
402,0,19.75,36,5.03148288154257,5.73646146831256,1
402,0,19.75,36,5.73646146831256,7.89180429134287,1
402,0,19.75,36,7.89180429134287,7.91299782003995,1
402,0,19.75,36,7.91299782003995,8.5522912865299,1
402,0,19.75,36,8.5522912865299,9.34603939453713,1
402,0,19.75,36,9.34603939453713,10.9072579124622,1
402,0,19.75,36,10.9072579124622,11.2520966885509,1
402,0,19.75,36,11.2520966885509,11.9529948565501,1
402,0,19.75,36,11.9529948565501,12.3766584592516,1
402,0,19.75,36,12.3766584592516,12.4920793699571,1
402,0,19.75,36,12.4920793699571,12.7476987849758,1
402,0,19.75,36,12.7476987849758,13.0382068916482,1
402,0,19.75,36,13.0382068916482,13.3371840308551,1
402,0,19.75,36,13.3371840308551,14.3696932520152,1
402,0,19.75,36,14.3696932520152,14.6058429297985,1
402,0,19.75,36,14.6058429297985,14.9836079501687,1
402,0,19.75,36,14.9836079501687,15.4809678047778,1
402,0,19.75,36,15.4809678047778,16.0855551374273,1
402,0,19.75,36,16.0855551374273,16.6467603449089,1
402,0,19.75,36,16.6467603449089,16.8955408705917,1
402,0,19.75,36,16.8955408705917,17.2801747490483,1
402,0,19.75,36,17.2801747490483,17.3648658123326,1
402,0,19.75,36,17.3648658123326,17.5877237348512,1
402,0,19.75,36,17.5877237348512,17.6088979646978,1
402,0,19.75,36,17.6088979646978,18.0064040372053,1
402,0,19.75,36,18.0064040372053,18.1708795303367,1
402,0,19.75,36,18.1708795303367,18.2519215547148,1
402,0,19.75,36,18.2519215547148,18.4306116777846,1
402,0,19.75,36,18.4306116777846,18.7678898984007,1
402,0,19.75,36,18.7678898984007,19.0008431498424,1
402,0,19.75,36,19.0008431498424,19.2350123170775,1
402,0,19.75,36,19.2350123170775,19.38303175085,1
402,0,19.75,36,19.38303175085,19.3893104040191,1
402,0,19.75,36,19.3893104040191,19.4892684162577,1
402,0,19.75,36,19.4892684162577,19.75,0
403,0,17.75,22,0,5.2675681320022,1
403,0,17.75,22,5.2675681320022,5.4162069839839,1
403,0,17.75,22,5.4162069839839,6.90039390796059,1
403,0,17.75,22,6.90039390796059,7.5705753805893,1
403,0,17.75,22,7.5705753805893,8.752909941627,1
403,0,17.75,22,8.752909941627,9.96697475442422,1
403,0,17.75,22,9.96697475442422,9.99908955356335,1
403,0,17.75,22,9.99908955356335,10.1957942097958,1
403,0,17.75,22,10.1957942097958,10.4671848855655,1
403,0,17.75,22,10.4671848855655,11.113629020406,1
403,0,17.75,22,11.113629020406,11.4495500446206,1
403,0,17.75,22,11.4495500446206,12.1939736362341,1
403,0,17.75,22,12.1939736362341,13.3559096470118,1
403,0,17.75,22,13.3559096470118,13.5356750759255,1
403,0,17.75,22,13.5356750759255,13.8112724594511,1
403,0,17.75,22,13.8112724594511,14.6834576427064,1
403,0,17.75,22,14.6834576427064,15.8718625005027,1
403,0,17.75,22,15.8718625005027,16.3388508433227,1
403,0,17.75,22,16.3388508433227,16.7335803691314,1
403,0,17.75,22,16.7335803691314,17.0771928991851,1
403,0,17.75,22,17.0771928991851,17.2335632613998,1
403,0,17.75,22,17.2335632613998,17.5234436557937,1
403,0,17.75,22,17.5234436557937,17.75,0
404,0,9.75,3,0,2.49114877672917,1
404,0,9.75,3,2.49114877672917,6.38831154916339,1
404,0,9.75,3,6.38831154916339,9.20601074124522,1
404,0,9.75,3,9.20601074124522,9.75,0
405,0,12.75,13,0,4.96864804904868,1
405,0,12.75,13,4.96864804904868,5.45274268020727,1
405,0,12.75,13,5.45274268020727,5.49679626023708,1
405,0,12.75,13,5.49679626023708,5.72283394052441,1
405,0,12.75,13,5.72283394052441,5.9116305883704,1
405,0,12.75,13,5.9116305883704,6.05618173402836,1
405,0,12.75,13,6.05618173402836,6.18221284344452,1
405,0,12.75,13,6.18221284344452,7.68088119198544,1
405,0,12.75,13,7.68088119198544,7.94465892489487,1
405,0,12.75,13,7.94465892489487,8.87079299352031,1
405,0,12.75,13,8.87079299352031,11.0154758618917,1
405,0,12.75,13,11.0154758618917,11.2419962886584,1
405,0,12.75,13,11.2419962886584,11.4994226754621,1
405,0,12.75,13,11.4994226754621,12.75,0
406,0,15.75,7,0,5.41839191093522,1
406,0,15.75,7,5.41839191093522,8.95388604616639,1
406,0,15.75,7,8.95388604616639,9.35650245553128,1
406,0,15.75,7,9.35650245553128,11.5135736386757,1
406,0,15.75,7,11.5135736386757,11.8883438196825,1
406,0,15.75,7,11.8883438196825,12.3625259864009,1
406,0,15.75,7,12.3625259864009,15.0824091292836,1
406,0,15.75,7,15.0824091292836,15.75,0
407,0,15.75,10,0,7.45089530093176,1
407,0,15.75,10,7.45089530093176,8.66935280026199,1
407,0,15.75,10,8.66935280026199,9.7262000067677,1
407,0,15.75,10,9.7262000067677,9.96831704134825,1
407,0,15.75,10,9.96831704134825,10.0332293697083,1
407,0,15.75,10,10.0332293697083,12.3060785775715,1
407,0,15.75,10,12.3060785775715,12.3693182388762,1
407,0,15.75,10,12.3693182388762,12.5854557704903,1
407,0,15.75,10,12.5854557704903,14.4562574898384,1
407,0,15.75,10,14.4562574898384,15.6465631829509,1
407,0,15.75,10,15.6465631829509,15.75,0
408,0,11.75,5,0,6.55577112664872,1
408,0,11.75,5,6.55577112664872,10.449679104455,1
408,0,11.75,5,10.449679104455,11.3364603739352,1
408,0,11.75,5,11.3364603739352,11.6268857818781,1
408,0,11.75,5,11.6268857818781,11.7092653461285,1
408,0,11.75,5,11.7092653461285,11.75,0
409,0,11.75,3,0,7.17994883870797,1
409,0,11.75,3,7.17994883870797,10.321089573567,1
409,0,11.75,3,10.321089573567,11.6036076206466,1
409,0,11.75,3,11.6036076206466,11.75,0
410,0,15.75,4,0,6.56442827751275,1
410,0,15.75,4,6.56442827751275,7.48097892758295,1
410,0,15.75,4,7.48097892758295,9.94626385560234,1
410,0,15.75,4,9.94626385560234,10.2911983635989,1
410,0,15.75,4,10.2911983635989,15.75,0
411,0,10.75,21,0,2.16071819808211,1
411,0,10.75,21,2.16071819808211,3.24897178230143,1
411,0,10.75,21,3.24897178230143,3.36561650566034,1
411,0,10.75,21,3.36561650566034,5.02672942785962,1
411,0,10.75,21,5.02672942785962,5.06548200706114,1
411,0,10.75,21,5.06548200706114,6.28532695874383,1
411,0,10.75,21,6.28532695874383,6.31876296686672,1
411,0,10.75,21,6.31876296686672,6.7445828326181,1
411,0,10.75,21,6.7445828326181,7.29536621895432,1
411,0,10.75,21,7.29536621895432,7.32896181300105,1
411,0,10.75,21,7.32896181300105,7.55551187810348,1
411,0,10.75,21,7.55551187810348,7.92796260685072,1
411,0,10.75,21,7.92796260685072,7.97456778889934,1
411,0,10.75,21,7.97456778889934,8.30066505762079,1
411,0,10.75,21,8.30066505762079,9.51124883265359,1
411,0,10.75,21,9.51124883265359,9.60055124560226,1
411,0,10.75,21,9.60055124560226,9.62895716158305,1
411,0,10.75,21,9.62895716158305,10.4253637943707,1
411,0,10.75,21,10.4253637943707,10.5265916183897,1
411,0,10.75,21,10.5265916183897,10.5412105027107,1
411,0,10.75,21,10.5412105027107,10.6494367346855,1
411,0,10.75,21,10.6494367346855,10.75,0
412,0,11.75,4,0,7.65093773571787,1
412,0,11.75,4,7.65093773571787,9.91859582008092,1
412,0,11.75,4,9.91859582008092,10.2534290923859,1
412,0,11.75,4,10.2534290923859,10.8671823797781,1
412,0,11.75,4,10.8671823797781,11.75,0
413,0,9.75,7,0,4.72283299453294,1
413,0,9.75,7,4.72283299453294,6.77646672049575,1
413,0,9.75,7,6.77646672049575,6.95046868767726,1
413,0,9.75,7,6.95046868767726,8.17005399358574,1
413,0,9.75,7,8.17005399358574,8.45749915686544,1
413,0,9.75,7,8.45749915686544,9.49033239434901,1
413,0,9.75,7,9.49033239434901,9.53833510929942,1
413,0,9.75,7,9.53833510929942,9.75,0
414,0,15.75,23,0,4.96939103138069,1
414,0,15.75,23,4.96939103138069,4.99363373724425,1
414,0,15.75,23,4.99363373724425,5.82508147427649,1
414,0,15.75,23,5.82508147427649,6.49080474276749,1
414,0,15.75,23,6.49080474276749,6.59330625800815,1
414,0,15.75,23,6.59330625800815,6.67630684030653,1
414,0,15.75,23,6.67630684030653,7.26272178862637,1
414,0,15.75,23,7.26272178862637,8.23601976840732,1
414,0,15.75,23,8.23601976840732,8.30962657233362,1
414,0,15.75,23,8.30962657233362,8.7894770255609,1
414,0,15.75,23,8.7894770255609,9.2883882510946,1
414,0,15.75,23,9.2883882510946,11.0988770832651,1
414,0,15.75,23,11.0988770832651,11.6765267002738,1
414,0,15.75,23,11.6765267002738,11.6921072517212,1
414,0,15.75,23,11.6921072517212,12.4398995358841,1
414,0,15.75,23,12.4398995358841,13.0237410792847,1
414,0,15.75,23,13.0237410792847,13.0515269202162,1
414,0,15.75,23,13.0515269202162,13.4225757812824,1
414,0,15.75,23,13.4225757812824,13.5406944546424,1
414,0,15.75,23,13.5406944546424,13.7251885246191,1
414,0,15.75,23,13.7251885246191,13.7855164051552,1
414,0,15.75,23,13.7855164051552,14.5160169231836,1
414,0,15.75,23,14.5160169231836,15.7177545289358,1
414,0,15.75,23,15.7177545289358,15.75,0
415,0,15.75,7,0,4.57766317433819,1
415,0,15.75,7,4.57766317433819,8.257705375764,1
415,0,15.75,7,8.257705375764,9.58317969842218,1
415,0,15.75,7,9.58317969842218,9.59635928637009,1
415,0,15.75,7,9.59635928637009,11.2848114555897,1
415,0,15.75,7,11.2848114555897,14.342926356125,1
415,0,15.75,7,14.342926356125,15.6880114616145,1
415,0,15.75,7,15.6880114616145,15.75,0
416,0,10.75,8,0,4.01878586913062,1
416,0,10.75,8,4.01878586913062,4.09480689582835,1
416,0,10.75,8,4.09480689582835,7.19826959108456,1
416,0,10.75,8,7.19826959108456,8.55781682752635,1
416,0,10.75,8,8.55781682752635,8.62773254494362,1
416,0,10.75,8,8.62773254494362,9.30236696410802,1
416,0,10.75,8,9.30236696410802,10.2574552750101,1
416,0,10.75,8,10.2574552750101,10.5265830121668,1
416,0,10.75,8,10.5265830121668,10.75,0
417,0,11.75,13,0,3.958309356851,1
417,0,11.75,13,3.958309356851,3.99929082575189,1
417,0,11.75,13,3.99929082575189,4.56958836682371,1
417,0,11.75,13,4.56958836682371,4.66031019298364,1
417,0,11.75,13,4.66031019298364,5.45792976049275,1
417,0,11.75,13,5.45792976049275,5.72634712417777,1
417,0,11.75,13,5.72634712417777,7.728816638593,1
417,0,11.75,13,7.728816638593,7.80104195559217,1
417,0,11.75,13,7.80104195559217,9.86360558741538,1
417,0,11.75,13,9.86360558741538,10.1338895518723,1
417,0,11.75,13,10.1338895518723,10.1839283439462,1
417,0,11.75,13,10.1839283439462,10.9864956489831,1
417,0,11.75,13,10.9864956489831,11.6880351028377,1
417,0,11.75,13,11.6880351028377,11.75,0
418,0,18.75,18,0,7.9583565862599,1
418,0,18.75,18,7.9583565862599,9.42711971513295,1
418,0,18.75,18,9.42711971513295,10.3130720052132,1
418,0,18.75,18,10.3130720052132,10.9612379122437,1
418,0,18.75,18,10.9612379122437,11.4320513208879,1
418,0,18.75,18,11.4320513208879,11.5402739253013,1
418,0,18.75,18,11.5402739253013,11.582124619439,1
418,0,18.75,18,11.582124619439,13.8013320606167,1
418,0,18.75,18,13.8013320606167,14.5651949079723,1
418,0,18.75,18,14.5651949079723,14.6435802143991,1
418,0,18.75,18,14.6435802143991,14.901489461411,1
418,0,18.75,18,14.901489461411,15.697104995943,1
418,0,18.75,18,15.697104995943,16.1121771377264,1
418,0,18.75,18,16.1121771377264,16.4731798475335,1
418,0,18.75,18,16.4731798475335,17.0086070373424,1
418,0,18.75,18,17.0086070373424,17.0277188826302,1
418,0,18.75,18,17.0277188826302,17.0394134835228,1
418,0,18.75,18,17.0394134835228,17.7675504100098,1
418,0,18.75,18,17.7675504100098,18.75,0
419,0,16.75,21,0,3.90294769772765,1
419,0,16.75,21,3.90294769772765,5.85437174968764,1
419,0,16.75,21,5.85437174968764,7.9727921300341,1
419,0,16.75,21,7.9727921300341,8.27516483332318,1
419,0,16.75,21,8.27516483332318,9.46645747068031,1
419,0,16.75,21,9.46645747068031,9.69483128416284,1
419,0,16.75,21,9.69483128416284,9.72228417523144,1
419,0,16.75,21,9.72228417523144,9.91930167744199,1
419,0,16.75,21,9.91930167744199,10.6957213823413,1
419,0,16.75,21,10.6957213823413,11.006993980316,1
419,0,16.75,21,11.006993980316,11.5208190860353,1
419,0,16.75,21,11.5208190860353,12.7151141250391,1
419,0,16.75,21,12.7151141250391,12.7681457793113,1
419,0,16.75,21,12.7681457793113,12.8233268950964,1
419,0,16.75,21,12.8233268950964,12.9967595210301,1
419,0,16.75,21,12.9967595210301,13.3245934820045,1
419,0,16.75,21,13.3245934820045,13.6455230460831,1
419,0,16.75,21,13.6455230460831,13.7462740367485,1
419,0,16.75,21,13.7462740367485,14.2147012114735,1
419,0,16.75,21,14.2147012114735,14.6561206114488,1
419,0,16.75,21,14.6561206114488,15.3687054357277,1
419,0,16.75,21,15.3687054357277,16.75,0
420,0,8.75,4,0,3.90931702894866,1
420,0,8.75,4,3.90931702894866,4.41279083584607,1
420,0,8.75,4,4.41279083584607,6.02663237023621,1
420,0,8.75,4,6.02663237023621,6.80736802041642,1
420,0,8.75,4,6.80736802041642,8.75,0
421,0,7.75,2,0,6.12540142195206,1
421,0,7.75,2,6.12540142195206,6.25795266222434,1
421,0,7.75,2,6.25795266222434,7.75,0
422,0,13.75,9,0,3.80134513967903,1
422,0,13.75,9,3.80134513967903,6.18978255722692,1
422,0,13.75,9,6.18978255722692,7.30285256132038,1
422,0,13.75,9,7.30285256132038,8.73373986949931,1
422,0,13.75,9,8.73373986949931,8.98657237456229,1
422,0,13.75,9,8.98657237456229,9.45407763445721,1
422,0,13.75,9,9.45407763445721,10.2218114927176,1
422,0,13.75,9,10.2218114927176,10.3160883312422,1
422,0,13.75,9,10.3160883312422,12.0725228766322,1
422,0,13.75,9,12.0725228766322,13.75,0
423,0,14.75,9,0,3.71806519346162,1
423,0,14.75,9,3.71806519346162,3.82407797466461,1
423,0,14.75,9,3.82407797466461,4.82384594771673,1
423,0,14.75,9,4.82384594771673,8.32601805132928,1
423,0,14.75,9,8.32601805132928,9.07717739017196,1
423,0,14.75,9,9.07717739017196,9.67639625721056,1
423,0,14.75,9,9.67639625721056,11.2961977165341,1
423,0,14.75,9,11.2961977165341,14.6162579751583,1
423,0,14.75,9,14.6162579751583,14.6168951656878,1
423,0,14.75,9,14.6168951656878,14.75,0
424,0,12.75,8,0,5.27513758927701,1
424,0,12.75,8,5.27513758927701,7.19677881633519,1
424,0,12.75,8,7.19677881633519,7.83170645904255,1
424,0,12.75,8,7.83170645904255,10.0772383618506,1
424,0,12.75,8,10.0772383618506,11.3538054991002,1
424,0,12.75,8,11.3538054991002,11.426788081371,1
424,0,12.75,8,11.426788081371,12.0160084023489,1
424,0,12.75,8,12.0160084023489,12.4462466432723,1
424,0,12.75,8,12.4462466432723,12.75,0
425,0,13.75,7,0,3.08850416870161,1
425,0,13.75,7,3.08850416870161,6.14576156886349,1
425,0,13.75,7,6.14576156886349,7.64539591512266,1
425,0,13.75,7,7.64539591512266,10.4817798912609,1
425,0,13.75,7,10.4817798912609,10.5925268243274,1
425,0,13.75,7,10.5925268243274,12.9714539711539,1
425,0,13.75,7,12.9714539711539,13.3384510641378,1
425,0,13.75,7,13.3384510641378,13.75,0
426,0,12.75,13,0,4.17884047679382,1
426,0,12.75,13,4.17884047679382,4.784751330448,1
426,0,12.75,13,4.784751330448,5.82987381935668,1
426,0,12.75,13,5.82987381935668,7.83642097747404,1
426,0,12.75,13,7.83642097747404,9.16310237545991,1
426,0,12.75,13,9.16310237545991,9.3690359503418,1
426,0,12.75,13,9.3690359503418,9.57031808665809,1
426,0,12.75,13,9.57031808665809,9.71291950275724,1
426,0,12.75,13,9.71291950275724,10.0492477879923,1
426,0,12.75,13,10.0492477879923,10.0695922037285,1
426,0,12.75,13,10.0695922037285,10.7759837795625,1
426,0,12.75,13,10.7759837795625,10.8676904999599,1
426,0,12.75,13,10.8676904999599,12.0198963453796,1
426,0,12.75,13,12.0198963453796,12.75,0
427,0,13.75,14,0,3.64484822185843,1
427,0,13.75,14,3.64484822185843,3.87522212558898,1
427,0,13.75,14,3.87522212558898,4.08784974319464,1
427,0,13.75,14,4.08784974319464,5.46027281922308,1
427,0,13.75,14,5.46027281922308,9.67850159069946,1
427,0,13.75,14,9.67850159069946,10.5981357484003,1
427,0,13.75,14,10.5981357484003,10.6592369718841,1
427,0,13.75,14,10.6592369718841,10.7128401523253,1
427,0,13.75,14,10.7128401523253,10.7537085162994,1
427,0,13.75,14,10.7537085162994,11.2073856708643,1
427,0,13.75,14,11.2073856708643,11.268972138881,1
427,0,13.75,14,11.268972138881,12.6799470302246,1
427,0,13.75,14,12.6799470302246,13.3528723324374,1
427,0,13.75,14,13.3528723324374,13.6322660647621,1
427,0,13.75,14,13.6322660647621,13.75,0
428,0,11.75,8,0,2.1236448781004,1
428,0,11.75,8,2.1236448781004,3.33933931343366,1
428,0,11.75,8,3.33933931343366,5.11706475292825,1
428,0,11.75,8,5.11706475292825,7.36479093518004,1
428,0,11.75,8,7.36479093518004,10.3874032270164,1
428,0,11.75,8,10.3874032270164,10.7527221292159,1
428,0,11.75,8,10.7527221292159,10.825158959558,1
428,0,11.75,8,10.825158959558,11.4880883796053,1
428,0,11.75,8,11.4880883796053,11.75,0
429,0,11.75,5,0,3.35644609530078,1
429,0,11.75,5,3.35644609530078,5.60882186719581,1
429,0,11.75,5,5.60882186719581,6.61016146112493,1
429,0,11.75,5,6.61016146112493,8.63673667710609,1
429,0,11.75,5,8.63673667710609,9.42730481628418,1
429,0,11.75,5,9.42730481628418,11.75,0
430,0,10.75,6,0,0.758227667629422,1
430,0,10.75,6,0.758227667629422,3.26933295538976,1
430,0,10.75,6,3.26933295538976,5.69536084417861,1
430,0,10.75,6,5.69536084417861,7.19730222386125,1
430,0,10.75,6,7.19730222386125,8.1378308025496,1
430,0,10.75,6,8.1378308025496,8.43124699522028,1
430,0,10.75,6,8.43124699522028,10.75,0
431,0,12.75,4,0,1.69440274579244,1
431,0,12.75,4,1.69440274579244,3.28453440759354,1
431,0,12.75,4,3.28453440759354,4.69194674215798,1
431,0,12.75,4,4.69194674215798,6.71438338170404,1
431,0,12.75,4,6.71438338170404,12.75,0
432,0,17.75,10,0,0.932057389282272,1
432,0,17.75,10,0.932057389282272,1.61147582020706,1
432,0,17.75,10,1.61147582020706,4.81671646161242,1
432,0,17.75,10,4.81671646161242,8.41919617006973,1
432,0,17.75,10,8.41919617006973,8.60372500339139,1
432,0,17.75,10,8.60372500339139,10.7990810385545,1
432,0,17.75,10,10.7990810385545,10.9260256890111,1
432,0,17.75,10,10.9260256890111,11.4062488851437,1
432,0,17.75,10,11.4062488851437,13.8779168139184,1
432,0,17.75,10,13.8779168139184,14.4770272515988,1
432,0,17.75,10,14.4770272515988,17.75,0
433,0,8.75,3,0,2.3331604178511,1
433,0,8.75,3,2.3331604178511,5.80758180878698,1
433,0,8.75,3,5.80758180878698,7.59235964639647,1
433,0,8.75,3,7.59235964639647,8.75,0
434,0,17.75,3,0,9.00542583797667,1
434,0,17.75,3,9.00542583797667,11.4122137025588,1
434,0,17.75,3,11.4122137025588,13.854294015458,1
434,0,17.75,3,13.854294015458,17.75,0
435,0,8.75,1,0,7.08670547634657,1
435,0,8.75,1,7.08670547634657,8.75,0
436,0,8.75,8,0,1.46414032502543,1
436,0,8.75,8,1.46414032502543,4.53123479842163,1
436,0,8.75,8,4.53123479842163,4.95753485957809,1
436,0,8.75,8,4.95753485957809,5.41287931279451,1
436,0,8.75,8,5.41287931279451,7.15446055632602,1
436,0,8.75,8,7.15446055632602,7.64778603129323,1
436,0,8.75,8,7.64778603129323,7.66752803549841,1
436,0,8.75,8,7.66752803549841,7.99541406222642,1
436,0,8.75,8,7.99541406222642,8.75,0
437,0,10.75,3,0,5.56168012292072,1
437,0,10.75,3,5.56168012292072,7.29489275610005,1
437,0,10.75,3,7.29489275610005,9.30638754154586,1
437,0,10.75,3,9.30638754154586,10.75,0
438,0,14.75,12,0,0.171558007758217,1
438,0,14.75,12,0.171558007758217,3.06536771287766,1
438,0,14.75,12,3.06536771287766,5.81108223454457,1
438,0,14.75,12,5.81108223454457,7.72728080422864,1
438,0,14.75,12,7.72728080422864,8.3766416374596,1
438,0,14.75,12,8.3766416374596,9.1930667267643,1
438,0,14.75,12,9.1930667267643,10.2665369464075,1
438,0,14.75,12,10.2665369464075,11.0019222723141,1
438,0,14.75,12,11.0019222723141,13.795182463466,1
438,0,14.75,12,13.795182463466,14.3475358873413,1
438,0,14.75,12,14.3475358873413,14.6215260994496,1
438,0,14.75,12,14.6215260994496,14.7494751133231,1
438,0,14.75,12,14.7494751133231,14.75,0
439,0,14.75,13,0,5.66270555674281,1
439,0,14.75,13,5.66270555674281,6.15504495915347,1
439,0,14.75,13,6.15504495915347,7.0855363394301,1
439,0,14.75,13,7.0855363394301,7.89138156831437,1
439,0,14.75,13,7.89138156831437,9.28872142979029,1
439,0,14.75,13,9.28872142979029,11.6271838358723,1
439,0,14.75,13,11.6271838358723,11.9595781544454,1
439,0,14.75,13,11.9595781544454,11.9814556316717,1
439,0,14.75,13,11.9814556316717,12.3847924118457,1
439,0,14.75,13,12.3847924118457,12.6339177357847,1
439,0,14.75,13,12.6339177357847,12.6593030257933,1
439,0,14.75,13,12.6593030257933,14.4244282362786,1
439,0,14.75,13,14.4244282362786,14.5553521497135,1
439,0,14.75,13,14.5553521497135,14.75,0
440,0,13.75,13,0,4.44546631218735,1
440,0,13.75,13,4.44546631218735,4.51285951185884,1
440,0,13.75,13,4.51285951185884,4.98188145711243,1
440,0,13.75,13,4.98188145711243,7.0013075909424,1
440,0,13.75,13,7.0013075909424,7.62439931447364,1
440,0,13.75,13,7.62439931447364,8.13285125755505,1
440,0,13.75,13,8.13285125755505,9.95762592386845,1
440,0,13.75,13,9.95762592386845,10.3175881104653,1
440,0,13.75,13,10.3175881104653,10.3390585375621,1
440,0,13.75,13,10.3390585375621,11.2471559965973,1
440,0,13.75,13,11.2471559965973,12.1149102735643,1
440,0,13.75,13,12.1149102735643,12.4126885304071,1
440,0,13.75,13,12.4126885304071,13.0544023800384,1
440,0,13.75,13,13.0544023800384,13.75,0
441,0,12.75,9,0,3.70344578716327,1
441,0,12.75,9,3.70344578716327,4.15491928752919,1
441,0,12.75,9,4.15491928752919,4.6009308566005,1
441,0,12.75,9,4.6009308566005,8.68683896147063,1
441,0,12.75,9,8.68683896147063,8.69651491023764,1
441,0,12.75,9,8.69651491023764,10.2750412534482,1
441,0,12.75,9,10.2750412534482,11.3906086772379,1
441,0,12.75,9,11.3906086772379,11.4751745835364,1
441,0,12.75,9,11.4751745835364,11.5098649426371,1
441,0,12.75,9,11.5098649426371,12.75,0
442,0,10.75,0,0,10.75,0
443,0,9.75,0,0,9.75,0
444,0,15.75,21,0,3.50818426710474,1
444,0,15.75,21,3.50818426710474,6.24894570133668,1
444,0,15.75,21,6.24894570133668,6.40290571416359,1
444,0,15.75,21,6.40290571416359,6.5193532729974,1
444,0,15.75,21,6.5193532729974,6.74540354125726,1
444,0,15.75,21,6.74540354125726,7.25758114512848,1
444,0,15.75,21,7.25758114512848,8.60269395496059,1
444,0,15.75,21,8.60269395496059,9.01942287874554,1
444,0,15.75,21,9.01942287874554,9.24199828697585,1
444,0,15.75,21,9.24199828697585,10.0393348298449,1
444,0,15.75,21,10.0393348298449,10.0847173759521,1
444,0,15.75,21,10.0847173759521,10.4520226178769,1
444,0,15.75,21,10.4520226178769,10.4819015718915,1
444,0,15.75,21,10.4819015718915,10.8296255675854,1
444,0,15.75,21,10.8296255675854,11.5821644351816,1
444,0,15.75,21,11.5821644351816,11.8276481683038,1
444,0,15.75,21,11.8276481683038,12.8880738110173,1
444,0,15.75,21,12.8880738110173,13.6623891940048,1
444,0,15.75,21,13.6623891940048,13.869519573463,1
444,0,15.75,21,13.869519573463,15.1677945780337,1
444,0,15.75,21,15.1677945780337,15.5495467964514,1
444,0,15.75,21,15.5495467964514,15.75,0
445,0,11.75,8,0,4.82438360763245,1
445,0,11.75,8,4.82438360763245,8.38010378262907,1
445,0,11.75,8,8.38010378262907,8.62961531683657,1
445,0,11.75,8,8.62961531683657,9.5572954158721,1
445,0,11.75,8,9.5572954158721,9.86176095440376,1
445,0,11.75,8,9.86176095440376,10.7404227492747,1
445,0,11.75,8,10.7404227492747,10.9698107219405,1
445,0,11.75,8,10.9698107219405,11.5671069502041,1
445,0,11.75,8,11.5671069502041,11.75,0
446,0,11.75,10,0,1.3119353111178,1
446,0,11.75,10,1.3119353111178,1.87511828291679,1
446,0,11.75,10,1.87511828291679,3.87280959356233,1
446,0,11.75,10,3.87280959356233,5.13566639925528,1
446,0,11.75,10,5.13566639925528,8.10645261475053,1
446,0,11.75,10,8.10645261475053,8.99809976884905,1
446,0,11.75,10,8.99809976884905,9.66463142414592,1
446,0,11.75,10,9.66463142414592,9.74379262808571,1
446,0,11.75,10,9.74379262808571,10.1132640127469,1
446,0,11.75,10,10.1132640127469,10.6933198866533,1
446,0,11.75,10,10.6933198866533,11.75,0
447,0,7.75,2,0,2.70568534960933,1
447,0,7.75,2,2.70568534960933,6.808257918999,1
447,0,7.75,2,6.808257918999,7.75,0
448,0,9.75,13,0,4.20973217128656,1
448,0,9.75,13,4.20973217128656,4.8975132041404,1
448,0,9.75,13,4.8975132041404,5.91559410796755,1
448,0,9.75,13,5.91559410796755,7.17055424854997,1
448,0,9.75,13,7.17055424854997,7.48800905172386,1
448,0,9.75,13,7.48800905172386,7.93716757832752,1
448,0,9.75,13,7.93716757832752,8.03322882673115,1
448,0,9.75,13,8.03322882673115,8.0596761757557,1
448,0,9.75,13,8.0596761757557,8.15306298676272,1
448,0,9.75,13,8.15306298676272,8.30929880567731,1
448,0,9.75,13,8.30929880567731,8.31100933508452,1
448,0,9.75,13,8.31100933508452,8.58347275725038,1
448,0,9.75,13,8.58347275725038,9.20116787060385,1
448,0,9.75,13,9.20116787060385,9.75,0
449,0,15.75,18,0,1.50786711503835,1
449,0,15.75,18,1.50786711503835,3.14444245735914,1
449,0,15.75,18,3.14444245735914,3.24753338506136,1
449,0,15.75,18,3.24753338506136,6.39785781742441,1
449,0,15.75,18,6.39785781742441,6.9009384722888,1
449,0,15.75,18,6.9009384722888,7.1066226959011,1
449,0,15.75,18,7.1066226959011,8.16974900375452,1
449,0,15.75,18,8.16974900375452,12.1512595858727,1
449,0,15.75,18,12.1512595858727,12.2339861410018,1
449,0,15.75,18,12.2339861410018,12.738475130792,1
449,0,15.75,18,12.738475130792,12.7535230970033,1
449,0,15.75,18,12.7535230970033,13.3953025974434,1
449,0,15.75,18,13.3953025974434,13.4407934045664,1
449,0,15.75,18,13.4407934045664,13.8706277792167,1
449,0,15.75,18,13.8706277792167,14.6258811352927,1
449,0,15.75,18,14.6258811352927,15.3282232284389,1
449,0,15.75,18,15.3282232284389,15.4824112305167,1
449,0,15.75,18,15.4824112305167,15.4895443594752,1
449,0,15.75,18,15.4895443594752,15.75,0
450,0,10.75,3,0,5.64180220849578,1
450,0,10.75,3,5.64180220849578,8.86985356721292,1
450,0,10.75,3,8.86985356721292,9.06374020577189,1
450,0,10.75,3,9.06374020577189,10.75,0
451,0,13.75,8,0,5.29994518959944,1
451,0,13.75,8,5.29994518959944,6.0545271514081,1
451,0,13.75,8,6.0545271514081,6.44225537886841,1
451,0,13.75,8,6.44225537886841,7.2748756237916,1
451,0,13.75,8,7.2748756237916,8.19210352315551,1
451,0,13.75,8,8.19210352315551,11.4630850128213,1
451,0,13.75,8,11.4630850128213,12.5483656431112,1
451,0,13.75,8,12.5483656431112,12.6077245441484,1
451,0,13.75,8,12.6077245441484,13.75,0
452,0,15.75,9,0,1.51110442036271,1
452,0,15.75,9,1.51110442036271,5.176409669531,1
452,0,15.75,9,5.176409669531,6.94529930968052,1
452,0,15.75,9,6.94529930968052,9.1025784779308,1
452,0,15.75,9,9.1025784779308,9.88558837544007,1
452,0,15.75,9,9.88558837544007,11.7605917801043,1
452,0,15.75,9,11.7605917801043,13.7933880813919,1
452,0,15.75,9,13.7933880813919,13.9031864198614,1
452,0,15.75,9,13.9031864198614,14.1795157681403,1
452,0,15.75,9,14.1795157681403,15.75,0
453,0,13.75,7,0,4.14839901463667,1
453,0,13.75,7,4.14839901463667,8.07175420207287,1
453,0,13.75,7,8.07175420207287,9.45848200720051,1
453,0,13.75,7,9.45848200720051,9.91586947820471,1
453,0,13.75,7,9.91586947820471,11.1490501975502,1
453,0,13.75,7,11.1490501975502,12.3689529589064,1
453,0,13.75,7,12.3689529589064,13.027773618523,1
453,0,13.75,7,13.027773618523,13.75,0
454,0,9.75,3,0,7.8125282851523,1
454,0,9.75,3,7.8125282851523,8.49222137298356,1
454,0,9.75,3,8.49222137298356,9.0979495908225,1
454,0,9.75,3,9.0979495908225,9.75,0
455,0,13.75,14,0,1.91515310606091,1
455,0,13.75,14,1.91515310606091,2.50096682601519,1
455,0,13.75,14,2.50096682601519,3.02664700941286,1
455,0,13.75,14,3.02664700941286,6.13356564101525,1
455,0,13.75,14,6.13356564101525,6.43732344633575,1
455,0,13.75,14,6.43732344633575,7.06690099200053,1
455,0,13.75,14,7.06690099200053,7.80098575896269,1
455,0,13.75,14,7.80098575896269,8.88738513300625,1
455,0,13.75,14,8.88738513300625,9.20614541392045,1
455,0,13.75,14,9.20614541392045,11.4718282043845,1
455,0,13.75,14,11.4718282043845,11.9870983931085,1
455,0,13.75,14,11.9870983931085,12.8890058072043,1
455,0,13.75,14,12.8890058072043,13.0829562823078,1
455,0,13.75,14,13.0829562823078,13.0998907583225,1
455,0,13.75,14,13.0998907583225,13.75,0
456,0,14.75,11,0,3.21711711207495,1
456,0,14.75,11,3.21711711207495,5.29781298630762,1
456,0,14.75,11,5.29781298630762,5.798474594774,1
456,0,14.75,11,5.798474594774,6.7213376422118,1
456,0,14.75,11,6.7213376422118,7.6272516213883,1
456,0,14.75,11,7.6272516213883,9.82300184307239,1
456,0,14.75,11,9.82300184307239,10.7692565706134,1
456,0,14.75,11,10.7692565706134,13.5392474771867,1
456,0,14.75,11,13.5392474771867,14.2739099215076,1
456,0,14.75,11,14.2739099215076,14.4463320420387,1
456,0,14.75,11,14.4463320420387,14.7229326126438,1
456,0,14.75,11,14.7229326126438,14.75,0
457,0,17.75,4,0,9.45526711281648,1
457,0,17.75,4,9.45526711281648,10.8307143476534,1
457,0,17.75,4,10.8307143476534,13.3807004823027,1
457,0,17.75,4,13.3807004823027,15.64287601532,1
457,0,17.75,4,15.64287601532,17.75,0
458,0,9.75,6,0,0.800997318516324,1
458,0,9.75,6,0.800997318516324,2.56537686983014,1
458,0,9.75,6,2.56537686983014,8.53123627302596,1
458,0,9.75,6,8.53123627302596,9.09345866217621,1
458,0,9.75,6,9.09345866217621,9.25036604881513,1
458,0,9.75,6,9.25036604881513,9.51007143358438,1
458,0,9.75,6,9.51007143358438,9.75,0
459,0,11.75,11,0,1.07794887225815,1
459,0,11.75,11,1.07794887225815,6.48503492610832,1
459,0,11.75,11,6.48503492610832,6.98790168547793,1
459,0,11.75,11,6.98790168547793,8.16303944620015,1
459,0,11.75,11,8.16303944620015,8.56717139321594,1
459,0,11.75,11,8.56717139321594,8.73672306555723,1
459,0,11.75,11,8.73672306555723,9.32745582007138,1
459,0,11.75,11,9.32745582007138,10.120835685862,1
459,0,11.75,11,10.120835685862,10.3732601555671,1
459,0,11.75,11,10.3732601555671,10.5615987064532,1
459,0,11.75,11,10.5615987064532,11.0179574576071,1
459,0,11.75,11,11.0179574576071,11.75,0
460,0,12.75,5,0,3.40171988406969,1
460,0,12.75,5,3.40171988406969,8.54337611872576,1
460,0,12.75,5,8.54337611872576,10.3220751745751,1
460,0,12.75,5,10.3220751745751,11.924882742217,1
460,0,12.75,5,11.924882742217,12.5240651874043,1
460,0,12.75,5,12.5240651874043,12.75,0
461,0,13.75,14,0,4.4631591080111,1
461,0,13.75,14,4.4631591080111,5.96373799976279,1
461,0,13.75,14,5.96373799976279,7.23058099973697,1
461,0,13.75,14,7.23058099973697,8.23322805003795,1
461,0,13.75,14,8.23322805003795,8.61174149263561,1
461,0,13.75,14,8.61174149263561,9.02303469732215,1
461,0,13.75,14,9.02303469732215,9.08348360377121,1
461,0,13.75,14,9.08348360377121,9.09646398279577,1
461,0,13.75,14,9.09646398279577,9.12023600311813,1
461,0,13.75,14,9.12023600311813,9.19053762187322,1
461,0,13.75,14,9.19053762187322,10.255892095927,1
461,0,13.75,14,10.255892095927,11.686375138982,1
461,0,13.75,14,11.686375138982,12.3782523220764,1
461,0,13.75,14,12.3782523220764,13.4831076969406,1
461,0,13.75,14,13.4831076969406,13.75,0
462,0,12.75,12,0,1.87780495610539,1
462,0,12.75,12,1.87780495610539,2.5670878577577,1
462,0,12.75,12,2.5670878577577,6.26307492685545,1
462,0,12.75,12,6.26307492685545,6.98388752797166,1
462,0,12.75,12,6.98388752797166,7.30393734344441,1
462,0,12.75,12,7.30393734344441,8.53330687925574,1
462,0,12.75,12,8.53330687925574,9.74258332536365,1
462,0,12.75,12,9.74258332536365,9.94355103019791,1
462,0,12.75,12,9.94355103019791,10.111863369621,1
462,0,12.75,12,10.111863369621,10.8949864244799,1
462,0,12.75,12,10.8949864244799,11.2967883341102,1
462,0,12.75,12,11.2967883341102,11.6308413450239,1
462,0,12.75,12,11.6308413450239,12.75,0
463,0,10.75,0,0,10.75,0
464,0,17.75,15,0,3.93772065971002,1
464,0,17.75,15,3.93772065971002,4.13612604014158,1
464,0,17.75,15,4.13612604014158,4.65211115137864,1
464,0,17.75,15,4.65211115137864,7.00845663272003,1
464,0,17.75,15,7.00845663272003,7.8157165617233,1
464,0,17.75,15,7.8157165617233,9.86348155611281,1
464,0,17.75,15,9.86348155611281,10.9616727644416,1
464,0,17.75,15,10.9616727644416,11.4063086793435,1
464,0,17.75,15,11.4063086793435,12.3461541435539,1
464,0,17.75,15,12.3461541435539,13.4122707427514,1
464,0,17.75,15,13.4122707427514,14.0278871440343,1
464,0,17.75,15,14.0278871440343,14.3136282552218,1
464,0,17.75,15,14.3136282552218,14.475178172496,1
464,0,17.75,15,14.475178172496,15.7422850732975,1
464,0,17.75,15,15.7422850732975,16.6713341839908,1
464,0,17.75,15,16.6713341839908,17.75,0
465,0,11.75,9,0,4.47944172204565,1
465,0,11.75,9,4.47944172204565,6.19033925918748,1
465,0,11.75,9,6.19033925918748,6.31368684959197,1
465,0,11.75,9,6.31368684959197,7.98676211971868,1
465,0,11.75,9,7.98676211971868,8.76330909437809,1
465,0,11.75,9,8.76330909437809,9.60722483887754,1
465,0,11.75,9,9.60722483887754,10.0975283771785,1
465,0,11.75,9,10.0975283771785,10.1438146947653,1
465,0,11.75,9,10.1438146947653,10.6390817621462,1
465,0,11.75,9,10.6390817621462,11.75,0
466,0,12.75,11,0,1.19599699560488,1
466,0,12.75,11,1.19599699560488,3.17505326270747,1
466,0,12.75,11,3.17505326270747,9.0593475233164,1
466,0,12.75,11,9.0593475233164,9.22487433410787,1
466,0,12.75,11,9.22487433410787,9.24632382754654,1
466,0,12.75,11,9.24632382754654,9.58357739884621,1
466,0,12.75,11,9.58357739884621,10.0754078532763,1
466,0,12.75,11,10.0754078532763,10.1005218478202,1
466,0,12.75,11,10.1005218478202,10.2272452127731,1
466,0,12.75,11,10.2272452127731,10.6278810972791,1
466,0,12.75,11,10.6278810972791,11.1599986086757,1
466,0,12.75,11,11.1599986086757,12.75,0
467,0,12.75,5,0,3.14128224205663,1
467,0,12.75,5,3.14128224205663,6.77208143774994,1
467,0,12.75,5,6.77208143774994,8.36449280934457,1
467,0,12.75,5,8.36449280934457,11.8070953523578,1
467,0,12.75,5,11.8070953523578,12.6973238813291,1
467,0,12.75,5,12.6973238813291,12.75,0
468,0,11.75,8,0,0.474270825886473,1
468,0,11.75,8,0.474270825886473,2.0636027360655,1
468,0,11.75,8,2.0636027360655,2.90824998879938,1
468,0,11.75,8,2.90824998879938,4.2180136622857,1
468,0,11.75,8,4.2180136622857,4.81701796012407,1
468,0,11.75,8,4.81701796012407,5.43284133192583,1
468,0,11.75,8,5.43284133192583,6.90635461658565,1
468,0,11.75,8,6.90635461658565,11.2969074306208,1
468,0,11.75,8,11.2969074306208,11.75,0
469,0,9.75,3,0,2.42075798585198,1
469,0,9.75,3,2.42075798585198,5.24827065586633,1
469,0,9.75,3,5.24827065586633,7.67301721304622,1
469,0,9.75,3,7.67301721304622,9.75,0
470,0,20.75,31,0,2.93633260021493,1
470,0,20.75,31,2.93633260021493,5.009937661853,1
470,0,20.75,31,5.009937661853,7.21364804191855,1
470,0,20.75,31,7.21364804191855,7.49496624824122,1
470,0,20.75,31,7.49496624824122,7.6646713877832,1
470,0,20.75,31,7.6646713877832,8.70784346210433,1
470,0,20.75,31,8.70784346210433,11.2049425505822,1
470,0,20.75,31,11.2049425505822,11.6656003895617,1
470,0,20.75,31,11.6656003895617,12.1467543957316,1
470,0,20.75,31,12.1467543957316,12.210629504416,1
470,0,20.75,31,12.210629504416,12.6874573251726,1
470,0,20.75,31,12.6874573251726,12.8124106945413,1
470,0,20.75,31,12.8124106945413,12.9495432600774,1
470,0,20.75,31,12.9495432600774,13.4090844174909,1
470,0,20.75,31,13.4090844174909,13.4139023293027,1
470,0,20.75,31,13.4139023293027,13.5444330891196,1
470,0,20.75,31,13.5444330891196,13.8337625658757,1
470,0,20.75,31,13.8337625658757,14.585067498122,1
470,0,20.75,31,14.585067498122,14.753005859388,1
470,0,20.75,31,14.753005859388,15.1422598796209,1
470,0,20.75,31,15.1422598796209,15.4389762743681,1
470,0,20.75,31,15.4389762743681,15.5196262923221,1
470,0,20.75,31,15.5196262923221,15.6116747865302,1
470,0,20.75,31,15.6116747865302,15.783851582023,1
470,0,20.75,31,15.783851582023,16.232709814234,1
470,0,20.75,31,16.232709814234,16.3642950618307,1
470,0,20.75,31,16.3642950618307,16.7531986467711,1
470,0,20.75,31,16.7531986467711,17.5597919719159,1
470,0,20.75,31,17.5597919719159,17.7386598035746,1
470,0,20.75,31,17.7386598035746,18.989192592852,1
470,0,20.75,31,18.989192592852,20.2164331453925,1
470,0,20.75,31,20.2164331453925,20.75,0
471,0,16.75,9,0,3.55490547207156,1
471,0,16.75,9,3.55490547207156,6.42372866516787,1
471,0,16.75,9,6.42372866516787,8.6953254648683,1
471,0,16.75,9,8.6953254648683,9.09944412495195,1
471,0,16.75,9,9.09944412495195,9.3184626463148,1
471,0,16.75,9,9.3184626463148,12.0315338993749,1
471,0,16.75,9,12.0315338993749,13.7365435730626,1
471,0,16.75,9,13.7365435730626,15.0958510978774,1
471,0,16.75,9,15.0958510978774,15.1005062281809,1
471,0,16.75,9,15.1005062281809,16.75,0
472,0,11.75,3,0,3.79078826199163,1
472,0,11.75,3,3.79078826199163,8.06095976879646,1
472,0,11.75,3,8.06095976879646,11.6341530639253,1
472,0,11.75,3,11.6341530639253,11.75,0
473,0,11.75,3,0,6.27476424821612,1
473,0,11.75,3,6.27476424821612,8.96313923499894,1
473,0,11.75,3,8.96313923499894,10.5676498997289,1
473,0,11.75,3,10.5676498997289,11.75,0
474,0,12.75,3,0,7.66450509240404,1
474,0,12.75,3,7.66450509240404,9.10316733374775,1
474,0,12.75,3,9.10316733374775,9.45559225199598,1
474,0,12.75,3,9.45559225199598,12.75,0
475,0,20.75,22,0,5.193481293452,1
475,0,20.75,22,5.193481293452,5.64510858491363,1
475,0,20.75,22,5.64510858491363,7.48517778700191,1
475,0,20.75,22,7.48517778700191,7.5776824521375,1
475,0,20.75,22,7.5776824521375,7.85503723467268,1
475,0,20.75,22,7.85503723467268,8.88736692812789,1
475,0,20.75,22,8.88736692812789,10.1762404361124,1
475,0,20.75,22,10.1762404361124,10.7865241982494,1
475,0,20.75,22,10.7865241982494,11.1107274656401,1
475,0,20.75,22,11.1107274656401,11.8077753079393,1
475,0,20.75,22,11.8077753079393,13.3195698582483,1
475,0,20.75,22,13.3195698582483,13.3524514412208,1
475,0,20.75,22,13.3524514412208,13.7040182029702,1
475,0,20.75,22,13.7040182029702,13.7838902550174,1
475,0,20.75,22,13.7838902550174,17.7992504223205,1
475,0,20.75,22,17.7992504223205,17.9228639748678,1
475,0,20.75,22,17.9228639748678,18.0409775865692,1
475,0,20.75,22,18.0409775865692,18.4369681010374,1
475,0,20.75,22,18.4369681010374,18.6824588840236,1
475,0,20.75,22,18.6824588840236,19.0256719899914,1
475,0,20.75,22,19.0256719899914,19.9127041419557,1
475,0,20.75,22,19.9127041419557,20.6053555491667,1
475,0,20.75,22,20.6053555491667,20.75,0
476,0,7.75,3,0,3.40166243581923,1
476,0,7.75,3,3.40166243581923,3.81575170850232,1
476,0,7.75,3,3.81575170850232,5.110071465925,1
476,0,7.75,3,5.110071465925,7.75,0
477,0,15.75,10,0,2.50227122832463,1
477,0,15.75,10,2.50227122832463,2.52544466608451,1
477,0,15.75,10,2.52544466608451,10.2999305071373,1
477,0,15.75,10,10.2999305071373,12.3567436627963,1
477,0,15.75,10,12.3567436627963,13.207112495659,1
477,0,15.75,10,13.207112495659,13.6178489518889,1
477,0,15.75,10,13.6178489518889,13.7376797894812,1
477,0,15.75,10,13.7376797894812,14.098821608733,1
477,0,15.75,10,14.098821608733,14.7222956885493,1
477,0,15.75,10,14.7222956885493,15.2246307162197,1
477,0,15.75,10,15.2246307162197,15.75,0
478,0,14.75,24,0,3.34480667175819,1
478,0,14.75,24,3.34480667175819,5.69007830898122,1
478,0,14.75,24,5.69007830898122,5.95558699896189,1
478,0,14.75,24,5.95558699896189,6.03875441606033,1
478,0,14.75,24,6.03875441606033,6.26086509401951,1
478,0,14.75,24,6.26086509401951,6.32691286722361,1
478,0,14.75,24,6.32691286722361,7.35042034451517,1
478,0,14.75,24,7.35042034451517,7.72395136956587,1
478,0,14.75,24,7.72395136956587,8.83069522346196,1
478,0,14.75,24,8.83069522346196,9.19099631208845,1
478,0,14.75,24,9.19099631208845,10.4595965967235,1
478,0,14.75,24,10.4595965967235,11.3121481702547,1
478,0,14.75,24,11.3121481702547,11.9944064699927,1
478,0,14.75,24,11.9944064699927,12.3833506566975,1
478,0,14.75,24,12.3833506566975,12.4964393301,1
478,0,14.75,24,12.4964393301,13.3857575403423,1
478,0,14.75,24,13.3857575403423,13.4632512953876,1
478,0,14.75,24,13.4632512953876,13.5529002177484,1
478,0,14.75,24,13.5529002177484,13.6712055864248,1
478,0,14.75,24,13.6712055864248,13.8906275515141,1
478,0,14.75,24,13.8906275515141,14.0839479332276,1
478,0,14.75,24,14.0839479332276,14.3579397265206,1
478,0,14.75,24,14.3579397265206,14.5062760934733,1
478,0,14.75,24,14.5062760934733,14.6182115987416,1
478,0,14.75,24,14.6182115987416,14.75,0
479,0,10.75,3,0,6.04944879858147,1
479,0,10.75,3,6.04944879858147,7.41551762425495,1
479,0,10.75,3,7.41551762425495,10.746106556388,1
479,0,10.75,3,10.746106556388,10.75,0
480,0,11.75,5,0,2.57819744131042,1
480,0,11.75,5,2.57819744131042,6.56505856343716,1
480,0,11.75,5,6.56505856343716,9.10676754845407,1
480,0,11.75,5,9.10676754845407,10.3831135044272,1
480,0,11.75,5,10.3831135044272,10.6897558867413,1
480,0,11.75,5,10.6897558867413,11.75,0
481,0,19.75,29,0,2.74320691718605,1
481,0,19.75,29,2.74320691718605,5.77962574215045,1
481,0,19.75,29,5.77962574215045,6.47224806192839,1
481,0,19.75,29,6.47224806192839,8.03850510793082,1
481,0,19.75,29,8.03850510793082,9.43277329858982,1
481,0,19.75,29,9.43277329858982,9.69615605783153,1
481,0,19.75,29,9.69615605783153,11.0379023442359,1
481,0,19.75,29,11.0379023442359,11.2151328197765,1
481,0,19.75,29,11.2151328197765,11.6739891914683,1
481,0,19.75,29,11.6739891914683,11.7825237838236,1
481,0,19.75,29,11.7825237838236,12.4527764954904,1
481,0,19.75,29,12.4527764954904,12.5934283891549,1
481,0,19.75,29,12.5934283891549,13.0291647942853,1
481,0,19.75,29,13.0291647942853,13.1927355556967,1
481,0,19.75,29,13.1927355556967,13.7405062271945,1
481,0,19.75,29,13.7405062271945,13.8521395765469,1
481,0,19.75,29,13.8521395765469,14.3225935322106,1
481,0,19.75,29,14.3225935322106,15.6727360769165,1
481,0,19.75,29,15.6727360769165,16.1600786657856,1
481,0,19.75,29,16.1600786657856,16.3695000375361,1
481,0,19.75,29,16.3695000375361,16.6504443562715,1
481,0,19.75,29,16.6504443562715,17.8107347728016,1
481,0,19.75,29,17.8107347728016,17.8717547381531,1
481,0,19.75,29,17.8717547381531,18.7359889292521,1
481,0,19.75,29,18.7359889292521,18.8870476619884,1
481,0,19.75,29,18.8870476619884,19.0752802399523,1
481,0,19.75,29,19.0752802399523,19.1656541340721,1
481,0,19.75,29,19.1656541340721,19.2918760734617,1
481,0,19.75,29,19.2918760734617,19.497845788401,1
481,0,19.75,29,19.497845788401,19.75,0
482,0,15.75,19,0,2.63327005297259,1
482,0,15.75,19,2.63327005297259,2.68791733198735,1
482,0,15.75,19,2.68791733198735,5.22544755934127,1
482,0,15.75,19,5.22544755934127,5.86504708621821,1
482,0,15.75,19,5.86504708621821,6.41818182357235,1
482,0,15.75,19,6.41818182357235,6.76666747510636,1
482,0,15.75,19,6.76666747510636,7.27520213574623,1
482,0,15.75,19,7.27520213574623,9.30158391235917,1
482,0,15.75,19,9.30158391235917,9.84927387236086,1
482,0,15.75,19,9.84927387236086,10.135447873998,1
482,0,15.75,19,10.135447873998,12.2737658687891,1
482,0,15.75,19,12.2737658687891,12.9970548838886,1
482,0,15.75,19,12.9970548838886,14.0411092364342,1
482,0,15.75,19,14.0411092364342,14.2821318063848,1
482,0,15.75,19,14.2821318063848,15.2105335861268,1
482,0,15.75,19,15.2105335861268,15.2866948663824,1
482,0,15.75,19,15.2866948663824,15.3012768589058,1
482,0,15.75,19,15.3012768589058,15.3519537130345,1
482,0,15.75,19,15.3519537130345,15.6385196449119,1
482,0,15.75,19,15.6385196449119,15.75,0
483,0,15.75,8,0,7.17065806349346,1
483,0,15.75,8,7.17065806349346,8.2391799091842,1
483,0,15.75,8,8.2391799091842,10.9063163332086,1
483,0,15.75,8,10.9063163332086,11.7093212099656,1
483,0,15.75,8,11.7093212099656,13.7776241822678,1
483,0,15.75,8,13.7776241822678,14.6448312103668,1
483,0,15.75,8,14.6448312103668,15.4987863379309,1
483,0,15.75,8,15.4987863379309,15.5477973719659,1
483,0,15.75,8,15.5477973719659,15.75,0
484,0,19.75,28,0,3.90483078454457,1
484,0,19.75,28,3.90483078454457,4.3640633197758,1
484,0,19.75,28,4.3640633197758,4.7220342007815,1
484,0,19.75,28,4.7220342007815,5.99700324160167,1
484,0,19.75,28,5.99700324160167,6.32130871352944,1
484,0,19.75,28,6.32130871352944,6.58164642140814,1
484,0,19.75,28,6.58164642140814,7.7295547799987,1
484,0,19.75,28,7.7295547799987,9.06153538611967,1
484,0,19.75,28,9.06153538611967,10.108179602951,1
484,0,19.75,28,10.108179602951,10.465071246444,1
484,0,19.75,28,10.465071246444,10.5457687453016,1
484,0,19.75,28,10.5457687453016,11.4984175435402,1
484,0,19.75,28,11.4984175435402,12.7179437064815,1
484,0,19.75,28,12.7179437064815,13.3327361549718,1
484,0,19.75,28,13.3327361549718,14.3914456451692,1
484,0,19.75,28,14.3914456451692,14.5142310706197,1
484,0,19.75,28,14.5142310706197,14.9377614412657,1
484,0,19.75,28,14.9377614412657,15.2044282722083,1
484,0,19.75,28,15.2044282722083,15.3518080179012,1
484,0,19.75,28,15.3518080179012,15.4032950148261,1
484,0,19.75,28,15.4032950148261,15.4417766169011,1
484,0,19.75,28,15.4417766169011,15.5554394542973,1
484,0,19.75,28,15.5554394542973,16.0241442221015,1
484,0,19.75,28,16.0241442221015,17.1502769865724,1
484,0,19.75,28,17.1502769865724,17.1600935560355,1
484,0,19.75,28,17.1600935560355,18.0827637355472,1
484,0,19.75,28,18.0827637355472,18.4137666823137,1
484,0,19.75,28,18.4137666823137,19.7472957088757,1
484,0,19.75,28,19.7472957088757,19.75,0
485,0,19.75,4,0,4.63121892270403,1
485,0,19.75,4,4.63121892270403,11.7809830320925,1
485,0,19.75,4,11.7809830320925,13.050583844699,1
485,0,19.75,4,13.050583844699,18.6428140333605,1
485,0,19.75,4,18.6428140333605,19.75,0
486,0,17.75,5,0,7.64332292188073,1
486,0,17.75,5,7.64332292188073,15.1187471237115,1
486,0,17.75,5,15.1187471237115,16.0934244127941,1
486,0,17.75,5,16.0934244127941,17.3228374596033,1
486,0,17.75,5,17.3228374596033,17.3279157219942,1
486,0,17.75,5,17.3279157219942,17.75,0
487,0,8.75,11,0,3.48544854568397,1
487,0,8.75,11,3.48544854568397,3.49305205898402,1
487,0,8.75,11,3.49305205898402,3.87916674915448,1
487,0,8.75,11,3.87916674915448,4.04115549798607,1
487,0,8.75,11,4.04115549798607,4.29288033848337,1
487,0,8.75,11,4.29288033848337,4.57317824991236,1
487,0,8.75,11,4.57317824991236,6.95193074451499,1
487,0,8.75,11,6.95193074451499,7.30965781595961,1
487,0,8.75,11,7.30965781595961,7.51640528810408,1
487,0,8.75,11,7.51640528810408,8.50459207151511,1
487,0,8.75,11,8.50459207151511,8.68364824939408,1
487,0,8.75,11,8.68364824939408,8.75,0
488,0,9.75,3,0,8.05997459402771,1
488,0,9.75,3,8.05997459402771,8.19460530171259,1
488,0,9.75,3,8.19460530171259,9.46080656177531,1
488,0,9.75,3,9.46080656177531,9.75,0
489,0,20.75,41,0,4.63616240602668,1
489,0,20.75,41,4.63616240602668,4.67804575587534,1
489,0,20.75,41,4.67804575587534,5.52201716287708,1
489,0,20.75,41,5.52201716287708,6.6788340204007,1
489,0,20.75,41,6.6788340204007,6.86677679733627,1
489,0,20.75,41,6.86677679733627,9.38346510235734,1
489,0,20.75,41,9.38346510235734,9.50000800531538,1
489,0,20.75,41,9.50000800531538,10.3065994227601,1
489,0,20.75,41,10.3065994227601,11.524728373238,1
489,0,20.75,41,11.524728373238,11.8838722874794,1
489,0,20.75,41,11.8838722874794,12.1057916123324,1
489,0,20.75,41,12.1057916123324,12.441699349553,1
489,0,20.75,41,12.441699349553,12.8826885582986,1
489,0,20.75,41,12.8826885582986,13.1344966253114,1
489,0,20.75,41,13.1344966253114,13.1953704041945,1
489,0,20.75,41,13.1953704041945,13.3809885765001,1
489,0,20.75,41,13.3809885765001,13.5638329818099,1
489,0,20.75,41,13.5638329818099,14.1873775094959,1
489,0,20.75,41,14.1873775094959,14.421867456434,1
489,0,20.75,41,14.421867456434,14.4299782112098,1
489,0,20.75,41,14.4299782112098,14.9428001492062,1
489,0,20.75,41,14.9428001492062,15.9284948755484,1
489,0,20.75,41,15.9284948755484,15.9504230900537,1
489,0,20.75,41,15.9504230900537,16.0625909656457,1
489,0,20.75,41,16.0625909656457,16.2250507136619,1
489,0,20.75,41,16.2250507136619,16.684004432337,1
489,0,20.75,41,16.684004432337,16.8831855233018,1
489,0,20.75,41,16.8831855233018,17.180049440709,1
489,0,20.75,41,17.180049440709,17.3548548331414,1
489,0,20.75,41,17.3548548331414,17.362392529121,1
489,0,20.75,41,17.362392529121,17.5521933895529,1
489,0,20.75,41,17.5521933895529,17.7578871414321,1
489,0,20.75,41,17.7578871414321,18.5864092261997,1
489,0,20.75,41,18.5864092261997,19.0352565007129,1
489,0,20.75,41,19.0352565007129,19.1871787922556,1
489,0,20.75,41,19.1871787922556,19.3022418460316,1
489,0,20.75,41,19.3022418460316,19.3952310197159,1
489,0,20.75,41,19.3952310197159,19.4743823332642,1
489,0,20.75,41,19.4743823332642,19.868689246231,1
489,0,20.75,41,19.868689246231,19.9887263300747,1
489,0,20.75,41,19.9887263300747,20.700419406995,1
489,0,20.75,41,20.700419406995,20.75,0
490,0,10.75,8,0,2.89199439977222,1
490,0,10.75,8,2.89199439977222,4.63617562256041,1
490,0,10.75,8,4.63617562256041,6.61084933289817,1
490,0,10.75,8,6.61084933289817,8.4494829307053,1
490,0,10.75,8,8.4494829307053,8.70897058029674,1
490,0,10.75,8,8.70897058029674,9.98649051625602,1
490,0,10.75,8,9.98649051625602,10.2059662354735,1
490,0,10.75,8,10.2059662354735,10.5103795302748,1
490,0,10.75,8,10.5103795302748,10.75,0
491,0,14.75,14,0,5.50235983169589,1
491,0,14.75,14,5.50235983169589,8.18393497645269,1
491,0,14.75,14,8.18393497645269,8.61079599942664,1
491,0,14.75,14,8.61079599942664,9.00912457565007,1
491,0,14.75,14,9.00912457565007,9.69184513950358,1
491,0,14.75,14,9.69184513950358,9.93859521914526,1
491,0,14.75,14,9.93859521914526,10.3277604113605,1
491,0,14.75,14,10.3277604113605,11.568736361014,1
491,0,14.75,14,11.568736361014,13.2135688324772,1
491,0,14.75,14,13.2135688324772,13.2267576308992,1
491,0,14.75,14,13.2267576308992,14.1411294724861,1
491,0,14.75,14,14.1411294724861,14.3337601736635,1
491,0,14.75,14,14.3337601736635,14.6823204671771,1
491,0,14.75,14,14.6823204671771,14.7338927799342,1
491,0,14.75,14,14.7338927799342,14.75,0
492,0,12.75,3,0,4.42784111416877,1
492,0,12.75,3,4.42784111416877,7.95435665384138,1
492,0,12.75,3,7.95435665384138,8.89109808330384,1
492,0,12.75,3,8.89109808330384,12.75,0
493,0,12.75,8,0,2.61002710632697,1
493,0,12.75,8,2.61002710632697,7.9411186122638,1
493,0,12.75,8,7.9411186122638,9.56802135026291,1
493,0,12.75,8,9.56802135026291,9.71350340859769,1
493,0,12.75,8,9.71350340859769,10.9419738391131,1
493,0,12.75,8,10.9419738391131,12.1689151290526,1
493,0,12.75,8,12.1689151290526,12.5219286529095,1
493,0,12.75,8,12.5219286529095,12.7382912710458,1
493,0,12.75,8,12.7382912710458,12.75,0
494,0,7.75,5,0,4.3113958897536,1
494,0,7.75,5,4.3113958897536,4.7222140395829,1
494,0,7.75,5,4.7222140395829,6.53170761686963,1
494,0,7.75,5,6.53170761686963,6.73244318475291,1
494,0,7.75,5,6.73244318475291,7.60981936427281,1
494,0,7.75,5,7.60981936427281,7.75,0
495,0,13.75,9,0,2.89478799474293,1
495,0,13.75,9,2.89478799474293,7.68004614666713,1
495,0,13.75,9,7.68004614666713,8.69097425836843,1
495,0,13.75,9,8.69097425836843,9.17915862852495,1
495,0,13.75,9,9.17915862852495,9.89862158043882,1
495,0,13.75,9,9.89862158043882,10.620577171349,1
495,0,13.75,9,10.620577171349,12.6989452375094,1
495,0,13.75,9,12.6989452375094,13.2863990355476,1
495,0,13.75,9,13.2863990355476,13.7160637657258,1
495,0,13.75,9,13.7160637657258,13.75,0
496,0,11.75,5,0,9.57519394143046,1
496,0,11.75,5,9.57519394143046,9.6110328141895,1
496,0,11.75,5,9.6110328141895,9.64992027802163,1
496,0,11.75,5,9.64992027802163,10.8139750327841,1
496,0,11.75,5,10.8139750327841,11.0207895288214,1
496,0,11.75,5,11.0207895288214,11.75,0
497,0,11.75,4,0,5.14676938744714,1
497,0,11.75,4,5.14676938744714,5.48057782238494,1
497,0,11.75,4,5.48057782238494,9.54210186849687,1
497,0,11.75,4,9.54210186849687,10.4253415957109,1
497,0,11.75,4,10.4253415957109,11.75,0
498,0,19.75,17,0,3.47631569543273,1
498,0,19.75,17,3.47631569543273,7.44844625196225,1
498,0,19.75,17,7.44844625196225,10.737153626258,1
498,0,19.75,17,10.737153626258,11.9258811538823,1
498,0,19.75,17,11.9258811538823,14.3422012242219,1
498,0,19.75,17,14.3422012242219,15.4240305010914,1
498,0,19.75,17,15.4240305010914,15.5130698942222,1
498,0,19.75,17,15.5130698942222,15.5647558012645,1
498,0,19.75,17,15.5647558012645,16.4622547445038,1
498,0,19.75,17,16.4622547445038,17.5228082993071,1
498,0,19.75,17,17.5228082993071,17.6278696902572,1
498,0,19.75,17,17.6278696902572,18.3115649454186,1
498,0,19.75,17,18.3115649454186,18.416090463844,1
498,0,19.75,17,18.416090463844,18.9006699576102,1
498,0,19.75,17,18.9006699576102,19.2744144745122,1
498,0,19.75,17,19.2744144745122,19.3900584370087,1
498,0,19.75,17,19.3900584370087,19.524753348593,1
498,0,19.75,17,19.524753348593,19.75,0
499,0,15.75,5,0,7.92598964155664,1
499,0,15.75,5,7.92598964155664,9.22625897338993,1
499,0,15.75,5,9.22625897338993,9.72528179506413,1
499,0,15.75,5,9.72528179506413,11.2732010894042,1
499,0,15.75,5,11.2732010894042,11.732603622674,1
499,0,15.75,5,11.732603622674,15.75,0
500,0,11.75,14,0,1.67875589542634,1
500,0,11.75,14,1.67875589542634,4.87828725239601,1
500,0,11.75,14,4.87828725239601,6.90243517271356,1
500,0,11.75,14,6.90243517271356,7.41531648051014,1
500,0,11.75,14,7.41531648051014,7.53403116203778,1
500,0,11.75,14,7.53403116203778,8.81214947650654,1
500,0,11.75,14,8.81214947650654,9.60313541102867,1
500,0,11.75,14,9.60313541102867,9.77714928951927,1
500,0,11.75,14,9.77714928951927,10.2278133136589,1
500,0,11.75,14,10.2278133136589,10.5923471882897,1
500,0,11.75,14,10.5923471882897,10.6457571034155,1
500,0,11.75,14,10.6457571034155,11.1698674476277,1
500,0,11.75,14,11.1698674476277,11.1994607729916,1
500,0,11.75,14,11.1994607729916,11.5600172002598,1
500,0,11.75,14,11.5600172002598,11.75,0
501,0,8.75,7,0,4.0373753274726,1
501,0,8.75,7,4.0373753274726,4.93427089495038,1
501,0,8.75,7,4.93427089495038,6.59511418667945,1
501,0,8.75,7,6.59511418667945,6.76713145811287,1
501,0,8.75,7,6.76713145811287,7.69151561954444,1
501,0,8.75,7,7.69151561954444,7.90539298245034,1
501,0,8.75,7,7.90539298245034,8.31920703715325,1
501,0,8.75,7,8.31920703715325,8.75,0
502,0,9.75,3,0,5.51098977845601,1
502,0,9.75,3,5.51098977845601,7.26743056065946,1
502,0,9.75,3,7.26743056065946,9.70701794985378,1
502,0,9.75,3,9.70701794985378,9.75,0
503,0,11.75,12,0,2.72430614592832,1
503,0,11.75,12,2.72430614592832,5.5857366079994,1
503,0,11.75,12,5.5857366079994,5.67620023310568,1
503,0,11.75,12,5.67620023310568,7.36034763106867,1
503,0,11.75,12,7.36034763106867,8.26908463616329,1
503,0,11.75,12,8.26908463616329,8.41103306788843,1
503,0,11.75,12,8.41103306788843,9.11268641048859,1
503,0,11.75,12,9.11268641048859,9.28599465928963,1
503,0,11.75,12,9.28599465928963,9.46277371910766,1
503,0,11.75,12,9.46277371910766,9.75042536089422,1
503,0,11.75,12,9.75042536089422,10.1462801314699,1
503,0,11.75,12,10.1462801314699,11.5955376276356,1
503,0,11.75,12,11.5955376276356,11.75,0
504,0,11.75,11,0,2.0358070305838,1
504,0,11.75,11,2.0358070305838,2.65297753509929,1
504,0,11.75,11,2.65297753509929,3.70942322186069,1
504,0,11.75,11,3.70942322186069,4.3194683251629,1
504,0,11.75,11,4.3194683251629,4.3698426927604,1
504,0,11.75,11,4.3698426927604,6.34336220694496,1
504,0,11.75,11,6.34336220694496,7.19694123492527,1
504,0,11.75,11,7.19694123492527,8.6993413635733,1
504,0,11.75,11,8.6993413635733,8.74657391875894,1
504,0,11.75,11,8.74657391875894,11.4411527427244,1
504,0,11.75,11,11.4411527427244,11.7300289220194,1
504,0,11.75,11,11.7300289220194,11.75,0
505,0,13.75,9,0,3.35035024983062,1
505,0,13.75,9,3.35035024983062,5.22639199249292,1
505,0,13.75,9,5.22639199249292,8.59938147830149,1
505,0,13.75,9,8.59938147830149,9.60372554463918,1
505,0,13.75,9,9.60372554463918,10.4526819431989,1
505,0,13.75,9,10.4526819431989,11.2634171743772,1
505,0,13.75,9,11.2634171743772,11.918283983534,1
505,0,13.75,9,11.918283983534,11.9411900837637,1
505,0,13.75,9,11.9411900837637,12.8021023260781,1
505,0,13.75,9,12.8021023260781,13.75,0
506,0,10.75,11,0,3.3917146703837,1
506,0,10.75,11,3.3917146703837,5.97520489141328,1
506,0,10.75,11,5.97520489141328,6.98903038614819,1
506,0,10.75,11,6.98903038614819,8.27254654872867,1
506,0,10.75,11,8.27254654872867,8.37839256399453,1
506,0,10.75,11,8.37839256399453,9.26800889897506,1
506,0,10.75,11,9.26800889897506,10.0792454544977,1
506,0,10.75,11,10.0792454544977,10.1434101693368,1
506,0,10.75,11,10.1434101693368,10.5757861979706,1
506,0,10.75,11,10.5757861979706,10.6598858662318,1
506,0,10.75,11,10.6598858662318,10.6903592525921,1
506,0,10.75,11,10.6903592525921,10.75,0
507,0,17.75,17,0,3.49753230395043,1
507,0,17.75,17,3.49753230395043,8.12691497330916,1
507,0,17.75,17,8.12691497330916,8.59070942266407,1
507,0,17.75,17,8.59070942266407,11.2688431878974,1
507,0,17.75,17,11.2688431878974,11.9759072211877,1
507,0,17.75,17,11.9759072211877,13.0131716175491,1
507,0,17.75,17,13.0131716175491,13.6081489599442,1
507,0,17.75,17,13.6081489599442,14.608742020156,1
507,0,17.75,17,14.608742020156,14.7431775080736,1
507,0,17.75,17,14.7431775080736,14.9162649443197,1
507,0,17.75,17,14.9162649443197,14.9775275350245,1
507,0,17.75,17,14.9775275350245,15.1134746657697,1
507,0,17.75,17,15.1134746657697,16.5008121848503,1
507,0,17.75,17,16.5008121848503,16.7382583925781,1
507,0,17.75,17,16.7382583925781,16.9736689635445,1
507,0,17.75,17,16.9736689635445,17.1203000042271,1
507,0,17.75,17,17.1203000042271,17.5635062736794,1
507,0,17.75,17,17.5635062736794,17.75,0
508,0,9.75,4,0,3.36886739293452,1
508,0,9.75,4,3.36886739293452,5.26558269052253,1
508,0,9.75,4,5.26558269052253,7.22984972960712,1
508,0,9.75,4,7.22984972960712,8.48520238000114,1
508,0,9.75,4,8.48520238000114,9.75,0
509,0,8.75,9,0,1.49639201406737,1
509,0,8.75,9,1.49639201406737,4.569235587235,1
509,0,8.75,9,4.569235587235,5.54823559552814,1
509,0,8.75,9,5.54823559552814,6.04078202435947,1
509,0,8.75,9,6.04078202435947,6.12530555198118,1
509,0,8.75,9,6.12530555198118,6.89522931857548,1
509,0,8.75,9,6.89522931857548,7.39365571544171,1
509,0,8.75,9,7.39365571544171,7.80197966051956,1
509,0,8.75,9,7.80197966051956,8.02241581662527,1
509,0,8.75,9,8.02241581662527,8.75,0
510,0,12.75,5,0,6.8189791570061,1
510,0,12.75,5,6.8189791570061,6.89222424857929,1
510,0,12.75,5,6.89222424857929,7.31097358704093,1
510,0,12.75,5,7.31097358704093,9.76340745045408,1
510,0,12.75,5,9.76340745045408,12.4084506229668,1
510,0,12.75,5,12.4084506229668,12.75,0
511,0,13.75,14,0,1.73348854059105,1
511,0,13.75,14,1.73348854059105,4.17517673692647,1
511,0,13.75,14,4.17517673692647,4.92928545066129,1
511,0,13.75,14,4.92928545066129,5.06570303652006,1
511,0,13.75,14,5.06570303652006,6.17335377096205,1
511,0,13.75,14,6.17335377096205,6.17746192026174,1
511,0,13.75,14,6.17746192026174,8.0540257126881,1
511,0,13.75,14,8.0540257126881,9.52732510635025,1
511,0,13.75,14,9.52732510635025,10.0826346315027,1
511,0,13.75,14,10.0826346315027,10.7113825728077,1
511,0,13.75,14,10.7113825728077,11.2834976786075,1
511,0,13.75,14,11.2834976786075,12.171704829151,1
511,0,13.75,14,12.171704829151,12.3336262377346,1
511,0,13.75,14,12.3336262377346,13.0325312056149,1
511,0,13.75,14,13.0325312056149,13.75,0
512,0,12.75,15,0,3.16369555888309,1
512,0,12.75,15,3.16369555888309,3.19154773353756,1
512,0,12.75,15,3.19154773353756,4.61290798632714,1
512,0,12.75,15,4.61290798632714,7.0413292400592,1
512,0,12.75,15,7.0413292400592,7.70263535505039,1
512,0,12.75,15,7.70263535505039,8.21228405829569,1
512,0,12.75,15,8.21228405829569,8.6033216462277,1
512,0,12.75,15,8.6033216462277,8.77036043013476,1
512,0,12.75,15,8.77036043013476,8.93761593976383,1
512,0,12.75,15,8.93761593976383,9.425214585998,1
512,0,12.75,15,9.425214585998,9.54146058403034,1
512,0,12.75,15,9.54146058403034,9.62523516247106,1
512,0,12.75,15,9.62523516247106,9.89981767910139,1
512,0,12.75,15,9.89981767910139,10.5782337540871,1
512,0,12.75,15,10.5782337540871,12.5668936415574,1
512,0,12.75,15,12.5668936415574,12.75,0
513,0,19.75,26,0,1.40459406489131,1
513,0,19.75,26,1.40459406489131,2.68134762379698,1
513,0,19.75,26,2.68134762379698,4.86750938210138,1
513,0,19.75,26,4.86750938210138,5.80505577102557,1
513,0,19.75,26,5.80505577102557,5.82718041741186,1
513,0,19.75,26,5.82718041741186,7.8161573584505,1
513,0,19.75,26,7.8161573584505,7.85934982030224,1
513,0,19.75,26,7.85934982030224,9.59923678362256,1
513,0,19.75,26,9.59923678362256,9.90009254123299,1
513,0,19.75,26,9.90009254123299,10.7794751035495,1
513,0,19.75,26,10.7794751035495,11.4821745432182,1
513,0,19.75,26,11.4821745432182,11.6104811310704,1
513,0,19.75,26,11.6104811310704,12.4655864777769,1
513,0,19.75,26,12.4655864777769,12.4674872134923,1
513,0,19.75,26,12.4674872134923,13.7685183076097,1
513,0,19.75,26,13.7685183076097,14.0241817208052,1
513,0,19.75,26,14.0241817208052,14.1568519295141,1
513,0,19.75,26,14.1568519295141,14.7459373886429,1
513,0,19.75,26,14.7459373886429,15.5901682008962,1
513,0,19.75,26,15.5901682008962,17.4423118028691,1
513,0,19.75,26,17.4423118028691,18.3272655737945,1
513,0,19.75,26,18.3272655737945,18.523816079688,1
513,0,19.75,26,18.523816079688,18.5831006380969,1
513,0,19.75,26,18.5831006380969,18.6976993364358,1
513,0,19.75,26,18.6976993364358,18.7921326693795,1
513,0,19.75,26,18.7921326693795,18.9282889845177,1
513,0,19.75,26,18.9282889845177,19.75,0
514,0,9.75,6,0,1.73320209011102,1
514,0,9.75,6,1.73320209011102,5.20104428937266,1
514,0,9.75,6,5.20104428937266,6.69743323553435,1
514,0,9.75,6,6.69743323553435,8.2899584803368,1
514,0,9.75,6,8.2899584803368,9.29993803546214,1
514,0,9.75,6,9.29993803546214,9.43108687406099,1
514,0,9.75,6,9.43108687406099,9.75,0
515,0,10.75,8,0,1.36427456820887,1
515,0,10.75,8,1.36427456820887,4.71515749737706,1
515,0,10.75,8,4.71515749737706,7.85191879378232,1
515,0,10.75,8,7.85191879378232,8.21714463777939,1
515,0,10.75,8,8.21714463777939,9.35127190977997,1
515,0,10.75,8,9.35127190977997,9.47239399580739,1
515,0,10.75,8,9.47239399580739,10.0364272863926,1
515,0,10.75,8,10.0364272863926,10.5324267482552,1
515,0,10.75,8,10.5324267482552,10.75,0
516,0,14.75,10,0,7.71612165202708,1
516,0,14.75,10,7.71612165202708,9.12578839048953,1
516,0,14.75,10,9.12578839048953,9.54563009151149,1
516,0,14.75,10,9.54563009151149,10.4901325583103,1
516,0,14.75,10,10.4901325583103,10.6289345973609,1
516,0,14.75,10,10.6289345973609,10.9831396749464,1
516,0,14.75,10,10.9831396749464,11.0723756967704,1
516,0,14.75,10,11.0723756967704,11.890844846655,1
516,0,14.75,10,11.890844846655,12.5945437933741,1
516,0,14.75,10,12.5945437933741,14.0188166787498,1
516,0,14.75,10,14.0188166787498,14.75,0
517,0,10.75,2,0,9.76216168330158,1
517,0,10.75,2,9.76216168330158,10.6273806228526,1
517,0,10.75,2,10.6273806228526,10.75,0
518,0,14.75,30,0,5.05695963944822,1
518,0,14.75,30,5.05695963944822,5.36116826992294,1
518,0,14.75,30,5.36116826992294,5.36826200565141,1
518,0,14.75,30,5.36826200565141,5.58347848612705,1
518,0,14.75,30,5.58347848612705,5.66605746498828,1
518,0,14.75,30,5.66605746498828,5.73917397318167,1
518,0,14.75,30,5.73917397318167,6.03817248782229,1
518,0,14.75,30,6.03817248782229,6.04438308860808,1
518,0,14.75,30,6.04438308860808,6.53738629359767,1
518,0,14.75,30,6.53738629359767,6.76000563498354,1
518,0,14.75,30,6.76000563498354,7.59281107159929,1
518,0,14.75,30,7.59281107159929,8.56012738152783,1
518,0,14.75,30,8.56012738152783,8.78257822822611,1
518,0,14.75,30,8.78257822822611,9.20083811552886,1
518,0,14.75,30,9.20083811552886,9.2485820563303,1
518,0,14.75,30,9.2485820563303,9.25042739051995,1
518,0,14.75,30,9.25042739051995,9.96129903855107,1
518,0,14.75,30,9.96129903855107,10.0459905376997,1
518,0,14.75,30,10.0459905376997,10.4561636444095,1
518,0,14.75,30,10.4561636444095,11.5134508207592,1
518,0,14.75,30,11.5134508207592,11.5748635704213,1
518,0,14.75,30,11.5748635704213,11.8142838455873,1
518,0,14.75,30,11.8142838455873,11.8924683161409,1
518,0,14.75,30,11.8924683161409,12.828428464123,1
518,0,14.75,30,12.828428464123,13.4048420268271,1
518,0,14.75,30,13.4048420268271,14.2450108774825,1
518,0,14.75,30,14.2450108774825,14.2541360090011,1
518,0,14.75,30,14.2541360090011,14.2913088400364,1
518,0,14.75,30,14.2913088400364,14.4090772498087,1
518,0,14.75,30,14.4090772498087,14.4993886629654,1
518,0,14.75,30,14.4993886629654,14.75,0
519,0,9.75,0,0,9.75,0
520,0,7.75,2,0,6.97668371613043,1
520,0,7.75,2,6.97668371613043,7.1597475375158,1
520,0,7.75,2,7.1597475375158,7.75,0
521,0,14.75,24,0,1.70989409567344,1
521,0,14.75,24,1.70989409567344,3.52523405070266,1
521,0,14.75,24,3.52523405070266,4.84157150488,1
521,0,14.75,24,4.84157150488,6.64572271270054,1
521,0,14.75,24,6.64572271270054,8.3065174470608,1
521,0,14.75,24,8.3065174470608,9.37997536961941,1
521,0,14.75,24,9.37997536961941,9.7198700640538,1
521,0,14.75,24,9.7198700640538,9.82439186738593,1
521,0,14.75,24,9.82439186738593,10.5933780088315,1
521,0,14.75,24,10.5933780088315,11.1175774511179,1
521,0,14.75,24,11.1175774511179,11.1912153393917,1
521,0,14.75,24,11.1912153393917,11.2097432569683,1
521,0,14.75,24,11.2097432569683,11.3826478399206,1
521,0,14.75,24,11.3826478399206,11.5675638073566,1
521,0,14.75,24,11.5675638073566,11.6886039843532,1
521,0,14.75,24,11.6886039843532,12.0282646418174,1
521,0,14.75,24,12.0282646418174,12.3174917301175,1
521,0,14.75,24,12.3174917301175,13.1468135176084,1
521,0,14.75,24,13.1468135176084,13.2228003006935,1
521,0,14.75,24,13.2228003006935,13.3680316740639,1
521,0,14.75,24,13.3680316740639,13.6548522573541,1
521,0,14.75,24,13.6548522573541,13.9207397250178,1
521,0,14.75,24,13.9207397250178,14.0916073814347,1
521,0,14.75,24,14.0916073814347,14.5734143825176,1
521,0,14.75,24,14.5734143825176,14.75,0
522,0,17.75,36,0,0.963264286028523,1
522,0,17.75,36,0.963264286028523,3.59403531646489,1
522,0,17.75,36,3.59403531646489,4.05073433274332,1
522,0,17.75,36,4.05073433274332,6.70146691991874,1
522,0,17.75,36,6.70146691991874,7.43598981836555,1
522,0,17.75,36,7.43598981836555,7.4659029483354,1
522,0,17.75,36,7.4659029483354,7.50073242297308,1
522,0,17.75,36,7.50073242297308,8.10883895973451,1
522,0,17.75,36,8.10883895973451,8.93229834305876,1
522,0,17.75,36,8.93229834305876,9.22347310756572,1
522,0,17.75,36,9.22347310756572,9.45001316362206,1
522,0,17.75,36,9.45001316362206,9.91638021609172,1
522,0,17.75,36,9.91638021609172,10.3523281428309,1
522,0,17.75,36,10.3523281428309,11.0585656574304,1
522,0,17.75,36,11.0585656574304,11.1168192316081,1
522,0,17.75,36,11.1168192316081,12.0083945608362,1
522,0,17.75,36,12.0083945608362,13.5373656693091,1
522,0,17.75,36,13.5373656693091,13.8272904868469,1
522,0,17.75,36,13.8272904868469,14.185350106871,1
522,0,17.75,36,14.185350106871,14.3040669110941,1
522,0,17.75,36,14.3040669110941,14.328285994163,1
522,0,17.75,36,14.328285994163,14.3451013842856,1
522,0,17.75,36,14.3451013842856,14.6109188041853,1
522,0,17.75,36,14.6109188041853,14.7056854404549,1
522,0,17.75,36,14.7056854404549,14.9959915762202,1
522,0,17.75,36,14.9959915762202,15.087187144735,1
522,0,17.75,36,15.087187144735,15.5474976284494,1
522,0,17.75,36,15.5474976284494,15.7202797890877,1
522,0,17.75,36,15.7202797890877,16.2785984155948,1
522,0,17.75,36,16.2785984155948,16.2940943342734,1
522,0,17.75,36,16.2940943342734,16.8668390803004,1
522,0,17.75,36,16.8668390803004,16.9176866348945,1
522,0,17.75,36,16.9176866348945,16.9586494345447,1
522,0,17.75,36,16.9586494345447,17.3579924567229,1
522,0,17.75,36,17.3579924567229,17.4938841032319,1
522,0,17.75,36,17.4938841032319,17.7456248480269,1
522,0,17.75,36,17.7456248480269,17.75,0
523,0,12.75,5,0,4.48146664380243,1
523,0,12.75,5,4.48146664380243,8.21096708620579,1
523,0,12.75,5,8.21096708620579,8.57213397920441,1
523,0,12.75,5,8.57213397920441,9.50790558371893,1
523,0,12.75,5,9.50790558371893,9.51186066161104,1
523,0,12.75,5,9.51186066161104,12.75,0
524,0,16.75,22,0,2.83107130991497,1
524,0,16.75,22,2.83107130991497,3.19785362916343,1
524,0,16.75,22,3.19785362916343,5.81454897610076,1
524,0,16.75,22,5.81454897610076,7.66261176019891,1
524,0,16.75,22,7.66261176019891,8.17387829966834,1
524,0,16.75,22,8.17387829966834,9.58192860557291,1
524,0,16.75,22,9.58192860557291,9.75788111879401,1
524,0,16.75,22,9.75788111879401,11.2015413840564,1
524,0,16.75,22,11.2015413840564,11.7190721095943,1
524,0,16.75,22,11.7190721095943,11.7532181329647,1
524,0,16.75,22,11.7532181329647,11.8694452185763,1
524,0,16.75,22,11.8694452185763,13.3897865821375,1
524,0,16.75,22,13.3897865821375,13.7341896981772,1
524,0,16.75,22,13.7341896981772,14.1677523225553,1
524,0,16.75,22,14.1677523225553,14.3897571959105,1
524,0,16.75,22,14.3897571959105,14.7532443662629,1
524,0,16.75,22,14.7532443662629,15.1245655370692,1
524,0,16.75,22,15.1245655370692,16.0837125082597,1
524,0,16.75,22,16.0837125082597,16.3787174344533,1
524,0,16.75,22,16.3787174344533,16.5607969640626,1
524,0,16.75,22,16.5607969640626,16.6663229610986,1
524,0,16.75,22,16.6663229610986,16.6997751324585,1
524,0,16.75,22,16.6997751324585,16.75,0
525,0,12.75,3,0,6.89764895699077,1
525,0,12.75,3,6.89764895699077,9.96570773704979,1
525,0,12.75,3,9.96570773704979,10.5657155894376,1
525,0,12.75,3,10.5657155894376,12.75,0
526,0,16.75,4,0,5.89498519930786,1
526,0,16.75,4,5.89498519930786,6.74953455746445,1
526,0,16.75,4,6.74953455746445,15.2279643326469,1
526,0,16.75,4,15.2279643326469,16.6900040952673,1
526,0,16.75,4,16.6900040952673,16.75,0
527,0,19.75,29,0,8.22808179212634,1
527,0,19.75,29,8.22808179212634,8.46071620054492,1
527,0,19.75,29,8.46071620054492,8.65966089458825,1
527,0,19.75,29,8.65966089458825,9.19383410843411,1
527,0,19.75,29,9.19383410843411,10.2581160456087,1
527,0,19.75,29,10.2581160456087,10.3456290162448,1
527,0,19.75,29,10.3456290162448,11.4849916363199,1
527,0,19.75,29,11.4849916363199,12.2321154000729,1
527,0,19.75,29,12.2321154000729,13.2639487975587,1
527,0,19.75,29,13.2639487975587,13.463062718624,1
527,0,19.75,29,13.463062718624,13.6152666644591,1
527,0,19.75,29,13.6152666644591,13.7126648345536,1
527,0,19.75,29,13.7126648345536,13.9354111949056,1
527,0,19.75,29,13.9354111949056,14.3791701568053,1
527,0,19.75,29,14.3791701568053,14.9820793975348,1
527,0,19.75,29,14.9820793975348,15.4488276551731,1
527,0,19.75,29,15.4488276551731,15.5502204544188,1
527,0,19.75,29,15.5502204544188,15.6166819908228,1
527,0,19.75,29,15.6166819908228,15.644260385514,1
527,0,19.75,29,15.644260385514,15.8034299303937,1
527,0,19.75,29,15.8034299303937,15.968165015249,1
527,0,19.75,29,15.968165015249,16.0895838570403,1
527,0,19.75,29,16.0895838570403,16.9965003616934,1
527,0,19.75,29,16.9965003616934,17.1494972556089,1
527,0,19.75,29,17.1494972556089,17.4963276000911,1
527,0,19.75,29,17.4963276000911,18.4614286968201,1
527,0,19.75,29,18.4614286968201,18.8880051605467,1
527,0,19.75,29,18.8880051605467,19.3276295088536,1
527,0,19.75,29,19.3276295088536,19.7352700686967,1
527,0,19.75,29,19.7352700686967,19.75,0
528,0,10.75,9,0,2.59270360202623,1
528,0,10.75,9,2.59270360202623,4.67390470331279,1
528,0,10.75,9,4.67390470331279,5.4080040666355,1
528,0,10.75,9,5.4080040666355,6.81755226796475,1
528,0,10.75,9,6.81755226796475,7.57596504448578,1
528,0,10.75,9,7.57596504448578,9.08745746437925,1
528,0,10.75,9,9.08745746437925,9.26022484527784,1
528,0,10.75,9,9.26022484527784,9.39944335795535,1
528,0,10.75,9,9.39944335795535,9.82732821682903,1
528,0,10.75,9,9.82732821682903,10.75,0
529,0,14.75,4,0,2.60822206483815,1
529,0,14.75,4,2.60822206483815,10.7994908533678,1
529,0,14.75,4,10.7994908533678,13.5467201068488,1
529,0,14.75,4,13.5467201068488,13.6648529733095,1
529,0,14.75,4,13.6648529733095,14.75,0
530,0,16.75,10,0,10.8827583452052,1
530,0,16.75,10,10.8827583452052,12.1670615944184,1
530,0,16.75,10,12.1670615944184,12.3646135064394,1
530,0,16.75,10,12.3646135064394,12.3873360921697,1
530,0,16.75,10,12.3873360921697,13.3682211780695,1
530,0,16.75,10,13.3682211780695,14.3169669478709,1
530,0,16.75,10,14.3169669478709,15.0063288252234,1
530,0,16.75,10,15.0063288252234,15.7786931653152,1
530,0,16.75,10,15.7786931653152,15.7918281295488,1
530,0,16.75,10,15.7918281295488,16.3334941523857,1
530,0,16.75,10,16.3334941523857,16.75,0
531,0,9.75,2,0,2.51648703495533,1
531,0,9.75,2,2.51648703495533,5.30348837119779,1
531,0,9.75,2,5.30348837119779,9.75,0
532,0,17.75,15,0,2.51655681633505,1
532,0,17.75,15,2.51655681633505,2.90371376947057,1
532,0,17.75,15,2.90371376947057,3.32885276826807,1
532,0,17.75,15,3.32885276826807,4.24357064779745,1
532,0,17.75,15,4.24357064779745,5.49351157853859,1
532,0,17.75,15,5.49351157853859,7.10701900596583,1
532,0,17.75,15,7.10701900596583,7.25356872817146,1
532,0,17.75,15,7.25356872817146,8.22715103189392,1
532,0,17.75,15,8.22715103189392,9.17419605419201,1
532,0,17.75,15,9.17419605419201,11.2910964861517,1
532,0,17.75,15,11.2910964861517,11.3113007348338,1
532,0,17.75,15,11.3113007348338,11.5371739709821,1
532,0,17.75,15,11.5371739709821,12.4783406014432,1
532,0,17.75,15,12.4783406014432,12.6187918115054,1
532,0,17.75,15,12.6187918115054,16.7935395301567,1
532,0,17.75,15,16.7935395301567,17.75,0
533,0,9.75,4,0,4.09677908447216,1
533,0,9.75,4,4.09677908447216,5.05145614974672,1
533,0,9.75,4,5.05145614974672,6.81601584608915,1
533,0,9.75,4,6.81601584608915,7.86895347194834,1
533,0,9.75,4,7.86895347194834,9.75,0
534,0,15.75,20,0,3.08813989074608,1
534,0,15.75,20,3.08813989074608,3.42030463851085,1
534,0,15.75,20,3.42030463851085,6.54482790040907,1
534,0,15.75,20,6.54482790040907,7.27987973933049,1
534,0,15.75,20,7.27987973933049,7.80005766996411,1
534,0,15.75,20,7.80005766996411,8.29465305240224,1
534,0,15.75,20,8.29465305240224,10.2384177801114,1
534,0,15.75,20,10.2384177801114,10.6280944356061,1
534,0,15.75,20,10.6280944356061,11.9122171047629,1
534,0,15.75,20,11.9122171047629,12.0292550959564,1
534,0,15.75,20,12.0292550959564,12.1508875477132,1
534,0,15.75,20,12.1508875477132,13.2816605700537,1
534,0,15.75,20,13.2816605700537,13.4340714301152,1
534,0,15.75,20,13.4340714301152,13.8873913352244,1
534,0,15.75,20,13.8873913352244,14.3543382829116,1
534,0,15.75,20,14.3543382829116,14.8046588505987,1
534,0,15.75,20,14.8046588505987,15.2556917302976,1
534,0,15.75,20,15.2556917302976,15.2757425463299,1
534,0,15.75,20,15.2757425463299,15.2887416103427,1
534,0,15.75,20,15.2887416103427,15.3357149580244,1
534,0,15.75,20,15.3357149580244,15.75,0
535,0,16.75,9,0,3.34134301046661,1
535,0,16.75,9,3.34134301046661,6.47511903175122,1
535,0,16.75,9,6.47511903175122,9.89420937505452,1
535,0,16.75,9,9.89420937505452,10.7846597816042,1
535,0,16.75,9,10.7846597816042,13.5254585731292,1
535,0,16.75,9,13.5254585731292,14.7768714069935,1
535,0,16.75,9,14.7768714069935,14.9750501813137,1
535,0,16.75,9,14.9750501813137,15.9106228207006,1
535,0,16.75,9,15.9106228207006,16.6160527624191,1
535,0,16.75,9,16.6160527624191,16.75,0
536,0,13.75,11,0,4.91187771180452,1
536,0,13.75,11,4.91187771180452,5.05080363723946,1
536,0,13.75,11,5.05080363723946,7.81177018284587,1
536,0,13.75,11,7.81177018284587,8.76146392063978,1
536,0,13.75,11,8.76146392063978,8.86139029514258,1
536,0,13.75,11,8.86139029514258,9.00161149984844,1
536,0,13.75,11,9.00161149984844,9.53973134551094,1
536,0,13.75,11,9.53973134551094,9.62873012208556,1
536,0,13.75,11,9.62873012208556,10.4920037067892,1
536,0,13.75,11,10.4920037067892,12.1068809156567,1
536,0,13.75,11,12.1068809156567,13.6461918455974,1
536,0,13.75,11,13.6461918455974,13.75,0
537,0,11.75,5,0,5.70483791174632,1
537,0,11.75,5,5.70483791174632,5.91622116679367,1
537,0,11.75,5,5.91622116679367,7.67005317325721,1
537,0,11.75,5,7.67005317325721,9.62113187534927,1
537,0,11.75,5,9.62113187534927,10.1676692484468,1
537,0,11.75,5,10.1676692484468,11.75,0
538,0,11.75,3,0,7.51431330709851,1
538,0,11.75,3,7.51431330709851,9.01674837407552,1
538,0,11.75,3,9.01674837407552,10.1656242070332,1
538,0,11.75,3,10.1656242070332,11.75,0
539,0,11.75,11,0,3.69911457945619,1
539,0,11.75,11,3.69911457945619,5.28502889614439,1
539,0,11.75,11,5.28502889614439,5.538355085952,1
539,0,11.75,11,5.538355085952,6.22870848360703,1
539,0,11.75,11,6.22870848360703,6.54887469151202,1
539,0,11.75,11,6.54887469151202,6.68130901698752,1
539,0,11.75,11,6.68130901698752,8.62729754949517,1
539,0,11.75,11,8.62729754949517,9.64983886475513,1
539,0,11.75,11,9.64983886475513,10.0760767104495,1
539,0,11.75,11,10.0760767104495,10.3562896452031,1
539,0,11.75,11,10.3562896452031,11.1755421828835,1
539,0,11.75,11,11.1755421828835,11.75,0
540,0,16.75,26,0,2.8263151059454,1
540,0,16.75,26,2.8263151059454,3.72124683260192,1
540,0,16.75,26,3.72124683260192,4.73369012178061,1
540,0,16.75,26,4.73369012178061,6.18935907129933,1
540,0,16.75,26,6.18935907129933,6.95491853764338,1
540,0,16.75,26,6.95491853764338,8.45658347261182,1
540,0,16.75,26,8.45658347261182,8.91548288571502,1
540,0,16.75,26,8.91548288571502,9.0842660911738,1
540,0,16.75,26,9.0842660911738,9.349257104078,1
540,0,16.75,26,9.349257104078,9.48460400444305,1
540,0,16.75,26,9.48460400444305,10.1222858198691,1
540,0,16.75,26,10.1222858198691,10.1714941882567,1
540,0,16.75,26,10.1714941882567,10.8867217698105,1
540,0,16.75,26,10.8867217698105,11.1804644150874,1
540,0,16.75,26,11.1804644150874,11.9900851902155,1
540,0,16.75,26,11.9900851902155,12.6575699462957,1
540,0,16.75,26,12.6575699462957,12.6658947009338,1
540,0,16.75,26,12.6658947009338,14.3843204475529,1
540,0,16.75,26,14.3843204475529,14.8219487775112,1
540,0,16.75,26,14.8219487775112,14.8458313649872,1
540,0,16.75,26,14.8458313649872,15.271362385431,1
540,0,16.75,26,15.271362385431,15.8322458418358,1
540,0,16.75,26,15.8322458418358,16.1877835338064,1
540,0,16.75,26,16.1877835338064,16.2317829184901,1
540,0,16.75,26,16.2317829184901,16.2549445319688,1
540,0,16.75,26,16.2549445319688,16.2643452015288,1
540,0,16.75,26,16.2643452015288,16.75,0
541,0,15.75,4,0,4.97217846629456,1
541,0,15.75,4,4.97217846629456,9.4211073490311,1
541,0,15.75,4,9.4211073490311,10.2365409013716,1
541,0,15.75,4,10.2365409013716,12.0340111008246,1
541,0,15.75,4,12.0340111008246,15.75,0
542,0,17.75,7,0,7.81669987563902,1
542,0,17.75,7,7.81669987563902,15.2832859685181,1
542,0,17.75,7,15.2832859685181,15.5010766545411,1
542,0,17.75,7,15.5010766545411,15.5462607219673,1
542,0,17.75,7,15.5462607219673,15.7258396648698,1
542,0,17.75,7,15.7258396648698,16.6674887331389,1
542,0,17.75,7,16.6674887331389,16.9533071439924,1
542,0,17.75,7,16.9533071439924,17.75,0
543,0,19.75,13,0,3.17750319544383,1
543,0,19.75,13,3.17750319544383,6.52312841765861,1
543,0,19.75,13,6.52312841765861,6.84012795310154,1
543,0,19.75,13,6.84012795310154,8.57037347559787,1
543,0,19.75,13,8.57037347559787,10.5407917169669,1
543,0,19.75,13,10.5407917169669,10.9636647694085,1
543,0,19.75,13,10.9636647694085,12.3582428203233,1
543,0,19.75,13,12.3582428203233,12.6041564123812,1
543,0,19.75,13,12.6041564123812,13.2047338506821,1
543,0,19.75,13,13.2047338506821,14.3966167773025,1
543,0,19.75,13,14.3966167773025,16.1846960257036,1
543,0,19.75,13,16.1846960257036,16.2478524469662,1
543,0,19.75,13,16.2478524469662,18.3666985538868,1
543,0,19.75,13,18.3666985538868,19.75,0
544,0,11.75,5,0,3.38905481415672,1
544,0,11.75,5,3.38905481415672,7.05619800892375,1
544,0,11.75,5,7.05619800892375,7.8816661724592,1
544,0,11.75,5,7.8816661724592,8.01173859752839,1
544,0,11.75,5,8.01173859752839,11.675112049696,1
544,0,11.75,5,11.675112049696,11.75,0
545,0,8.75,6,0,3.54286173854936,1
545,0,8.75,6,3.54286173854936,5.01061119911249,1
545,0,8.75,6,5.01061119911249,6.01946100628503,1
545,0,8.75,6,6.01946100628503,7.89329172930893,1
545,0,8.75,6,7.89329172930893,8.52759071442977,1
545,0,8.75,6,8.52759071442977,8.69483235368147,1
545,0,8.75,6,8.69483235368147,8.75,0
546,0,15.75,22,0,3.69222142971475,1
546,0,15.75,22,3.69222142971475,3.91842929288258,1
546,0,15.75,22,3.91842929288258,4.83453823089278,1
546,0,15.75,22,4.83453823089278,7.91754903255547,1
546,0,15.75,22,7.91754903255547,8.60205725740285,1
546,0,15.75,22,8.60205725740285,9.12294228569101,1
546,0,15.75,22,9.12294228569101,10.3949364422139,1
546,0,15.75,22,10.3949364422139,10.6846470886124,1
546,0,15.75,22,10.6846470886124,10.8146791488576,1
546,0,15.75,22,10.8146791488576,11.0670112840979,1
546,0,15.75,22,11.0670112840979,11.6379061111537,1
546,0,15.75,22,11.6379061111537,11.9664643615076,1
546,0,15.75,22,11.9664643615076,12.7551266789898,1
546,0,15.75,22,12.7551266789898,12.9539512069648,1
546,0,15.75,22,12.9539512069648,13.6262707588222,1
546,0,15.75,22,13.6262707588222,13.8102789484354,1
546,0,15.75,22,13.8102789484354,13.9607132323002,1
546,0,15.75,22,13.9607132323002,14.2068302777422,1
546,0,15.75,22,14.2068302777422,14.7598357966314,1
546,0,15.75,22,14.7598357966314,14.9763678827494,1
546,0,15.75,22,14.9763678827494,15.4575262024773,1
546,0,15.75,22,15.4575262024773,15.5854701221007,1
546,0,15.75,22,15.5854701221007,15.75,0
547,0,15.75,9,0,2.55756095473851,1
547,0,15.75,9,2.55756095473851,3.23964512738606,1
547,0,15.75,9,3.23964512738606,7.01640296727284,1
547,0,15.75,9,7.01640296727284,8.85100175329922,1
547,0,15.75,9,8.85100175329922,10.2915391352468,1
547,0,15.75,9,10.2915391352468,10.7212041100087,1
547,0,15.75,9,10.7212041100087,12.2134411525632,1
547,0,15.75,9,12.2134411525632,13.3241119224591,1
547,0,15.75,9,13.3241119224591,14.0534107471726,1
547,0,15.75,9,14.0534107471726,15.75,0
548,0,19.75,18,0,8.02790545308196,1
548,0,19.75,18,8.02790545308196,9.0837035479232,1
548,0,19.75,18,9.0837035479232,9.27230732360629,1
548,0,19.75,18,9.27230732360629,11.6300538225429,1
548,0,19.75,18,11.6300538225429,11.9111728569107,1
548,0,19.75,18,11.9111728569107,12.5654434087266,1
548,0,19.75,18,12.5654434087266,13.6890563241439,1
548,0,19.75,18,13.6890563241439,14.0908770264233,1
548,0,19.75,18,14.0908770264233,15.9192069597089,1
548,0,19.75,18,15.9192069597089,16.1984625266664,1
548,0,19.75,18,16.1984625266664,16.3858374316601,1
548,0,19.75,18,16.3858374316601,16.4796197539412,1
548,0,19.75,18,16.4796197539412,18.4915895625326,1
548,0,19.75,18,18.4915895625326,18.5375260428356,1
548,0,19.75,18,18.5375260428356,19.0157547778867,1
548,0,19.75,18,19.0157547778867,19.1340716360105,1
548,0,19.75,18,19.1340716360105,19.156990661053,1
548,0,19.75,18,19.156990661053,19.2414444713351,1
548,0,19.75,18,19.2414444713351,19.75,0
549,0,15.75,21,0,3.59214062802936,1
549,0,15.75,21,3.59214062802936,7.3449670983507,1
549,0,15.75,21,7.3449670983507,7.4145034329756,1
549,0,15.75,21,7.4145034329756,8.74982821011963,1
549,0,15.75,21,8.74982821011963,9.28755139089104,1
549,0,15.75,21,9.28755139089104,10.1839500569015,1
549,0,15.75,21,10.1839500569015,10.7194510151769,1
549,0,15.75,21,10.7194510151769,10.9147165942106,1
549,0,15.75,21,10.9147165942106,11.0711482701303,1
549,0,15.75,21,11.0711482701303,11.1242871895533,1
549,0,15.75,21,11.1242871895533,11.8566357496498,1
549,0,15.75,21,11.8566357496498,12.6600809106675,1
549,0,15.75,21,12.6600809106675,12.8586845018554,1
549,0,15.75,21,12.8586845018554,13.0701696413544,1
549,0,15.75,21,13.0701696413544,14.1875395295536,1
549,0,15.75,21,14.1875395295536,14.2593615140834,1
549,0,15.75,21,14.2593615140834,14.6590399068379,1
549,0,15.75,21,14.6590399068379,14.7065691818892,1
549,0,15.75,21,14.7065691818892,14.9844324521122,1
549,0,15.75,21,14.9844324521122,15.31280414486,1
549,0,15.75,21,15.31280414486,15.4959487368152,1
549,0,15.75,21,15.4959487368152,15.75,0
550,0,12.75,9,0,3.76468258527518,1
550,0,12.75,9,3.76468258527518,6.04650738858242,1
550,0,12.75,9,6.04650738858242,7.43085414380969,1
550,0,12.75,9,7.43085414380969,7.8682815812928,1
550,0,12.75,9,7.8682815812928,8.45979338387054,1
550,0,12.75,9,8.45979338387054,8.72548142436633,1
550,0,12.75,9,8.72548142436633,9.13037838943737,1
550,0,12.75,9,9.13037838943737,9.69096665934501,1
550,0,12.75,9,9.69096665934501,11.4800728619453,1
550,0,12.75,9,11.4800728619453,12.75,0
551,0,17.75,6,0,7.36841186192226,1
551,0,17.75,6,7.36841186192226,9.41191543445234,1
551,0,17.75,6,9.41191543445234,12.2314103334582,1
551,0,17.75,6,12.2314103334582,12.9603471193538,1
551,0,17.75,6,12.9603471193538,13.4739039357229,1
551,0,17.75,6,13.4739039357229,14.8292618660598,1
551,0,17.75,6,14.8292618660598,17.75,0
552,0,7.75,5,0,2.5856143259284,1
552,0,7.75,5,2.5856143259284,4.25394635947619,1
552,0,7.75,5,4.25394635947619,6.64642302238654,1
552,0,7.75,5,6.64642302238654,6.94398723932703,1
552,0,7.75,5,6.94398723932703,7.28408799292812,1
552,0,7.75,5,7.28408799292812,7.75,0
553,0,12.75,12,0,4.16619731191831,1
553,0,12.75,12,4.16619731191831,6.08743471524197,1
553,0,12.75,12,6.08743471524197,8.50095674273083,1
553,0,12.75,12,8.50095674273083,8.89712162949225,1
553,0,12.75,12,8.89712162949225,9.88443118291611,1
553,0,12.75,12,9.88443118291611,10.7494620147591,1
553,0,12.75,12,10.7494620147591,10.916953173767,1
553,0,12.75,12,10.916953173767,11.6766438914902,1
553,0,12.75,12,11.6766438914902,11.9186260511605,1
553,0,12.75,12,11.9186260511605,11.9401278479422,1
553,0,12.75,12,11.9401278479422,12.1385941101707,1
553,0,12.75,12,12.1385941101707,12.1950240120706,1
553,0,12.75,12,12.1950240120706,12.75,0
554,0,16.75,23,0,4.08067047083487,1
554,0,16.75,23,4.08067047083487,4.89126798797991,1
554,0,16.75,23,4.89126798797991,5.19448065147287,1
554,0,16.75,23,5.19448065147287,5.4026110459119,1
554,0,16.75,23,5.4026110459119,6.10141459367081,1
554,0,16.75,23,6.10141459367081,6.72010370007055,1
554,0,16.75,23,6.72010370007055,8.22665551865858,1
554,0,16.75,23,8.22665551865858,9.81274479849755,1
554,0,16.75,23,9.81274479849755,10.3191727332848,1
554,0,16.75,23,10.3191727332848,11.6886405711587,1
554,0,16.75,23,11.6886405711587,12.3335169775714,1
554,0,16.75,23,12.3335169775714,12.4629043954465,1
554,0,16.75,23,12.4629043954465,13.1002591150056,1
554,0,16.75,23,13.1002591150056,13.1382472239677,1
554,0,16.75,23,13.1382472239677,13.4602559103281,1
554,0,16.75,23,13.4602559103281,13.6899693931559,1
554,0,16.75,23,13.6899693931559,14.1433763324145,1
554,0,16.75,23,14.1433763324145,14.2780259759125,1
554,0,16.75,23,14.2780259759125,14.962606323866,1
554,0,16.75,23,14.962606323866,15.8455317812372,1
554,0,16.75,23,15.8455317812372,16.0857424480303,1
554,0,16.75,23,16.0857424480303,16.5479968231111,1
554,0,16.75,23,16.5479968231111,16.7490558121828,1
554,0,16.75,23,16.7490558121828,16.75,0
555,0,13.75,8,0,3.78554376038625,1
555,0,13.75,8,3.78554376038625,4.60517974183513,1
555,0,13.75,8,4.60517974183513,7.74345842733227,1
555,0,13.75,8,7.74345842733227,8.16033310169668,1
555,0,13.75,8,8.16033310169668,10.1881753894636,1
555,0,13.75,8,10.1881753894636,11.1605054908276,1
555,0,13.75,8,11.1605054908276,11.6602826948712,1
555,0,13.75,8,11.6602826948712,12.8286636324851,1
555,0,13.75,8,12.8286636324851,13.75,0
556,0,17.75,15,0,2.9644894059026,1
556,0,17.75,15,2.9644894059026,3.67221318393721,1
556,0,17.75,15,3.67221318393721,5.59952703413291,1
556,0,17.75,15,5.59952703413291,9.21367781680497,1
556,0,17.75,15,9.21367781680497,10.3588408038025,1
556,0,17.75,15,10.3588408038025,11.9628455327958,1
556,0,17.75,15,11.9628455327958,12.162261322403,1
556,0,17.75,15,12.162261322403,12.393782856279,1
556,0,17.75,15,12.393782856279,12.6995593003698,1
556,0,17.75,15,12.6995593003698,12.957135455612,1
556,0,17.75,15,12.957135455612,13.4430507906692,1
556,0,17.75,15,13.4430507906692,13.6518264649198,1
556,0,17.75,15,13.6518264649198,14.1592941476725,1
556,0,17.75,15,14.1592941476725,16.0747529147549,1
556,0,17.75,15,16.0747529147549,17.5680076407221,1
556,0,17.75,15,17.5680076407221,17.75,0
557,0,15.75,10,0,1.2985251110487,1
557,0,15.75,10,1.2985251110487,3.78575299341114,1
557,0,15.75,10,3.78575299341114,5.41430867166156,1
557,0,15.75,10,5.41430867166156,6.45366687968799,1
557,0,15.75,10,6.45366687968799,9.83722355666498,1
557,0,15.75,10,9.83722355666498,10.196117794285,1
557,0,15.75,10,10.196117794285,10.4250823416778,1
557,0,15.75,10,10.4250823416778,12.8984560915076,1
557,0,15.75,10,12.8984560915076,13.9145690161744,1
557,0,15.75,10,13.9145690161744,15.534310927838,1
557,0,15.75,10,15.534310927838,15.75,0
558,0,12.75,2,0,4.86668558587127,1
558,0,12.75,2,4.86668558587127,11.3469777258834,1
558,0,12.75,2,11.3469777258834,12.75,0
559,0,8.75,17,0,1.76907143430011,1
559,0,8.75,17,1.76907143430011,1.88731913747156,1
559,0,8.75,17,1.88731913747156,1.9266066732856,1
559,0,8.75,17,1.9266066732856,2.25163984338286,1
559,0,8.75,17,2.25163984338286,3.30027479457664,1
559,0,8.75,17,3.30027479457664,3.3088316737817,1
559,0,8.75,17,3.3088316737817,4.56572807274503,1
559,0,8.75,17,4.56572807274503,5.61871046287821,1
559,0,8.75,17,5.61871046287821,5.73408830938308,1
559,0,8.75,17,5.73408830938308,5.89813860310383,1
559,0,8.75,17,5.89813860310383,6.73541023413639,1
559,0,8.75,17,6.73541023413639,6.9017626260375,1
559,0,8.75,17,6.9017626260375,7.37041707351311,1
559,0,8.75,17,7.37041707351311,7.37447764662702,1
559,0,8.75,17,7.37447764662702,7.63449578554832,1
559,0,8.75,17,7.63449578554832,7.90635331960162,1
559,0,8.75,17,7.90635331960162,7.9163188602158,1
559,0,8.75,17,7.9163188602158,8.75,0
560,0,9.75,1,0,7.16007768676336,1
560,0,9.75,1,7.16007768676336,9.75,0
561,0,18.75,17,0,5.89459731964542,1
561,0,18.75,17,5.89459731964542,6.40598791651974,1
561,0,18.75,17,6.40598791651974,6.41817564680666,1
561,0,18.75,17,6.41817564680666,7.12939726079808,1
561,0,18.75,17,7.12939726079808,8.30709513483969,1
561,0,18.75,17,8.30709513483969,9.27445947207794,1
561,0,18.75,17,9.27445947207794,10.1658125375899,1
561,0,18.75,17,10.1658125375899,10.3408378155933,1
561,0,18.75,17,10.3408378155933,12.7921761169693,1
561,0,18.75,17,12.7921761169693,13.2284218341447,1
561,0,18.75,17,13.2284218341447,13.2586777783108,1
561,0,18.75,17,13.2586777783108,13.4314453208478,1
561,0,18.75,17,13.4314453208478,13.7400245536898,1
561,0,18.75,17,13.7400245536898,13.8567543929122,1
561,0,18.75,17,13.8567543929122,14.057978677039,1
561,0,18.75,17,14.057978677039,14.2055893994453,1
561,0,18.75,17,14.2055893994453,18.7361979713372,1
561,0,18.75,17,18.7361979713372,18.75,0
562,0,15.75,9,0,5.02561094129232,1
562,0,15.75,9,5.02561094129232,7.46220383693821,1
562,0,15.75,9,7.46220383693821,8.35516977960289,1
562,0,15.75,9,8.35516977960289,9.72458718841911,1
562,0,15.75,9,9.72458718841911,13.1360524767313,1
562,0,15.75,9,13.1360524767313,13.5125212007655,1
562,0,15.75,9,13.5125212007655,13.8162392705172,1
562,0,15.75,9,13.8162392705172,13.9056065057218,1
562,0,15.75,9,13.9056065057218,15.4296689746102,1
562,0,15.75,9,15.4296689746102,15.75,0
563,0,18.75,28,0,1.91908027473709,1
563,0,18.75,28,1.91908027473709,3.18258530109346,1
563,0,18.75,28,3.18258530109346,3.63469138822621,1
563,0,18.75,28,3.63469138822621,3.84902753371497,1
563,0,18.75,28,3.84902753371497,3.97878778017757,1
563,0,18.75,28,3.97878778017757,4.9342301072345,1
563,0,18.75,28,4.9342301072345,8.15997329344455,1
563,0,18.75,28,8.15997329344455,8.78426220496381,1
563,0,18.75,28,8.78426220496381,9.37231287005087,1
563,0,18.75,28,9.37231287005087,10.2979419826883,1
563,0,18.75,28,10.2979419826883,10.6811482216623,1
563,0,18.75,28,10.6811482216623,11.6591700603986,1
563,0,18.75,28,11.6591700603986,11.9153241153599,1
563,0,18.75,28,11.9153241153599,12.9480984101125,1
563,0,18.75,28,12.9480984101125,13.1329297193351,1
563,0,18.75,28,13.1329297193351,13.5363624330382,1
563,0,18.75,28,13.5363624330382,13.7490847762294,1
563,0,18.75,28,13.7490847762294,14.0969258569853,1
563,0,18.75,28,14.0969258569853,14.5250451990046,1
563,0,18.75,28,14.5250451990046,14.6143830206882,1
563,0,18.75,28,14.6143830206882,16.6645374583762,1
563,0,18.75,28,16.6645374583762,16.7826838146927,1
563,0,18.75,28,16.7826838146927,16.8195856240264,1
563,0,18.75,28,16.8195856240264,17.0163974362118,1
563,0,18.75,28,17.0163974362118,17.4535826166593,1
563,0,18.75,28,17.4535826166593,18.2981694602565,1
563,0,18.75,28,18.2981694602565,18.4530222093214,1
563,0,18.75,28,18.4530222093214,18.5094563212947,1
563,0,18.75,28,18.5094563212947,18.75,0
564,0,15.75,18,0,5.19609309148861,1
564,0,15.75,18,5.19609309148861,5.40062582942606,1
564,0,15.75,18,5.40062582942606,7.03392146905314,1
564,0,15.75,18,7.03392146905314,7.34025384528832,1
564,0,15.75,18,7.34025384528832,7.84939144353692,1
564,0,15.75,18,7.84939144353692,9.18455443682479,1
564,0,15.75,18,9.18455443682479,9.74798292549561,1
564,0,15.75,18,9.74798292549561,10.0765677240726,1
564,0,15.75,18,10.0765677240726,11.1323674946255,1
564,0,15.75,18,11.1323674946255,12.0753605536509,1
564,0,15.75,18,12.0753605536509,12.9971218298402,1
564,0,15.75,18,12.9971218298402,13.6068843980332,1
564,0,15.75,18,13.6068843980332,14.0210695325334,1
564,0,15.75,18,14.0210695325334,14.8704931443899,1
564,0,15.75,18,14.8704931443899,14.8819437833051,1
564,0,15.75,18,14.8819437833051,14.8880678204094,1
564,0,15.75,18,14.8880678204094,15.0620621921528,1
564,0,15.75,18,15.0620621921528,15.4239554260825,1
564,0,15.75,18,15.4239554260825,15.75,0
565,0,15.75,9,0,3.51518715206892,1
565,0,15.75,9,3.51518715206892,5.03716919065182,1
565,0,15.75,9,5.03716919065182,6.38586728774513,1
565,0,15.75,9,6.38586728774513,6.61270133508963,1
565,0,15.75,9,6.61270133508963,11.7158993541965,1
565,0,15.75,9,11.7158993541965,12.4425017582648,1
565,0,15.75,9,12.4425017582648,13.6936616103533,1
565,0,15.75,9,13.6936616103533,14.1194856188787,1
565,0,15.75,9,14.1194856188787,14.1221729098026,1
565,0,15.75,9,14.1221729098026,15.75,0
566,0,15.75,13,0,1.16417062032336,1
566,0,15.75,13,1.16417062032336,4.43679555925736,1
566,0,15.75,13,4.43679555925736,7.38524701800498,1
566,0,15.75,13,7.38524701800498,10.2851710271662,1
566,0,15.75,13,10.2851710271662,10.6131873032919,1
566,0,15.75,13,10.6131873032919,11.5039535527035,1
566,0,15.75,13,11.5039535527035,11.6840624372154,1
566,0,15.75,13,11.6840624372154,12.4947366574306,1
566,0,15.75,13,12.4947366574306,13.4537791391672,1
566,0,15.75,13,13.4537791391672,13.8054040123919,1
566,0,15.75,13,13.8054040123919,14.1440111458135,1
566,0,15.75,13,14.1440111458135,14.245862855555,1
566,0,15.75,13,14.245862855555,15.5652183990264,1
566,0,15.75,13,15.5652183990264,15.75,0
567,0,15.75,9,0,1.64433786908848,1
567,0,15.75,9,1.64433786908848,9.2897582189811,1
567,0,15.75,9,9.2897582189811,11.5527677971893,1
567,0,15.75,9,11.5527677971893,12.1307490695698,1
567,0,15.75,9,12.1307490695698,12.1664695719018,1
567,0,15.75,9,12.1664695719018,12.8679405130937,1
567,0,15.75,9,12.8679405130937,13.430956193485,1
567,0,15.75,9,13.430956193485,14.7354537636128,1
567,0,15.75,9,14.7354537636128,15.7218425327305,1
567,0,15.75,9,15.7218425327305,15.75,0
568,0,12.75,15,0,4.4576087088129,1
568,0,12.75,15,4.4576087088129,4.92532058819568,1
568,0,12.75,15,4.92532058819568,5.7107668740873,1
568,0,12.75,15,5.7107668740873,6.64150540632632,1
568,0,12.75,15,6.64150540632632,7.59539186982706,1
568,0,12.75,15,7.59539186982706,8.30566768605163,1
568,0,12.75,15,8.30566768605163,8.56036100960537,1
568,0,12.75,15,8.56036100960537,10.9624108258393,1
568,0,12.75,15,10.9624108258393,10.9691759047323,1
568,0,12.75,15,10.9691759047323,11.0364517439459,1
568,0,12.75,15,11.0364517439459,11.494548326517,1
568,0,12.75,15,11.494548326517,12.1008612814945,1
568,0,12.75,15,12.1008612814945,12.6162070148469,1
568,0,12.75,15,12.6162070148469,12.625664764432,1
568,0,12.75,15,12.625664764432,12.7298235257682,1
568,0,12.75,15,12.7298235257682,12.75,0
569,0,15.75,24,0,2.97876494476144,1
569,0,15.75,24,2.97876494476144,3.97763838671871,1
569,0,15.75,24,3.97763838671871,6.27108833587488,1
569,0,15.75,24,6.27108833587488,8.06360936443501,1
569,0,15.75,24,8.06360936443501,8.17437657760549,1
569,0,15.75,24,8.17437657760549,8.23544744390088,1
569,0,15.75,24,8.23544744390088,8.45432545277511,1
569,0,15.75,24,8.45432545277511,8.9352968757425,1
569,0,15.75,24,8.9352968757425,9.82732966544095,1
569,0,15.75,24,9.82732966544095,9.9085035470412,1
569,0,15.75,24,9.9085035470412,10.6898208344731,1
569,0,15.75,24,10.6898208344731,11.3630488943833,1
569,0,15.75,24,11.3630488943833,12.0387840835441,1
569,0,15.75,24,12.0387840835441,12.1533982670605,1
569,0,15.75,24,12.1533982670605,12.5343399145227,1
569,0,15.75,24,12.5343399145227,12.5351776079847,1
569,0,15.75,24,12.5351776079847,12.8109534612425,1
569,0,15.75,24,12.8109534612425,13.3990272671569,1
569,0,15.75,24,13.3990272671569,14.1265998892962,1
569,0,15.75,24,14.1265998892962,14.5001386004692,1
569,0,15.75,24,14.5001386004692,14.7637746775674,1
569,0,15.75,24,14.7637746775674,14.81670070072,1
569,0,15.75,24,14.81670070072,14.8549799018608,1
569,0,15.75,24,14.8549799018608,15.4911532999605,1
569,0,15.75,24,15.4911532999605,15.75,0
570,0,14.75,10,0,2.0420798169721,1
570,0,14.75,10,2.0420798169721,3.99664728017688,1
570,0,14.75,10,3.99664728017688,4.85730008224432,1
570,0,14.75,10,4.85730008224432,6.9594578435234,1
570,0,14.75,10,6.9594578435234,8.37583369274148,1
570,0,14.75,10,8.37583369274148,12.3152317372455,1
570,0,14.75,10,12.3152317372455,12.466018424823,1
570,0,14.75,10,12.466018424823,13.7578175094198,1
570,0,14.75,10,13.7578175094198,14.4164664175828,1
570,0,14.75,10,14.4164664175828,14.6219509793244,1
570,0,14.75,10,14.6219509793244,14.75,0
571,0,11.75,4,0,8.98535276742262,1
571,0,11.75,4,8.98535276742262,9.34828532357275,1
571,0,11.75,4,9.34828532357275,10.9602605443719,1
571,0,11.75,4,10.9602605443719,11.1075901382535,1
571,0,11.75,4,11.1075901382535,11.75,0
572,0,17.75,12,0,4.21407318625786,1
572,0,17.75,12,4.21407318625786,8.2360525856157,1
572,0,17.75,12,8.2360525856157,9.67618696514715,1
572,0,17.75,12,9.67618696514715,9.68456152525932,1
572,0,17.75,12,9.68456152525932,10.2522173969402,1
572,0,17.75,12,10.2522173969402,11.0996912353442,1
572,0,17.75,12,11.0996912353442,12.1892991175571,1
572,0,17.75,12,12.1892991175571,13.4384912300089,1
572,0,17.75,12,13.4384912300089,14.8169514319685,1
572,0,17.75,12,14.8169514319685,16.0130437906953,1
572,0,17.75,12,16.0130437906953,17.2455727368103,1
572,0,17.75,12,17.2455727368103,17.5662069859398,1
572,0,17.75,12,17.5662069859398,17.75,0
573,0,10.75,10,0,0.656034937467627,1
573,0,10.75,10,0.656034937467627,3.03703737700862,1
573,0,10.75,10,3.03703737700862,3.24381725022003,1
573,0,10.75,10,3.24381725022003,3.84021281476909,1
573,0,10.75,10,3.84021281476909,4.71673437505276,1
573,0,10.75,10,4.71673437505276,5.90286591839999,1
573,0,10.75,10,5.90286591839999,6.79634135190467,1
573,0,10.75,10,6.79634135190467,8.51523970998371,1
573,0,10.75,10,8.51523970998371,10.3659884961233,1
573,0,10.75,10,10.3659884961233,10.6900085479911,1
573,0,10.75,10,10.6900085479911,10.75,0
574,0,8.75,3,0,3.42835836790246,1
574,0,8.75,3,3.42835836790246,4.7316812780369,1
574,0,8.75,3,4.7316812780369,7.41158875981482,1
574,0,8.75,3,7.41158875981482,8.75,0
575,0,9.75,6,0,1.5128744642858,1
575,0,9.75,6,1.5128744642858,3.55101499239611,1
575,0,9.75,6,3.55101499239611,4.92141667865349,1
575,0,9.75,6,4.92141667865349,4.93631251781983,1
575,0,9.75,6,4.93631251781983,5.78621340513312,1
575,0,9.75,6,5.78621340513312,8.32392035823057,1
575,0,9.75,6,8.32392035823057,9.75,0
576,0,19.75,16,0,3.832162383876,1
576,0,19.75,16,3.832162383876,7.76196430320133,1
576,0,19.75,16,7.76196430320133,8.4407371225346,1
576,0,19.75,16,8.4407371225346,8.84887510520733,1
576,0,19.75,16,8.84887510520733,9.87850322082586,1
576,0,19.75,16,9.87850322082586,12.0626082141618,1
576,0,19.75,16,12.0626082141618,12.3390332687456,1
576,0,19.75,16,12.3390332687456,12.6772588293574,1
576,0,19.75,16,12.6772588293574,14.3815951989235,1
576,0,19.75,16,14.3815951989235,14.708476327638,1
576,0,19.75,16,14.708476327638,15.4128270296834,1
576,0,19.75,16,15.4128270296834,16.0636723749881,1
576,0,19.75,16,16.0636723749881,16.4117125480449,1
576,0,19.75,16,16.4117125480449,17.7642691726314,1
576,0,19.75,16,17.7642691726314,18.1289209186449,1
576,0,19.75,16,18.1289209186449,19.1954487330136,1
576,0,19.75,16,19.1954487330136,19.75,0
577,0,10.75,1,0,9.51786112582546,1
577,0,10.75,1,9.51786112582546,10.75,0
578,0,13.75,2,0,13.4321894309405,1
578,0,13.75,2,13.4321894309405,13.7303946656727,1
578,0,13.75,2,13.7303946656727,13.75,0
579,0,10.75,7,0,4.69945012776659,1
579,0,10.75,7,4.69945012776659,5.35525437844963,1
579,0,10.75,7,5.35525437844963,6.12860992348889,1
579,0,10.75,7,6.12860992348889,7.56568901777905,1
579,0,10.75,7,7.56568901777905,9.37011804333522,1
579,0,10.75,7,9.37011804333522,9.59383584659875,1
579,0,10.75,7,9.59383584659875,10.2656303684977,1
579,0,10.75,7,10.2656303684977,10.75,0
580,0,9.75,3,0,2.95794752575258,1
580,0,9.75,3,2.95794752575258,7.32079942958644,1
580,0,9.75,3,7.32079942958644,9.02483487401966,1
580,0,9.75,3,9.02483487401966,9.75,0
581,0,9.75,8,0,1.49121288820417,1
581,0,9.75,8,1.49121288820417,3.85192748053348,1
581,0,9.75,8,3.85192748053348,5.8075944118711,1
581,0,9.75,8,5.8075944118711,8.51449361274388,1
581,0,9.75,8,8.51449361274388,8.55766584383611,1
581,0,9.75,8,8.55766584383611,8.99992884274499,1
581,0,9.75,8,8.99992884274499,9.24412115990795,1
581,0,9.75,8,9.24412115990795,9.74245541445114,1
581,0,9.75,8,9.74245541445114,9.75,0
582,0,9.75,11,0,2.14834348302868,1
582,0,9.75,11,2.14834348302868,4.18598184536989,1
582,0,9.75,11,4.18598184536989,6.2290710192794,1
582,0,9.75,11,6.2290710192794,6.34962806879317,1
582,0,9.75,11,6.34962806879317,7.55319921767252,1
582,0,9.75,11,7.55319921767252,7.60895549755474,1
582,0,9.75,11,7.60895549755474,7.78010219774524,1
582,0,9.75,11,7.78010219774524,7.92467662511475,1
582,0,9.75,11,7.92467662511475,8.49967014627463,1
582,0,9.75,11,8.49967014627463,8.68820602342395,1
582,0,9.75,11,8.68820602342395,8.79912981819732,1
582,0,9.75,11,8.79912981819732,9.75,0
583,0,15.75,5,0,6.72106714242905,1
583,0,15.75,5,6.72106714242905,11.0646187992665,1
583,0,15.75,5,11.0646187992665,11.0965646110874,1
583,0,15.75,5,11.0965646110874,11.5267241892609,1
583,0,15.75,5,11.5267241892609,13.4396184527645,1
583,0,15.75,5,13.4396184527645,15.75,0
584,0,12.75,18,0,2.97615618133504,1
584,0,12.75,18,2.97615618133504,4.08705549444029,1
584,0,12.75,18,4.08705549444029,4.58805442040719,1
584,0,12.75,18,4.58805442040719,6.06929199672129,1
584,0,12.75,18,6.06929199672129,7.24679840486259,1
584,0,12.75,18,7.24679840486259,7.93528658125318,1
584,0,12.75,18,7.93528658125318,8.16570597077809,1
584,0,12.75,18,8.16570597077809,8.20894467252292,1
584,0,12.75,18,8.20894467252292,8.65525886727086,1
584,0,12.75,18,8.65525886727086,9.30017361740702,1
584,0,12.75,18,9.30017361740702,10.002913518145,1
584,0,12.75,18,10.002913518145,10.2086406454146,1
584,0,12.75,18,10.2086406454146,11.2117454401183,1
584,0,12.75,18,11.2117454401183,11.3043667979439,1
584,0,12.75,18,11.3043667979439,11.7264625499572,1
584,0,12.75,18,11.7264625499572,11.7532583475863,1
584,0,12.75,18,11.7532583475863,11.7879522882393,1
584,0,12.75,18,11.7879522882393,11.9904222532576,1
584,0,12.75,18,11.9904222532576,12.75,0
585,0,10.75,2,0,8.2898970684068,1
585,0,10.75,2,8.2898970684068,9.16620404063267,1
585,0,10.75,2,9.16620404063267,10.75,0
586,0,12.75,13,0,2.23209324747196,1
586,0,12.75,13,2.23209324747196,4.28961727815445,1
586,0,12.75,13,4.28961727815445,4.94626003639734,1
586,0,12.75,13,4.94626003639734,6.45321043363547,1
586,0,12.75,13,6.45321043363547,7.32312431235238,1
586,0,12.75,13,7.32312431235238,9.08065275928244,1
586,0,12.75,13,9.08065275928244,9.46531510230044,1
586,0,12.75,13,9.46531510230044,10.0397770495702,1
586,0,12.75,13,10.0397770495702,10.0756937828715,1
586,0,12.75,13,10.0756937828715,11.0775483419999,1
586,0,12.75,13,11.0775483419999,11.5296066153335,1
586,0,12.75,13,11.5296066153335,11.8144309444037,1
586,0,12.75,13,11.8144309444037,12.4705551115643,1
586,0,12.75,13,12.4705551115643,12.75,0
587,0,8.75,1,0,4.35683118620575,1
587,0,8.75,1,4.35683118620575,8.75,0
588,0,10.75,8,0,1.68670560552665,1
588,0,10.75,8,1.68670560552665,2.09098682744878,1
588,0,10.75,8,2.09098682744878,5.6560439667843,1
588,0,10.75,8,5.6560439667843,7.29408176068794,1
588,0,10.75,8,7.29408176068794,10.0410782947428,1
588,0,10.75,8,10.0410782947428,10.3582831591611,1
588,0,10.75,8,10.3582831591611,10.5370443615786,1
588,0,10.75,8,10.5370443615786,10.604421952743,1
588,0,10.75,8,10.604421952743,10.75,0
589,0,16.75,5,0,3.8829499892103,1
589,0,16.75,5,3.8829499892103,8.22848528483937,1
589,0,16.75,5,8.22848528483937,9.79598349472509,1
589,0,16.75,5,9.79598349472509,13.6352207691009,1
589,0,16.75,5,13.6352207691009,14.922756556311,1
589,0,16.75,5,14.922756556311,16.75,0
590,0,11.75,8,0,4.19253073487167,1
590,0,11.75,8,4.19253073487167,5.22751097873107,1
590,0,11.75,8,5.22751097873107,7.83515937826664,1
590,0,11.75,8,7.83515937826664,9.23559379745974,1
590,0,11.75,8,9.23559379745974,10.6479190891498,1
590,0,11.75,8,10.6479190891498,10.8289081546436,1
590,0,11.75,8,10.8289081546436,10.9875053987825,1
590,0,11.75,8,10.9875053987825,11.3012329931458,1
590,0,11.75,8,11.3012329931458,11.75,0
591,0,17.75,8,0,6.05955415525984,1
591,0,17.75,8,6.05955415525984,10.0274545971177,1
591,0,17.75,8,10.0274545971177,12.6647334421452,1
591,0,17.75,8,12.6647334421452,14.1783158690159,1
591,0,17.75,8,14.1783158690159,16.3472095391607,1
591,0,17.75,8,16.3472095391607,16.8441790843154,1
591,0,17.75,8,16.8441790843154,17.5276947808068,1
591,0,17.75,8,17.5276947808068,17.6281350473073,1
591,0,17.75,8,17.6281350473073,17.75,0
592,0,20.75,17,0,2.94989364651282,1
592,0,20.75,17,2.94989364651282,4.45912066666044,1
592,0,20.75,17,4.45912066666044,6.56362549573809,1
592,0,20.75,17,6.56362549573809,9.41332235264134,1
592,0,20.75,17,9.41332235264134,11.3057513148746,1
592,0,20.75,17,11.3057513148746,11.86307917912,1
592,0,20.75,17,11.86307917912,12.3414988687137,1
592,0,20.75,17,12.3414988687137,13.9872713157999,1
592,0,20.75,17,13.9872713157999,14.8840336148683,1
592,0,20.75,17,14.8840336148683,16.008642665692,1
592,0,20.75,17,16.008642665692,16.7192658786756,1
592,0,20.75,17,16.7192658786756,17.786130361143,1
592,0,20.75,17,17.786130361143,18.047307634035,1
592,0,20.75,17,18.047307634035,18.1836325076885,1
592,0,20.75,17,18.1836325076885,18.3822187913037,1
592,0,20.75,17,18.3822187913037,19.7075966987132,1
592,0,20.75,17,19.7075966987132,20.0491129441857,1
592,0,20.75,17,20.0491129441857,20.75,0
593,0,7.75,4,0,2.59832481594501,1
593,0,7.75,4,2.59832481594501,5.65307454228043,1
593,0,7.75,4,5.65307454228043,6.35822218263376,1
593,0,7.75,4,6.35822218263376,7.25662152130234,1
593,0,7.75,4,7.25662152130234,7.75,0
594,0,10.75,2,0,4.95157105050843,1
594,0,10.75,2,4.95157105050843,8.06513495887585,1
594,0,10.75,2,8.06513495887585,10.75,0
595,0,16.75,12,0,4.85793577159908,1
595,0,16.75,12,4.85793577159908,8.20641338131015,1
595,0,16.75,12,8.20641338131015,8.90288142157283,1
595,0,16.75,12,8.90288142157283,9.2492257360842,1
595,0,16.75,12,9.2492257360842,9.28123144354143,1
595,0,16.75,12,9.28123144354143,9.28182570898701,1
595,0,16.75,12,9.28182570898701,9.50833601790235,1
595,0,16.75,12,9.50833601790235,10.8952028181382,1
595,0,16.75,12,10.8952028181382,11.9487675480567,1
595,0,16.75,12,11.9487675480567,12.4041715262333,1
595,0,16.75,12,12.4041715262333,13.968017319396,1
595,0,16.75,12,13.968017319396,15.2446716773928,1
595,0,16.75,12,15.2446716773928,16.75,0
596,0,14.75,13,0,2.68382592725807,1
596,0,14.75,13,2.68382592725807,3.64402301565518,1
596,0,14.75,13,3.64402301565518,6.36941014845081,1
596,0,14.75,13,6.36941014845081,7.68012273604033,1
596,0,14.75,13,7.68012273604033,10.0356068222606,1
596,0,14.75,13,10.0356068222606,10.1014240004981,1
596,0,14.75,13,10.1014240004981,10.3217385889432,1
596,0,14.75,13,10.3217385889432,10.7726921979743,1
596,0,14.75,13,10.7726921979743,10.9165314545785,1
596,0,14.75,13,10.9165314545785,14.1800540511288,1
596,0,14.75,13,14.1800540511288,14.3117239953556,1
596,0,14.75,13,14.3117239953556,14.6057309895545,1
596,0,14.75,13,14.6057309895545,14.7078804237061,1
596,0,14.75,13,14.7078804237061,14.75,0
597,0,13.75,13,0,4.4509892252401,1
597,0,13.75,13,4.4509892252401,5.09504103155634,1
597,0,13.75,13,5.09504103155634,5.51504004518476,1
597,0,13.75,13,5.51504004518476,5.83723857632016,1
597,0,13.75,13,5.83723857632016,6.08708457129987,1
597,0,13.75,13,6.08708457129987,7.04592568545457,1
597,0,13.75,13,7.04592568545457,9.03248913587602,1
597,0,13.75,13,9.03248913587602,9.32737002699124,1
597,0,13.75,13,9.32737002699124,9.86016869635082,1
597,0,13.75,13,9.86016869635082,10.303747200063,1
597,0,13.75,13,10.303747200063,10.5406086665763,1
597,0,13.75,13,10.5406086665763,10.7879511209585,1
597,0,13.75,13,10.7879511209585,13.6776625940872,1
597,0,13.75,13,13.6776625940872,13.75,0
598,0,17.75,14,0,1.56820413019705,1
598,0,17.75,14,1.56820413019705,3.74445015044004,1
598,0,17.75,14,3.74445015044004,5.1155137098008,1
598,0,17.75,14,5.1155137098008,6.79913798190458,1
598,0,17.75,14,6.79913798190458,9.04236835530686,1
598,0,17.75,14,9.04236835530686,9.81629759264241,1
598,0,17.75,14,9.81629759264241,12.319920764432,1
598,0,17.75,14,12.319920764432,12.8554603878638,1
598,0,17.75,14,12.8554603878638,13.2297893709669,1
598,0,17.75,14,13.2297893709669,13.4701625852212,1
598,0,17.75,14,13.4701625852212,14.2794590661205,1
598,0,17.75,14,14.2794590661205,14.3200068985384,1
598,0,17.75,14,14.3200068985384,15.8768491411158,1
598,0,17.75,14,15.8768491411158,16.6576992405038,1
598,0,17.75,14,16.6576992405038,17.75,0
599,0,13.75,2,0,12.9382116052777,1
599,0,13.75,2,12.9382116052777,13.7400875173011,1
599,0,13.75,2,13.7400875173011,13.75,0
600,0,15.75,24,0,6.43090024831555,1
600,0,15.75,24,6.43090024831555,7.45399403945882,1
600,0,15.75,24,7.45399403945882,7.80760125933061,1
600,0,15.75,24,7.80760125933061,8.70335578584122,1
600,0,15.75,24,8.70335578584122,9.19035886405526,1
600,0,15.75,24,9.19035886405526,10.5224451329038,1
600,0,15.75,24,10.5224451329038,10.7204487076998,1
600,0,15.75,24,10.7204487076998,11.5186389232484,1
600,0,15.75,24,11.5186389232484,11.6002694821451,1
600,0,15.75,24,11.6002694821451,11.9860010830801,1
600,0,15.75,24,11.9860010830801,11.9956433911372,1
600,0,15.75,24,11.9956433911372,12.444440685947,1
600,0,15.75,24,12.444440685947,12.7764680657865,1
600,0,15.75,24,12.7764680657865,12.9465543471426,1
600,0,15.75,24,12.9465543471426,13.3634972280322,1
600,0,15.75,24,13.3634972280322,13.6311627692083,1
600,0,15.75,24,13.6311627692083,13.6733092579408,1
600,0,15.75,24,13.6733092579408,13.6810207772626,1
600,0,15.75,24,13.6810207772626,13.8414683686418,1
600,0,15.75,24,13.8414683686418,14.4988721014761,1
600,0,15.75,24,14.4988721014761,14.7090910553389,1
600,0,15.75,24,14.7090910553389,14.7864585629796,1
600,0,15.75,24,14.7864585629796,14.7922382411965,1
600,0,15.75,24,14.7922382411965,15.1487592114941,1
600,0,15.75,24,15.1487592114941,15.75,0
